,STAT_CODE,STAT_NAME,GRP_CODE,GRP_NAME,ITEM_CODE,ITEM_NAME,CYCLE,START_TIME,END_TIME,DATA_CNT
0,102Y004,"1.1.1.1.1. 본원통화 구성내역(평잔, 계절조정계열)",Group1,계정항목,ABA1,"본원통화(평잔, 계절조정계열)",A,2002,2022,21
1,102Y004,"1.1.1.1.1. 본원통화 구성내역(평잔, 계절조정계열)",Group1,계정항목,ABA1,"본원통화(평잔, 계절조정계열)",M,200112,202212,253
2,102Y004,"1.1.1.1.1. 본원통화 구성내역(평잔, 계절조정계열)",Group1,계정항목,ABA104,현금통화,A,2002,2022,21
3,102Y004,"1.1.1.1.1. 본원통화 구성내역(평잔, 계절조정계열)",Group1,계정항목,ABA104,현금통화,M,200112,202212,253
4,102Y004,"1.1.1.1.1. 본원통화 구성내역(평잔, 계절조정계열)",Group1,계정항목,ABA103,중앙은행 대 예금취급기관부채,A,2002,2022,21
5,102Y004,"1.1.1.1.1. 본원통화 구성내역(평잔, 계절조정계열)",Group1,계정항목,ABA103,중앙은행 대 예금취급기관부채,M,200112,202212,253
6,102Y002,"1.1.1.1.2. 본원통화 구성내역(평잔, 원계열)",Group1,계정항목,ABA1,"본원통화(평잔, 원계열)",A,1971,2022,52
7,102Y002,"1.1.1.1.2. 본원통화 구성내역(평잔, 원계열)",Group1,계정항목,ABA1,"본원통화(평잔, 원계열)",M,197101,202212,624
8,102Y002,"1.1.1.1.2. 본원통화 구성내역(평잔, 원계열)",Group1,계정항목,ABA1,"본원통화(평잔, 원계열)",Q,1971Q1,2022Q4,208
9,102Y002,"1.1.1.1.2. 본원통화 구성내역(평잔, 원계열)",Group1,계정항목,ABA103,현금통화,A,2002,2022,21
10,102Y002,"1.1.1.1.2. 본원통화 구성내역(평잔, 원계열)",Group1,계정항목,ABA103,현금통화,M,200201,202212,252
11,102Y002,"1.1.1.1.2. 본원통화 구성내역(평잔, 원계열)",Group1,계정항목,ABA103,현금통화,Q,2002Q1,2022Q4,84
12,102Y002,"1.1.1.1.2. 본원통화 구성내역(평잔, 원계열)",Group1,계정항목,ABA104,중앙은행 대 예금취급기관부채,A,2002,2022,21
13,102Y002,"1.1.1.1.2. 본원통화 구성내역(평잔, 원계열)",Group1,계정항목,ABA104,중앙은행 대 예금취급기관부채,M,200201,202212,252
14,102Y002,"1.1.1.1.2. 본원통화 구성내역(평잔, 원계열)",Group1,계정항목,ABA104,중앙은행 대 예금취급기관부채,Q,2002Q1,2022Q4,84
15,102Y003,"1.1.1.1.3. 본원통화 구성내역(말잔, 계절조정계열)",Group1,계정항목,ABA2,"본원통화(말잔, 계절조정계열)",A,2002,2022,21
16,102Y003,"1.1.1.1.3. 본원통화 구성내역(말잔, 계절조정계열)",Group1,계정항목,ABA2,"본원통화(말잔, 계절조정계열)",M,200112,202212,253
17,102Y003,"1.1.1.1.3. 본원통화 구성내역(말잔, 계절조정계열)",Group1,계정항목,ABA204,현금통화,A,2002,2022,21
18,102Y003,"1.1.1.1.3. 본원통화 구성내역(말잔, 계절조정계열)",Group1,계정항목,ABA204,현금통화,M,200112,202212,253
19,102Y003,"1.1.1.1.3. 본원통화 구성내역(말잔, 계절조정계열)",Group1,계정항목,ABA203,중앙은행 대 예금취급기관부채,A,2002,2022,21
20,102Y003,"1.1.1.1.3. 본원통화 구성내역(말잔, 계절조정계열)",Group1,계정항목,ABA203,중앙은행 대 예금취급기관부채,M,200112,202212,253
21,102Y001,"1.1.1.1.4. 본원통화 구성내역(말잔, 원계열)",Group1,계정항목,ABA2,"본원통화(말잔, 원계열)",A,1960,2022,63
22,102Y001,"1.1.1.1.4. 본원통화 구성내역(말잔, 원계열)",Group1,계정항목,ABA2,"본원통화(말잔, 원계열)",M,196001,202212,756
23,102Y001,"1.1.1.1.4. 본원통화 구성내역(말잔, 원계열)",Group1,계정항목,ABA2,"본원통화(말잔, 원계열)",Q,1960Q1,2022Q4,252
24,102Y001,"1.1.1.1.4. 본원통화 구성내역(말잔, 원계열)",Group1,계정항목,ABA203,현금통화,A,2002,2022,21
25,102Y001,"1.1.1.1.4. 본원통화 구성내역(말잔, 원계열)",Group1,계정항목,ABA203,현금통화,M,200201,202212,252
26,102Y001,"1.1.1.1.4. 본원통화 구성내역(말잔, 원계열)",Group1,계정항목,ABA203,현금통화,Q,2002Q1,2022Q4,84
27,102Y001,"1.1.1.1.4. 본원통화 구성내역(말잔, 원계열)",Group1,계정항목,ABA204,중앙은행 대 예금취급기관부채,A,2002,2022,21
28,102Y001,"1.1.1.1.4. 본원통화 구성내역(말잔, 원계열)",Group1,계정항목,ABA204,중앙은행 대 예금취급기관부채,M,200201,202212,252
29,102Y001,"1.1.1.1.4. 본원통화 구성내역(말잔, 원계열)",Group1,계정항목,ABA204,중앙은행 대 예금취급기관부채,Q,2002Q1,2022Q4,84
30,101Y018,"1.1.2.1.1. M1 상품별 구성내역(평잔, 계절조정계열)",Group1,계정항목,BBLS00,"M1(평잔, 계절조정계열)",A,1970,2022,53
31,101Y018,"1.1.2.1.1. M1 상품별 구성내역(평잔, 계절조정계열)",Group1,계정항목,BBLS00,"M1(평잔, 계절조정계열)",M,197001,202212,636
32,101Y018,"1.1.2.1.1. M1 상품별 구성내역(평잔, 계절조정계열)",Group1,계정항목,BBLS01,현금통화,A,2002,2022,21
33,101Y018,"1.1.2.1.1. M1 상품별 구성내역(평잔, 계절조정계열)",Group1,계정항목,BBLS01,현금통화,M,200112,202212,253
34,101Y018,"1.1.2.1.1. M1 상품별 구성내역(평잔, 계절조정계열)",Group1,계정항목,BBLS02,요구불예금,A,2002,2022,21
35,101Y018,"1.1.2.1.1. M1 상품별 구성내역(평잔, 계절조정계열)",Group1,계정항목,BBLS02,요구불예금,M,200112,202212,253
36,101Y018,"1.1.2.1.1. M1 상품별 구성내역(평잔, 계절조정계열)",Group1,계정항목,BBLS03,수시입출식저축성예금,A,2002,2022,21
37,101Y018,"1.1.2.1.1. M1 상품별 구성내역(평잔, 계절조정계열)",Group1,계정항목,BBLS03,수시입출식저축성예금,M,200112,202212,253
38,101Y019,"1.1.2.1.2. M1 상품별 구성내역(평잔, 원계열)",Group1,계정항목,BBLA00,"M1(평잔, 원계열)",A,1970,2022,53
39,101Y019,"1.1.2.1.2. M1 상품별 구성내역(평잔, 원계열)",Group1,계정항목,BBLA00,"M1(평잔, 원계열)",M,197001,202212,636
40,101Y019,"1.1.2.1.2. M1 상품별 구성내역(평잔, 원계열)",Group1,계정항목,BBLA00,"M1(평잔, 원계열)",Q,1970Q1,2022Q4,212
41,101Y019,"1.1.2.1.2. M1 상품별 구성내역(평잔, 원계열)",Group1,계정항목,BBLA01,현금통화,A,1986,2022,37
42,101Y019,"1.1.2.1.2. M1 상품별 구성내역(평잔, 원계열)",Group1,계정항목,BBLA01,현금통화,M,198601,202212,444
43,101Y019,"1.1.2.1.2. M1 상품별 구성내역(평잔, 원계열)",Group1,계정항목,BBLA01,현금통화,Q,1986Q1,2022Q4,148
44,101Y019,"1.1.2.1.2. M1 상품별 구성내역(평잔, 원계열)",Group1,계정항목,BBLA02,요구불예금,A,1986,2022,37
45,101Y019,"1.1.2.1.2. M1 상품별 구성내역(평잔, 원계열)",Group1,계정항목,BBLA02,요구불예금,M,198601,202212,444
46,101Y019,"1.1.2.1.2. M1 상품별 구성내역(평잔, 원계열)",Group1,계정항목,BBLA02,요구불예금,Q,1986Q1,2022Q4,148
47,101Y019,"1.1.2.1.2. M1 상품별 구성내역(평잔, 원계열)",Group1,계정항목,BBLA03,수시입출식저축성예금,A,1986,2022,37
48,101Y019,"1.1.2.1.2. M1 상품별 구성내역(평잔, 원계열)",Group1,계정항목,BBLA03,수시입출식저축성예금,M,198601,202212,444
49,101Y019,"1.1.2.1.2. M1 상품별 구성내역(평잔, 원계열)",Group1,계정항목,BBLA03,수시입출식저축성예금,Q,1986Q1,2022Q4,148
50,101Y016,"1.1.2.1.3. M1 상품별 구성내역(말잔, 계절조정계열)",Group1,계정항목,BBKS00,"M1(말잔, 계절조정계열)",A,1970,2022,53
51,101Y016,"1.1.2.1.3. M1 상품별 구성내역(말잔, 계절조정계열)",Group1,계정항목,BBKS00,"M1(말잔, 계절조정계열)",M,197001,202212,636
52,101Y016,"1.1.2.1.3. M1 상품별 구성내역(말잔, 계절조정계열)",Group1,계정항목,BBKS01,현금통화,A,2002,2022,21
53,101Y016,"1.1.2.1.3. M1 상품별 구성내역(말잔, 계절조정계열)",Group1,계정항목,BBKS01,현금통화,M,200112,202212,253
54,101Y016,"1.1.2.1.3. M1 상품별 구성내역(말잔, 계절조정계열)",Group1,계정항목,BBKS02,요구불예금,A,2002,2022,21
55,101Y016,"1.1.2.1.3. M1 상품별 구성내역(말잔, 계절조정계열)",Group1,계정항목,BBKS02,요구불예금,M,200112,202212,253
56,101Y016,"1.1.2.1.3. M1 상품별 구성내역(말잔, 계절조정계열)",Group1,계정항목,BBKS03,수시입출식저축성예금,A,2002,2022,21
57,101Y016,"1.1.2.1.3. M1 상품별 구성내역(말잔, 계절조정계열)",Group1,계정항목,BBKS03,수시입출식저축성예금,M,200112,202212,253
58,101Y017,"1.1.2.1.4. M1 상품별 구성내역(말잔, 원계열)",Group1,계정항목,BBKA00,"M1(말잔, 원계열)",A,1960,2022,63
59,101Y017,"1.1.2.1.4. M1 상품별 구성내역(말잔, 원계열)",Group1,계정항목,BBKA00,"M1(말잔, 원계열)",M,196001,202212,756
60,101Y017,"1.1.2.1.4. M1 상품별 구성내역(말잔, 원계열)",Group1,계정항목,BBKA00,"M1(말잔, 원계열)",Q,1960Q1,2022Q4,252
61,101Y017,"1.1.2.1.4. M1 상품별 구성내역(말잔, 원계열)",Group1,계정항목,BBKA01,현금통화,A,1960,2022,63
62,101Y017,"1.1.2.1.4. M1 상품별 구성내역(말잔, 원계열)",Group1,계정항목,BBKA01,현금통화,M,196001,202212,756
63,101Y017,"1.1.2.1.4. M1 상품별 구성내역(말잔, 원계열)",Group1,계정항목,BBKA01,현금통화,Q,1960Q1,2022Q4,252
64,101Y017,"1.1.2.1.4. M1 상품별 구성내역(말잔, 원계열)",Group1,계정항목,BBKA02,요구불예금,A,1960,2022,63
65,101Y017,"1.1.2.1.4. M1 상품별 구성내역(말잔, 원계열)",Group1,계정항목,BBKA02,요구불예금,M,196001,202212,756
66,101Y017,"1.1.2.1.4. M1 상품별 구성내역(말잔, 원계열)",Group1,계정항목,BBKA02,요구불예금,Q,1960Q1,2022Q4,252
67,101Y017,"1.1.2.1.4. M1 상품별 구성내역(말잔, 원계열)",Group1,계정항목,BBKA03,수시입출식저축성예금,A,1978,2022,45
68,101Y017,"1.1.2.1.4. M1 상품별 구성내역(말잔, 원계열)",Group1,계정항목,BBKA03,수시입출식저축성예금,M,197808,202212,533
69,101Y017,"1.1.2.1.4. M1 상품별 구성내역(말잔, 원계열)",Group1,계정항목,BBKA03,수시입출식저축성예금,Q,1978Q3,2022Q4,178
70,101Y003,"1.1.3.1.1. M2 상품별 구성내역(평잔, 계절조정계열)",Group1,계정항목,BBHS00,"M2(평잔, 계절조정계열)",A,1986,2022,37
71,101Y003,"1.1.3.1.1. M2 상품별 구성내역(평잔, 계절조정계열)",Group1,계정항목,BBHS00,"M2(평잔, 계절조정계열)",M,198601,202212,444
72,101Y003,"1.1.3.1.1. M2 상품별 구성내역(평잔, 계절조정계열)",Group1,계정항목,BBHS01,현금통화,A,2002,2022,21
73,101Y003,"1.1.3.1.1. M2 상품별 구성내역(평잔, 계절조정계열)",Group1,계정항목,BBHS01,현금통화,M,200112,202212,253
74,101Y003,"1.1.3.1.1. M2 상품별 구성내역(평잔, 계절조정계열)",Group1,계정항목,BBHS02,요구불예금,A,2002,2022,21
75,101Y003,"1.1.3.1.1. M2 상품별 구성내역(평잔, 계절조정계열)",Group1,계정항목,BBHS02,요구불예금,M,200112,202212,253
76,101Y003,"1.1.3.1.1. M2 상품별 구성내역(평잔, 계절조정계열)",Group1,계정항목,BBHS03,수시입출식저축성예금,A,2002,2022,21
77,101Y003,"1.1.3.1.1. M2 상품별 구성내역(평잔, 계절조정계열)",Group1,계정항목,BBHS03,수시입출식저축성예금,M,200112,202212,253
78,101Y003,"1.1.3.1.1. M2 상품별 구성내역(평잔, 계절조정계열)",Group1,계정항목,BBHS04,MMF,A,2002,2022,21
79,101Y003,"1.1.3.1.1. M2 상품별 구성내역(평잔, 계절조정계열)",Group1,계정항목,BBHS04,MMF,M,200112,202212,253
80,101Y003,"1.1.3.1.1. M2 상품별 구성내역(평잔, 계절조정계열)",Group1,계정항목,BBHS05,만기2년미만정기예적금,A,2002,2022,21
81,101Y003,"1.1.3.1.1. M2 상품별 구성내역(평잔, 계절조정계열)",Group1,계정항목,BBHS05,만기2년미만정기예적금,M,200112,202212,253
82,101Y003,"1.1.3.1.1. M2 상품별 구성내역(평잔, 계절조정계열)",Group1,계정항목,BBHS06,수익증권,A,2002,2022,21
83,101Y003,"1.1.3.1.1. M2 상품별 구성내역(평잔, 계절조정계열)",Group1,계정항목,BBHS06,수익증권,M,200112,202212,253
84,101Y003,"1.1.3.1.1. M2 상품별 구성내역(평잔, 계절조정계열)",Group1,계정항목,BBHS07,시장형상품 1),A,2002,2022,21
85,101Y003,"1.1.3.1.1. M2 상품별 구성내역(평잔, 계절조정계열)",Group1,계정항목,BBHS07,시장형상품 1),M,200112,202212,253
86,101Y003,"1.1.3.1.1. M2 상품별 구성내역(평잔, 계절조정계열)",Group1,계정항목,BBHS08,만기2년미만금융채,A,2002,2022,21
87,101Y003,"1.1.3.1.1. M2 상품별 구성내역(평잔, 계절조정계열)",Group1,계정항목,BBHS08,만기2년미만금융채,M,200112,202212,253
88,101Y003,"1.1.3.1.1. M2 상품별 구성내역(평잔, 계절조정계열)",Group1,계정항목,BBHS09,만기2년미만금전신탁,A,2002,2022,21
89,101Y003,"1.1.3.1.1. M2 상품별 구성내역(평잔, 계절조정계열)",Group1,계정항목,BBHS09,만기2년미만금전신탁,M,200112,202212,253
90,101Y003,"1.1.3.1.1. M2 상품별 구성내역(평잔, 계절조정계열)",Group1,계정항목,BBHS10,기타 2),A,2002,2022,21
91,101Y003,"1.1.3.1.1. M2 상품별 구성내역(평잔, 계절조정계열)",Group1,계정항목,BBHS10,기타 2),M,200112,202212,253
92,101Y004,"1.1.3.1.2. M2 상품별 구성내역(평잔, 원계열)",Group1,계정항목,BBHA00,"M2(평잔, 원계열)",A,1986,2022,37
93,101Y004,"1.1.3.1.2. M2 상품별 구성내역(평잔, 원계열)",Group1,계정항목,BBHA00,"M2(평잔, 원계열)",M,198601,202212,444
94,101Y004,"1.1.3.1.2. M2 상품별 구성내역(평잔, 원계열)",Group1,계정항목,BBHA00,"M2(평잔, 원계열)",Q,1986Q1,2022Q4,148
95,101Y004,"1.1.3.1.2. M2 상품별 구성내역(평잔, 원계열)",Group1,계정항목,BBHA01,현금통화,A,1986,2022,37
96,101Y004,"1.1.3.1.2. M2 상품별 구성내역(평잔, 원계열)",Group1,계정항목,BBHA01,현금통화,M,198601,202212,444
97,101Y004,"1.1.3.1.2. M2 상품별 구성내역(평잔, 원계열)",Group1,계정항목,BBHA01,현금통화,Q,1986Q1,2022Q4,148
98,101Y004,"1.1.3.1.2. M2 상품별 구성내역(평잔, 원계열)",Group1,계정항목,BBHA02,요구불예금,A,1986,2022,37
99,101Y004,"1.1.3.1.2. M2 상품별 구성내역(평잔, 원계열)",Group1,계정항목,BBHA02,요구불예금,M,198601,202212,444
100,101Y004,"1.1.3.1.2. M2 상품별 구성내역(평잔, 원계열)",Group1,계정항목,BBHA02,요구불예금,Q,1986Q1,2022Q4,148
101,101Y004,"1.1.3.1.2. M2 상품별 구성내역(평잔, 원계열)",Group1,계정항목,BBHA03,수시입출식저축성예금,A,1986,2022,37
102,101Y004,"1.1.3.1.2. M2 상품별 구성내역(평잔, 원계열)",Group1,계정항목,BBHA03,수시입출식저축성예금,M,198601,202212,444
103,101Y004,"1.1.3.1.2. M2 상품별 구성내역(평잔, 원계열)",Group1,계정항목,BBHA03,수시입출식저축성예금,Q,1986Q1,2022Q4,148
104,101Y004,"1.1.3.1.2. M2 상품별 구성내역(평잔, 원계열)",Group1,계정항목,BBHA04,MMF,A,1996,2022,27
105,101Y004,"1.1.3.1.2. M2 상품별 구성내역(평잔, 원계열)",Group1,계정항목,BBHA04,MMF,M,199609,202212,316
106,101Y004,"1.1.3.1.2. M2 상품별 구성내역(평잔, 원계열)",Group1,계정항목,BBHA04,MMF,Q,1996Q3,2022Q4,106
107,101Y004,"1.1.3.1.2. M2 상품별 구성내역(평잔, 원계열)",Group1,계정항목,BBHA05,만기2년미만정기예적금,A,1986,2022,37
108,101Y004,"1.1.3.1.2. M2 상품별 구성내역(평잔, 원계열)",Group1,계정항목,BBHA05,만기2년미만정기예적금,M,198601,202212,444
109,101Y004,"1.1.3.1.2. M2 상품별 구성내역(평잔, 원계열)",Group1,계정항목,BBHA05,만기2년미만정기예적금,Q,1986Q1,2022Q4,148
110,101Y004,"1.1.3.1.2. M2 상품별 구성내역(평잔, 원계열)",Group1,계정항목,BBHA06,양도성예금증서,A,1986,2022,37
111,101Y004,"1.1.3.1.2. M2 상품별 구성내역(평잔, 원계열)",Group1,계정항목,BBHA06,양도성예금증서,M,198601,202212,444
112,101Y004,"1.1.3.1.2. M2 상품별 구성내역(평잔, 원계열)",Group1,계정항목,BBHA06,양도성예금증서,Q,1986Q1,2022Q4,148
113,101Y004,"1.1.3.1.2. M2 상품별 구성내역(평잔, 원계열)",Group1,계정항목,BBHA07,매출어음,A,1986,2022,37
114,101Y004,"1.1.3.1.2. M2 상품별 구성내역(평잔, 원계열)",Group1,계정항목,BBHA07,매출어음,M,198601,202212,444
115,101Y004,"1.1.3.1.2. M2 상품별 구성내역(평잔, 원계열)",Group1,계정항목,BBHA07,매출어음,Q,1986Q1,2022Q4,148
116,101Y004,"1.1.3.1.2. M2 상품별 구성내역(평잔, 원계열)",Group1,계정항목,BBHA08,CMA,A,1986,2022,37
117,101Y004,"1.1.3.1.2. M2 상품별 구성내역(평잔, 원계열)",Group1,계정항목,BBHA08,CMA,M,198601,202212,444
118,101Y004,"1.1.3.1.2. M2 상품별 구성내역(평잔, 원계열)",Group1,계정항목,BBHA08,CMA,Q,1986Q1,2022Q4,148
119,101Y004,"1.1.3.1.2. M2 상품별 구성내역(평잔, 원계열)",Group1,계정항목,BBHA09,수익증권,A,1986,2022,37
120,101Y004,"1.1.3.1.2. M2 상품별 구성내역(평잔, 원계열)",Group1,계정항목,BBHA09,수익증권,M,198601,202212,444
121,101Y004,"1.1.3.1.2. M2 상품별 구성내역(평잔, 원계열)",Group1,계정항목,BBHA09,수익증권,Q,1986Q1,2022Q4,148
122,101Y004,"1.1.3.1.2. M2 상품별 구성내역(평잔, 원계열)",Group1,계정항목,BBHA10,만기2년미만금전신탁,A,1986,2022,37
123,101Y004,"1.1.3.1.2. M2 상품별 구성내역(평잔, 원계열)",Group1,계정항목,BBHA10,만기2년미만금전신탁,M,198601,202212,444
124,101Y004,"1.1.3.1.2. M2 상품별 구성내역(평잔, 원계열)",Group1,계정항목,BBHA10,만기2년미만금전신탁,Q,1986Q1,2022Q4,148
125,101Y004,"1.1.3.1.2. M2 상품별 구성내역(평잔, 원계열)",Group1,계정항목,BBHA11,발행어음,A,1986,2022,37
126,101Y004,"1.1.3.1.2. M2 상품별 구성내역(평잔, 원계열)",Group1,계정항목,BBHA11,발행어음,M,198601,202212,444
127,101Y004,"1.1.3.1.2. M2 상품별 구성내역(평잔, 원계열)",Group1,계정항목,BBHA11,발행어음,Q,1986Q1,2022Q4,148
128,101Y004,"1.1.3.1.2. M2 상품별 구성내역(평잔, 원계열)",Group1,계정항목,BBHA12,신탁형증권저축,A,1986,2022,37
129,101Y004,"1.1.3.1.2. M2 상품별 구성내역(평잔, 원계열)",Group1,계정항목,BBHA12,신탁형증권저축,M,198601,202212,444
130,101Y004,"1.1.3.1.2. M2 상품별 구성내역(평잔, 원계열)",Group1,계정항목,BBHA12,신탁형증권저축,Q,1986Q1,2022Q4,148
131,101Y004,"1.1.3.1.2. M2 상품별 구성내역(평잔, 원계열)",Group1,계정항목,BBHA13,만기2년미만외화예수금,A,1986,2022,37
132,101Y004,"1.1.3.1.2. M2 상품별 구성내역(평잔, 원계열)",Group1,계정항목,BBHA13,만기2년미만외화예수금,M,198601,202212,444
133,101Y004,"1.1.3.1.2. M2 상품별 구성내역(평잔, 원계열)",Group1,계정항목,BBHA13,만기2년미만외화예수금,Q,1986Q1,2022Q4,148
134,101Y004,"1.1.3.1.2. M2 상품별 구성내역(평잔, 원계열)",Group1,계정항목,BBHA14,만기2년미만금융채,A,1986,2022,37
135,101Y004,"1.1.3.1.2. M2 상품별 구성내역(평잔, 원계열)",Group1,계정항목,BBHA14,만기2년미만금융채,M,198601,202212,444
136,101Y004,"1.1.3.1.2. M2 상품별 구성내역(평잔, 원계열)",Group1,계정항목,BBHA14,만기2년미만금융채,Q,1986Q1,2022Q4,148
137,101Y004,"1.1.3.1.2. M2 상품별 구성내역(평잔, 원계열)",Group1,계정항목,BBHA15,환매조건부채권매도,A,1986,2022,37
138,101Y004,"1.1.3.1.2. M2 상품별 구성내역(평잔, 원계열)",Group1,계정항목,BBHA15,환매조건부채권매도,M,198601,202212,444
139,101Y004,"1.1.3.1.2. M2 상품별 구성내역(평잔, 원계열)",Group1,계정항목,BBHA15,환매조건부채권매도,Q,1986Q1,2022Q4,148
140,101Y001,"1.1.3.1.3. M2 상품별 구성내역(말잔, 계절조정계열)",Group1,계정항목,BBGS00,"M2(말잔, 계절조정계열)",A,1970,2022,53
141,101Y001,"1.1.3.1.3. M2 상품별 구성내역(말잔, 계절조정계열)",Group1,계정항목,BBGS00,"M2(말잔, 계절조정계열)",M,197001,202212,636
142,101Y001,"1.1.3.1.3. M2 상품별 구성내역(말잔, 계절조정계열)",Group1,계정항목,BBGS01,현금통화,A,2002,2022,21
143,101Y001,"1.1.3.1.3. M2 상품별 구성내역(말잔, 계절조정계열)",Group1,계정항목,BBGS01,현금통화,M,200112,202212,253
144,101Y001,"1.1.3.1.3. M2 상품별 구성내역(말잔, 계절조정계열)",Group1,계정항목,BBGS02,요구불예금,A,2002,2022,21
145,101Y001,"1.1.3.1.3. M2 상품별 구성내역(말잔, 계절조정계열)",Group1,계정항목,BBGS02,요구불예금,M,200112,202212,253
146,101Y001,"1.1.3.1.3. M2 상품별 구성내역(말잔, 계절조정계열)",Group1,계정항목,BBGS03,수시입출식저축성예금,A,2002,2022,21
147,101Y001,"1.1.3.1.3. M2 상품별 구성내역(말잔, 계절조정계열)",Group1,계정항목,BBGS03,수시입출식저축성예금,M,200112,202212,253
148,101Y001,"1.1.3.1.3. M2 상품별 구성내역(말잔, 계절조정계열)",Group1,계정항목,BBGS04,MMF,A,2002,2022,21
149,101Y001,"1.1.3.1.3. M2 상품별 구성내역(말잔, 계절조정계열)",Group1,계정항목,BBGS04,MMF,M,200112,202212,253
150,101Y001,"1.1.3.1.3. M2 상품별 구성내역(말잔, 계절조정계열)",Group1,계정항목,BBGS05,만기2년미만정기예적금,A,2002,2022,21
151,101Y001,"1.1.3.1.3. M2 상품별 구성내역(말잔, 계절조정계열)",Group1,계정항목,BBGS05,만기2년미만정기예적금,M,200112,202212,253
152,101Y001,"1.1.3.1.3. M2 상품별 구성내역(말잔, 계절조정계열)",Group1,계정항목,BBGS06,수익증권,A,2002,2022,21
153,101Y001,"1.1.3.1.3. M2 상품별 구성내역(말잔, 계절조정계열)",Group1,계정항목,BBGS06,수익증권,M,200112,202212,253
154,101Y001,"1.1.3.1.3. M2 상품별 구성내역(말잔, 계절조정계열)",Group1,계정항목,BBGS07,시장형상품 1),A,2002,2022,21
155,101Y001,"1.1.3.1.3. M2 상품별 구성내역(말잔, 계절조정계열)",Group1,계정항목,BBGS07,시장형상품 1),M,200112,202212,253
156,101Y001,"1.1.3.1.3. M2 상품별 구성내역(말잔, 계절조정계열)",Group1,계정항목,BBGS08,만기2년미만금융채,A,2002,2022,21
157,101Y001,"1.1.3.1.3. M2 상품별 구성내역(말잔, 계절조정계열)",Group1,계정항목,BBGS08,만기2년미만금융채,M,200112,202212,253
158,101Y001,"1.1.3.1.3. M2 상품별 구성내역(말잔, 계절조정계열)",Group1,계정항목,BBGS09,만기2년미만금전신탁,A,2002,2022,21
159,101Y001,"1.1.3.1.3. M2 상품별 구성내역(말잔, 계절조정계열)",Group1,계정항목,BBGS09,만기2년미만금전신탁,M,200112,202212,253
160,101Y001,"1.1.3.1.3. M2 상품별 구성내역(말잔, 계절조정계열)",Group1,계정항목,BBGS10,기타 2),A,2002,2022,21
161,101Y001,"1.1.3.1.3. M2 상품별 구성내역(말잔, 계절조정계열)",Group1,계정항목,BBGS10,기타 2),M,200112,202212,253
162,101Y002,"1.1.3.1.4. M2 상품별 구성내역(말잔, 원계열)",Group1,계정항목,BBGA00,"M2(말잔, 원계열)",A,1960,2022,63
163,101Y002,"1.1.3.1.4. M2 상품별 구성내역(말잔, 원계열)",Group1,계정항목,BBGA00,"M2(말잔, 원계열)",M,196001,202212,756
164,101Y002,"1.1.3.1.4. M2 상품별 구성내역(말잔, 원계열)",Group1,계정항목,BBGA00,"M2(말잔, 원계열)",Q,1960Q1,2022Q4,252
165,101Y002,"1.1.3.1.4. M2 상품별 구성내역(말잔, 원계열)",Group1,계정항목,BBGA01,현금통화,A,1960,2022,63
166,101Y002,"1.1.3.1.4. M2 상품별 구성내역(말잔, 원계열)",Group1,계정항목,BBGA01,현금통화,M,196001,202212,756
167,101Y002,"1.1.3.1.4. M2 상품별 구성내역(말잔, 원계열)",Group1,계정항목,BBGA01,현금통화,Q,1960Q1,2022Q4,252
168,101Y002,"1.1.3.1.4. M2 상품별 구성내역(말잔, 원계열)",Group1,계정항목,BBGA02,요구불예금,A,1960,2022,63
169,101Y002,"1.1.3.1.4. M2 상품별 구성내역(말잔, 원계열)",Group1,계정항목,BBGA02,요구불예금,M,196001,202212,756
170,101Y002,"1.1.3.1.4. M2 상품별 구성내역(말잔, 원계열)",Group1,계정항목,BBGA02,요구불예금,Q,1960Q1,2022Q4,252
171,101Y002,"1.1.3.1.4. M2 상품별 구성내역(말잔, 원계열)",Group1,계정항목,BBGA03,수시입출식저축성예금,A,1978,2022,45
172,101Y002,"1.1.3.1.4. M2 상품별 구성내역(말잔, 원계열)",Group1,계정항목,BBGA03,수시입출식저축성예금,M,197808,202212,533
173,101Y002,"1.1.3.1.4. M2 상품별 구성내역(말잔, 원계열)",Group1,계정항목,BBGA03,수시입출식저축성예금,Q,1978Q3,2022Q4,178
174,101Y002,"1.1.3.1.4. M2 상품별 구성내역(말잔, 원계열)",Group1,계정항목,BBGA04,MMF,A,1996,2022,27
175,101Y002,"1.1.3.1.4. M2 상품별 구성내역(말잔, 원계열)",Group1,계정항목,BBGA04,MMF,M,199609,202212,316
176,101Y002,"1.1.3.1.4. M2 상품별 구성내역(말잔, 원계열)",Group1,계정항목,BBGA04,MMF,Q,1996Q3,2022Q4,106
177,101Y002,"1.1.3.1.4. M2 상품별 구성내역(말잔, 원계열)",Group1,계정항목,BBGA05,만기2년미만정기예적금,A,1960,2022,63
178,101Y002,"1.1.3.1.4. M2 상품별 구성내역(말잔, 원계열)",Group1,계정항목,BBGA05,만기2년미만정기예적금,M,196001,202212,756
179,101Y002,"1.1.3.1.4. M2 상품별 구성내역(말잔, 원계열)",Group1,계정항목,BBGA05,만기2년미만정기예적금,Q,1960Q1,2022Q4,252
180,101Y002,"1.1.3.1.4. M2 상품별 구성내역(말잔, 원계열)",Group1,계정항목,BBGA06,양도성예금증서,A,1984,2022,39
181,101Y002,"1.1.3.1.4. M2 상품별 구성내역(말잔, 원계열)",Group1,계정항목,BBGA06,양도성예금증서,M,198406,202212,463
182,101Y002,"1.1.3.1.4. M2 상품별 구성내역(말잔, 원계열)",Group1,계정항목,BBGA06,양도성예금증서,Q,1984Q2,2022Q4,155
183,101Y002,"1.1.3.1.4. M2 상품별 구성내역(말잔, 원계열)",Group1,계정항목,BBGA07,매출어음,A,1982,2022,41
184,101Y002,"1.1.3.1.4. M2 상품별 구성내역(말잔, 원계열)",Group1,계정항목,BBGA07,매출어음,M,198209,202212,484
185,101Y002,"1.1.3.1.4. M2 상품별 구성내역(말잔, 원계열)",Group1,계정항목,BBGA07,매출어음,Q,1982Q3,2022Q4,162
186,101Y002,"1.1.3.1.4. M2 상품별 구성내역(말잔, 원계열)",Group1,계정항목,BBGA08,CMA,A,1984,2022,39
187,101Y002,"1.1.3.1.4. M2 상품별 구성내역(말잔, 원계열)",Group1,계정항목,BBGA08,CMA,M,198404,202212,465
188,101Y002,"1.1.3.1.4. M2 상품별 구성내역(말잔, 원계열)",Group1,계정항목,BBGA08,CMA,Q,1984Q2,2022Q4,155
189,101Y002,"1.1.3.1.4. M2 상품별 구성내역(말잔, 원계열)",Group1,계정항목,BBGA09,수익증권,A,1976,2022,47
190,101Y002,"1.1.3.1.4. M2 상품별 구성내역(말잔, 원계열)",Group1,계정항목,BBGA09,수익증권,M,197612,202212,553
191,101Y002,"1.1.3.1.4. M2 상품별 구성내역(말잔, 원계열)",Group1,계정항목,BBGA09,수익증권,Q,1976Q4,2022Q4,185
192,101Y002,"1.1.3.1.4. M2 상품별 구성내역(말잔, 원계열)",Group1,계정항목,BBGA10,만기2년미만금전신탁,A,1960,2022,63
193,101Y002,"1.1.3.1.4. M2 상품별 구성내역(말잔, 원계열)",Group1,계정항목,BBGA10,만기2년미만금전신탁,M,196001,202212,756
194,101Y002,"1.1.3.1.4. M2 상품별 구성내역(말잔, 원계열)",Group1,계정항목,BBGA10,만기2년미만금전신탁,Q,1960Q1,2022Q4,252
195,101Y002,"1.1.3.1.4. M2 상품별 구성내역(말잔, 원계열)",Group1,계정항목,BBGA11,발행어음,A,1972,2022,51
196,101Y002,"1.1.3.1.4. M2 상품별 구성내역(말잔, 원계열)",Group1,계정항목,BBGA11,발행어음,M,197212,202212,601
197,101Y002,"1.1.3.1.4. M2 상품별 구성내역(말잔, 원계열)",Group1,계정항목,BBGA11,발행어음,Q,1972Q4,2022Q4,201
198,101Y002,"1.1.3.1.4. M2 상품별 구성내역(말잔, 원계열)",Group1,계정항목,BBGA12,신탁형증권저축,A,1976,2022,47
199,101Y002,"1.1.3.1.4. M2 상품별 구성내역(말잔, 원계열)",Group1,계정항목,BBGA12,신탁형증권저축,M,197612,202212,553
200,101Y002,"1.1.3.1.4. M2 상품별 구성내역(말잔, 원계열)",Group1,계정항목,BBGA12,신탁형증권저축,Q,1976Q4,2022Q4,185
201,101Y002,"1.1.3.1.4. M2 상품별 구성내역(말잔, 원계열)",Group1,계정항목,BBGA13,만기2년미만외화예수금,A,1961,2022,62
202,101Y002,"1.1.3.1.4. M2 상품별 구성내역(말잔, 원계열)",Group1,계정항목,BBGA13,만기2년미만외화예수금,M,196112,202212,733
203,101Y002,"1.1.3.1.4. M2 상품별 구성내역(말잔, 원계열)",Group1,계정항목,BBGA13,만기2년미만외화예수금,Q,1961Q4,2022Q4,245
204,101Y002,"1.1.3.1.4. M2 상품별 구성내역(말잔, 원계열)",Group1,계정항목,BBGA14,만기2년미만금융채,A,1967,2022,56
205,101Y002,"1.1.3.1.4. M2 상품별 구성내역(말잔, 원계열)",Group1,계정항목,BBGA14,만기2년미만금융채,M,196701,202212,672
206,101Y002,"1.1.3.1.4. M2 상품별 구성내역(말잔, 원계열)",Group1,계정항목,BBGA14,만기2년미만금융채,Q,1967Q1,2022Q4,224
207,101Y002,"1.1.3.1.4. M2 상품별 구성내역(말잔, 원계열)",Group1,계정항목,BBGA15,환매조건부채권매도,A,1982,2022,41
208,101Y002,"1.1.3.1.4. M2 상품별 구성내역(말잔, 원계열)",Group1,계정항목,BBGA15,환매조건부채권매도,M,198211,202212,482
209,101Y002,"1.1.3.1.4. M2 상품별 구성내역(말잔, 원계열)",Group1,계정항목,BBGA15,환매조건부채권매도,Q,1982Q4,2022Q4,161
210,101Y006,"1.1.3.2.1. M2 경제주체별 보유현황(평잔, 계절조정계열)",Group1,계정항목,BBHS00,"M2(평잔, 계절조정계열) 1)",A,2022,2022,1
211,101Y006,"1.1.3.2.1. M2 경제주체별 보유현황(평잔, 계절조정계열)",Group1,계정항목,BBHS00,"M2(평잔, 계절조정계열) 1)",M,200112,202212,253
212,101Y006,"1.1.3.2.1. M2 경제주체별 보유현황(평잔, 계절조정계열)",Group1,계정항목,BBHSJ1,가계 및 비영리단체 2),A,2022,2022,1
213,101Y006,"1.1.3.2.1. M2 경제주체별 보유현황(평잔, 계절조정계열)",Group1,계정항목,BBHSJ1,가계 및 비영리단체 2),M,200112,202212,253
214,101Y006,"1.1.3.2.1. M2 경제주체별 보유현황(평잔, 계절조정계열)",Group1,계정항목,BBHSJ2,기업 3),A,2022,2022,1
215,101Y006,"1.1.3.2.1. M2 경제주체별 보유현황(평잔, 계절조정계열)",Group1,계정항목,BBHSJ2,기업 3),M,200112,202212,253
216,101Y006,"1.1.3.2.1. M2 경제주체별 보유현황(평잔, 계절조정계열)",Group1,계정항목,BBHSJ3,기타금융기관 4),A,2022,2022,1
217,101Y006,"1.1.3.2.1. M2 경제주체별 보유현황(평잔, 계절조정계열)",Group1,계정항목,BBHSJ3,기타금융기관 4),M,200112,202212,253
218,101Y006,"1.1.3.2.1. M2 경제주체별 보유현황(평잔, 계절조정계열)",Group1,계정항목,BBHSJ4,기타부문 5),A,2022,2022,1
219,101Y006,"1.1.3.2.1. M2 경제주체별 보유현황(평잔, 계절조정계열)",Group1,계정항목,BBHSJ4,기타부문 5),M,200112,202212,253
220,101Y015,"1.1.3.2.2. M2 경제주체별 보유현황(평잔, 원계열)",Group1,계정항목,BBHA00,"M2(평잔, 원계열)",A,2002,2022,21
221,101Y015,"1.1.3.2.2. M2 경제주체별 보유현황(평잔, 원계열)",Group1,계정항목,BBHA00,"M2(평잔, 원계열)",M,200112,202212,253
222,101Y015,"1.1.3.2.2. M2 경제주체별 보유현황(평잔, 원계열)",Group1,계정항목,BBHA00,"M2(평잔, 원계열)",Q,2002Q1,2022Q4,84
223,101Y015,"1.1.3.2.2. M2 경제주체별 보유현황(평잔, 원계열)",Group1,계정항목,BBHAJ1,가계 및 비영리단체 1),A,2002,2022,21
224,101Y015,"1.1.3.2.2. M2 경제주체별 보유현황(평잔, 원계열)",Group1,계정항목,BBHAJ1,가계 및 비영리단체 1),M,200112,202212,253
225,101Y015,"1.1.3.2.2. M2 경제주체별 보유현황(평잔, 원계열)",Group1,계정항목,BBHAJ1,가계 및 비영리단체 1),Q,2002Q1,2022Q4,84
226,101Y015,"1.1.3.2.2. M2 경제주체별 보유현황(평잔, 원계열)",Group1,계정항목,BBHAJ2,기업 2),A,2002,2022,21
227,101Y015,"1.1.3.2.2. M2 경제주체별 보유현황(평잔, 원계열)",Group1,계정항목,BBHAJ2,기업 2),M,200112,202212,253
228,101Y015,"1.1.3.2.2. M2 경제주체별 보유현황(평잔, 원계열)",Group1,계정항목,BBHAJ2,기업 2),Q,2002Q1,2022Q4,84
229,101Y015,"1.1.3.2.2. M2 경제주체별 보유현황(평잔, 원계열)",Group1,계정항목,BBHAJ3,기타금융기관 3),A,2002,2022,21
230,101Y015,"1.1.3.2.2. M2 경제주체별 보유현황(평잔, 원계열)",Group1,계정항목,BBHAJ3,기타금융기관 3),M,200112,202212,253
231,101Y015,"1.1.3.2.2. M2 경제주체별 보유현황(평잔, 원계열)",Group1,계정항목,BBHAJ3,기타금융기관 3),Q,2002Q1,2022Q4,84
232,101Y015,"1.1.3.2.2. M2 경제주체별 보유현황(평잔, 원계열)",Group1,계정항목,BBHAJ4,기타부문 4),A,2002,2022,21
233,101Y015,"1.1.3.2.2. M2 경제주체별 보유현황(평잔, 원계열)",Group1,계정항목,BBHAJ4,기타부문 4),M,200112,202212,253
234,101Y015,"1.1.3.2.2. M2 경제주체별 보유현황(평잔, 원계열)",Group1,계정항목,BBHAJ4,기타부문 4),Q,2002Q1,2022Q4,84
235,101Y005,"1.1.3.2.3. M2 경제주체별 보유현황(말잔, 계절조정계열)",Group1,계정항목,BBGS00,"M2(말잔, 계절조정계열) 1)",M,200112,202212,253
236,101Y005,"1.1.3.2.3. M2 경제주체별 보유현황(말잔, 계절조정계열)",Group1,계정항목,BBGSJ1,가계 및 비영리단체 2),M,200112,202212,253
237,101Y005,"1.1.3.2.3. M2 경제주체별 보유현황(말잔, 계절조정계열)",Group1,계정항목,BBGSJ2,기업 3),M,200112,202212,253
238,101Y005,"1.1.3.2.3. M2 경제주체별 보유현황(말잔, 계절조정계열)",Group1,계정항목,BBGSJ3,기타금융기관 4),M,200112,202212,253
239,101Y005,"1.1.3.2.3. M2 경제주체별 보유현황(말잔, 계절조정계열)",Group1,계정항목,BBGSJ4,기타부문 5),M,200112,202212,253
240,101Y014,"1.1.3.2.4. M2 경제주체별 보유현황(말잔, 원계열)",Group1,계정항목,BBGA00,"M2(말잔, 원계열)",A,2001,2022,22
241,101Y014,"1.1.3.2.4. M2 경제주체별 보유현황(말잔, 원계열)",Group1,계정항목,BBGA00,"M2(말잔, 원계열)",M,200112,202212,253
242,101Y014,"1.1.3.2.4. M2 경제주체별 보유현황(말잔, 원계열)",Group1,계정항목,BBGA00,"M2(말잔, 원계열)",Q,2001Q4,2022Q4,85
243,101Y014,"1.1.3.2.4. M2 경제주체별 보유현황(말잔, 원계열)",Group1,계정항목,BBGAJ1,가계 및 비영리단체 1),A,2001,2022,22
244,101Y014,"1.1.3.2.4. M2 경제주체별 보유현황(말잔, 원계열)",Group1,계정항목,BBGAJ1,가계 및 비영리단체 1),M,200112,202212,253
245,101Y014,"1.1.3.2.4. M2 경제주체별 보유현황(말잔, 원계열)",Group1,계정항목,BBGAJ1,가계 및 비영리단체 1),Q,2001Q4,2022Q4,85
246,101Y014,"1.1.3.2.4. M2 경제주체별 보유현황(말잔, 원계열)",Group1,계정항목,BBGAJ2,기업 2),A,2001,2022,22
247,101Y014,"1.1.3.2.4. M2 경제주체별 보유현황(말잔, 원계열)",Group1,계정항목,BBGAJ2,기업 2),M,200112,202212,253
248,101Y014,"1.1.3.2.4. M2 경제주체별 보유현황(말잔, 원계열)",Group1,계정항목,BBGAJ2,기업 2),Q,2001Q4,2022Q4,85
249,101Y014,"1.1.3.2.4. M2 경제주체별 보유현황(말잔, 원계열)",Group1,계정항목,BBGAJ3,기타금융기관 3),A,2001,2022,22
250,101Y014,"1.1.3.2.4. M2 경제주체별 보유현황(말잔, 원계열)",Group1,계정항목,BBGAJ3,기타금융기관 3),M,200112,202212,253
251,101Y014,"1.1.3.2.4. M2 경제주체별 보유현황(말잔, 원계열)",Group1,계정항목,BBGAJ3,기타금융기관 3),Q,2001Q4,2022Q4,85
252,101Y014,"1.1.3.2.4. M2 경제주체별 보유현황(말잔, 원계열)",Group1,계정항목,BBGAJ4,기타부문 4),A,2001,2022,22
253,101Y014,"1.1.3.2.4. M2 경제주체별 보유현황(말잔, 원계열)",Group1,계정항목,BBGAJ4,기타부문 4),M,200112,202212,253
254,101Y014,"1.1.3.2.4. M2 경제주체별 보유현황(말잔, 원계열)",Group1,계정항목,BBGAJ4,기타부문 4),Q,2001Q4,2022Q4,85
255,101Y008,1.1.3.3.1. M2 기관별구성내역(평잔),Group1,계정항목,BBJA00,M2(평잔),A,1986,2022,37
256,101Y008,1.1.3.3.1. M2 기관별구성내역(평잔),Group1,계정항목,BBJA00,M2(평잔),M,198601,202212,444
257,101Y008,1.1.3.3.1. M2 기관별구성내역(평잔),Group1,계정항목,BBJA00,M2(평잔),Q,1986Q1,2022Q4,148
258,101Y008,1.1.3.3.1. M2 기관별구성내역(평잔),Group1,계정항목,BBJA01,중앙은행,A,1986,2022,37
259,101Y008,1.1.3.3.1. M2 기관별구성내역(평잔),Group1,계정항목,BBJA01,중앙은행,M,198601,202212,444
260,101Y008,1.1.3.3.1. M2 기관별구성내역(평잔),Group1,계정항목,BBJA01,중앙은행,Q,1986Q1,2022Q4,148
261,101Y008,1.1.3.3.1. M2 기관별구성내역(평잔),Group1,계정항목,BBJA02,기타예금취급기관,A,1986,2022,37
262,101Y008,1.1.3.3.1. M2 기관별구성내역(평잔),Group1,계정항목,BBJA02,기타예금취급기관,M,198601,202212,444
263,101Y008,1.1.3.3.1. M2 기관별구성내역(평잔),Group1,계정항목,BBJA02,기타예금취급기관,Q,1986Q1,2022Q4,148
264,101Y008,1.1.3.3.1. M2 기관별구성내역(평잔),Group1,계정항목,BBJA0201,예금은행,A,1986,2022,37
265,101Y008,1.1.3.3.1. M2 기관별구성내역(평잔),Group1,계정항목,BBJA0201,예금은행,M,198601,202212,444
266,101Y008,1.1.3.3.1. M2 기관별구성내역(평잔),Group1,계정항목,BBJA0201,예금은행,Q,1986Q1,2022Q4,148
267,101Y008,1.1.3.3.1. M2 기관별구성내역(평잔),Group1,계정항목,BBJA0202,종합금융,A,1986,2022,37
268,101Y008,1.1.3.3.1. M2 기관별구성내역(평잔),Group1,계정항목,BBJA0202,종합금융,M,198601,202212,444
269,101Y008,1.1.3.3.1. M2 기관별구성내역(평잔),Group1,계정항목,BBJA0202,종합금융,Q,1986Q1,2022Q4,148
270,101Y008,1.1.3.3.1. M2 기관별구성내역(평잔),Group1,계정항목,BBJA0203,자산운용회사,A,1986,2022,37
271,101Y008,1.1.3.3.1. M2 기관별구성내역(평잔),Group1,계정항목,BBJA0203,자산운용회사,M,198601,202212,444
272,101Y008,1.1.3.3.1. M2 기관별구성내역(평잔),Group1,계정항목,BBJA0203,자산운용회사,Q,1986Q1,2022Q4,148
273,101Y008,1.1.3.3.1. M2 기관별구성내역(평잔),Group1,계정항목,BBJA0204,신탁회사,A,1986,2022,37
274,101Y008,1.1.3.3.1. M2 기관별구성내역(평잔),Group1,계정항목,BBJA0204,신탁회사,M,198601,202212,444
275,101Y008,1.1.3.3.1. M2 기관별구성내역(평잔),Group1,계정항목,BBJA0204,신탁회사,Q,1986Q1,2022Q4,148
276,101Y008,1.1.3.3.1. M2 기관별구성내역(평잔),Group1,계정항목,BBJA0205,상호저축은행,A,1986,2022,37
277,101Y008,1.1.3.3.1. M2 기관별구성내역(평잔),Group1,계정항목,BBJA0205,상호저축은행,M,198601,202212,444
278,101Y008,1.1.3.3.1. M2 기관별구성내역(평잔),Group1,계정항목,BBJA0205,상호저축은행,Q,1986Q1,2022Q4,148
279,101Y008,1.1.3.3.1. M2 기관별구성내역(평잔),Group1,계정항목,BBJA0207,신용협동조합,A,1986,2022,37
280,101Y008,1.1.3.3.1. M2 기관별구성내역(평잔),Group1,계정항목,BBJA0207,신용협동조합,M,198601,202212,444
281,101Y008,1.1.3.3.1. M2 기관별구성내역(평잔),Group1,계정항목,BBJA0207,신용협동조합,Q,1986Q1,2022Q4,148
282,101Y008,1.1.3.3.1. M2 기관별구성내역(평잔),Group1,계정항목,BBJA0206,상호금융,A,1986,2022,37
283,101Y008,1.1.3.3.1. M2 기관별구성내역(평잔),Group1,계정항목,BBJA0206,상호금융,M,198601,202212,444
284,101Y008,1.1.3.3.1. M2 기관별구성내역(평잔),Group1,계정항목,BBJA0206,상호금융,Q,1986Q1,2022Q4,148
285,101Y008,1.1.3.3.1. M2 기관별구성내역(평잔),Group1,계정항목,BBJA0209,새마을금고,A,1986,2022,37
286,101Y008,1.1.3.3.1. M2 기관별구성내역(평잔),Group1,계정항목,BBJA0209,새마을금고,M,198601,202212,444
287,101Y008,1.1.3.3.1. M2 기관별구성내역(평잔),Group1,계정항목,BBJA0209,새마을금고,Q,1986Q1,2022Q4,148
288,101Y008,1.1.3.3.1. M2 기관별구성내역(평잔),Group1,계정항목,BBJA0208,우체국예금,A,1986,2022,37
289,101Y008,1.1.3.3.1. M2 기관별구성내역(평잔),Group1,계정항목,BBJA0208,우체국예금,M,198601,202212,444
290,101Y008,1.1.3.3.1. M2 기관별구성내역(평잔),Group1,계정항목,BBJA0208,우체국예금,Q,1986Q1,2022Q4,148
291,101Y008,1.1.3.3.1. M2 기관별구성내역(평잔),Group1,계정항목,BBJA0210,수출입은행,A,2002,2022,21
292,101Y008,1.1.3.3.1. M2 기관별구성내역(평잔),Group1,계정항목,BBJA0210,수출입은행,M,200201,202212,252
293,101Y008,1.1.3.3.1. M2 기관별구성내역(평잔),Group1,계정항목,BBJA0210,수출입은행,Q,2003Q1,2022Q4,80
294,101Y007,1.1.3.3.2. M2 기관별구성내역(말잔),Group1,계정항목,BBIA00,M2(말잔),A,1960,2022,63
295,101Y007,1.1.3.3.2. M2 기관별구성내역(말잔),Group1,계정항목,BBIA00,M2(말잔),M,196001,202212,756
296,101Y007,1.1.3.3.2. M2 기관별구성내역(말잔),Group1,계정항목,BBIA00,M2(말잔),Q,1960Q1,2022Q4,252
297,101Y007,1.1.3.3.2. M2 기관별구성내역(말잔),Group1,계정항목,BBIA01,중앙은행,A,1960,2022,63
298,101Y007,1.1.3.3.2. M2 기관별구성내역(말잔),Group1,계정항목,BBIA01,중앙은행,M,196001,202212,756
299,101Y007,1.1.3.3.2. M2 기관별구성내역(말잔),Group1,계정항목,BBIA01,중앙은행,Q,1960Q1,2022Q4,252
300,101Y007,1.1.3.3.2. M2 기관별구성내역(말잔),Group1,계정항목,BBIA02,기타예금취급기관,A,1960,2022,63
301,101Y007,1.1.3.3.2. M2 기관별구성내역(말잔),Group1,계정항목,BBIA02,기타예금취급기관,M,196001,202212,756
302,101Y007,1.1.3.3.2. M2 기관별구성내역(말잔),Group1,계정항목,BBIA02,기타예금취급기관,Q,1960Q1,2022Q4,252
303,101Y007,1.1.3.3.2. M2 기관별구성내역(말잔),Group1,계정항목,BBIA0201,예금은행,A,1960,2022,63
304,101Y007,1.1.3.3.2. M2 기관별구성내역(말잔),Group1,계정항목,BBIA0201,예금은행,M,196001,202212,756
305,101Y007,1.1.3.3.2. M2 기관별구성내역(말잔),Group1,계정항목,BBIA0201,예금은행,Q,1960Q1,2022Q4,252
306,101Y007,1.1.3.3.2. M2 기관별구성내역(말잔),Group1,계정항목,BBIA0202,종합금융,A,1972,2022,51
307,101Y007,1.1.3.3.2. M2 기관별구성내역(말잔),Group1,계정항목,BBIA0202,종합금융,M,197212,202212,601
308,101Y007,1.1.3.3.2. M2 기관별구성내역(말잔),Group1,계정항목,BBIA0202,종합금융,Q,1972Q4,2022Q4,201
309,101Y007,1.1.3.3.2. M2 기관별구성내역(말잔),Group1,계정항목,BBIA0203,자산운용회사,A,1976,2022,47
310,101Y007,1.1.3.3.2. M2 기관별구성내역(말잔),Group1,계정항목,BBIA0203,자산운용회사,M,197612,202212,553
311,101Y007,1.1.3.3.2. M2 기관별구성내역(말잔),Group1,계정항목,BBIA0203,자산운용회사,Q,1976Q4,2022Q4,185
312,101Y007,1.1.3.3.2. M2 기관별구성내역(말잔),Group1,계정항목,BBIA0204,신탁회사,A,1960,2022,63
313,101Y007,1.1.3.3.2. M2 기관별구성내역(말잔),Group1,계정항목,BBIA0204,신탁회사,M,196001,202212,756
314,101Y007,1.1.3.3.2. M2 기관별구성내역(말잔),Group1,계정항목,BBIA0204,신탁회사,Q,1960Q1,2022Q4,252
315,101Y007,1.1.3.3.2. M2 기관별구성내역(말잔),Group1,계정항목,BBIA0205,상호저축은행,A,1973,2022,50
316,101Y007,1.1.3.3.2. M2 기관별구성내역(말잔),Group1,계정항목,BBIA0205,상호저축은행,M,197309,202212,592
317,101Y007,1.1.3.3.2. M2 기관별구성내역(말잔),Group1,계정항목,BBIA0205,상호저축은행,Q,1973Q3,2022Q4,198
318,101Y007,1.1.3.3.2. M2 기관별구성내역(말잔),Group1,계정항목,BBIA0207,신용협동조합,A,1973,2022,50
319,101Y007,1.1.3.3.2. M2 기관별구성내역(말잔),Group1,계정항목,BBIA0207,신용협동조합,M,197303,202212,598
320,101Y007,1.1.3.3.2. M2 기관별구성내역(말잔),Group1,계정항목,BBIA0207,신용협동조합,Q,1973Q1,2022Q4,200
321,101Y007,1.1.3.3.2. M2 기관별구성내역(말잔),Group1,계정항목,BBIA0206,상호금융,A,1971,2022,52
322,101Y007,1.1.3.3.2. M2 기관별구성내역(말잔),Group1,계정항목,BBIA0206,상호금융,M,197109,202212,616
323,101Y007,1.1.3.3.2. M2 기관별구성내역(말잔),Group1,계정항목,BBIA0206,상호금융,Q,1971Q3,2022Q4,206
324,101Y007,1.1.3.3.2. M2 기관별구성내역(말잔),Group1,계정항목,BBIA0209,새마을금고,A,1980,2022,43
325,101Y007,1.1.3.3.2. M2 기관별구성내역(말잔),Group1,계정항목,BBIA0209,새마을금고,M,198001,202212,516
326,101Y007,1.1.3.3.2. M2 기관별구성내역(말잔),Group1,계정항목,BBIA0209,새마을금고,Q,1980Q1,2022Q4,172
327,101Y007,1.1.3.3.2. M2 기관별구성내역(말잔),Group1,계정항목,BBIA0208,우체국예금,A,1960,2022,63
328,101Y007,1.1.3.3.2. M2 기관별구성내역(말잔),Group1,계정항목,BBIA0208,우체국예금,M,196001,202212,756
329,101Y007,1.1.3.3.2. M2 기관별구성내역(말잔),Group1,계정항목,BBIA0208,우체국예금,Q,1960Q1,2022Q4,252
330,101Y007,1.1.3.3.2. M2 기관별구성내역(말잔),Group1,계정항목,BBIA0210,수출입은행,A,2002,2022,21
331,101Y007,1.1.3.3.2. M2 기관별구성내역(말잔),Group1,계정항목,BBIA0210,수출입은행,M,200201,202212,252
332,101Y007,1.1.3.3.2. M2 기관별구성내역(말잔),Group1,계정항목,BBIA0210,수출입은행,Q,2002Q4,2022Q4,81
333,111Y003,"1.1.4.1.1. Lf 상품별 구성내역(평잔, 계절조정계열)",Group1,계정항목,LAS0000,"Lf(금융기관유동성) : 상품별(평잔, 계절조정계열)",A,1986,2022,37
334,111Y003,"1.1.4.1.1. Lf 상품별 구성내역(평잔, 계절조정계열)",Group1,계정항목,LAS0000,"Lf(금융기관유동성) : 상품별(평잔, 계절조정계열)",M,198601,202212,444
335,111Y003,"1.1.4.1.1. Lf 상품별 구성내역(평잔, 계절조정계열)",Group1,계정항목,LAS0000,"Lf(금융기관유동성) : 상품별(평잔, 계절조정계열)",Q,2021Q4,2021Q4,1
336,111Y003,"1.1.4.1.1. Lf 상품별 구성내역(평잔, 계절조정계열)",Group1,계정항목,LAS1000,M2,A,1986,2022,37
337,111Y003,"1.1.4.1.1. Lf 상품별 구성내역(평잔, 계절조정계열)",Group1,계정항목,LAS1000,M2,M,198601,202212,444
338,111Y003,"1.1.4.1.1. Lf 상품별 구성내역(평잔, 계절조정계열)",Group1,계정항목,LAS1000,M2,Q,2021Q4,2021Q4,1
339,111Y003,"1.1.4.1.1. Lf 상품별 구성내역(평잔, 계절조정계열)",Group1,계정항목,LAS2000,2년이상 장기금융상품 등 1),A,2002,2022,21
340,111Y003,"1.1.4.1.1. Lf 상품별 구성내역(평잔, 계절조정계열)",Group1,계정항목,LAS2000,2년이상 장기금융상품 등 1),M,200112,202212,253
341,111Y003,"1.1.4.1.1. Lf 상품별 구성내역(평잔, 계절조정계열)",Group1,계정항목,LAS2000,2년이상 장기금융상품 등 1),Q,2021Q4,2021Q4,1
342,111Y003,"1.1.4.1.1. Lf 상품별 구성내역(평잔, 계절조정계열)",Group1,계정항목,LAS3000,생명보험계약 준비금 등 2),A,2002,2022,21
343,111Y003,"1.1.4.1.1. Lf 상품별 구성내역(평잔, 계절조정계열)",Group1,계정항목,LAS3000,생명보험계약 준비금 등 2),M,200112,202212,253
344,111Y003,"1.1.4.1.1. Lf 상품별 구성내역(평잔, 계절조정계열)",Group1,계정항목,LAS3000,생명보험계약 준비금 등 2),Q,2021Q4,2021Q4,1
345,111Y004,"1.1.4.1.2. Lf 상품별 구성내역(평잔, 원계열)",Group1,계정항목,LA00000,"Lf(금융기관유동성) : 상품별(평잔,원계열)",A,1986,2022,37
346,111Y004,"1.1.4.1.2. Lf 상품별 구성내역(평잔, 원계열)",Group1,계정항목,LA00000,"Lf(금융기관유동성) : 상품별(평잔,원계열)",M,198601,202212,444
347,111Y004,"1.1.4.1.2. Lf 상품별 구성내역(평잔, 원계열)",Group1,계정항목,LA00000,"Lf(금융기관유동성) : 상품별(평잔,원계열)",Q,1986Q1,2022Q4,148
348,111Y004,"1.1.4.1.2. Lf 상품별 구성내역(평잔, 원계열)",Group1,계정항목,LA01000,예금취급기관,A,1991,2022,32
349,111Y004,"1.1.4.1.2. Lf 상품별 구성내역(평잔, 원계열)",Group1,계정항목,LA01000,예금취급기관,M,199101,202212,384
350,111Y004,"1.1.4.1.2. Lf 상품별 구성내역(평잔, 원계열)",Group1,계정항목,LA01000,예금취급기관,Q,1991Q1,2022Q4,128
351,111Y004,"1.1.4.1.2. Lf 상품별 구성내역(평잔, 원계열)",Group1,계정항목,LA01010,현금통화,A,1991,2022,32
352,111Y004,"1.1.4.1.2. Lf 상품별 구성내역(평잔, 원계열)",Group1,계정항목,LA01010,현금통화,M,199101,202212,384
353,111Y004,"1.1.4.1.2. Lf 상품별 구성내역(평잔, 원계열)",Group1,계정항목,LA01010,현금통화,Q,1991Q1,2022Q4,128
354,111Y004,"1.1.4.1.2. Lf 상품별 구성내역(평잔, 원계열)",Group1,계정항목,LA01021,요구불예금,A,1991,2022,32
355,111Y004,"1.1.4.1.2. Lf 상품별 구성내역(평잔, 원계열)",Group1,계정항목,LA01021,요구불예금,M,199101,202212,384
356,111Y004,"1.1.4.1.2. Lf 상품별 구성내역(평잔, 원계열)",Group1,계정항목,LA01021,요구불예금,Q,1991Q1,2022Q4,128
357,111Y004,"1.1.4.1.2. Lf 상품별 구성내역(평잔, 원계열)",Group1,계정항목,LA01022,수시입출식저축성,A,1991,2022,32
358,111Y004,"1.1.4.1.2. Lf 상품별 구성내역(평잔, 원계열)",Group1,계정항목,LA01022,수시입출식저축성,M,199101,202212,384
359,111Y004,"1.1.4.1.2. Lf 상품별 구성내역(평잔, 원계열)",Group1,계정항목,LA01022,수시입출식저축성,Q,1991Q1,2022Q4,128
360,111Y004,"1.1.4.1.2. Lf 상품별 구성내역(평잔, 원계열)",Group1,계정항목,LA01023,정기예적금,A,1991,2022,32
361,111Y004,"1.1.4.1.2. Lf 상품별 구성내역(평잔, 원계열)",Group1,계정항목,LA01023,정기예적금,M,199101,202212,384
362,111Y004,"1.1.4.1.2. Lf 상품별 구성내역(평잔, 원계열)",Group1,계정항목,LA01023,정기예적금,Q,1991Q1,2022Q4,128
363,111Y004,"1.1.4.1.2. Lf 상품별 구성내역(평잔, 원계열)",Group1,계정항목,LA01025,양도성예금증서,A,1991,2022,32
364,111Y004,"1.1.4.1.2. Lf 상품별 구성내역(평잔, 원계열)",Group1,계정항목,LA01025,양도성예금증서,M,199101,202212,384
365,111Y004,"1.1.4.1.2. Lf 상품별 구성내역(평잔, 원계열)",Group1,계정항목,LA01025,양도성예금증서,Q,1991Q1,2022Q4,128
366,111Y004,"1.1.4.1.2. Lf 상품별 구성내역(평잔, 원계열)",Group1,계정항목,LA01028,수익증권,A,1991,2022,32
367,111Y004,"1.1.4.1.2. Lf 상품별 구성내역(평잔, 원계열)",Group1,계정항목,LA01028,수익증권,M,199101,202212,384
368,111Y004,"1.1.4.1.2. Lf 상품별 구성내역(평잔, 원계열)",Group1,계정항목,LA01028,수익증권,Q,1991Q1,2022Q4,128
369,111Y004,"1.1.4.1.2. Lf 상품별 구성내역(평잔, 원계열)",Group1,계정항목,LA01033,환매조건부채권,A,1991,2022,32
370,111Y004,"1.1.4.1.2. Lf 상품별 구성내역(평잔, 원계열)",Group1,계정항목,LA01033,환매조건부채권,M,199101,202212,384
371,111Y004,"1.1.4.1.2. Lf 상품별 구성내역(평잔, 원계열)",Group1,계정항목,LA01033,환매조건부채권,Q,1991Q1,2022Q4,128
372,111Y004,"1.1.4.1.2. Lf 상품별 구성내역(평잔, 원계열)",Group1,계정항목,LA01034,금융채 1),A,1991,2022,32
373,111Y004,"1.1.4.1.2. Lf 상품별 구성내역(평잔, 원계열)",Group1,계정항목,LA01034,금융채 1),M,199101,202212,384
374,111Y004,"1.1.4.1.2. Lf 상품별 구성내역(평잔, 원계열)",Group1,계정항목,LA01034,금융채 1),Q,1991Q1,2022Q4,128
375,111Y004,"1.1.4.1.2. Lf 상품별 구성내역(평잔, 원계열)",Group1,계정항목,LA01039,금전신탁 등 2),A,1991,2022,32
376,111Y004,"1.1.4.1.2. Lf 상품별 구성내역(평잔, 원계열)",Group1,계정항목,LA01039,금전신탁 등 2),M,199101,202212,384
377,111Y004,"1.1.4.1.2. Lf 상품별 구성내역(평잔, 원계열)",Group1,계정항목,LA01039,금전신탁 등 2),Q,1991Q1,2022Q4,128
378,111Y004,"1.1.4.1.2. Lf 상품별 구성내역(평잔, 원계열)",Group1,계정항목,LA04023,보험계약준비금,A,1991,2022,32
379,111Y004,"1.1.4.1.2. Lf 상품별 구성내역(평잔, 원계열)",Group1,계정항목,LA04023,보험계약준비금,M,199101,202212,384
380,111Y004,"1.1.4.1.2. Lf 상품별 구성내역(평잔, 원계열)",Group1,계정항목,LA04023,보험계약준비금,Q,1991Q1,2022Q4,128
381,111Y004,"1.1.4.1.2. Lf 상품별 구성내역(평잔, 원계열)",Group1,계정항목,LA06000,기타 3),A,1991,2022,32
382,111Y004,"1.1.4.1.2. Lf 상품별 구성내역(평잔, 원계열)",Group1,계정항목,LA06000,기타 3),M,199101,202212,384
383,111Y004,"1.1.4.1.2. Lf 상품별 구성내역(평잔, 원계열)",Group1,계정항목,LA06000,기타 3),Q,1991Q1,2022Q4,128
384,111Y001,"1.1.4.1.3. Lf 상품별 구성내역(말잔, 계절조정계열)",Group1,계정항목,LES0000,"Lf(금융기관유동성) : 상품별(말잔, 계절조정계열)",A,1986,2022,37
385,111Y001,"1.1.4.1.3. Lf 상품별 구성내역(말잔, 계절조정계열)",Group1,계정항목,LES0000,"Lf(금융기관유동성) : 상품별(말잔, 계절조정계열)",M,198601,202212,444
386,111Y001,"1.1.4.1.3. Lf 상품별 구성내역(말잔, 계절조정계열)",Group1,계정항목,LES0000,"Lf(금융기관유동성) : 상품별(말잔, 계절조정계열)",Q,2021Q4,2021Q4,1
387,111Y001,"1.1.4.1.3. Lf 상품별 구성내역(말잔, 계절조정계열)",Group1,계정항목,LES1000,M2,A,1986,2022,37
388,111Y001,"1.1.4.1.3. Lf 상품별 구성내역(말잔, 계절조정계열)",Group1,계정항목,LES1000,M2,M,198601,202212,444
389,111Y001,"1.1.4.1.3. Lf 상품별 구성내역(말잔, 계절조정계열)",Group1,계정항목,LES1000,M2,Q,2021Q4,2021Q4,1
390,111Y001,"1.1.4.1.3. Lf 상품별 구성내역(말잔, 계절조정계열)",Group1,계정항목,LES2000,2년이상 장기금융상품 등 1),A,2002,2022,21
391,111Y001,"1.1.4.1.3. Lf 상품별 구성내역(말잔, 계절조정계열)",Group1,계정항목,LES2000,2년이상 장기금융상품 등 1),M,200112,202212,253
392,111Y001,"1.1.4.1.3. Lf 상품별 구성내역(말잔, 계절조정계열)",Group1,계정항목,LES2000,2년이상 장기금융상품 등 1),Q,2021Q4,2021Q4,1
393,111Y001,"1.1.4.1.3. Lf 상품별 구성내역(말잔, 계절조정계열)",Group1,계정항목,LES3000,생명보험계약 준비금 등 2),A,2002,2022,21
394,111Y001,"1.1.4.1.3. Lf 상품별 구성내역(말잔, 계절조정계열)",Group1,계정항목,LES3000,생명보험계약 준비금 등 2),M,200112,202212,253
395,111Y001,"1.1.4.1.3. Lf 상품별 구성내역(말잔, 계절조정계열)",Group1,계정항목,LES3000,생명보험계약 준비금 등 2),Q,2021Q4,2021Q4,1
396,111Y002,"1.1.4.1.4. Lf 상품별 구성내역(말잔, 원계열)",Group1,계정항목,LA00000,"Lf(금융기관유동성) : 상품별(말잔,원계열)",A,1971,2022,52
397,111Y002,"1.1.4.1.4. Lf 상품별 구성내역(말잔, 원계열)",Group1,계정항목,LA00000,"Lf(금융기관유동성) : 상품별(말잔,원계열)",M,198001,202212,516
398,111Y002,"1.1.4.1.4. Lf 상품별 구성내역(말잔, 원계열)",Group1,계정항목,LA00000,"Lf(금융기관유동성) : 상품별(말잔,원계열)",Q,1980Q1,2022Q4,172
399,111Y002,"1.1.4.1.4. Lf 상품별 구성내역(말잔, 원계열)",Group1,계정항목,LA01000,예금취급기관,A,1991,2022,32
400,111Y002,"1.1.4.1.4. Lf 상품별 구성내역(말잔, 원계열)",Group1,계정항목,LA01000,예금취급기관,M,199101,202212,384
401,111Y002,"1.1.4.1.4. Lf 상품별 구성내역(말잔, 원계열)",Group1,계정항목,LA01000,예금취급기관,Q,1991Q1,2022Q4,128
402,111Y002,"1.1.4.1.4. Lf 상품별 구성내역(말잔, 원계열)",Group1,계정항목,LA01010,현금통화,A,1991,2022,32
403,111Y002,"1.1.4.1.4. Lf 상품별 구성내역(말잔, 원계열)",Group1,계정항목,LA01010,현금통화,M,199101,202212,384
404,111Y002,"1.1.4.1.4. Lf 상품별 구성내역(말잔, 원계열)",Group1,계정항목,LA01010,현금통화,Q,1991Q1,2022Q4,128
405,111Y002,"1.1.4.1.4. Lf 상품별 구성내역(말잔, 원계열)",Group1,계정항목,LA01021,요구불예금,A,1991,2022,32
406,111Y002,"1.1.4.1.4. Lf 상품별 구성내역(말잔, 원계열)",Group1,계정항목,LA01021,요구불예금,M,199101,202212,384
407,111Y002,"1.1.4.1.4. Lf 상품별 구성내역(말잔, 원계열)",Group1,계정항목,LA01021,요구불예금,Q,1991Q1,2022Q4,128
408,111Y002,"1.1.4.1.4. Lf 상품별 구성내역(말잔, 원계열)",Group1,계정항목,LA01022,수시입출식저축성,A,1991,2022,32
409,111Y002,"1.1.4.1.4. Lf 상품별 구성내역(말잔, 원계열)",Group1,계정항목,LA01022,수시입출식저축성,M,199101,202212,384
410,111Y002,"1.1.4.1.4. Lf 상품별 구성내역(말잔, 원계열)",Group1,계정항목,LA01022,수시입출식저축성,Q,1991Q1,2022Q4,128
411,111Y002,"1.1.4.1.4. Lf 상품별 구성내역(말잔, 원계열)",Group1,계정항목,LA01023,정기예적금,A,1991,2022,32
412,111Y002,"1.1.4.1.4. Lf 상품별 구성내역(말잔, 원계열)",Group1,계정항목,LA01023,정기예적금,M,199101,202212,384
413,111Y002,"1.1.4.1.4. Lf 상품별 구성내역(말잔, 원계열)",Group1,계정항목,LA01023,정기예적금,Q,1991Q1,2022Q4,128
414,111Y002,"1.1.4.1.4. Lf 상품별 구성내역(말잔, 원계열)",Group1,계정항목,LA01025,양도성예금증서,A,1991,2022,32
415,111Y002,"1.1.4.1.4. Lf 상품별 구성내역(말잔, 원계열)",Group1,계정항목,LA01025,양도성예금증서,M,199101,202212,384
416,111Y002,"1.1.4.1.4. Lf 상품별 구성내역(말잔, 원계열)",Group1,계정항목,LA01025,양도성예금증서,Q,1991Q1,2022Q4,128
417,111Y002,"1.1.4.1.4. Lf 상품별 구성내역(말잔, 원계열)",Group1,계정항목,LA01028,수익증권,A,1991,2022,32
418,111Y002,"1.1.4.1.4. Lf 상품별 구성내역(말잔, 원계열)",Group1,계정항목,LA01028,수익증권,M,199101,202212,384
419,111Y002,"1.1.4.1.4. Lf 상품별 구성내역(말잔, 원계열)",Group1,계정항목,LA01028,수익증권,Q,1991Q1,2022Q4,128
420,111Y002,"1.1.4.1.4. Lf 상품별 구성내역(말잔, 원계열)",Group1,계정항목,LA01033,환매조건부채권,A,1991,2022,32
421,111Y002,"1.1.4.1.4. Lf 상품별 구성내역(말잔, 원계열)",Group1,계정항목,LA01033,환매조건부채권,M,199101,202212,384
422,111Y002,"1.1.4.1.4. Lf 상품별 구성내역(말잔, 원계열)",Group1,계정항목,LA01033,환매조건부채권,Q,1991Q1,2022Q4,128
423,111Y002,"1.1.4.1.4. Lf 상품별 구성내역(말잔, 원계열)",Group1,계정항목,LA01034,금융채 1),A,1991,2022,32
424,111Y002,"1.1.4.1.4. Lf 상품별 구성내역(말잔, 원계열)",Group1,계정항목,LA01034,금융채 1),M,199101,202212,384
425,111Y002,"1.1.4.1.4. Lf 상품별 구성내역(말잔, 원계열)",Group1,계정항목,LA01034,금융채 1),Q,1991Q1,2022Q4,128
426,111Y002,"1.1.4.1.4. Lf 상품별 구성내역(말잔, 원계열)",Group1,계정항목,LA01039,금전신탁 등 2),A,1991,2022,32
427,111Y002,"1.1.4.1.4. Lf 상품별 구성내역(말잔, 원계열)",Group1,계정항목,LA01039,금전신탁 등 2),M,199101,202212,384
428,111Y002,"1.1.4.1.4. Lf 상품별 구성내역(말잔, 원계열)",Group1,계정항목,LA01039,금전신탁 등 2),Q,1991Q1,2022Q4,128
429,111Y002,"1.1.4.1.4. Lf 상품별 구성내역(말잔, 원계열)",Group1,계정항목,LA04023,보험계약준비금,A,1991,2022,32
430,111Y002,"1.1.4.1.4. Lf 상품별 구성내역(말잔, 원계열)",Group1,계정항목,LA04023,보험계약준비금,M,199101,202212,384
431,111Y002,"1.1.4.1.4. Lf 상품별 구성내역(말잔, 원계열)",Group1,계정항목,LA04023,보험계약준비금,Q,1991Q1,2022Q4,128
432,111Y002,"1.1.4.1.4. Lf 상품별 구성내역(말잔, 원계열)",Group1,계정항목,LA06000,기타 3),A,1991,2022,32
433,111Y002,"1.1.4.1.4. Lf 상품별 구성내역(말잔, 원계열)",Group1,계정항목,LA06000,기타 3),M,199101,202212,384
434,111Y002,"1.1.4.1.4. Lf 상품별 구성내역(말잔, 원계열)",Group1,계정항목,LA06000,기타 3),Q,1991Q1,2022Q4,128
435,111Y006,1.1.4.2.1. Lf 기관별 구성내역(평잔),Group1,계정항목,A000000,Lf(금융기관 유동성) : 기관별(평잔),A,1986,2022,37
436,111Y006,1.1.4.2.1. Lf 기관별 구성내역(평잔),Group1,계정항목,A000000,Lf(금융기관 유동성) : 기관별(평잔),M,198601,202212,444
437,111Y006,1.1.4.2.1. Lf 기관별 구성내역(평잔),Group1,계정항목,A000000,Lf(금융기관 유동성) : 기관별(평잔),Q,1986Q1,2022Q4,148
438,111Y006,1.1.4.2.1. Lf 기관별 구성내역(평잔),Group1,계정항목,A110000,중앙은행,A,1991,2022,32
439,111Y006,1.1.4.2.1. Lf 기관별 구성내역(평잔),Group1,계정항목,A110000,중앙은행,M,199101,202212,384
440,111Y006,1.1.4.2.1. Lf 기관별 구성내역(평잔),Group1,계정항목,A110000,중앙은행,Q,1991Q1,2022Q4,128
441,111Y006,1.1.4.2.1. Lf 기관별 구성내역(평잔),Group1,계정항목,A120100,예금은행,A,1991,2022,32
442,111Y006,1.1.4.2.1. Lf 기관별 구성내역(평잔),Group1,계정항목,A120100,예금은행,M,199101,202212,384
443,111Y006,1.1.4.2.1. Lf 기관별 구성내역(평잔),Group1,계정항목,A120100,예금은행,Q,1991Q1,2022Q4,128
444,111Y006,1.1.4.2.1. Lf 기관별 구성내역(평잔),Group1,계정항목,A120300,종합금융회사 1),A,1991,2022,32
445,111Y006,1.1.4.2.1. Lf 기관별 구성내역(평잔),Group1,계정항목,A120300,종합금융회사 1),M,199101,202212,384
446,111Y006,1.1.4.2.1. Lf 기관별 구성내역(평잔),Group1,계정항목,A120300,종합금융회사 1),Q,1991Q1,2022Q4,128
447,111Y006,1.1.4.2.1. Lf 기관별 구성내역(평잔),Group1,계정항목,A120400,자산운용회사,A,1991,2022,32
448,111Y006,1.1.4.2.1. Lf 기관별 구성내역(평잔),Group1,계정항목,A120400,자산운용회사,M,199101,202212,384
449,111Y006,1.1.4.2.1. Lf 기관별 구성내역(평잔),Group1,계정항목,A120400,자산운용회사,Q,1991Q1,2022Q4,128
450,111Y006,1.1.4.2.1. Lf 기관별 구성내역(평잔),Group1,계정항목,A120500,신탁회사,A,1991,2022,32
451,111Y006,1.1.4.2.1. Lf 기관별 구성내역(평잔),Group1,계정항목,A120500,신탁회사,M,199101,202212,384
452,111Y006,1.1.4.2.1. Lf 기관별 구성내역(평잔),Group1,계정항목,A120500,신탁회사,Q,1991Q1,2022Q4,128
453,111Y006,1.1.4.2.1. Lf 기관별 구성내역(평잔),Group1,계정항목,A120600,상호저축은행,A,1991,2022,32
454,111Y006,1.1.4.2.1. Lf 기관별 구성내역(평잔),Group1,계정항목,A120600,상호저축은행,M,199101,202212,384
455,111Y006,1.1.4.2.1. Lf 기관별 구성내역(평잔),Group1,계정항목,A120600,상호저축은행,Q,1991Q1,2022Q4,128
456,111Y006,1.1.4.2.1. Lf 기관별 구성내역(평잔),Group1,계정항목,A120700,신용협동조합,A,1991,2022,32
457,111Y006,1.1.4.2.1. Lf 기관별 구성내역(평잔),Group1,계정항목,A120700,신용협동조합,M,199101,202212,384
458,111Y006,1.1.4.2.1. Lf 기관별 구성내역(평잔),Group1,계정항목,A120700,신용협동조합,Q,1991Q1,2022Q4,128
459,111Y006,1.1.4.2.1. Lf 기관별 구성내역(평잔),Group1,계정항목,A120800,상호금융,A,1991,2022,32
460,111Y006,1.1.4.2.1. Lf 기관별 구성내역(평잔),Group1,계정항목,A120800,상호금융,M,199101,202212,384
461,111Y006,1.1.4.2.1. Lf 기관별 구성내역(평잔),Group1,계정항목,A120800,상호금융,Q,1991Q1,2022Q4,128
462,111Y006,1.1.4.2.1. Lf 기관별 구성내역(평잔),Group1,계정항목,A121000,새마을금고,A,1991,2022,32
463,111Y006,1.1.4.2.1. Lf 기관별 구성내역(평잔),Group1,계정항목,A121000,새마을금고,M,199101,202212,384
464,111Y006,1.1.4.2.1. Lf 기관별 구성내역(평잔),Group1,계정항목,A121000,새마을금고,Q,1991Q1,2022Q4,128
465,111Y006,1.1.4.2.1. Lf 기관별 구성내역(평잔),Group1,계정항목,A121100,우체국 예금,A,1991,2022,32
466,111Y006,1.1.4.2.1. Lf 기관별 구성내역(평잔),Group1,계정항목,A121100,우체국 예금,M,199101,202212,384
467,111Y006,1.1.4.2.1. Lf 기관별 구성내역(평잔),Group1,계정항목,A121100,우체국 예금,Q,1991Q1,2022Q4,128
468,111Y006,1.1.4.2.1. Lf 기관별 구성내역(평잔),Group1,계정항목,A205000,생명보험회사 2),A,1991,2022,32
469,111Y006,1.1.4.2.1. Lf 기관별 구성내역(평잔),Group1,계정항목,A205000,생명보험회사 2),M,199101,202212,384
470,111Y006,1.1.4.2.1. Lf 기관별 구성내역(평잔),Group1,계정항목,A205000,생명보험회사 2),Q,1991Q1,2022Q4,128
471,111Y006,1.1.4.2.1. Lf 기관별 구성내역(평잔),Group1,계정항목,A600000,기타 3),A,1991,2022,32
472,111Y006,1.1.4.2.1. Lf 기관별 구성내역(평잔),Group1,계정항목,A600000,기타 3),M,199101,202212,384
473,111Y006,1.1.4.2.1. Lf 기관별 구성내역(평잔),Group1,계정항목,A600000,기타 3),Q,1991Q1,2022Q4,128
474,111Y005,1.1.4.2.2. Lf 기관별 구성내역(말잔),Group1,계정항목,A000000,Lf(금융기관유동성) : 기관별(말잔),A,1971,2022,52
475,111Y005,1.1.4.2.2. Lf 기관별 구성내역(말잔),Group1,계정항목,A000000,Lf(금융기관유동성) : 기관별(말잔),M,198001,202212,516
476,111Y005,1.1.4.2.2. Lf 기관별 구성내역(말잔),Group1,계정항목,A000000,Lf(금융기관유동성) : 기관별(말잔),Q,1980Q1,2022Q4,172
477,111Y005,1.1.4.2.2. Lf 기관별 구성내역(말잔),Group1,계정항목,A110000,중앙은행,A,1991,2022,32
478,111Y005,1.1.4.2.2. Lf 기관별 구성내역(말잔),Group1,계정항목,A110000,중앙은행,M,199101,202212,384
479,111Y005,1.1.4.2.2. Lf 기관별 구성내역(말잔),Group1,계정항목,A110000,중앙은행,Q,1991Q1,2022Q4,128
480,111Y005,1.1.4.2.2. Lf 기관별 구성내역(말잔),Group1,계정항목,A120100,예금은행,A,1991,2022,32
481,111Y005,1.1.4.2.2. Lf 기관별 구성내역(말잔),Group1,계정항목,A120100,예금은행,M,199101,202212,384
482,111Y005,1.1.4.2.2. Lf 기관별 구성내역(말잔),Group1,계정항목,A120100,예금은행,Q,1991Q1,2022Q4,128
483,111Y005,1.1.4.2.2. Lf 기관별 구성내역(말잔),Group1,계정항목,A120300,종합금융회사 1),A,1991,2022,32
484,111Y005,1.1.4.2.2. Lf 기관별 구성내역(말잔),Group1,계정항목,A120300,종합금융회사 1),M,199101,202212,384
485,111Y005,1.1.4.2.2. Lf 기관별 구성내역(말잔),Group1,계정항목,A120300,종합금융회사 1),Q,1991Q1,2022Q4,128
486,111Y005,1.1.4.2.2. Lf 기관별 구성내역(말잔),Group1,계정항목,A120400,자산운용회사,A,1991,2022,32
487,111Y005,1.1.4.2.2. Lf 기관별 구성내역(말잔),Group1,계정항목,A120400,자산운용회사,M,199101,202212,384
488,111Y005,1.1.4.2.2. Lf 기관별 구성내역(말잔),Group1,계정항목,A120400,자산운용회사,Q,1991Q1,2022Q4,128
489,111Y005,1.1.4.2.2. Lf 기관별 구성내역(말잔),Group1,계정항목,A120500,신탁회사,A,1991,2022,32
490,111Y005,1.1.4.2.2. Lf 기관별 구성내역(말잔),Group1,계정항목,A120500,신탁회사,M,199101,202212,384
491,111Y005,1.1.4.2.2. Lf 기관별 구성내역(말잔),Group1,계정항목,A120500,신탁회사,Q,1991Q1,2022Q4,128
492,111Y005,1.1.4.2.2. Lf 기관별 구성내역(말잔),Group1,계정항목,A120600,상호저축은행,A,1991,2022,32
493,111Y005,1.1.4.2.2. Lf 기관별 구성내역(말잔),Group1,계정항목,A120600,상호저축은행,M,199101,202212,384
494,111Y005,1.1.4.2.2. Lf 기관별 구성내역(말잔),Group1,계정항목,A120600,상호저축은행,Q,1991Q1,2022Q4,128
495,111Y005,1.1.4.2.2. Lf 기관별 구성내역(말잔),Group1,계정항목,A120700,신용협동조합,A,1991,2022,32
496,111Y005,1.1.4.2.2. Lf 기관별 구성내역(말잔),Group1,계정항목,A120700,신용협동조합,M,199101,202212,384
497,111Y005,1.1.4.2.2. Lf 기관별 구성내역(말잔),Group1,계정항목,A120700,신용협동조합,Q,1991Q1,2022Q4,128
498,111Y005,1.1.4.2.2. Lf 기관별 구성내역(말잔),Group1,계정항목,A120800,상호금융,A,1991,2022,32
499,111Y005,1.1.4.2.2. Lf 기관별 구성내역(말잔),Group1,계정항목,A120800,상호금융,M,199101,202212,384
500,111Y005,1.1.4.2.2. Lf 기관별 구성내역(말잔),Group1,계정항목,A120800,상호금융,Q,1991Q1,2022Q4,128
501,111Y005,1.1.4.2.2. Lf 기관별 구성내역(말잔),Group1,계정항목,A121000,새마을금고,A,1991,2022,32
502,111Y005,1.1.4.2.2. Lf 기관별 구성내역(말잔),Group1,계정항목,A121000,새마을금고,M,199101,202212,384
503,111Y005,1.1.4.2.2. Lf 기관별 구성내역(말잔),Group1,계정항목,A121000,새마을금고,Q,1991Q1,2022Q4,128
504,111Y005,1.1.4.2.2. Lf 기관별 구성내역(말잔),Group1,계정항목,A121100,우체국예금,A,1991,2022,32
505,111Y005,1.1.4.2.2. Lf 기관별 구성내역(말잔),Group1,계정항목,A121100,우체국예금,M,199101,202212,384
506,111Y005,1.1.4.2.2. Lf 기관별 구성내역(말잔),Group1,계정항목,A121100,우체국예금,Q,1991Q1,2022Q4,128
507,111Y005,1.1.4.2.2. Lf 기관별 구성내역(말잔),Group1,계정항목,A205000,생명보험회사 2),A,1991,2022,32
508,111Y005,1.1.4.2.2. Lf 기관별 구성내역(말잔),Group1,계정항목,A205000,생명보험회사 2),M,199101,202212,384
509,111Y005,1.1.4.2.2. Lf 기관별 구성내역(말잔),Group1,계정항목,A205000,생명보험회사 2),Q,1991Q1,2022Q4,128
510,111Y005,1.1.4.2.2. Lf 기관별 구성내역(말잔),Group1,계정항목,A600000,기타 3),A,1991,2022,32
511,111Y005,1.1.4.2.2. Lf 기관별 구성내역(말잔),Group1,계정항목,A600000,기타 3),M,199101,202212,384
512,111Y005,1.1.4.2.2. Lf 기관별 구성내역(말잔),Group1,계정항목,A600000,기타 3),Q,1991Q1,2022Q4,128
513,112Y001,"1.1.5.1. L(광의유동성) 구성내역(말잔, 계절조정계열)",Group1,계정항목,XS00000,L(광의 유동성),A,2001,2022,22
514,112Y001,"1.1.5.1. L(광의유동성) 구성내역(말잔, 계절조정계열)",Group1,계정항목,XS00000,L(광의 유동성),M,200112,202212,253
515,112Y001,"1.1.5.1. L(광의유동성) 구성내역(말잔, 계절조정계열)",Group1,계정항목,XS00000,L(광의 유동성),Q,2013Q2,2021Q4,5
516,112Y001,"1.1.5.1. L(광의유동성) 구성내역(말잔, 계절조정계열)",Group1,계정항목,XS01000,Lf(금융기관 유동성),A,2001,2022,22
517,112Y001,"1.1.5.1. L(광의유동성) 구성내역(말잔, 계절조정계열)",Group1,계정항목,XS01000,Lf(금융기관 유동성),M,200112,202212,253
518,112Y001,"1.1.5.1. L(광의유동성) 구성내역(말잔, 계절조정계열)",Group1,계정항목,XS01000,Lf(금융기관 유동성),Q,2014Q1,2021Q4,2
519,112Y001,"1.1.5.1. L(광의유동성) 구성내역(말잔, 계절조정계열)",Group1,계정항목,XS02000,기타금융기관상품 1),A,2001,2022,22
520,112Y001,"1.1.5.1. L(광의유동성) 구성내역(말잔, 계절조정계열)",Group1,계정항목,XS02000,기타금융기관상품 1),M,200112,202212,253
521,112Y001,"1.1.5.1. L(광의유동성) 구성내역(말잔, 계절조정계열)",Group1,계정항목,XS02000,기타금융기관상품 1),Q,2014Q1,2021Q4,2
522,112Y001,"1.1.5.1. L(광의유동성) 구성내역(말잔, 계절조정계열)",Group1,계정항목,XS03000,"국채, 지방채",A,2001,2022,22
523,112Y001,"1.1.5.1. L(광의유동성) 구성내역(말잔, 계절조정계열)",Group1,계정항목,XS03000,"국채, 지방채",M,200112,202212,253
524,112Y001,"1.1.5.1. L(광의유동성) 구성내역(말잔, 계절조정계열)",Group1,계정항목,XS03000,"국채, 지방채",Q,2014Q1,2021Q4,2
525,112Y001,"1.1.5.1. L(광의유동성) 구성내역(말잔, 계절조정계열)",Group1,계정항목,XS04000,"회사채, 기업어음 2)",A,2001,2022,22
526,112Y001,"1.1.5.1. L(광의유동성) 구성내역(말잔, 계절조정계열)",Group1,계정항목,XS04000,"회사채, 기업어음 2)",M,200112,202212,253
527,112Y001,"1.1.5.1. L(광의유동성) 구성내역(말잔, 계절조정계열)",Group1,계정항목,XS04000,"회사채, 기업어음 2)",Q,2013Q2,2021Q4,5
528,112Y002,"1.1.5.2. L(광의유동성) 구성내역(말잔, 원계열)",Group1,계정항목,X000000,L (광의 유동성),A,1995,2022,28
529,112Y002,"1.1.5.2. L(광의유동성) 구성내역(말잔, 원계열)",Group1,계정항목,X000000,L (광의 유동성),M,199501,202212,336
530,112Y002,"1.1.5.2. L(광의유동성) 구성내역(말잔, 원계열)",Group1,계정항목,X000000,L (광의 유동성),Q,1995Q1,2022Q4,112
531,112Y002,"1.1.5.2. L(광의유동성) 구성내역(말잔, 원계열)",Group1,계정항목,X005000,Lf(금융기관 유동성),A,1995,2022,28
532,112Y002,"1.1.5.2. L(광의유동성) 구성내역(말잔, 원계열)",Group1,계정항목,X005000,Lf(금융기관 유동성),M,199501,202212,336
533,112Y002,"1.1.5.2. L(광의유동성) 구성내역(말잔, 원계열)",Group1,계정항목,X005000,Lf(금융기관 유동성),Q,1995Q1,2022Q4,112
534,112Y002,"1.1.5.2. L(광의유동성) 구성내역(말잔, 원계열)",Group1,계정항목,X010000,손해보험사 장기저축성 보험계약준비금,A,1995,2022,28
535,112Y002,"1.1.5.2. L(광의유동성) 구성내역(말잔, 원계열)",Group1,계정항목,X010000,손해보험사 장기저축성 보험계약준비금,M,199501,202212,336
536,112Y002,"1.1.5.2. L(광의유동성) 구성내역(말잔, 원계열)",Group1,계정항목,X010000,손해보험사 장기저축성 보험계약준비금,Q,1995Q1,2022Q4,112
537,112Y002,"1.1.5.2. L(광의유동성) 구성내역(말잔, 원계열)",Group1,계정항목,X030000,예금보험공사채 및 자산관리공사채,A,1995,2022,28
538,112Y002,"1.1.5.2. L(광의유동성) 구성내역(말잔, 원계열)",Group1,계정항목,X030000,예금보험공사채 및 자산관리공사채,M,199501,202212,336
539,112Y002,"1.1.5.2. L(광의유동성) 구성내역(말잔, 원계열)",Group1,계정항목,X030000,예금보험공사채 및 자산관리공사채,Q,1995Q1,2022Q4,112
540,112Y002,"1.1.5.2. L(광의유동성) 구성내역(말잔, 원계열)",Group1,계정항목,X040000,여신전문기관 발행채권 1),A,1995,2022,28
541,112Y002,"1.1.5.2. L(광의유동성) 구성내역(말잔, 원계열)",Group1,계정항목,X040000,여신전문기관 발행채권 1),M,199501,202212,336
542,112Y002,"1.1.5.2. L(광의유동성) 구성내역(말잔, 원계열)",Group1,계정항목,X040000,여신전문기관 발행채권 1),Q,1995Q1,2022Q4,112
543,112Y002,"1.1.5.2. L(광의유동성) 구성내역(말잔, 원계열)",Group1,계정항목,X050000,자산유동화채권 2),A,1995,2022,28
544,112Y002,"1.1.5.2. L(광의유동성) 구성내역(말잔, 원계열)",Group1,계정항목,X050000,자산유동화채권 2),M,199501,202212,336
545,112Y002,"1.1.5.2. L(광의유동성) 구성내역(말잔, 원계열)",Group1,계정항목,X050000,자산유동화채권 2),Q,1995Q1,2022Q4,112
546,112Y002,"1.1.5.2. L(광의유동성) 구성내역(말잔, 원계열)",Group1,계정항목,X060000,국채 및 지방채,A,1995,2022,28
547,112Y002,"1.1.5.2. L(광의유동성) 구성내역(말잔, 원계열)",Group1,계정항목,X060000,국채 및 지방채,M,199501,202212,336
548,112Y002,"1.1.5.2. L(광의유동성) 구성내역(말잔, 원계열)",Group1,계정항목,X060000,국채 및 지방채,Q,1995Q1,2022Q4,112
549,112Y002,"1.1.5.2. L(광의유동성) 구성내역(말잔, 원계열)",Group1,계정항목,X080000,기업어음 3),A,1995,2022,28
550,112Y002,"1.1.5.2. L(광의유동성) 구성내역(말잔, 원계열)",Group1,계정항목,X080000,기업어음 3),M,199501,202212,336
551,112Y002,"1.1.5.2. L(광의유동성) 구성내역(말잔, 원계열)",Group1,계정항목,X080000,기업어음 3),Q,1995Q1,2022Q4,112
552,112Y002,"1.1.5.2. L(광의유동성) 구성내역(말잔, 원계열)",Group1,계정항목,X090000,회사채,A,1995,2022,28
553,112Y002,"1.1.5.2. L(광의유동성) 구성내역(말잔, 원계열)",Group1,계정항목,X090000,회사채,M,199501,202212,336
554,112Y002,"1.1.5.2. L(광의유동성) 구성내역(말잔, 원계열)",Group1,계정항목,X090000,회사채,Q,1995Q1,2022Q4,112
555,112Y002,"1.1.5.2. L(광의유동성) 구성내역(말잔, 원계열)",Group1,계정항목,X100000,기타 4),A,1995,2022,28
556,112Y002,"1.1.5.2. L(광의유동성) 구성내역(말잔, 원계열)",Group1,계정항목,X100000,기타 4),M,199501,202212,336
557,112Y002,"1.1.5.2. L(광의유동성) 구성내역(말잔, 원계열)",Group1,계정항목,X100000,기타 4),Q,1995Q1,2022Q4,112
558,101Y009,1.1.6.1. 예금취급기관 개관표(말잔),Group1,계정항목,BBAAAA,국내신용부문,A,2001,2022,22
559,101Y009,1.1.6.1. 예금취급기관 개관표(말잔),Group1,계정항목,BBAAAA,국내신용부문,M,200112,202212,253
560,101Y009,1.1.6.1. 예금취급기관 개관표(말잔),Group1,계정항목,BBAAAA,국내신용부문,Q,2001Q4,2022Q4,85
561,101Y009,1.1.6.1. 예금취급기관 개관표(말잔),Group1,계정항목,BBAAAA1,중앙정부부문 ( 순 ),A,2001,2022,22
562,101Y009,1.1.6.1. 예금취급기관 개관표(말잔),Group1,계정항목,BBAAAA1,중앙정부부문 ( 순 ),M,200112,202212,253
563,101Y009,1.1.6.1. 예금취급기관 개관표(말잔),Group1,계정항목,BBAAAA1,중앙정부부문 ( 순 ),Q,2001Q4,2022Q4,85
564,101Y009,1.1.6.1. 예금취급기관 개관표(말잔),Group1,계정항목,BBAAAA101,중앙정부신용증가 (+),A,2001,2022,22
565,101Y009,1.1.6.1. 예금취급기관 개관표(말잔),Group1,계정항목,BBAAAA101,중앙정부신용증가 (+),M,200112,202212,253
566,101Y009,1.1.6.1. 예금취급기관 개관표(말잔),Group1,계정항목,BBAAAA101,중앙정부신용증가 (+),Q,2001Q4,2022Q4,85
567,101Y009,1.1.6.1. 예금취급기관 개관표(말잔),Group1,계정항목,BBAAAA1011,유가증권,A,2001,2022,22
568,101Y009,1.1.6.1. 예금취급기관 개관표(말잔),Group1,계정항목,BBAAAA1011,유가증권,M,200112,202212,253
569,101Y009,1.1.6.1. 예금취급기관 개관표(말잔),Group1,계정항목,BBAAAA1011,유가증권,Q,2001Q4,2022Q4,85
570,101Y009,1.1.6.1. 예금취급기관 개관표(말잔),Group1,계정항목,BBAAAA1012,예치금,A,2001,2022,22
571,101Y009,1.1.6.1. 예금취급기관 개관표(말잔),Group1,계정항목,BBAAAA1012,예치금,M,200112,202212,253
572,101Y009,1.1.6.1. 예금취급기관 개관표(말잔),Group1,계정항목,BBAAAA1012,예치금,Q,2001Q4,2022Q4,85
573,101Y009,1.1.6.1. 예금취급기관 개관표(말잔),Group1,계정항목,BBAAAA1014,대출금,A,2001,2022,22
574,101Y009,1.1.6.1. 예금취급기관 개관표(말잔),Group1,계정항목,BBAAAA1014,대출금,M,200112,202212,253
575,101Y009,1.1.6.1. 예금취급기관 개관표(말잔),Group1,계정항목,BBAAAA1014,대출금,Q,2001Q4,2022Q4,85
576,101Y009,1.1.6.1. 예금취급기관 개관표(말잔),Group1,계정항목,BBAAAA1016,기타,A,2001,2022,22
577,101Y009,1.1.6.1. 예금취급기관 개관표(말잔),Group1,계정항목,BBAAAA1016,기타,M,200112,202212,253
578,101Y009,1.1.6.1. 예금취급기관 개관표(말잔),Group1,계정항목,BBAAAA1016,기타,Q,2001Q4,2022Q4,85
579,101Y009,1.1.6.1. 예금취급기관 개관표(말잔),Group1,계정항목,BBAAAA102,중앙정부신용감소 (-),A,2001,2022,22
580,101Y009,1.1.6.1. 예금취급기관 개관표(말잔),Group1,계정항목,BBAAAA102,중앙정부신용감소 (-),M,200112,202212,253
581,101Y009,1.1.6.1. 예금취급기관 개관표(말잔),Group1,계정항목,BBAAAA102,중앙정부신용감소 (-),Q,2001Q4,2022Q4,85
582,101Y009,1.1.6.1. 예금취급기관 개관표(말잔),Group1,계정항목,BBAAAA1021,예수금,A,2001,2022,22
583,101Y009,1.1.6.1. 예금취급기관 개관표(말잔),Group1,계정항목,BBAAAA1021,예수금,M,200112,202212,253
584,101Y009,1.1.6.1. 예금취급기관 개관표(말잔),Group1,계정항목,BBAAAA1021,예수금,Q,2001Q4,2022Q4,85
585,101Y009,1.1.6.1. 예금취급기관 개관표(말잔),Group1,계정항목,BBAAAA1022,차입금,A,2001,2022,22
586,101Y009,1.1.6.1. 예금취급기관 개관표(말잔),Group1,계정항목,BBAAAA1022,차입금,M,200112,202212,253
587,101Y009,1.1.6.1. 예금취급기관 개관표(말잔),Group1,계정항목,BBAAAA1022,차입금,Q,2001Q4,2022Q4,85
588,101Y009,1.1.6.1. 예금취급기관 개관표(말잔),Group1,계정항목,BBAAAA1024,기타,A,2001,2022,22
589,101Y009,1.1.6.1. 예금취급기관 개관표(말잔),Group1,계정항목,BBAAAA1024,기타,M,200112,202212,253
590,101Y009,1.1.6.1. 예금취급기관 개관표(말잔),Group1,계정항목,BBAAAA1024,기타,Q,2001Q4,2022Q4,85
591,101Y009,1.1.6.1. 예금취급기관 개관표(말잔),Group1,계정항목,BBAAAA2,지방정부부문,A,2001,2022,22
592,101Y009,1.1.6.1. 예금취급기관 개관표(말잔),Group1,계정항목,BBAAAA2,지방정부부문,M,200112,202212,253
593,101Y009,1.1.6.1. 예금취급기관 개관표(말잔),Group1,계정항목,BBAAAA2,지방정부부문,Q,2001Q4,2022Q4,85
594,101Y009,1.1.6.1. 예금취급기관 개관표(말잔),Group1,계정항목,BBAAAA201,유가증권,A,2001,2022,22
595,101Y009,1.1.6.1. 예금취급기관 개관표(말잔),Group1,계정항목,BBAAAA201,유가증권,M,200112,202212,253
596,101Y009,1.1.6.1. 예금취급기관 개관표(말잔),Group1,계정항목,BBAAAA201,유가증권,Q,2001Q4,2022Q4,85
597,101Y009,1.1.6.1. 예금취급기관 개관표(말잔),Group1,계정항목,BBAAAA202,대출금,A,2001,2022,22
598,101Y009,1.1.6.1. 예금취급기관 개관표(말잔),Group1,계정항목,BBAAAA202,대출금,M,200112,202212,253
599,101Y009,1.1.6.1. 예금취급기관 개관표(말잔),Group1,계정항목,BBAAAA202,대출금,Q,2001Q4,2022Q4,85
600,101Y009,1.1.6.1. 예금취급기관 개관표(말잔),Group1,계정항목,BBAAAA204,기타,A,2001,2022,22
601,101Y009,1.1.6.1. 예금취급기관 개관표(말잔),Group1,계정항목,BBAAAA204,기타,M,200112,202212,253
602,101Y009,1.1.6.1. 예금취급기관 개관표(말잔),Group1,계정항목,BBAAAA204,기타,Q,2001Q4,2022Q4,85
603,101Y009,1.1.6.1. 예금취급기관 개관표(말잔),Group1,계정항목,BBAAAA3,사회보장기구부문,A,2001,2022,22
604,101Y009,1.1.6.1. 예금취급기관 개관표(말잔),Group1,계정항목,BBAAAA3,사회보장기구부문,M,200112,202212,253
605,101Y009,1.1.6.1. 예금취급기관 개관표(말잔),Group1,계정항목,BBAAAA3,사회보장기구부문,Q,2001Q4,2022Q4,85
606,101Y009,1.1.6.1. 예금취급기관 개관표(말잔),Group1,계정항목,BBAAAA301,대출금,A,2001,2022,22
607,101Y009,1.1.6.1. 예금취급기관 개관표(말잔),Group1,계정항목,BBAAAA301,대출금,M,200112,202212,253
608,101Y009,1.1.6.1. 예금취급기관 개관표(말잔),Group1,계정항목,BBAAAA301,대출금,Q,2001Q4,2022Q4,85
609,101Y009,1.1.6.1. 예금취급기관 개관표(말잔),Group1,계정항목,BBAAAA303,기타,A,2001,2022,22
610,101Y009,1.1.6.1. 예금취급기관 개관표(말잔),Group1,계정항목,BBAAAA303,기타,M,200112,202212,253
611,101Y009,1.1.6.1. 예금취급기관 개관표(말잔),Group1,계정항목,BBAAAA303,기타,Q,2001Q4,2022Q4,85
612,101Y009,1.1.6.1. 예금취급기관 개관표(말잔),Group1,계정항목,BBAAAA4,기업부문,A,2001,2022,22
613,101Y009,1.1.6.1. 예금취급기관 개관표(말잔),Group1,계정항목,BBAAAA4,기업부문,M,200112,202212,253
614,101Y009,1.1.6.1. 예금취급기관 개관표(말잔),Group1,계정항목,BBAAAA4,기업부문,Q,2001Q4,2022Q4,85
615,101Y009,1.1.6.1. 예금취급기관 개관표(말잔),Group1,계정항목,BBAAAA401,대출금,A,2001,2022,22
616,101Y009,1.1.6.1. 예금취급기관 개관표(말잔),Group1,계정항목,BBAAAA401,대출금,M,200112,202212,253
617,101Y009,1.1.6.1. 예금취급기관 개관표(말잔),Group1,계정항목,BBAAAA401,대출금,Q,2001Q4,2022Q4,85
618,101Y009,1.1.6.1. 예금취급기관 개관표(말잔),Group1,계정항목,BBAAAA402,유가증권,A,2001,2022,22
619,101Y009,1.1.6.1. 예금취급기관 개관표(말잔),Group1,계정항목,BBAAAA402,유가증권,M,200112,202212,253
620,101Y009,1.1.6.1. 예금취급기관 개관표(말잔),Group1,계정항목,BBAAAA402,유가증권,Q,2001Q4,2022Q4,85
621,101Y009,1.1.6.1. 예금취급기관 개관표(말잔),Group1,계정항목,BBAAAA403,주식 및 기타지분,A,2001,2022,22
622,101Y009,1.1.6.1. 예금취급기관 개관표(말잔),Group1,계정항목,BBAAAA403,주식 및 기타지분,M,200112,202212,253
623,101Y009,1.1.6.1. 예금취급기관 개관표(말잔),Group1,계정항목,BBAAAA403,주식 및 기타지분,Q,2001Q4,2022Q4,85
624,101Y009,1.1.6.1. 예금취급기관 개관표(말잔),Group1,계정항목,BBAAAA404,파생상품자산,A,2001,2022,22
625,101Y009,1.1.6.1. 예금취급기관 개관표(말잔),Group1,계정항목,BBAAAA404,파생상품자산,M,200112,202212,253
626,101Y009,1.1.6.1. 예금취급기관 개관표(말잔),Group1,계정항목,BBAAAA404,파생상품자산,Q,2001Q4,2022Q4,85
627,101Y009,1.1.6.1. 예금취급기관 개관표(말잔),Group1,계정항목,BBAAAA405,기타,A,2001,2022,22
628,101Y009,1.1.6.1. 예금취급기관 개관표(말잔),Group1,계정항목,BBAAAA405,기타,M,200112,202212,253
629,101Y009,1.1.6.1. 예금취급기관 개관표(말잔),Group1,계정항목,BBAAAA405,기타,Q,2001Q4,2022Q4,85
630,101Y009,1.1.6.1. 예금취급기관 개관표(말잔),Group1,계정항목,BBAAAA5,가계부문,A,2001,2022,22
631,101Y009,1.1.6.1. 예금취급기관 개관표(말잔),Group1,계정항목,BBAAAA5,가계부문,M,200112,202212,253
632,101Y009,1.1.6.1. 예금취급기관 개관표(말잔),Group1,계정항목,BBAAAA5,가계부문,Q,2001Q4,2022Q4,85
633,101Y009,1.1.6.1. 예금취급기관 개관표(말잔),Group1,계정항목,BBAAAA501,대출금,A,2001,2022,22
634,101Y009,1.1.6.1. 예금취급기관 개관표(말잔),Group1,계정항목,BBAAAA501,대출금,M,200112,202212,253
635,101Y009,1.1.6.1. 예금취급기관 개관표(말잔),Group1,계정항목,BBAAAA501,대출금,Q,2001Q4,2022Q4,85
636,101Y009,1.1.6.1. 예금취급기관 개관표(말잔),Group1,계정항목,BBAAAA503,기타,A,2001,2022,22
637,101Y009,1.1.6.1. 예금취급기관 개관표(말잔),Group1,계정항목,BBAAAA503,기타,M,200112,202212,253
638,101Y009,1.1.6.1. 예금취급기관 개관표(말잔),Group1,계정항목,BBAAAA503,기타,Q,2001Q4,2022Q4,85
639,101Y009,1.1.6.1. 예금취급기관 개관표(말잔),Group1,계정항목,BBAAAA6,기타금융기관부문,A,2001,2022,22
640,101Y009,1.1.6.1. 예금취급기관 개관표(말잔),Group1,계정항목,BBAAAA6,기타금융기관부문,M,200112,202212,253
641,101Y009,1.1.6.1. 예금취급기관 개관표(말잔),Group1,계정항목,BBAAAA6,기타금융기관부문,Q,2001Q4,2022Q4,85
642,101Y009,1.1.6.1. 예금취급기관 개관표(말잔),Group1,계정항목,BBAAAA601,대출금,A,2001,2022,22
643,101Y009,1.1.6.1. 예금취급기관 개관표(말잔),Group1,계정항목,BBAAAA601,대출금,M,200112,202212,253
644,101Y009,1.1.6.1. 예금취급기관 개관표(말잔),Group1,계정항목,BBAAAA601,대출금,Q,2001Q4,2022Q4,85
645,101Y009,1.1.6.1. 예금취급기관 개관표(말잔),Group1,계정항목,BBAAAA602,유가증권,A,2001,2022,22
646,101Y009,1.1.6.1. 예금취급기관 개관표(말잔),Group1,계정항목,BBAAAA602,유가증권,M,200112,202212,253
647,101Y009,1.1.6.1. 예금취급기관 개관표(말잔),Group1,계정항목,BBAAAA602,유가증권,Q,2001Q4,2022Q4,85
648,101Y009,1.1.6.1. 예금취급기관 개관표(말잔),Group1,계정항목,BBAAAA603,예치금,A,2001,2022,22
649,101Y009,1.1.6.1. 예금취급기관 개관표(말잔),Group1,계정항목,BBAAAA603,예치금,M,200112,202212,253
650,101Y009,1.1.6.1. 예금취급기관 개관표(말잔),Group1,계정항목,BBAAAA603,예치금,Q,2001Q4,2022Q4,85
651,101Y009,1.1.6.1. 예금취급기관 개관표(말잔),Group1,계정항목,BBAAAA604,주식 및 기타지분,A,2001,2022,22
652,101Y009,1.1.6.1. 예금취급기관 개관표(말잔),Group1,계정항목,BBAAAA604,주식 및 기타지분,M,200112,202212,253
653,101Y009,1.1.6.1. 예금취급기관 개관표(말잔),Group1,계정항목,BBAAAA604,주식 및 기타지분,Q,2001Q4,2022Q4,85
654,101Y009,1.1.6.1. 예금취급기관 개관표(말잔),Group1,계정항목,BBAAAA605,보험준비금,A,2001,2022,22
655,101Y009,1.1.6.1. 예금취급기관 개관표(말잔),Group1,계정항목,BBAAAA605,보험준비금,M,200112,202212,253
656,101Y009,1.1.6.1. 예금취급기관 개관표(말잔),Group1,계정항목,BBAAAA605,보험준비금,Q,2001Q4,2022Q4,85
657,101Y009,1.1.6.1. 예금취급기관 개관표(말잔),Group1,계정항목,BBAAAA606,파생상품자산,A,2001,2022,22
658,101Y010,1.1.6.2. 중앙은행 개관표(말잔),Group1,계정항목,BBABAA,국내신용부문,A,2001,2022,22
659,101Y010,1.1.6.2. 중앙은행 개관표(말잔),Group1,계정항목,BBABAA,국내신용부문,M,200112,202212,253
660,101Y010,1.1.6.2. 중앙은행 개관표(말잔),Group1,계정항목,BBABAA,국내신용부문,Q,2001Q4,2022Q4,85
661,101Y010,1.1.6.2. 중앙은행 개관표(말잔),Group1,계정항목,BBABAA1,중앙정부부문 ( 순 ),A,2001,2022,22
662,101Y010,1.1.6.2. 중앙은행 개관표(말잔),Group1,계정항목,BBABAA1,중앙정부부문 ( 순 ),M,200112,202212,253
663,101Y010,1.1.6.2. 중앙은행 개관표(말잔),Group1,계정항목,BBABAA1,중앙정부부문 ( 순 ),Q,2001Q4,2022Q4,85
664,101Y010,1.1.6.2. 중앙은행 개관표(말잔),Group1,계정항목,BBABAA101,중앙정부신용증가 (+),A,2001,2022,22
665,101Y010,1.1.6.2. 중앙은행 개관표(말잔),Group1,계정항목,BBABAA101,중앙정부신용증가 (+),M,200112,202212,253
666,101Y010,1.1.6.2. 중앙은행 개관표(말잔),Group1,계정항목,BBABAA101,중앙정부신용증가 (+),Q,2001Q4,2022Q4,85
667,101Y010,1.1.6.2. 중앙은행 개관표(말잔),Group1,계정항목,BBABAA1011,유가증권,A,2001,2022,22
668,101Y010,1.1.6.2. 중앙은행 개관표(말잔),Group1,계정항목,BBABAA1011,유가증권,M,200112,202212,253
669,101Y010,1.1.6.2. 중앙은행 개관표(말잔),Group1,계정항목,BBABAA1011,유가증권,Q,2001Q4,2022Q4,85
670,101Y010,1.1.6.2. 중앙은행 개관표(말잔),Group1,계정항목,BBABAA1014,대출금,A,2001,2022,22
671,101Y010,1.1.6.2. 중앙은행 개관표(말잔),Group1,계정항목,BBABAA1014,대출금,M,200112,202212,253
672,101Y010,1.1.6.2. 중앙은행 개관표(말잔),Group1,계정항목,BBABAA1014,대출금,Q,2001Q4,2022Q4,85
673,101Y010,1.1.6.2. 중앙은행 개관표(말잔),Group1,계정항목,BBABAA1016,기타,A,2001,2022,22
674,101Y010,1.1.6.2. 중앙은행 개관표(말잔),Group1,계정항목,BBABAA1016,기타,M,200112,202212,253
675,101Y010,1.1.6.2. 중앙은행 개관표(말잔),Group1,계정항목,BBABAA1016,기타,Q,2001Q4,2022Q4,85
676,101Y010,1.1.6.2. 중앙은행 개관표(말잔),Group1,계정항목,BBABAA102,중앙정부신용감소 (-),A,2001,2022,22
677,101Y010,1.1.6.2. 중앙은행 개관표(말잔),Group1,계정항목,BBABAA102,중앙정부신용감소 (-),M,200112,202212,253
678,101Y010,1.1.6.2. 중앙은행 개관표(말잔),Group1,계정항목,BBABAA102,중앙정부신용감소 (-),Q,2001Q4,2022Q4,85
679,101Y010,1.1.6.2. 중앙은행 개관표(말잔),Group1,계정항목,BBABAA1021,예수금,A,2001,2022,22
680,101Y010,1.1.6.2. 중앙은행 개관표(말잔),Group1,계정항목,BBABAA1021,예수금,M,200112,202212,253
681,101Y010,1.1.6.2. 중앙은행 개관표(말잔),Group1,계정항목,BBABAA1021,예수금,Q,2001Q4,2022Q4,85
682,101Y010,1.1.6.2. 중앙은행 개관표(말잔),Group1,계정항목,BBABAA1022,차입금,A,2001,2022,22
683,101Y010,1.1.6.2. 중앙은행 개관표(말잔),Group1,계정항목,BBABAA1022,차입금,M,200112,202212,253
684,101Y010,1.1.6.2. 중앙은행 개관표(말잔),Group1,계정항목,BBABAA1022,차입금,Q,2001Q4,2022Q4,85
685,101Y010,1.1.6.2. 중앙은행 개관표(말잔),Group1,계정항목,BBABAA1024,기타,A,2001,2022,22
686,101Y010,1.1.6.2. 중앙은행 개관표(말잔),Group1,계정항목,BBABAA1024,기타,M,200112,202212,253
687,101Y010,1.1.6.2. 중앙은행 개관표(말잔),Group1,계정항목,BBABAA1024,기타,Q,2001Q4,2022Q4,85
688,101Y010,1.1.6.2. 중앙은행 개관표(말잔),Group1,계정항목,BBABAA2,지방정부부문,A,2001,2022,22
689,101Y010,1.1.6.2. 중앙은행 개관표(말잔),Group1,계정항목,BBABAA2,지방정부부문,M,200112,202212,253
690,101Y010,1.1.6.2. 중앙은행 개관표(말잔),Group1,계정항목,BBABAA2,지방정부부문,Q,2001Q4,2022Q4,85
691,101Y010,1.1.6.2. 중앙은행 개관표(말잔),Group1,계정항목,BBABAA201,유가증권,A,2001,2022,22
692,101Y010,1.1.6.2. 중앙은행 개관표(말잔),Group1,계정항목,BBABAA201,유가증권,M,200112,202212,253
693,101Y010,1.1.6.2. 중앙은행 개관표(말잔),Group1,계정항목,BBABAA201,유가증권,Q,2001Q4,2022Q4,85
694,101Y010,1.1.6.2. 중앙은행 개관표(말잔),Group1,계정항목,BBABAA202,대출금,A,2001,2022,22
695,101Y010,1.1.6.2. 중앙은행 개관표(말잔),Group1,계정항목,BBABAA202,대출금,M,200112,202212,253
696,101Y010,1.1.6.2. 중앙은행 개관표(말잔),Group1,계정항목,BBABAA202,대출금,Q,2001Q4,2022Q4,85
697,101Y010,1.1.6.2. 중앙은행 개관표(말잔),Group1,계정항목,BBABAA204,기타,A,2001,2022,22
698,101Y010,1.1.6.2. 중앙은행 개관표(말잔),Group1,계정항목,BBABAA204,기타,M,200112,202212,253
699,101Y010,1.1.6.2. 중앙은행 개관표(말잔),Group1,계정항목,BBABAA204,기타,Q,2001Q4,2022Q4,85
700,101Y010,1.1.6.2. 중앙은행 개관표(말잔),Group1,계정항목,BBABAA3,사회보장기구부문,A,2001,2022,22
701,101Y010,1.1.6.2. 중앙은행 개관표(말잔),Group1,계정항목,BBABAA3,사회보장기구부문,M,200112,202212,253
702,101Y010,1.1.6.2. 중앙은행 개관표(말잔),Group1,계정항목,BBABAA3,사회보장기구부문,Q,2001Q4,2022Q4,85
703,101Y010,1.1.6.2. 중앙은행 개관표(말잔),Group1,계정항목,BBABAA301,대출금,A,2001,2022,22
704,101Y010,1.1.6.2. 중앙은행 개관표(말잔),Group1,계정항목,BBABAA301,대출금,M,200112,202212,253
705,101Y010,1.1.6.2. 중앙은행 개관표(말잔),Group1,계정항목,BBABAA301,대출금,Q,2001Q4,2022Q4,85
706,101Y010,1.1.6.2. 중앙은행 개관표(말잔),Group1,계정항목,BBABAA303,기타,A,2001,2022,22
707,101Y010,1.1.6.2. 중앙은행 개관표(말잔),Group1,계정항목,BBABAA303,기타,M,200112,202212,253
708,101Y010,1.1.6.2. 중앙은행 개관표(말잔),Group1,계정항목,BBABAA303,기타,Q,2001Q4,2022Q4,85
709,101Y010,1.1.6.2. 중앙은행 개관표(말잔),Group1,계정항목,BBABAA4,기업부문,A,2001,2022,22
710,101Y010,1.1.6.2. 중앙은행 개관표(말잔),Group1,계정항목,BBABAA4,기업부문,M,200112,202212,253
711,101Y010,1.1.6.2. 중앙은행 개관표(말잔),Group1,계정항목,BBABAA4,기업부문,Q,2001Q4,2022Q4,85
712,101Y010,1.1.6.2. 중앙은행 개관표(말잔),Group1,계정항목,BBABAA401,대출금,A,2001,2022,22
713,101Y010,1.1.6.2. 중앙은행 개관표(말잔),Group1,계정항목,BBABAA401,대출금,M,200112,202212,253
714,101Y010,1.1.6.2. 중앙은행 개관표(말잔),Group1,계정항목,BBABAA401,대출금,Q,2001Q4,2022Q4,85
715,101Y010,1.1.6.2. 중앙은행 개관표(말잔),Group1,계정항목,BBABAA402,유가증권,A,2001,2022,22
716,101Y010,1.1.6.2. 중앙은행 개관표(말잔),Group1,계정항목,BBABAA402,유가증권,M,200112,202212,253
717,101Y010,1.1.6.2. 중앙은행 개관표(말잔),Group1,계정항목,BBABAA402,유가증권,Q,2001Q4,2022Q4,85
718,101Y010,1.1.6.2. 중앙은행 개관표(말잔),Group1,계정항목,BBABAA403,주식 및 기타지분,A,2001,2022,22
719,101Y010,1.1.6.2. 중앙은행 개관표(말잔),Group1,계정항목,BBABAA403,주식 및 기타지분,M,200112,202212,253
720,101Y010,1.1.6.2. 중앙은행 개관표(말잔),Group1,계정항목,BBABAA403,주식 및 기타지분,Q,2001Q4,2022Q4,85
721,101Y010,1.1.6.2. 중앙은행 개관표(말잔),Group1,계정항목,BBABAA404,파생상품자산,A,2001,2022,22
722,101Y010,1.1.6.2. 중앙은행 개관표(말잔),Group1,계정항목,BBABAA404,파생상품자산,M,200112,202212,253
723,101Y010,1.1.6.2. 중앙은행 개관표(말잔),Group1,계정항목,BBABAA404,파생상품자산,Q,2001Q4,2022Q4,85
724,101Y010,1.1.6.2. 중앙은행 개관표(말잔),Group1,계정항목,BBABAA405,기타,A,2001,2022,22
725,101Y010,1.1.6.2. 중앙은행 개관표(말잔),Group1,계정항목,BBABAA405,기타,M,200112,202212,253
726,101Y010,1.1.6.2. 중앙은행 개관표(말잔),Group1,계정항목,BBABAA405,기타,Q,2001Q4,2022Q4,85
727,101Y010,1.1.6.2. 중앙은행 개관표(말잔),Group1,계정항목,BBABAA5,가계부문,A,2001,2022,22
728,101Y010,1.1.6.2. 중앙은행 개관표(말잔),Group1,계정항목,BBABAA5,가계부문,M,200112,202212,253
729,101Y010,1.1.6.2. 중앙은행 개관표(말잔),Group1,계정항목,BBABAA5,가계부문,Q,2001Q4,2022Q4,85
730,101Y010,1.1.6.2. 중앙은행 개관표(말잔),Group1,계정항목,BBABAA501,대출금,A,2001,2022,22
731,101Y010,1.1.6.2. 중앙은행 개관표(말잔),Group1,계정항목,BBABAA501,대출금,M,200112,202212,253
732,101Y010,1.1.6.2. 중앙은행 개관표(말잔),Group1,계정항목,BBABAA501,대출금,Q,2001Q4,2022Q4,85
733,101Y010,1.1.6.2. 중앙은행 개관표(말잔),Group1,계정항목,BBABAA503,기타,A,2001,2022,22
734,101Y010,1.1.6.2. 중앙은행 개관표(말잔),Group1,계정항목,BBABAA503,기타,M,200112,202212,253
735,101Y010,1.1.6.2. 중앙은행 개관표(말잔),Group1,계정항목,BBABAA503,기타,Q,2001Q4,2022Q4,85
736,101Y010,1.1.6.2. 중앙은행 개관표(말잔),Group1,계정항목,BBABAA6,기타금융기관부문,A,2001,2022,22
737,101Y010,1.1.6.2. 중앙은행 개관표(말잔),Group1,계정항목,BBABAA6,기타금융기관부문,M,200112,202212,253
738,101Y010,1.1.6.2. 중앙은행 개관표(말잔),Group1,계정항목,BBABAA6,기타금융기관부문,Q,2001Q4,2022Q4,85
739,101Y010,1.1.6.2. 중앙은행 개관표(말잔),Group1,계정항목,BBABAA601,대출금,A,2001,2022,22
740,101Y010,1.1.6.2. 중앙은행 개관표(말잔),Group1,계정항목,BBABAA601,대출금,M,200112,202212,253
741,101Y010,1.1.6.2. 중앙은행 개관표(말잔),Group1,계정항목,BBABAA601,대출금,Q,2001Q4,2022Q4,85
742,101Y010,1.1.6.2. 중앙은행 개관표(말잔),Group1,계정항목,BBABAA602,유가증권,A,2001,2022,22
743,101Y010,1.1.6.2. 중앙은행 개관표(말잔),Group1,계정항목,BBABAA602,유가증권,M,200112,202212,253
744,101Y010,1.1.6.2. 중앙은행 개관표(말잔),Group1,계정항목,BBABAA602,유가증권,Q,2001Q4,2022Q4,85
745,101Y010,1.1.6.2. 중앙은행 개관표(말잔),Group1,계정항목,BBABAA603,예치금,A,2001,2022,22
746,101Y010,1.1.6.2. 중앙은행 개관표(말잔),Group1,계정항목,BBABAA603,예치금,M,200112,202212,253
747,101Y010,1.1.6.2. 중앙은행 개관표(말잔),Group1,계정항목,BBABAA603,예치금,Q,2001Q4,2022Q4,85
748,101Y010,1.1.6.2. 중앙은행 개관표(말잔),Group1,계정항목,BBABAA604,주식 및 기타지분,A,2001,2022,22
749,101Y010,1.1.6.2. 중앙은행 개관표(말잔),Group1,계정항목,BBABAA604,주식 및 기타지분,M,200112,202212,253
750,101Y010,1.1.6.2. 중앙은행 개관표(말잔),Group1,계정항목,BBABAA604,주식 및 기타지분,Q,2001Q4,2022Q4,85
751,101Y010,1.1.6.2. 중앙은행 개관표(말잔),Group1,계정항목,BBABAA605,보험준비금,A,2001,2022,22
752,101Y010,1.1.6.2. 중앙은행 개관표(말잔),Group1,계정항목,BBABAA605,보험준비금,M,200112,202212,253
753,101Y010,1.1.6.2. 중앙은행 개관표(말잔),Group1,계정항목,BBABAA605,보험준비금,Q,2001Q4,2022Q4,85
754,101Y010,1.1.6.2. 중앙은행 개관표(말잔),Group1,계정항목,BBABAA606,파생상품자산,A,2001,2022,22
755,101Y010,1.1.6.2. 중앙은행 개관표(말잔),Group1,계정항목,BBABAA606,파생상품자산,M,200112,202212,253
756,101Y010,1.1.6.2. 중앙은행 개관표(말잔),Group1,계정항목,BBABAA606,파생상품자산,Q,2001Q4,2022Q4,85
757,101Y010,1.1.6.2. 중앙은행 개관표(말잔),Group1,계정항목,BBABAA607,기타,A,2001,2022,22
758,101Y011,1.1.6.3. 기타예금취급기관 개관표(말잔),Group1,계정항목,BBACAA,국내신용부문,A,2001,2022,22
759,101Y011,1.1.6.3. 기타예금취급기관 개관표(말잔),Group1,계정항목,BBACAA,국내신용부문,M,200112,202212,253
760,101Y011,1.1.6.3. 기타예금취급기관 개관표(말잔),Group1,계정항목,BBACAA,국내신용부문,Q,2001Q4,2022Q4,85
761,101Y011,1.1.6.3. 기타예금취급기관 개관표(말잔),Group1,계정항목,BBACAA1,중앙정부부문 ( 순 ),A,2001,2022,22
762,101Y011,1.1.6.3. 기타예금취급기관 개관표(말잔),Group1,계정항목,BBACAA1,중앙정부부문 ( 순 ),M,200112,202212,253
763,101Y011,1.1.6.3. 기타예금취급기관 개관표(말잔),Group1,계정항목,BBACAA1,중앙정부부문 ( 순 ),Q,2001Q4,2022Q4,85
764,101Y011,1.1.6.3. 기타예금취급기관 개관표(말잔),Group1,계정항목,BBACAA101,중앙정부신용증가 (+),A,2001,2022,22
765,101Y011,1.1.6.3. 기타예금취급기관 개관표(말잔),Group1,계정항목,BBACAA101,중앙정부신용증가 (+),M,200112,202212,253
766,101Y011,1.1.6.3. 기타예금취급기관 개관표(말잔),Group1,계정항목,BBACAA101,중앙정부신용증가 (+),Q,2001Q4,2022Q4,85
767,101Y011,1.1.6.3. 기타예금취급기관 개관표(말잔),Group1,계정항목,BBACAA1011,유가증권,A,2001,2022,22
768,101Y011,1.1.6.3. 기타예금취급기관 개관표(말잔),Group1,계정항목,BBACAA1011,유가증권,M,200112,202212,253
769,101Y011,1.1.6.3. 기타예금취급기관 개관표(말잔),Group1,계정항목,BBACAA1011,유가증권,Q,2001Q4,2022Q4,85
770,101Y011,1.1.6.3. 기타예금취급기관 개관표(말잔),Group1,계정항목,BBACAA1012,예치금,A,2001,2022,22
771,101Y011,1.1.6.3. 기타예금취급기관 개관표(말잔),Group1,계정항목,BBACAA1012,예치금,M,200112,202212,253
772,101Y011,1.1.6.3. 기타예금취급기관 개관표(말잔),Group1,계정항목,BBACAA1012,예치금,Q,2001Q4,2022Q4,85
773,101Y011,1.1.6.3. 기타예금취급기관 개관표(말잔),Group1,계정항목,BBACAA1014,대출금,A,2001,2022,22
774,101Y011,1.1.6.3. 기타예금취급기관 개관표(말잔),Group1,계정항목,BBACAA1014,대출금,M,200112,202212,253
775,101Y011,1.1.6.3. 기타예금취급기관 개관표(말잔),Group1,계정항목,BBACAA1014,대출금,Q,2001Q4,2022Q4,85
776,101Y011,1.1.6.3. 기타예금취급기관 개관표(말잔),Group1,계정항목,BBACAA1016,기타,A,2001,2022,22
777,101Y011,1.1.6.3. 기타예금취급기관 개관표(말잔),Group1,계정항목,BBACAA1016,기타,M,200112,202212,253
778,101Y011,1.1.6.3. 기타예금취급기관 개관표(말잔),Group1,계정항목,BBACAA1016,기타,Q,2001Q4,2022Q4,85
779,101Y011,1.1.6.3. 기타예금취급기관 개관표(말잔),Group1,계정항목,BBACAA102,중앙정부신용감소 (-),A,2001,2022,22
780,101Y011,1.1.6.3. 기타예금취급기관 개관표(말잔),Group1,계정항목,BBACAA102,중앙정부신용감소 (-),M,200112,202212,253
781,101Y011,1.1.6.3. 기타예금취급기관 개관표(말잔),Group1,계정항목,BBACAA102,중앙정부신용감소 (-),Q,2001Q4,2022Q4,85
782,101Y011,1.1.6.3. 기타예금취급기관 개관표(말잔),Group1,계정항목,BBACAA1021,예수금,A,2001,2022,22
783,101Y011,1.1.6.3. 기타예금취급기관 개관표(말잔),Group1,계정항목,BBACAA1021,예수금,M,200112,202212,253
784,101Y011,1.1.6.3. 기타예금취급기관 개관표(말잔),Group1,계정항목,BBACAA1021,예수금,Q,2001Q4,2022Q4,85
785,101Y011,1.1.6.3. 기타예금취급기관 개관표(말잔),Group1,계정항목,BBACAA1022,차입금,A,2001,2022,22
786,101Y011,1.1.6.3. 기타예금취급기관 개관표(말잔),Group1,계정항목,BBACAA1022,차입금,M,200112,202212,253
787,101Y011,1.1.6.3. 기타예금취급기관 개관표(말잔),Group1,계정항목,BBACAA1022,차입금,Q,2001Q4,2022Q4,85
788,101Y011,1.1.6.3. 기타예금취급기관 개관표(말잔),Group1,계정항목,BBACAA1024,기타,A,2001,2022,22
789,101Y011,1.1.6.3. 기타예금취급기관 개관표(말잔),Group1,계정항목,BBACAA1024,기타,M,200112,202212,253
790,101Y011,1.1.6.3. 기타예금취급기관 개관표(말잔),Group1,계정항목,BBACAA1024,기타,Q,2001Q4,2022Q4,85
791,101Y011,1.1.6.3. 기타예금취급기관 개관표(말잔),Group1,계정항목,BBACAA2,지방정부부문,A,2001,2022,22
792,101Y011,1.1.6.3. 기타예금취급기관 개관표(말잔),Group1,계정항목,BBACAA2,지방정부부문,M,200112,202212,253
793,101Y011,1.1.6.3. 기타예금취급기관 개관표(말잔),Group1,계정항목,BBACAA2,지방정부부문,Q,2001Q4,2022Q4,85
794,101Y011,1.1.6.3. 기타예금취급기관 개관표(말잔),Group1,계정항목,BBACAA201,유가증권,A,2001,2022,22
795,101Y011,1.1.6.3. 기타예금취급기관 개관표(말잔),Group1,계정항목,BBACAA201,유가증권,M,200112,202212,253
796,101Y011,1.1.6.3. 기타예금취급기관 개관표(말잔),Group1,계정항목,BBACAA201,유가증권,Q,2001Q4,2022Q4,85
797,101Y011,1.1.6.3. 기타예금취급기관 개관표(말잔),Group1,계정항목,BBACAA202,대출금,A,2001,2022,22
798,101Y011,1.1.6.3. 기타예금취급기관 개관표(말잔),Group1,계정항목,BBACAA202,대출금,M,200112,202212,253
799,101Y011,1.1.6.3. 기타예금취급기관 개관표(말잔),Group1,계정항목,BBACAA202,대출금,Q,2001Q4,2022Q4,85
800,101Y011,1.1.6.3. 기타예금취급기관 개관표(말잔),Group1,계정항목,BBACAA204,기타,A,2001,2022,22
801,101Y011,1.1.6.3. 기타예금취급기관 개관표(말잔),Group1,계정항목,BBACAA204,기타,M,200112,202212,253
802,101Y011,1.1.6.3. 기타예금취급기관 개관표(말잔),Group1,계정항목,BBACAA204,기타,Q,2001Q4,2022Q4,85
803,101Y011,1.1.6.3. 기타예금취급기관 개관표(말잔),Group1,계정항목,BBACAA3,사회보장기구부문,A,2001,2022,22
804,101Y011,1.1.6.3. 기타예금취급기관 개관표(말잔),Group1,계정항목,BBACAA3,사회보장기구부문,M,200112,202212,253
805,101Y011,1.1.6.3. 기타예금취급기관 개관표(말잔),Group1,계정항목,BBACAA3,사회보장기구부문,Q,2001Q4,2022Q4,85
806,101Y011,1.1.6.3. 기타예금취급기관 개관표(말잔),Group1,계정항목,BBACAA301,대출금,A,2001,2022,22
807,101Y011,1.1.6.3. 기타예금취급기관 개관표(말잔),Group1,계정항목,BBACAA301,대출금,M,200112,202212,253
808,101Y011,1.1.6.3. 기타예금취급기관 개관표(말잔),Group1,계정항목,BBACAA301,대출금,Q,2001Q4,2022Q4,85
809,101Y011,1.1.6.3. 기타예금취급기관 개관표(말잔),Group1,계정항목,BBACAA303,기타,A,2001,2022,22
810,101Y011,1.1.6.3. 기타예금취급기관 개관표(말잔),Group1,계정항목,BBACAA303,기타,M,200112,202212,253
811,101Y011,1.1.6.3. 기타예금취급기관 개관표(말잔),Group1,계정항목,BBACAA303,기타,Q,2001Q4,2022Q4,85
812,101Y011,1.1.6.3. 기타예금취급기관 개관표(말잔),Group1,계정항목,BBACAA4,기업부문,A,2001,2022,22
813,101Y011,1.1.6.3. 기타예금취급기관 개관표(말잔),Group1,계정항목,BBACAA4,기업부문,M,200112,202212,253
814,101Y011,1.1.6.3. 기타예금취급기관 개관표(말잔),Group1,계정항목,BBACAA4,기업부문,Q,2001Q4,2022Q4,85
815,101Y011,1.1.6.3. 기타예금취급기관 개관표(말잔),Group1,계정항목,BBACAA401,대출금,A,2001,2022,22
816,101Y011,1.1.6.3. 기타예금취급기관 개관표(말잔),Group1,계정항목,BBACAA401,대출금,M,200112,202212,253
817,101Y011,1.1.6.3. 기타예금취급기관 개관표(말잔),Group1,계정항목,BBACAA401,대출금,Q,2001Q4,2022Q4,85
818,101Y011,1.1.6.3. 기타예금취급기관 개관표(말잔),Group1,계정항목,BBACAA402,유가증권,A,2001,2022,22
819,101Y011,1.1.6.3. 기타예금취급기관 개관표(말잔),Group1,계정항목,BBACAA402,유가증권,M,200112,202212,253
820,101Y011,1.1.6.3. 기타예금취급기관 개관표(말잔),Group1,계정항목,BBACAA402,유가증권,Q,2001Q4,2022Q4,85
821,101Y011,1.1.6.3. 기타예금취급기관 개관표(말잔),Group1,계정항목,BBACAA403,주식 및 기타지분,A,2001,2022,22
822,101Y011,1.1.6.3. 기타예금취급기관 개관표(말잔),Group1,계정항목,BBACAA403,주식 및 기타지분,M,200112,202212,253
823,101Y011,1.1.6.3. 기타예금취급기관 개관표(말잔),Group1,계정항목,BBACAA403,주식 및 기타지분,Q,2001Q4,2022Q4,85
824,101Y011,1.1.6.3. 기타예금취급기관 개관표(말잔),Group1,계정항목,BBACAA404,파생상품자산,A,2001,2022,22
825,101Y011,1.1.6.3. 기타예금취급기관 개관표(말잔),Group1,계정항목,BBACAA404,파생상품자산,M,200112,202212,253
826,101Y011,1.1.6.3. 기타예금취급기관 개관표(말잔),Group1,계정항목,BBACAA404,파생상품자산,Q,2001Q4,2022Q4,85
827,101Y011,1.1.6.3. 기타예금취급기관 개관표(말잔),Group1,계정항목,BBACAA405,기타,A,2001,2022,22
828,101Y011,1.1.6.3. 기타예금취급기관 개관표(말잔),Group1,계정항목,BBACAA405,기타,M,200112,202212,253
829,101Y011,1.1.6.3. 기타예금취급기관 개관표(말잔),Group1,계정항목,BBACAA405,기타,Q,2001Q4,2022Q4,85
830,101Y011,1.1.6.3. 기타예금취급기관 개관표(말잔),Group1,계정항목,BBACAA5,가계부문,A,2001,2022,22
831,101Y011,1.1.6.3. 기타예금취급기관 개관표(말잔),Group1,계정항목,BBACAA5,가계부문,M,200112,202212,253
832,101Y011,1.1.6.3. 기타예금취급기관 개관표(말잔),Group1,계정항목,BBACAA5,가계부문,Q,2001Q4,2022Q4,85
833,101Y011,1.1.6.3. 기타예금취급기관 개관표(말잔),Group1,계정항목,BBACAA501,대출금,A,2001,2022,22
834,101Y011,1.1.6.3. 기타예금취급기관 개관표(말잔),Group1,계정항목,BBACAA501,대출금,M,200112,202212,253
835,101Y011,1.1.6.3. 기타예금취급기관 개관표(말잔),Group1,계정항목,BBACAA501,대출금,Q,2001Q4,2022Q4,85
836,101Y011,1.1.6.3. 기타예금취급기관 개관표(말잔),Group1,계정항목,BBACAA503,기타,A,2001,2022,22
837,101Y011,1.1.6.3. 기타예금취급기관 개관표(말잔),Group1,계정항목,BBACAA503,기타,M,200112,202212,253
838,101Y011,1.1.6.3. 기타예금취급기관 개관표(말잔),Group1,계정항목,BBACAA503,기타,Q,2001Q4,2022Q4,85
839,101Y011,1.1.6.3. 기타예금취급기관 개관표(말잔),Group1,계정항목,BBACAA6,기타금융기관부문,A,2001,2022,22
840,101Y011,1.1.6.3. 기타예금취급기관 개관표(말잔),Group1,계정항목,BBACAA6,기타금융기관부문,M,200112,202212,253
841,101Y011,1.1.6.3. 기타예금취급기관 개관표(말잔),Group1,계정항목,BBACAA6,기타금융기관부문,Q,2001Q4,2022Q4,85
842,101Y011,1.1.6.3. 기타예금취급기관 개관표(말잔),Group1,계정항목,BBACAA601,대출금,A,2001,2022,22
843,101Y011,1.1.6.3. 기타예금취급기관 개관표(말잔),Group1,계정항목,BBACAA601,대출금,M,200112,202212,253
844,101Y011,1.1.6.3. 기타예금취급기관 개관표(말잔),Group1,계정항목,BBACAA601,대출금,Q,2001Q4,2022Q4,85
845,101Y011,1.1.6.3. 기타예금취급기관 개관표(말잔),Group1,계정항목,BBACAA602,유가증권,A,2001,2022,22
846,101Y011,1.1.6.3. 기타예금취급기관 개관표(말잔),Group1,계정항목,BBACAA602,유가증권,M,200112,202212,253
847,101Y011,1.1.6.3. 기타예금취급기관 개관표(말잔),Group1,계정항목,BBACAA602,유가증권,Q,2001Q4,2022Q4,85
848,101Y011,1.1.6.3. 기타예금취급기관 개관표(말잔),Group1,계정항목,BBACAA603,예치금,A,2001,2022,22
849,101Y011,1.1.6.3. 기타예금취급기관 개관표(말잔),Group1,계정항목,BBACAA603,예치금,M,200112,202212,253
850,101Y011,1.1.6.3. 기타예금취급기관 개관표(말잔),Group1,계정항목,BBACAA603,예치금,Q,2001Q4,2022Q4,85
851,101Y011,1.1.6.3. 기타예금취급기관 개관표(말잔),Group1,계정항목,BBACAA604,주식 및 기타지분,A,2001,2022,22
852,101Y011,1.1.6.3. 기타예금취급기관 개관표(말잔),Group1,계정항목,BBACAA604,주식 및 기타지분,M,200112,202212,253
853,101Y011,1.1.6.3. 기타예금취급기관 개관표(말잔),Group1,계정항목,BBACAA604,주식 및 기타지분,Q,2001Q4,2022Q4,85
854,101Y011,1.1.6.3. 기타예금취급기관 개관표(말잔),Group1,계정항목,BBACAA605,보험준비금,A,2001,2022,22
855,101Y011,1.1.6.3. 기타예금취급기관 개관표(말잔),Group1,계정항목,BBACAA605,보험준비금,M,200112,202212,253
856,101Y011,1.1.6.3. 기타예금취급기관 개관표(말잔),Group1,계정항목,BBACAA605,보험준비금,Q,2001Q4,2022Q4,85
857,101Y011,1.1.6.3. 기타예금취급기관 개관표(말잔),Group1,계정항목,BBACAA606,파생상품자산,A,2001,2022,22
858,104Y014,1.2.1.1.1. 예금은행 총수신(평잔),Group1,계정항목,BCA1,원화예금,A,1993,2022,30
859,104Y014,1.2.1.1.1. 예금은행 총수신(평잔),Group1,계정항목,BCA1,원화예금,M,199209,202212,364
860,104Y014,1.2.1.1.1. 예금은행 총수신(평잔),Group1,계정항목,BCA1,원화예금,Q,1992Q4,2022Q4,121
861,104Y014,1.2.1.1.1. 예금은행 총수신(평잔),Group1,계정항목,BCA2,외화예금,A,1993,2022,30
862,104Y014,1.2.1.1.1. 예금은행 총수신(평잔),Group1,계정항목,BCA2,외화예금,M,199209,202212,364
863,104Y014,1.2.1.1.1. 예금은행 총수신(평잔),Group1,계정항목,BCA2,외화예금,Q,1992Q4,2022Q4,121
864,104Y014,1.2.1.1.1. 예금은행 총수신(평잔),Group1,계정항목,BCA4,CD순발행,A,1993,2022,30
865,104Y014,1.2.1.1.1. 예금은행 총수신(평잔),Group1,계정항목,BCA4,CD순발행,M,199209,202212,364
866,104Y014,1.2.1.1.1. 예금은행 총수신(평잔),Group1,계정항목,BCA4,CD순발행,Q,1992Q4,2022Q4,121
867,104Y014,1.2.1.1.1. 예금은행 총수신(평잔),Group1,계정항목,BCA5,매출어음,A,1993,2022,30
868,104Y014,1.2.1.1.1. 예금은행 총수신(평잔),Group1,계정항목,BCA5,매출어음,M,199209,202212,364
869,104Y014,1.2.1.1.1. 예금은행 총수신(평잔),Group1,계정항목,BCA5,매출어음,Q,1992Q4,2022Q4,121
870,104Y014,1.2.1.1.1. 예금은행 총수신(평잔),Group1,계정항목,BCA6,환매조건부채권매도,A,1993,2022,30
871,104Y014,1.2.1.1.1. 예금은행 총수신(평잔),Group1,계정항목,BCA6,환매조건부채권매도,M,199209,202212,364
872,104Y014,1.2.1.1.1. 예금은행 총수신(평잔),Group1,계정항목,BCA6,환매조건부채권매도,Q,1992Q4,2022Q4,121
873,104Y014,1.2.1.1.1. 예금은행 총수신(평잔),Group1,계정항목,BCA7,금융채발행,A,1993,2022,30
874,104Y014,1.2.1.1.1. 예금은행 총수신(평잔),Group1,계정항목,BCA7,금융채발행,M,199209,202212,364
875,104Y014,1.2.1.1.1. 예금은행 총수신(평잔),Group1,계정항목,BCA7,금융채발행,Q,1992Q4,2022Q4,121
876,104Y014,1.2.1.1.1. 예금은행 총수신(평잔),Group1,계정항목,BCA8,수신합계,A,1993,2022,30
877,104Y014,1.2.1.1.1. 예금은행 총수신(평잔),Group1,계정항목,BCA8,수신합계,M,199209,202212,364
878,104Y014,1.2.1.1.1. 예금은행 총수신(평잔),Group1,계정항목,BCA8,수신합계,Q,1992Q4,2022Q4,121
879,104Y014,1.2.1.1.1. 예금은행 총수신(평잔),Group1,계정항목,BCA901,원화예금,A,1993,2022,30
880,104Y014,1.2.1.1.1. 예금은행 총수신(평잔),Group1,계정항목,BCA901,원화예금,M,199209,202212,364
881,104Y014,1.2.1.1.1. 예금은행 총수신(평잔),Group1,계정항목,BCA901,원화예금,Q,1992Q4,2022Q4,121
882,104Y014,1.2.1.1.1. 예금은행 총수신(평잔),Group1,계정항목,BCA902,외화예금,A,1993,2022,30
883,104Y014,1.2.1.1.1. 예금은행 총수신(평잔),Group1,계정항목,BCA902,외화예금,M,199209,202212,364
884,104Y014,1.2.1.1.1. 예금은행 총수신(평잔),Group1,계정항목,BCA902,외화예금,Q,1992Q4,2022Q4,121
885,104Y013,1.2.1.1.2. 예금은행 총수신(말잔),Group1,계정항목,BCB1,원화예금,A,1992,2022,31
886,104Y013,1.2.1.1.2. 예금은행 총수신(말잔),Group1,계정항목,BCB1,원화예금,M,199209,202212,364
887,104Y013,1.2.1.1.2. 예금은행 총수신(말잔),Group1,계정항목,BCB1,원화예금,Q,1992Q3,2022Q4,122
888,104Y013,1.2.1.1.2. 예금은행 총수신(말잔),Group1,계정항목,BCB2,외화예금,A,1992,2022,31
889,104Y013,1.2.1.1.2. 예금은행 총수신(말잔),Group1,계정항목,BCB2,외화예금,M,199209,202212,364
890,104Y013,1.2.1.1.2. 예금은행 총수신(말잔),Group1,계정항목,BCB2,외화예금,Q,1992Q3,2022Q4,122
891,104Y013,1.2.1.1.2. 예금은행 총수신(말잔),Group1,계정항목,BCB4,CD순발행,A,1992,2022,31
892,104Y013,1.2.1.1.2. 예금은행 총수신(말잔),Group1,계정항목,BCB4,CD순발행,M,199209,202212,364
893,104Y013,1.2.1.1.2. 예금은행 총수신(말잔),Group1,계정항목,BCB4,CD순발행,Q,1992Q3,2022Q4,122
894,104Y013,1.2.1.1.2. 예금은행 총수신(말잔),Group1,계정항목,BCB5,매출어음,A,1992,2022,31
895,104Y013,1.2.1.1.2. 예금은행 총수신(말잔),Group1,계정항목,BCB5,매출어음,M,199209,202212,364
896,104Y013,1.2.1.1.2. 예금은행 총수신(말잔),Group1,계정항목,BCB5,매출어음,Q,1992Q3,2022Q4,122
897,104Y013,1.2.1.1.2. 예금은행 총수신(말잔),Group1,계정항목,BCB6,환매조건부채권매도,A,1992,2022,31
898,104Y013,1.2.1.1.2. 예금은행 총수신(말잔),Group1,계정항목,BCB6,환매조건부채권매도,M,199209,202212,364
899,104Y013,1.2.1.1.2. 예금은행 총수신(말잔),Group1,계정항목,BCB6,환매조건부채권매도,Q,1992Q3,2022Q4,122
900,104Y013,1.2.1.1.2. 예금은행 총수신(말잔),Group1,계정항목,BCB7,금융채발행,A,1992,2022,31
901,104Y013,1.2.1.1.2. 예금은행 총수신(말잔),Group1,계정항목,BCB7,금융채발행,M,199209,202212,364
902,104Y013,1.2.1.1.2. 예금은행 총수신(말잔),Group1,계정항목,BCB7,금융채발행,Q,1992Q3,2022Q4,122
903,104Y013,1.2.1.1.2. 예금은행 총수신(말잔),Group1,계정항목,BCB8,수신합계,A,1992,2022,31
904,104Y013,1.2.1.1.2. 예금은행 총수신(말잔),Group1,계정항목,BCB8,수신합계,M,199209,202212,364
905,104Y013,1.2.1.1.2. 예금은행 총수신(말잔),Group1,계정항목,BCB8,수신합계,Q,1992Q3,2022Q4,122
906,104Y013,1.2.1.1.2. 예금은행 총수신(말잔),Group1,계정항목,BCB901,원화예금,A,1992,2022,31
907,104Y013,1.2.1.1.2. 예금은행 총수신(말잔),Group1,계정항목,BCB901,원화예금,M,199209,202212,364
908,104Y013,1.2.1.1.2. 예금은행 총수신(말잔),Group1,계정항목,BCB901,원화예금,Q,1992Q3,2022Q4,122
909,104Y013,1.2.1.1.2. 예금은행 총수신(말잔),Group1,계정항목,BCB902,외화예금,A,1992,2022,31
910,104Y013,1.2.1.1.2. 예금은행 총수신(말잔),Group1,계정항목,BCB902,외화예금,M,199209,202212,364
911,104Y013,1.2.1.1.2. 예금은행 총수신(말잔),Group1,계정항목,BCB902,외화예금,Q,1992Q3,2022Q4,122
912,104Y008,"1.2.1.1.3. 예금은행 원화예금(종별, 평잔)",Group1,계정항목,1000000,총예금,A,1971,2022,52
913,104Y008,"1.2.1.1.3. 예금은행 원화예금(종별, 평잔)",Group1,계정항목,1000000,총예금,M,197101,202212,624
914,104Y008,"1.2.1.1.3. 예금은행 원화예금(종별, 평잔)",Group1,계정항목,1000000,총예금,Q,1971Q1,2022Q4,208
915,104Y008,"1.2.1.1.3. 예금은행 원화예금(종별, 평잔)",Group1,계정항목,1010000,요구불예금,A,1971,2022,52
916,104Y008,"1.2.1.1.3. 예금은행 원화예금(종별, 평잔)",Group1,계정항목,1010000,요구불예금,M,197101,202212,624
917,104Y008,"1.2.1.1.3. 예금은행 원화예금(종별, 평잔)",Group1,계정항목,1010000,요구불예금,Q,1971Q1,2022Q4,208
918,104Y008,"1.2.1.1.3. 예금은행 원화예금(종별, 평잔)",Group1,계정항목,1020000,저축성예금,A,1971,2022,52
919,104Y008,"1.2.1.1.3. 예금은행 원화예금(종별, 평잔)",Group1,계정항목,1020000,저축성예금,M,197101,202212,624
920,104Y008,"1.2.1.1.3. 예금은행 원화예금(종별, 평잔)",Group1,계정항목,1020000,저축성예금,Q,1971Q1,2022Q4,208
921,104Y008,"1.2.1.1.3. 예금은행 원화예금(종별, 평잔)",Group1,계정항목,1010100,당좌예금,A,1980,2022,43
922,104Y008,"1.2.1.1.3. 예금은행 원화예금(종별, 평잔)",Group1,계정항목,1010100,당좌예금,M,198001,202212,516
923,104Y008,"1.2.1.1.3. 예금은행 원화예금(종별, 평잔)",Group1,계정항목,1010100,당좌예금,Q,1980Q1,2022Q4,172
924,104Y008,"1.2.1.1.3. 예금은행 원화예금(종별, 평잔)",Group1,계정항목,1020100,정기예금,A,1980,2022,43
925,104Y008,"1.2.1.1.3. 예금은행 원화예금(종별, 평잔)",Group1,계정항목,1020100,정기예금,M,198001,202212,516
926,104Y008,"1.2.1.1.3. 예금은행 원화예금(종별, 평잔)",Group1,계정항목,1020100,정기예금,Q,1980Q1,2022Q4,172
927,104Y008,"1.2.1.1.3. 예금은행 원화예금(종별, 평잔)",Group1,계정항목,1010300,가계당좌예금,A,1981,2022,42
928,104Y008,"1.2.1.1.3. 예금은행 원화예금(종별, 평잔)",Group1,계정항목,1010300,가계당좌예금,M,198107,202212,498
929,104Y008,"1.2.1.1.3. 예금은행 원화예금(종별, 평잔)",Group1,계정항목,1010300,가계당좌예금,Q,1981Q3,2022Q4,166
930,104Y008,"1.2.1.1.3. 예금은행 원화예금(종별, 평잔)",Group1,계정항목,1020200,정기적금,A,1980,2022,43
931,104Y008,"1.2.1.1.3. 예금은행 원화예금(종별, 평잔)",Group1,계정항목,1020200,정기적금,M,198001,202212,516
932,104Y008,"1.2.1.1.3. 예금은행 원화예금(종별, 평잔)",Group1,계정항목,1020200,정기적금,Q,1980Q1,2022Q4,172
933,104Y008,"1.2.1.1.3. 예금은행 원화예금(종별, 평잔)",Group1,계정항목,1010200,보통예금,A,1980,2022,43
934,104Y008,"1.2.1.1.3. 예금은행 원화예금(종별, 평잔)",Group1,계정항목,1010200,보통예금,M,198001,202212,516
935,104Y008,"1.2.1.1.3. 예금은행 원화예금(종별, 평잔)",Group1,계정항목,1010200,보통예금,Q,1980Q1,2022Q4,172
936,104Y008,"1.2.1.1.3. 예금은행 원화예금(종별, 평잔)",Group1,계정항목,1020700,상호부금,A,1980,2022,43
937,104Y008,"1.2.1.1.3. 예금은행 원화예금(종별, 평잔)",Group1,계정항목,1020700,상호부금,M,198001,202212,516
938,104Y008,"1.2.1.1.3. 예금은행 원화예금(종별, 평잔)",Group1,계정항목,1020700,상호부금,Q,1980Q1,2022Q4,172
939,104Y008,"1.2.1.1.3. 예금은행 원화예금(종별, 평잔)",Group1,계정항목,1010400,별단예금,A,1980,2022,43
940,104Y008,"1.2.1.1.3. 예금은행 원화예금(종별, 평잔)",Group1,계정항목,1010400,별단예금,M,198001,202212,516
941,104Y008,"1.2.1.1.3. 예금은행 원화예금(종별, 평잔)",Group1,계정항목,1010400,별단예금,Q,1980Q1,2022Q4,172
942,104Y008,"1.2.1.1.3. 예금은행 원화예금(종별, 평잔)",Group1,계정항목,1020800,주택부금,A,1980,2022,43
943,104Y008,"1.2.1.1.3. 예금은행 원화예금(종별, 평잔)",Group1,계정항목,1020800,주택부금,M,198001,202212,516
944,104Y008,"1.2.1.1.3. 예금은행 원화예금(종별, 평잔)",Group1,계정항목,1020800,주택부금,Q,1980Q1,2022Q4,172
945,104Y008,"1.2.1.1.3. 예금은행 원화예금(종별, 평잔)",Group1,계정항목,1010500,공금예금,A,1980,2022,43
946,104Y008,"1.2.1.1.3. 예금은행 원화예금(종별, 평잔)",Group1,계정항목,1010500,공금예금,M,198001,202212,516
947,104Y008,"1.2.1.1.3. 예금은행 원화예금(종별, 평잔)",Group1,계정항목,1010500,공금예금,Q,1980Q1,2022Q4,172
948,104Y008,"1.2.1.1.3. 예금은행 원화예금(종별, 평잔)",Group1,계정항목,1020400,저축예금,A,1980,2022,43
949,104Y008,"1.2.1.1.3. 예금은행 원화예금(종별, 평잔)",Group1,계정항목,1020400,저축예금,M,198001,202212,516
950,104Y008,"1.2.1.1.3. 예금은행 원화예금(종별, 평잔)",Group1,계정항목,1020400,저축예금,Q,1980Q1,2022Q4,172
951,104Y008,"1.2.1.1.3. 예금은행 원화예금(종별, 평잔)",Group1,계정항목,1010700,국고예금,A,2003,2022,20
952,104Y008,"1.2.1.1.3. 예금은행 원화예금(종별, 평잔)",Group1,계정항목,1010700,국고예금,M,200302,202212,239
953,104Y008,"1.2.1.1.3. 예금은행 원화예금(종별, 평잔)",Group1,계정항목,1010700,국고예금,Q,2003Q1,2022Q4,80
954,104Y008,"1.2.1.1.3. 예금은행 원화예금(종별, 평잔)",Group1,계정항목,1020600,목돈마련저축,A,1980,2022,43
955,104Y008,"1.2.1.1.3. 예금은행 원화예금(종별, 평잔)",Group1,계정항목,1020600,목돈마련저축,M,198001,202212,516
956,104Y008,"1.2.1.1.3. 예금은행 원화예금(종별, 평잔)",Group1,계정항목,1020600,목돈마련저축,Q,1980Q1,2022Q4,172
957,104Y008,"1.2.1.1.3. 예금은행 원화예금(종별, 평잔)",Group1,계정항목,1010600,여신관리자금,A,1980,2022,43
958,104Y008,"1.2.1.1.3. 예금은행 원화예금(종별, 평잔)",Group1,계정항목,1010600,여신관리자금,M,198001,202212,516
959,104Y008,"1.2.1.1.3. 예금은행 원화예금(종별, 평잔)",Group1,계정항목,1010600,여신관리자금,Q,1980Q1,2022Q4,172
960,104Y008,"1.2.1.1.3. 예금은행 원화예금(종별, 평잔)",Group1,계정항목,1020500,자유저축예금,A,1985,2022,38
961,104Y008,"1.2.1.1.3. 예금은행 원화예금(종별, 평잔)",Group1,계정항목,1020500,자유저축예금,M,198504,202212,453
962,104Y008,"1.2.1.1.3. 예금은행 원화예금(종별, 평잔)",Group1,계정항목,1020500,자유저축예금,Q,1985Q2,2022Q4,151
963,104Y008,"1.2.1.1.3. 예금은행 원화예금(종별, 평잔)",Group1,계정항목,1021000,기업자유예금,A,1989,2022,34
964,104Y008,"1.2.1.1.3. 예금은행 원화예금(종별, 평잔)",Group1,계정항목,1021000,기업자유예금,M,198904,202212,405
965,104Y008,"1.2.1.1.3. 예금은행 원화예금(종별, 평잔)",Group1,계정항목,1021000,기업자유예금,Q,1989Q2,2022Q4,135
966,104Y008,"1.2.1.1.3. 예금은행 원화예금(종별, 평잔)",Group1,계정항목,1021100,근로자장기저축,A,1995,2022,28
967,104Y008,"1.2.1.1.3. 예금은행 원화예금(종별, 평잔)",Group1,계정항목,1021100,근로자장기저축,M,199104,202212,381
968,104Y008,"1.2.1.1.3. 예금은행 원화예금(종별, 평잔)",Group1,계정항목,1021100,근로자장기저축,Q,1995Q1,2022Q4,112
969,104Y008,"1.2.1.1.3. 예금은행 원화예금(종별, 평잔)",Group1,계정항목,1021200,장기주택마련저축,A,1994,2022,29
970,104Y008,"1.2.1.1.3. 예금은행 원화예금(종별, 평잔)",Group1,계정항목,1021200,장기주택마련저축,M,199407,202212,342
971,104Y008,"1.2.1.1.3. 예금은행 원화예금(종별, 평잔)",Group1,계정항목,1021200,장기주택마련저축,Q,1994Q3,2022Q4,114
972,104Y008,"1.2.1.1.3. 예금은행 원화예금(종별, 평잔)",Group1,계정항목,1021300,근로자우대저축,A,1997,2022,26
973,104Y008,"1.2.1.1.3. 예금은행 원화예금(종별, 평잔)",Group1,계정항목,1021300,근로자우대저축,M,199710,202212,303
974,104Y008,"1.2.1.1.3. 예금은행 원화예금(종별, 평잔)",Group1,계정항목,1021300,근로자우대저축,Q,1997Q4,2022Q4,101
975,104Y008,"1.2.1.1.3. 예금은행 원화예금(종별, 평잔)",Group1,계정항목,1021400,가계장기저축,A,1996,2022,27
976,104Y008,"1.2.1.1.3. 예금은행 원화예금(종별, 평잔)",Group1,계정항목,1021400,가계장기저축,M,199610,202212,315
977,104Y008,"1.2.1.1.3. 예금은행 원화예금(종별, 평잔)",Group1,계정항목,1021400,가계장기저축,Q,1996Q4,2022Q4,105
978,104Y015,"1.2.1.1.4. 예금은행 원화예금(종별, 말잔)",Group1,계정항목,BDAA1,총예금,A,1960,2022,63
979,104Y015,"1.2.1.1.4. 예금은행 원화예금(종별, 말잔)",Group1,계정항목,BDAA1,총예금,M,196001,202212,756
980,104Y015,"1.2.1.1.4. 예금은행 원화예금(종별, 말잔)",Group1,계정항목,BDAA1,총예금,Q,1960Q1,2022Q4,252
981,104Y015,"1.2.1.1.4. 예금은행 원화예금(종별, 말잔)",Group1,계정항목,BDAA2,요구불예금,A,1960,2022,63
982,104Y015,"1.2.1.1.4. 예금은행 원화예금(종별, 말잔)",Group1,계정항목,BDAA2,요구불예금,M,196001,202212,756
983,104Y015,"1.2.1.1.4. 예금은행 원화예금(종별, 말잔)",Group1,계정항목,BDAA2,요구불예금,Q,1960Q1,2022Q4,252
984,104Y015,"1.2.1.1.4. 예금은행 원화예금(종별, 말잔)",Group1,계정항목,BDAA3,저축성예금,A,1960,2022,63
985,104Y015,"1.2.1.1.4. 예금은행 원화예금(종별, 말잔)",Group1,계정항목,BDAA3,저축성예금,M,196001,202212,756
986,104Y015,"1.2.1.1.4. 예금은행 원화예금(종별, 말잔)",Group1,계정항목,BDAA3,저축성예금,Q,1960Q1,2022Q4,252
987,104Y015,"1.2.1.1.4. 예금은행 원화예금(종별, 말잔)",Group1,계정항목,BDAA31,정기예금,A,1961,2022,62
988,104Y015,"1.2.1.1.4. 예금은행 원화예금(종별, 말잔)",Group1,계정항목,BDAA31,정기예금,M,197001,202212,636
989,104Y015,"1.2.1.1.4. 예금은행 원화예금(종별, 말잔)",Group1,계정항목,BDAA31,정기예금,Q,1970Q1,2022Q4,212
990,104Y015,"1.2.1.1.4. 예금은행 원화예금(종별, 말잔)",Group1,계정항목,BDAA33,정기적금,A,1961,2022,62
991,104Y015,"1.2.1.1.4. 예금은행 원화예금(종별, 말잔)",Group1,계정항목,BDAA33,정기적금,M,197001,202212,636
992,104Y015,"1.2.1.1.4. 예금은행 원화예금(종별, 말잔)",Group1,계정항목,BDAA33,정기적금,Q,1970Q1,2022Q4,212
993,104Y015,"1.2.1.1.4. 예금은행 원화예금(종별, 말잔)",Group1,계정항목,BDAA34,상호부금,A,1962,2022,61
994,104Y015,"1.2.1.1.4. 예금은행 원화예금(종별, 말잔)",Group1,계정항목,BDAA34,상호부금,M,197001,202212,636
995,104Y015,"1.2.1.1.4. 예금은행 원화예금(종별, 말잔)",Group1,계정항목,BDAA34,상호부금,Q,1970Q1,2022Q4,212
996,104Y015,"1.2.1.1.4. 예금은행 원화예금(종별, 말잔)",Group1,계정항목,BDAA35,주택부금,A,1967,2022,56
997,104Y015,"1.2.1.1.4. 예금은행 원화예금(종별, 말잔)",Group1,계정항목,BDAA35,주택부금,M,197001,202212,636
998,104Y015,"1.2.1.1.4. 예금은행 원화예금(종별, 말잔)",Group1,계정항목,BDAA35,주택부금,Q,1970Q1,2022Q4,212
999,104Y015,"1.2.1.1.4. 예금은행 원화예금(종별, 말잔)",Group1,계정항목,BDAA36,저축예금,A,1977,2022,46
1000,104Y015,"1.2.1.1.4. 예금은행 원화예금(종별, 말잔)",Group1,계정항목,BDAA36,저축예금,M,197708,202212,545
1001,104Y015,"1.2.1.1.4. 예금은행 원화예금(종별, 말잔)",Group1,계정항목,BDAA36,저축예금,Q,1977Q3,2022Q4,182
1002,104Y015,"1.2.1.1.4. 예금은행 원화예금(종별, 말잔)",Group1,계정항목,BDAA37,목돈마련저축,A,1976,2022,47
1003,104Y015,"1.2.1.1.4. 예금은행 원화예금(종별, 말잔)",Group1,계정항목,BDAA37,목돈마련저축,M,197604,202212,561
1004,104Y015,"1.2.1.1.4. 예금은행 원화예금(종별, 말잔)",Group1,계정항목,BDAA37,목돈마련저축,Q,1976Q2,2022Q4,187
1005,104Y015,"1.2.1.1.4. 예금은행 원화예금(종별, 말잔)",Group1,계정항목,BDAA39,자유저축예금,A,1985,2022,38
1006,104Y015,"1.2.1.1.4. 예금은행 원화예금(종별, 말잔)",Group1,계정항목,BDAA39,자유저축예금,M,198504,202212,453
1007,104Y015,"1.2.1.1.4. 예금은행 원화예금(종별, 말잔)",Group1,계정항목,BDAA39,자유저축예금,Q,1985Q2,2022Q4,151
1008,104Y015,"1.2.1.1.4. 예금은행 원화예금(종별, 말잔)",Group1,계정항목,BDAA3A,기업자유예금,A,1988,2022,35
1009,104Y015,"1.2.1.1.4. 예금은행 원화예금(종별, 말잔)",Group1,계정항목,BDAA3A,기업자유예금,M,198812,202212,409
1010,104Y015,"1.2.1.1.4. 예금은행 원화예금(종별, 말잔)",Group1,계정항목,BDAA3A,기업자유예금,Q,1988Q4,2022Q4,137
1011,104Y015,"1.2.1.1.4. 예금은행 원화예금(종별, 말잔)",Group1,계정항목,BDAA3B,근로자장기저축,A,1991,2022,32
1012,104Y015,"1.2.1.1.4. 예금은행 원화예금(종별, 말잔)",Group1,계정항목,BDAA3B,근로자장기저축,M,199101,202212,384
1013,104Y015,"1.2.1.1.4. 예금은행 원화예금(종별, 말잔)",Group1,계정항목,BDAA3B,근로자장기저축,Q,1991Q1,2022Q4,128
1014,104Y015,"1.2.1.1.4. 예금은행 원화예금(종별, 말잔)",Group1,계정항목,BDAA3C,장기주택마련저축,A,1994,2022,29
1015,104Y015,"1.2.1.1.4. 예금은행 원화예금(종별, 말잔)",Group1,계정항목,BDAA3C,장기주택마련저축,M,199407,202212,342
1016,104Y015,"1.2.1.1.4. 예금은행 원화예금(종별, 말잔)",Group1,계정항목,BDAA3C,장기주택마련저축,Q,1994Q3,2022Q4,114
1017,104Y015,"1.2.1.1.4. 예금은행 원화예금(종별, 말잔)",Group1,계정항목,BDAA3D,근로자우대저축,A,1997,2022,26
1018,104Y015,"1.2.1.1.4. 예금은행 원화예금(종별, 말잔)",Group1,계정항목,BDAA3D,근로자우대저축,M,199710,202212,303
1019,104Y015,"1.2.1.1.4. 예금은행 원화예금(종별, 말잔)",Group1,계정항목,BDAA3D,근로자우대저축,Q,1997Q4,2022Q4,101
1020,104Y015,"1.2.1.1.4. 예금은행 원화예금(종별, 말잔)",Group1,계정항목,BDAA3E,가계장기저축,A,1996,2022,27
1021,104Y015,"1.2.1.1.4. 예금은행 원화예금(종별, 말잔)",Group1,계정항목,BDAA3E,가계장기저축,M,199610,202212,315
1022,104Y015,"1.2.1.1.4. 예금은행 원화예금(종별, 말잔)",Group1,계정항목,BDAA3E,가계장기저축,Q,1996Q4,2022Q4,105
1023,104Y015,"1.2.1.1.4. 예금은행 원화예금(종별, 말잔)",Group1,계정항목,BDAA26,당좌예금,A,1961,2022,62
1024,104Y015,"1.2.1.1.4. 예금은행 원화예금(종별, 말잔)",Group1,계정항목,BDAA26,당좌예금,M,197001,202212,636
1025,104Y015,"1.2.1.1.4. 예금은행 원화예금(종별, 말잔)",Group1,계정항목,BDAA26,당좌예금,Q,1970Q1,2022Q4,212
1026,104Y015,"1.2.1.1.4. 예금은행 원화예금(종별, 말잔)",Group1,계정항목,BDAA21,가계당좌예금,A,1981,2022,42
1027,104Y015,"1.2.1.1.4. 예금은행 원화예금(종별, 말잔)",Group1,계정항목,BDAA21,가계당좌예금,M,198107,202212,498
1028,104Y015,"1.2.1.1.4. 예금은행 원화예금(종별, 말잔)",Group1,계정항목,BDAA21,가계당좌예금,Q,1981Q3,2022Q4,166
1029,104Y015,"1.2.1.1.4. 예금은행 원화예금(종별, 말잔)",Group1,계정항목,BDAA22,보통예금,A,1961,2022,62
1030,104Y015,"1.2.1.1.4. 예금은행 원화예금(종별, 말잔)",Group1,계정항목,BDAA22,보통예금,M,197001,202212,636
1031,104Y015,"1.2.1.1.4. 예금은행 원화예금(종별, 말잔)",Group1,계정항목,BDAA22,보통예금,Q,1970Q1,2022Q4,212
1032,104Y015,"1.2.1.1.4. 예금은행 원화예금(종별, 말잔)",Group1,계정항목,BDAA23,별단예금,A,1961,2022,62
1033,104Y015,"1.2.1.1.4. 예금은행 원화예금(종별, 말잔)",Group1,계정항목,BDAA23,별단예금,M,197001,202212,636
1034,104Y015,"1.2.1.1.4. 예금은행 원화예금(종별, 말잔)",Group1,계정항목,BDAA23,별단예금,Q,1970Q1,2022Q4,212
1035,104Y015,"1.2.1.1.4. 예금은행 원화예금(종별, 말잔)",Group1,계정항목,BDAA24,공금예금,A,1961,2022,62
1036,104Y015,"1.2.1.1.4. 예금은행 원화예금(종별, 말잔)",Group1,계정항목,BDAA24,공금예금,M,197001,202212,636
1037,104Y015,"1.2.1.1.4. 예금은행 원화예금(종별, 말잔)",Group1,계정항목,BDAA24,공금예금,Q,1970Q1,2022Q4,212
1038,104Y015,"1.2.1.1.4. 예금은행 원화예금(종별, 말잔)",Group1,계정항목,BDAA2A,국고예금,A,2003,2022,20
1039,104Y015,"1.2.1.1.4. 예금은행 원화예금(종별, 말잔)",Group1,계정항목,BDAA2A,국고예금,M,200302,202212,239
1040,104Y015,"1.2.1.1.4. 예금은행 원화예금(종별, 말잔)",Group1,계정항목,BDAA2A,국고예금,Q,2003Q1,2022Q4,80
1041,104Y015,"1.2.1.1.4. 예금은행 원화예금(종별, 말잔)",Group1,계정항목,BDAA25,여신관리예금,A,1962,2022,61
1042,104Y015,"1.2.1.1.4. 예금은행 원화예금(종별, 말잔)",Group1,계정항목,BDAA25,여신관리예금,M,197001,202212,636
1043,104Y015,"1.2.1.1.4. 예금은행 원화예금(종별, 말잔)",Group1,계정항목,BDAA25,여신관리예금,Q,1970Q1,2022Q4,212
1044,104Y009,"1.2.1.1.5. 예금은행 원화예금(예금주별,말잔)",Group1,계정항목,1000000,총예금,A,1975,2022,48
1045,104Y009,"1.2.1.1.5. 예금은행 원화예금(예금주별,말잔)",Group1,계정항목,1000000,총예금,M,197501,202212,576
1046,104Y009,"1.2.1.1.5. 예금은행 원화예금(예금주별,말잔)",Group1,계정항목,1000000,총예금,Q,1975Q1,2022Q4,192
1047,104Y009,"1.2.1.1.5. 예금은행 원화예금(예금주별,말잔)",Group1,계정항목,1010000,가계,A,1975,2022,48
1048,104Y009,"1.2.1.1.5. 예금은행 원화예금(예금주별,말잔)",Group1,계정항목,1010000,가계,M,197501,202212,576
1049,104Y009,"1.2.1.1.5. 예금은행 원화예금(예금주별,말잔)",Group1,계정항목,1010000,가계,Q,1975Q1,2022Q4,192
1050,104Y009,"1.2.1.1.5. 예금은행 원화예금(예금주별,말잔)",Group1,계정항목,1020000,기업,A,1975,2022,48
1051,104Y009,"1.2.1.1.5. 예금은행 원화예금(예금주별,말잔)",Group1,계정항목,1020000,기업,M,197501,202212,576
1052,104Y009,"1.2.1.1.5. 예금은행 원화예금(예금주별,말잔)",Group1,계정항목,1020000,기업,Q,1975Q1,2022Q4,192
1053,104Y009,"1.2.1.1.5. 예금은행 원화예금(예금주별,말잔)",Group1,계정항목,1030000,기타,A,1975,2022,48
1054,104Y009,"1.2.1.1.5. 예금은행 원화예금(예금주별,말잔)",Group1,계정항목,1030000,기타,M,197501,202212,576
1055,104Y009,"1.2.1.1.5. 예금은행 원화예금(예금주별,말잔)",Group1,계정항목,1030000,기타,Q,1975Q1,2022Q4,192
1056,104Y009,"1.2.1.1.5. 예금은행 원화예금(예금주별,말잔)",Group1,계정항목,1040000,요구불예금,A,1975,2022,48
1057,104Y009,"1.2.1.1.5. 예금은행 원화예금(예금주별,말잔)",Group1,계정항목,1040000,요구불예금,M,197501,202212,576
1058,104Y009,"1.2.1.1.5. 예금은행 원화예금(예금주별,말잔)",Group1,계정항목,1040000,요구불예금,Q,1975Q1,2022Q4,192
1059,104Y009,"1.2.1.1.5. 예금은행 원화예금(예금주별,말잔)",Group1,계정항목,1040100,가계,A,1975,2022,48
1060,104Y009,"1.2.1.1.5. 예금은행 원화예금(예금주별,말잔)",Group1,계정항목,1040100,가계,M,197501,202212,576
1061,104Y009,"1.2.1.1.5. 예금은행 원화예금(예금주별,말잔)",Group1,계정항목,1040100,가계,Q,1975Q1,2022Q4,192
1062,104Y009,"1.2.1.1.5. 예금은행 원화예금(예금주별,말잔)",Group1,계정항목,1040200,기업,A,1975,2022,48
1063,104Y009,"1.2.1.1.5. 예금은행 원화예금(예금주별,말잔)",Group1,계정항목,1040200,기업,M,197501,202212,576
1064,104Y009,"1.2.1.1.5. 예금은행 원화예금(예금주별,말잔)",Group1,계정항목,1040200,기업,Q,1975Q1,2022Q4,192
1065,104Y009,"1.2.1.1.5. 예금은행 원화예금(예금주별,말잔)",Group1,계정항목,1040300,기타,A,1975,2022,48
1066,104Y009,"1.2.1.1.5. 예금은행 원화예금(예금주별,말잔)",Group1,계정항목,1040300,기타,M,197501,202212,576
1067,104Y009,"1.2.1.1.5. 예금은행 원화예금(예금주별,말잔)",Group1,계정항목,1040300,기타,Q,1975Q1,2022Q4,192
1068,104Y009,"1.2.1.1.5. 예금은행 원화예금(예금주별,말잔)",Group1,계정항목,1050000,저축성예금,A,1975,2022,48
1069,104Y009,"1.2.1.1.5. 예금은행 원화예금(예금주별,말잔)",Group1,계정항목,1050000,저축성예금,M,197501,202212,576
1070,104Y009,"1.2.1.1.5. 예금은행 원화예금(예금주별,말잔)",Group1,계정항목,1050000,저축성예금,Q,1975Q1,2022Q4,192
1071,104Y009,"1.2.1.1.5. 예금은행 원화예금(예금주별,말잔)",Group1,계정항목,1050100,가계,A,1975,2022,48
1072,104Y009,"1.2.1.1.5. 예금은행 원화예금(예금주별,말잔)",Group1,계정항목,1050100,가계,M,197501,202212,576
1073,104Y009,"1.2.1.1.5. 예금은행 원화예금(예금주별,말잔)",Group1,계정항목,1050100,가계,Q,1975Q1,2022Q4,192
1074,104Y009,"1.2.1.1.5. 예금은행 원화예금(예금주별,말잔)",Group1,계정항목,1050200,기업,A,1975,2022,48
1075,104Y009,"1.2.1.1.5. 예금은행 원화예금(예금주별,말잔)",Group1,계정항목,1050200,기업,M,197501,202212,576
1076,104Y009,"1.2.1.1.5. 예금은행 원화예금(예금주별,말잔)",Group1,계정항목,1050200,기업,Q,1975Q1,2022Q4,192
1077,104Y009,"1.2.1.1.5. 예금은행 원화예금(예금주별,말잔)",Group1,계정항목,1050300,기타,A,1975,2022,48
1078,104Y009,"1.2.1.1.5. 예금은행 원화예금(예금주별,말잔)",Group1,계정항목,1050300,기타,M,197501,202212,576
1079,104Y009,"1.2.1.1.5. 예금은행 원화예금(예금주별,말잔)",Group1,계정항목,1050300,기타,Q,1975Q1,2022Q4,192
1080,104Y010,"1.2.1.1.6. 예금은행 정기예금(기간별, 말잔)",Group1,계정항목,1000000,합계,A,1991,2022,32
1081,104Y010,"1.2.1.1.6. 예금은행 정기예금(기간별, 말잔)",Group1,계정항목,1000000,합계,M,200201,202212,252
1082,104Y010,"1.2.1.1.6. 예금은행 정기예금(기간별, 말잔)",Group1,계정항목,1000000,합계,Q,1995Q1,2022Q4,112
1083,104Y010,"1.2.1.1.6. 예금은행 정기예금(기간별, 말잔)",Group1,계정항목,1021000,6개월미만,A,1991,2022,32
1084,104Y010,"1.2.1.1.6. 예금은행 정기예금(기간별, 말잔)",Group1,계정항목,1021000,6개월미만,M,200201,202212,252
1085,104Y010,"1.2.1.1.6. 예금은행 정기예금(기간별, 말잔)",Group1,계정항목,1021000,6개월미만,Q,1995Q1,2022Q4,112
1086,104Y010,"1.2.1.1.6. 예금은행 정기예금(기간별, 말잔)",Group1,계정항목,1030000,6개월이상 1년미만,A,1991,2022,32
1087,104Y010,"1.2.1.1.6. 예금은행 정기예금(기간별, 말잔)",Group1,계정항목,1030000,6개월이상 1년미만,M,200201,202212,252
1088,104Y010,"1.2.1.1.6. 예금은행 정기예금(기간별, 말잔)",Group1,계정항목,1030000,6개월이상 1년미만,Q,1995Q1,2022Q4,112
1089,104Y010,"1.2.1.1.6. 예금은행 정기예금(기간별, 말잔)",Group1,계정항목,1040000,1년이상 2년미만,A,1991,2022,32
1090,104Y010,"1.2.1.1.6. 예금은행 정기예금(기간별, 말잔)",Group1,계정항목,1040000,1년이상 2년미만,M,200201,202212,252
1091,104Y010,"1.2.1.1.6. 예금은행 정기예금(기간별, 말잔)",Group1,계정항목,1040000,1년이상 2년미만,Q,1995Q1,2022Q4,112
1092,104Y010,"1.2.1.1.6. 예금은행 정기예금(기간별, 말잔)",Group1,계정항목,1060000,2년이상 3년미만,A,1991,2022,32
1093,104Y010,"1.2.1.1.6. 예금은행 정기예금(기간별, 말잔)",Group1,계정항목,1060000,2년이상 3년미만,M,200201,202212,252
1094,104Y010,"1.2.1.1.6. 예금은행 정기예금(기간별, 말잔)",Group1,계정항목,1060000,2년이상 3년미만,Q,1995Q1,2022Q4,112
1095,104Y010,"1.2.1.1.6. 예금은행 정기예금(기간별, 말잔)",Group1,계정항목,1070000,3년이상,A,1991,2022,32
1096,104Y010,"1.2.1.1.6. 예금은행 정기예금(기간별, 말잔)",Group1,계정항목,1070000,3년이상,M,200201,202212,252
1097,104Y010,"1.2.1.1.6. 예금은행 정기예금(기간별, 말잔)",Group1,계정항목,1070000,3년이상,Q,1995Q1,2022Q4,112
1098,111Y008,1.2.1.2.1. 비은행기관 수신(평잔),Group1,계정항목,1000000,비은행금융기관(평잔) 1),A,1994,2022,29
1099,111Y008,1.2.1.2.1. 비은행기관 수신(평잔),Group1,계정항목,1000000,비은행금융기관(평잔) 1),M,199310,202212,351
1100,111Y008,1.2.1.2.1. 비은행기관 수신(평잔),Group1,계정항목,1000000,비은행금융기관(평잔) 1),Q,1993Q4,2022Q4,117
1101,111Y008,1.2.1.2.1. 비은행기관 수신(평잔),Group1,계정항목,1120300,종합금융회사 2),A,1994,2022,29
1102,111Y008,1.2.1.2.1. 비은행기관 수신(평잔),Group1,계정항목,1120300,종합금융회사 2),M,199310,202212,351
1103,111Y008,1.2.1.2.1. 비은행기관 수신(평잔),Group1,계정항목,1120300,종합금융회사 2),Q,1993Q4,2022Q4,117
1104,111Y008,1.2.1.2.1. 비은행기관 수신(평잔),Group1,계정항목,1120400,자산운용회사 3),A,1994,2022,29
1105,111Y008,1.2.1.2.1. 비은행기관 수신(평잔),Group1,계정항목,1120400,자산운용회사 3),M,199310,202212,351
1106,111Y008,1.2.1.2.1. 비은행기관 수신(평잔),Group1,계정항목,1120400,자산운용회사 3),Q,1993Q4,2022Q4,117
1107,111Y008,1.2.1.2.1. 비은행기관 수신(평잔),Group1,계정항목,1120500,신탁회사,A,1994,2022,29
1108,111Y008,1.2.1.2.1. 비은행기관 수신(평잔),Group1,계정항목,1120500,신탁회사,M,199310,202212,351
1109,111Y008,1.2.1.2.1. 비은행기관 수신(평잔),Group1,계정항목,1120500,신탁회사,Q,1993Q4,2022Q4,117
1110,111Y008,1.2.1.2.1. 비은행기관 수신(평잔),Group1,계정항목,1120600,상호저축은행,A,1994,2022,29
1111,111Y008,1.2.1.2.1. 비은행기관 수신(평잔),Group1,계정항목,1120600,상호저축은행,M,199310,202212,351
1112,111Y008,1.2.1.2.1. 비은행기관 수신(평잔),Group1,계정항목,1120600,상호저축은행,Q,1993Q4,2022Q4,117
1113,111Y008,1.2.1.2.1. 비은행기관 수신(평잔),Group1,계정항목,1120700,신용협동조합,A,1994,2022,29
1114,111Y008,1.2.1.2.1. 비은행기관 수신(평잔),Group1,계정항목,1120700,신용협동조합,M,199310,202212,351
1115,111Y008,1.2.1.2.1. 비은행기관 수신(평잔),Group1,계정항목,1120700,신용협동조합,Q,1993Q4,2022Q4,117
1116,111Y008,1.2.1.2.1. 비은행기관 수신(평잔),Group1,계정항목,1120800,상호금융,A,1994,2022,29
1117,111Y008,1.2.1.2.1. 비은행기관 수신(평잔),Group1,계정항목,1120800,상호금융,M,199310,202212,351
1118,111Y008,1.2.1.2.1. 비은행기관 수신(평잔),Group1,계정항목,1120800,상호금융,Q,1993Q4,2022Q4,117
1119,111Y008,1.2.1.2.1. 비은행기관 수신(평잔),Group1,계정항목,1121000,새마을금고,A,1994,2022,29
1120,111Y008,1.2.1.2.1. 비은행기관 수신(평잔),Group1,계정항목,1121000,새마을금고,M,199310,202212,351
1121,111Y008,1.2.1.2.1. 비은행기관 수신(평잔),Group1,계정항목,1121000,새마을금고,Q,1993Q4,2022Q4,117
1122,111Y008,1.2.1.2.1. 비은행기관 수신(평잔),Group1,계정항목,1250000,생명보험 4),A,1994,2022,29
1123,111Y008,1.2.1.2.1. 비은행기관 수신(평잔),Group1,계정항목,1250000,생명보험 4),M,199310,202212,351
1124,111Y008,1.2.1.2.1. 비은행기관 수신(평잔),Group1,계정항목,1250000,생명보험 4),Q,1993Q4,2022Q4,117
1125,111Y008,1.2.1.2.1. 비은행기관 수신(평잔),Group1,계정항목,1290000,기타 5),A,1994,2022,29
1126,111Y008,1.2.1.2.1. 비은행기관 수신(평잔),Group1,계정항목,1290000,기타 5),M,199310,202212,351
1127,111Y008,1.2.1.2.1. 비은행기관 수신(평잔),Group1,계정항목,1290000,기타 5),Q,1993Q4,2022Q4,117
1128,111Y007,1.2.1.2.2. 비은행기관 수신(말잔),Group1,계정항목,1000000,비은행금융기관(말잔)1),A,1993,2022,30
1129,111Y007,1.2.1.2.2. 비은행기관 수신(말잔),Group1,계정항목,1000000,비은행금융기관(말잔)1),M,199310,202212,351
1130,111Y007,1.2.1.2.2. 비은행기관 수신(말잔),Group1,계정항목,1000000,비은행금융기관(말잔)1),Q,1993Q4,2022Q4,117
1131,111Y007,1.2.1.2.2. 비은행기관 수신(말잔),Group1,계정항목,1120300,종합금융회사 2),A,1993,2022,30
1132,111Y007,1.2.1.2.2. 비은행기관 수신(말잔),Group1,계정항목,1120300,종합금융회사 2),M,199310,202212,351
1133,111Y007,1.2.1.2.2. 비은행기관 수신(말잔),Group1,계정항목,1120300,종합금융회사 2),Q,1993Q4,2022Q4,117
1134,111Y007,1.2.1.2.2. 비은행기관 수신(말잔),Group1,계정항목,1120400,자산운용회사 3),A,1993,2022,30
1135,111Y007,1.2.1.2.2. 비은행기관 수신(말잔),Group1,계정항목,1120400,자산운용회사 3),M,199310,202212,351
1136,111Y007,1.2.1.2.2. 비은행기관 수신(말잔),Group1,계정항목,1120400,자산운용회사 3),Q,1993Q4,2022Q4,117
1137,111Y007,1.2.1.2.2. 비은행기관 수신(말잔),Group1,계정항목,1120500,신탁회사,A,1993,2022,30
1138,111Y007,1.2.1.2.2. 비은행기관 수신(말잔),Group1,계정항목,1120500,신탁회사,M,199310,202212,351
1139,111Y007,1.2.1.2.2. 비은행기관 수신(말잔),Group1,계정항목,1120500,신탁회사,Q,1993Q4,2022Q4,117
1140,111Y007,1.2.1.2.2. 비은행기관 수신(말잔),Group1,계정항목,1120600,상호저축은행,A,1993,2022,30
1141,111Y007,1.2.1.2.2. 비은행기관 수신(말잔),Group1,계정항목,1120600,상호저축은행,M,199310,202212,351
1142,111Y007,1.2.1.2.2. 비은행기관 수신(말잔),Group1,계정항목,1120600,상호저축은행,Q,1993Q4,2022Q4,117
1143,111Y007,1.2.1.2.2. 비은행기관 수신(말잔),Group1,계정항목,1120700,신용협동조합,A,1993,2022,30
1144,111Y007,1.2.1.2.2. 비은행기관 수신(말잔),Group1,계정항목,1120700,신용협동조합,M,199310,202212,351
1145,111Y007,1.2.1.2.2. 비은행기관 수신(말잔),Group1,계정항목,1120700,신용협동조합,Q,1993Q4,2022Q4,117
1146,111Y007,1.2.1.2.2. 비은행기관 수신(말잔),Group1,계정항목,1120800,상호금융,A,1993,2022,30
1147,111Y007,1.2.1.2.2. 비은행기관 수신(말잔),Group1,계정항목,1120800,상호금융,M,199310,202212,351
1148,111Y007,1.2.1.2.2. 비은행기관 수신(말잔),Group1,계정항목,1120800,상호금융,Q,1993Q4,2022Q4,117
1149,111Y007,1.2.1.2.2. 비은행기관 수신(말잔),Group1,계정항목,1121000,새마을금고,A,1993,2022,30
1150,111Y007,1.2.1.2.2. 비은행기관 수신(말잔),Group1,계정항목,1121000,새마을금고,M,199310,202212,351
1151,111Y007,1.2.1.2.2. 비은행기관 수신(말잔),Group1,계정항목,1121000,새마을금고,Q,1993Q4,2022Q4,117
1152,111Y007,1.2.1.2.2. 비은행기관 수신(말잔),Group1,계정항목,1250000,생명보험 4),A,1993,2022,30
1153,111Y007,1.2.1.2.2. 비은행기관 수신(말잔),Group1,계정항목,1250000,생명보험 4),M,199310,202212,351
1154,111Y007,1.2.1.2.2. 비은행기관 수신(말잔),Group1,계정항목,1250000,생명보험 4),Q,1993Q4,2022Q4,117
1155,111Y007,1.2.1.2.2. 비은행기관 수신(말잔),Group1,계정항목,1290000,기타 5),A,1993,2022,30
1156,111Y007,1.2.1.2.2. 비은행기관 수신(말잔),Group1,계정항목,1290000,기타 5),M,199310,202212,351
1157,111Y007,1.2.1.2.2. 비은행기관 수신(말잔),Group1,계정항목,1290000,기타 5),Q,1993Q4,2022Q4,117
1158,104Y016,1.2.2.1. 예금은행 대출금(말잔),Group1,계정항목,BDCA1,총대출금,A,1960,2022,63
1159,104Y016,1.2.2.1. 예금은행 대출금(말잔),Group1,계정항목,BDCA1,총대출금,M,196001,202212,756
1160,104Y016,1.2.2.1. 예금은행 대출금(말잔),Group1,계정항목,BDCA1,총대출금,Q,1960Q1,2022Q4,252
1161,104Y016,1.2.2.1. 예금은행 대출금(말잔),Group1,계정항목,BDCA11,시설자금,A,1972,2022,51
1162,104Y016,1.2.2.1. 예금은행 대출금(말잔),Group1,계정항목,BDCA11,시설자금,M,197301,202212,600
1163,104Y016,1.2.2.1. 예금은행 대출금(말잔),Group1,계정항목,BDCA11,시설자금,Q,1973Q1,2022Q4,200
1164,104Y016,1.2.2.1. 예금은행 대출금(말잔),Group1,계정항목,BDCA12,운전자금,A,1972,2022,51
1165,104Y016,1.2.2.1. 예금은행 대출금(말잔),Group1,계정항목,BDCA12,운전자금,M,197301,202212,600
1166,104Y016,1.2.2.1. 예금은행 대출금(말잔),Group1,계정항목,BDCA12,운전자금,Q,1973Q1,2022Q4,200
1167,104Y016,1.2.2.1. 예금은행 대출금(말잔),Group1,계정항목,BDCA13,특별자금,A,1972,2022,51
1168,104Y016,1.2.2.1. 예금은행 대출금(말잔),Group1,계정항목,BDCA13,특별자금,M,197301,202212,600
1169,104Y016,1.2.2.1. 예금은행 대출금(말잔),Group1,계정항목,BDCA13,특별자금,Q,1973Q1,2022Q4,200
1170,104Y016,1.2.2.1. 예금은행 대출금(말잔),Group1,계정항목,BDCA21,금융자금,A,1965,2022,58
1171,104Y016,1.2.2.1. 예금은행 대출금(말잔),Group1,계정항목,BDCA21,금융자금,M,197301,202212,600
1172,104Y016,1.2.2.1. 예금은행 대출금(말잔),Group1,계정항목,BDCA21,금융자금,Q,1973Q1,2022Q4,200
1173,104Y016,1.2.2.1. 예금은행 대출금(말잔),Group1,계정항목,BDCA211,시설자금,A,1972,2022,51
1174,104Y016,1.2.2.1. 예금은행 대출금(말잔),Group1,계정항목,BDCA211,시설자금,M,197301,202212,600
1175,104Y016,1.2.2.1. 예금은행 대출금(말잔),Group1,계정항목,BDCA211,시설자금,Q,1973Q1,2022Q4,200
1176,104Y016,1.2.2.1. 예금은행 대출금(말잔),Group1,계정항목,BDCA212,운전자금,A,1972,2022,51
1177,104Y016,1.2.2.1. 예금은행 대출금(말잔),Group1,계정항목,BDCA212,운전자금,M,197301,202212,600
1178,104Y016,1.2.2.1. 예금은행 대출금(말잔),Group1,계정항목,BDCA212,운전자금,Q,1973Q1,2022Q4,200
1179,104Y016,1.2.2.1. 예금은행 대출금(말잔),Group1,계정항목,BDCA213,특별자금,A,1972,2022,51
1180,104Y016,1.2.2.1. 예금은행 대출금(말잔),Group1,계정항목,BDCA213,특별자금,M,197301,202212,600
1181,104Y016,1.2.2.1. 예금은행 대출금(말잔),Group1,계정항목,BDCA213,특별자금,Q,1973Q1,2022Q4,200
1182,104Y016,1.2.2.1. 예금은행 대출금(말잔),Group1,계정항목,BDCA22,할인어음,A,1965,2022,58
1183,104Y016,1.2.2.1. 예금은행 대출금(말잔),Group1,계정항목,BDCA22,할인어음,M,197301,202212,600
1184,104Y016,1.2.2.1. 예금은행 대출금(말잔),Group1,계정항목,BDCA22,할인어음,Q,1973Q1,2022Q4,200
1185,104Y016,1.2.2.1. 예금은행 대출금(말잔),Group1,계정항목,BDCA221,무역어음,A,1989,2022,34
1186,104Y016,1.2.2.1. 예금은행 대출금(말잔),Group1,계정항목,BDCA221,무역어음,M,198908,202212,401
1187,104Y016,1.2.2.1. 예금은행 대출금(말잔),Group1,계정항목,BDCA221,무역어음,Q,1989Q3,2022Q4,134
1188,104Y016,1.2.2.1. 예금은행 대출금(말잔),Group1,계정항목,BDCA23,무역금융,A,1965,2022,58
1189,104Y016,1.2.2.1. 예금은행 대출금(말잔),Group1,계정항목,BDCA23,무역금융,M,197301,202212,600
1190,104Y016,1.2.2.1. 예금은행 대출금(말잔),Group1,계정항목,BDCA23,무역금융,Q,1973Q1,2022Q4,200
1191,104Y016,1.2.2.1. 예금은행 대출금(말잔),Group1,계정항목,BDCA24,당좌대출,A,1965,2022,58
1192,104Y016,1.2.2.1. 예금은행 대출금(말잔),Group1,계정항목,BDCA24,당좌대출,M,197301,202212,600
1193,104Y016,1.2.2.1. 예금은행 대출금(말잔),Group1,계정항목,BDCA24,당좌대출,Q,1973Q1,2022Q4,200
1194,104Y016,1.2.2.1. 예금은행 대출금(말잔),Group1,계정항목,BDCA25,적금관계대출,A,1965,2022,58
1195,104Y016,1.2.2.1. 예금은행 대출금(말잔),Group1,계정항목,BDCA25,적금관계대출,M,197301,202212,600
1196,104Y016,1.2.2.1. 예금은행 대출금(말잔),Group1,계정항목,BDCA25,적금관계대출,Q,1973Q1,2022Q4,200
1197,104Y016,1.2.2.1. 예금은행 대출금(말잔),Group1,계정항목,BDCA251,시설자금,A,1970,2022,53
1198,104Y016,1.2.2.1. 예금은행 대출금(말잔),Group1,계정항목,BDCA251,시설자금,M,197501,202212,576
1199,104Y016,1.2.2.1. 예금은행 대출금(말잔),Group1,계정항목,BDCA251,시설자금,Q,1980Q1,2022Q4,172
1200,104Y016,1.2.2.1. 예금은행 대출금(말잔),Group1,계정항목,BDCA27,급부금,A,1972,2022,51
1201,104Y016,1.2.2.1. 예금은행 대출금(말잔),Group1,계정항목,BDCA27,급부금,M,197301,202212,600
1202,104Y016,1.2.2.1. 예금은행 대출금(말잔),Group1,계정항목,BDCA27,급부금,Q,1973Q1,2022Q4,200
1203,104Y016,1.2.2.1. 예금은행 대출금(말잔),Group1,계정항목,BDCA271,시설자금,A,1973,2022,50
1204,104Y016,1.2.2.1. 예금은행 대출금(말잔),Group1,계정항목,BDCA271,시설자금,M,197301,202212,600
1205,104Y016,1.2.2.1. 예금은행 대출금(말잔),Group1,계정항목,BDCA271,시설자금,Q,1973Q1,2022Q4,200
1206,104Y016,1.2.2.1. 예금은행 대출금(말잔),Group1,계정항목,BDCA28,일반자금,A,1965,2022,58
1207,104Y016,1.2.2.1. 예금은행 대출금(말잔),Group1,계정항목,BDCA28,일반자금,M,197301,202212,600
1208,104Y016,1.2.2.1. 예금은행 대출금(말잔),Group1,계정항목,BDCA28,일반자금,Q,1973Q1,2022Q4,200
1209,104Y016,1.2.2.1. 예금은행 대출금(말잔),Group1,계정항목,BDCA281,시설자금,A,1972,2022,51
1210,104Y016,1.2.2.1. 예금은행 대출금(말잔),Group1,계정항목,BDCA281,시설자금,M,197301,202212,600
1211,104Y016,1.2.2.1. 예금은행 대출금(말잔),Group1,계정항목,BDCA281,시설자금,Q,1973Q1,2022Q4,200
1212,104Y016,1.2.2.1. 예금은행 대출금(말잔),Group1,계정항목,BDCA28a,분할상환,A,1971,2022,52
1213,104Y016,1.2.2.1. 예금은행 대출금(말잔),Group1,계정항목,BDCA28a,분할상환,M,197301,202212,600
1214,104Y016,1.2.2.1. 예금은행 대출금(말잔),Group1,계정항목,BDCA28a,분할상환,Q,1973Q1,2022Q4,200
1215,104Y016,1.2.2.1. 예금은행 대출금(말잔),Group1,계정항목,BDCA28b,시설자금,A,1972,2022,51
1216,104Y016,1.2.2.1. 예금은행 대출금(말잔),Group1,계정항목,BDCA28b,시설자금,M,197301,202212,600
1217,104Y016,1.2.2.1. 예금은행 대출금(말잔),Group1,계정항목,BDCA28b,시설자금,Q,1973Q1,2022Q4,200
1218,104Y016,1.2.2.1. 예금은행 대출금(말잔),Group1,계정항목,BDCA2B,농업자금,A,1965,2022,58
1219,104Y016,1.2.2.1. 예금은행 대출금(말잔),Group1,계정항목,BDCA2B,농업자금,M,197301,202212,600
1220,104Y016,1.2.2.1. 예금은행 대출금(말잔),Group1,계정항목,BDCA2B,농업자금,Q,1973Q1,2022Q4,200
1221,104Y016,1.2.2.1. 예금은행 대출금(말잔),Group1,계정항목,BDCA2B1,시설자금,A,1972,2022,51
1222,104Y016,1.2.2.1. 예금은행 대출금(말잔),Group1,계정항목,BDCA2B1,시설자금,M,197301,202212,600
1223,104Y016,1.2.2.1. 예금은행 대출금(말잔),Group1,계정항목,BDCA2B1,시설자금,Q,1973Q1,2022Q4,200
1224,104Y016,1.2.2.1. 예금은행 대출금(말잔),Group1,계정항목,BDCA2C,수산자금,A,1965,2022,58
1225,104Y016,1.2.2.1. 예금은행 대출금(말잔),Group1,계정항목,BDCA2C,수산자금,M,197301,202212,600
1226,104Y016,1.2.2.1. 예금은행 대출금(말잔),Group1,계정항목,BDCA2C,수산자금,Q,1973Q1,2022Q4,200
1227,104Y016,1.2.2.1. 예금은행 대출금(말잔),Group1,계정항목,BDCA2C1,시설자금,A,1972,2022,51
1228,104Y016,1.2.2.1. 예금은행 대출금(말잔),Group1,계정항목,BDCA2C1,시설자금,M,197301,202212,600
1229,104Y016,1.2.2.1. 예금은행 대출금(말잔),Group1,계정항목,BDCA2C1,시설자금,Q,1973Q1,2022Q4,200
1230,104Y016,1.2.2.1. 예금은행 대출금(말잔),Group1,계정항목,BDCA2D,외상채권대출,A,1983,2022,40
1231,104Y016,1.2.2.1. 예금은행 대출금(말잔),Group1,계정항목,BDCA2D,외상채권대출,M,198302,202212,479
1232,104Y016,1.2.2.1. 예금은행 대출금(말잔),Group1,계정항목,BDCA2D,외상채권대출,Q,1983Q1,2022Q4,160
1233,104Y016,1.2.2.1. 예금은행 대출금(말잔),Group1,계정항목,BDCA2E,주택자금,A,1967,2022,56
1234,104Y016,1.2.2.1. 예금은행 대출금(말잔),Group1,계정항목,BDCA2E,주택자금,M,197301,202212,600
1235,104Y016,1.2.2.1. 예금은행 대출금(말잔),Group1,계정항목,BDCA2E,주택자금,Q,1973Q1,2022Q4,200
1236,104Y016,1.2.2.1. 예금은행 대출금(말잔),Group1,계정항목,BDCA2E1,시설자금,A,1972,2022,51
1237,104Y016,1.2.2.1. 예금은행 대출금(말잔),Group1,계정항목,BDCA2E1,시설자금,M,197301,202212,600
1238,104Y016,1.2.2.1. 예금은행 대출금(말잔),Group1,계정항목,BDCA2E1,시설자금,Q,1973Q1,2022Q4,200
1239,104Y016,1.2.2.1. 예금은행 대출금(말잔),Group1,계정항목,BDCA2H,기업구매자금대출,A,2000,2022,23
1240,104Y016,1.2.2.1. 예금은행 대출금(말잔),Group1,계정항목,BDCA2H,기업구매자금대출,M,200007,202212,270
1241,104Y016,1.2.2.1. 예금은행 대출금(말잔),Group1,계정항목,BDCA2H,기업구매자금대출,Q,2000Q3,2022Q4,90
1242,104Y016,1.2.2.1. 예금은행 대출금(말잔),Group1,계정항목,BDCA2I,수출산업설비자금,A,1973,2022,50
1243,104Y016,1.2.2.1. 예금은행 대출금(말잔),Group1,계정항목,BDCA2I,수출산업설비자금,M,197304,202212,597
1244,104Y016,1.2.2.1. 예금은행 대출금(말잔),Group1,계정항목,BDCA2I,수출산업설비자금,Q,1973Q2,2022Q4,199
1245,104Y016,1.2.2.1. 예금은행 대출금(말잔),Group1,계정항목,BDCA31,재정자금,A,1965,2022,58
1246,104Y016,1.2.2.1. 예금은행 대출금(말잔),Group1,계정항목,BDCA31,재정자금,M,197301,202212,600
1247,104Y016,1.2.2.1. 예금은행 대출금(말잔),Group1,계정항목,BDCA31,재정자금,Q,1973Q1,2022Q4,200
1248,104Y016,1.2.2.1. 예금은행 대출금(말잔),Group1,계정항목,BDCA311,시설자금,A,1972,2022,51
1249,104Y016,1.2.2.1. 예금은행 대출금(말잔),Group1,계정항목,BDCA311,시설자금,M,197301,202212,600
1250,104Y016,1.2.2.1. 예금은행 대출금(말잔),Group1,계정항목,BDCA311,시설자금,Q,1973Q1,2022Q4,200
1251,104Y016,1.2.2.1. 예금은행 대출금(말잔),Group1,계정항목,BDCA312,운전자금,A,1972,2022,51
1252,104Y016,1.2.2.1. 예금은행 대출금(말잔),Group1,계정항목,BDCA312,운전자금,M,197301,202212,600
1253,104Y016,1.2.2.1. 예금은행 대출금(말잔),Group1,계정항목,BDCA312,운전자금,Q,1973Q1,2022Q4,200
1254,104Y016,1.2.2.1. 예금은행 대출금(말잔),Group1,계정항목,BDCA32,농업자금,A,1965,2022,58
1255,104Y016,1.2.2.1. 예금은행 대출금(말잔),Group1,계정항목,BDCA32,농업자금,M,197301,202212,600
1256,104Y016,1.2.2.1. 예금은행 대출금(말잔),Group1,계정항목,BDCA32,농업자금,Q,1973Q1,2022Q4,200
1257,104Y016,1.2.2.1. 예금은행 대출금(말잔),Group1,계정항목,BDCA321,시설자금,A,1972,2022,51
1258,111Y009,1.2.2.2. 비은행금융기관 여신(말잔),Group1,계정항목,1000000,비은행금융기관(말잔) 1),A,1993,2022,30
1259,111Y009,1.2.2.2. 비은행금융기관 여신(말잔),Group1,계정항목,1000000,비은행금융기관(말잔) 1),M,199309,202212,352
1260,111Y009,1.2.2.2. 비은행금융기관 여신(말잔),Group1,계정항목,1000000,비은행금융기관(말잔) 1),Q,1993Q3,2022Q4,118
1261,111Y009,1.2.2.2. 비은행금융기관 여신(말잔),Group1,계정항목,1120300,종합금융회사,A,1993,2022,30
1262,111Y009,1.2.2.2. 비은행금융기관 여신(말잔),Group1,계정항목,1120300,종합금융회사,M,199309,202212,352
1263,111Y009,1.2.2.2. 비은행금융기관 여신(말잔),Group1,계정항목,1120300,종합금융회사,Q,1993Q3,2022Q4,118
1264,111Y009,1.2.2.2. 비은행금융기관 여신(말잔),Group1,계정항목,1120400,자산운용회사 2),A,1993,2022,30
1265,111Y009,1.2.2.2. 비은행금융기관 여신(말잔),Group1,계정항목,1120400,자산운용회사 2),M,199309,202212,352
1266,111Y009,1.2.2.2. 비은행금융기관 여신(말잔),Group1,계정항목,1120400,자산운용회사 2),Q,1993Q3,2022Q4,118
1267,111Y009,1.2.2.2. 비은행금융기관 여신(말잔),Group1,계정항목,1120500,신탁회사,A,1993,2022,30
1268,111Y009,1.2.2.2. 비은행금융기관 여신(말잔),Group1,계정항목,1120500,신탁회사,M,199309,202212,352
1269,111Y009,1.2.2.2. 비은행금융기관 여신(말잔),Group1,계정항목,1120500,신탁회사,Q,1993Q3,2022Q4,118
1270,111Y009,1.2.2.2. 비은행금융기관 여신(말잔),Group1,계정항목,1120600,상호저축은행,A,1993,2022,30
1271,111Y009,1.2.2.2. 비은행금융기관 여신(말잔),Group1,계정항목,1120600,상호저축은행,M,199309,202212,352
1272,111Y009,1.2.2.2. 비은행금융기관 여신(말잔),Group1,계정항목,1120600,상호저축은행,Q,1993Q3,2022Q4,118
1273,111Y009,1.2.2.2. 비은행금융기관 여신(말잔),Group1,계정항목,1120700,신용협동조합,A,1993,2022,30
1274,111Y009,1.2.2.2. 비은행금융기관 여신(말잔),Group1,계정항목,1120700,신용협동조합,M,199309,202212,352
1275,111Y009,1.2.2.2. 비은행금융기관 여신(말잔),Group1,계정항목,1120700,신용협동조합,Q,1993Q3,2022Q4,118
1276,111Y009,1.2.2.2. 비은행금융기관 여신(말잔),Group1,계정항목,1120800,상호금융,A,1993,2022,30
1277,111Y009,1.2.2.2. 비은행금융기관 여신(말잔),Group1,계정항목,1120800,상호금융,M,199309,202212,352
1278,111Y009,1.2.2.2. 비은행금융기관 여신(말잔),Group1,계정항목,1120800,상호금융,Q,1993Q3,2022Q4,118
1279,111Y009,1.2.2.2. 비은행금융기관 여신(말잔),Group1,계정항목,1121000,새마을금고,A,1993,2022,30
1280,111Y009,1.2.2.2. 비은행금융기관 여신(말잔),Group1,계정항목,1121000,새마을금고,M,199309,202212,352
1281,111Y009,1.2.2.2. 비은행금융기관 여신(말잔),Group1,계정항목,1121000,새마을금고,Q,1993Q3,2022Q4,118
1282,111Y009,1.2.2.2. 비은행금융기관 여신(말잔),Group1,계정항목,1250000,생명보험 3),A,1993,2022,30
1283,111Y009,1.2.2.2. 비은행금융기관 여신(말잔),Group1,계정항목,1250000,생명보험 3),M,199309,202212,352
1284,111Y009,1.2.2.2. 비은행금융기관 여신(말잔),Group1,계정항목,1250000,생명보험 3),Q,1993Q3,2022Q4,118
1285,111Y009,1.2.2.2. 비은행금융기관 여신(말잔),Group1,계정항목,1290000,기타 4),A,1993,2022,30
1286,111Y009,1.2.2.2. 비은행금융기관 여신(말잔),Group1,계정항목,1290000,기타 4),M,199309,202212,352
1287,111Y009,1.2.2.2. 비은행금융기관 여신(말잔),Group1,계정항목,1290000,기타 4),Q,1993Q3,2022Q4,118
1288,141Y002,1.2.3.1. 예금은행 지역별 수신(말잔),Group1,계정항목,100000,원화예금,A,1995,2021,2597
1289,141Y002,1.2.3.1. 예금은행 지역별 수신(말잔),Group1,계정항목,100000,원화예금,M,198812,202211,32806
1290,141Y002,1.2.3.1. 예금은행 지역별 수신(말잔),Group1,계정항목,100000,원화예금,Q,1995Q4,2022Q3,10368
1291,141Y002,1.2.3.1. 예금은행 지역별 수신(말잔),Group1,계정항목,110000,요구불예금,A,2008,2021,1351
1292,141Y002,1.2.3.1. 예금은행 지역별 수신(말잔),Group1,계정항목,110000,요구불예금,M,200804,202211,16319
1293,141Y002,1.2.3.1. 예금은행 지역별 수신(말잔),Group1,계정항목,110000,요구불예금,Q,2008Q2,2022Q3,5354
1294,141Y002,1.2.3.1. 예금은행 지역별 수신(말잔),Group1,계정항목,110100,당좌예금,A,2008,2021,1152
1295,141Y002,1.2.3.1. 예금은행 지역별 수신(말잔),Group1,계정항목,110100,당좌예금,M,200804,202211,14156
1296,141Y002,1.2.3.1. 예금은행 지역별 수신(말잔),Group1,계정항목,110100,당좌예금,Q,2008Q2,2022Q3,4639
1297,141Y002,1.2.3.1. 예금은행 지역별 수신(말잔),Group1,계정항목,110300,보통예금,A,2008,2021,1175
1298,141Y002,1.2.3.1. 예금은행 지역별 수신(말잔),Group1,계정항목,110300,보통예금,M,200804,202211,14477
1299,141Y002,1.2.3.1. 예금은행 지역별 수신(말잔),Group1,계정항목,110300,보통예금,Q,2008Q2,2022Q3,4738
1300,141Y002,1.2.3.1. 예금은행 지역별 수신(말잔),Group1,계정항목,110400,별단예금,A,2008,2021,1168
1301,141Y002,1.2.3.1. 예금은행 지역별 수신(말잔),Group1,계정항목,110400,별단예금,M,200804,202211,14380
1302,141Y002,1.2.3.1. 예금은행 지역별 수신(말잔),Group1,계정항목,110400,별단예금,Q,2008Q2,2022Q3,4709
1303,141Y002,1.2.3.1. 예금은행 지역별 수신(말잔),Group1,계정항목,120000,저축성예금,A,2008,2021,1351
1304,141Y002,1.2.3.1. 예금은행 지역별 수신(말잔),Group1,계정항목,120000,저축성예금,M,200804,202211,16320
1305,141Y002,1.2.3.1. 예금은행 지역별 수신(말잔),Group1,계정항목,120000,저축성예금,Q,2008Q2,2022Q3,5354
1306,141Y002,1.2.3.1. 예금은행 지역별 수신(말잔),Group1,계정항목,120100,정기예금,A,2008,2021,1175
1307,141Y002,1.2.3.1. 예금은행 지역별 수신(말잔),Group1,계정항목,120100,정기예금,M,200804,202211,14475
1308,141Y002,1.2.3.1. 예금은행 지역별 수신(말잔),Group1,계정항목,120100,정기예금,Q,2008Q2,2022Q3,4737
1309,141Y002,1.2.3.1. 예금은행 지역별 수신(말잔),Group1,계정항목,120200,정기적금,A,2008,2021,1159
1310,141Y002,1.2.3.1. 예금은행 지역별 수신(말잔),Group1,계정항목,120200,정기적금,M,200804,202211,14223
1311,141Y002,1.2.3.1. 예금은행 지역별 수신(말잔),Group1,계정항목,120200,정기적금,Q,2008Q2,2022Q3,4663
1312,141Y002,1.2.3.1. 예금은행 지역별 수신(말잔),Group1,계정항목,120700,저축예금,A,2008,2021,1165
1313,141Y002,1.2.3.1. 예금은행 지역별 수신(말잔),Group1,계정항목,120700,저축예금,M,200804,202211,14330
1314,141Y002,1.2.3.1. 예금은행 지역별 수신(말잔),Group1,계정항목,120700,저축예금,Q,2008Q2,2022Q3,4693
1315,141Y002,1.2.3.1. 예금은행 지역별 수신(말잔),Group2,지역코드,X00,전국,A,1995,2021,1125
1316,141Y002,1.2.3.1. 예금은행 지역별 수신(말잔),Group2,지역코드,X00,전국,M,199512,202211,13579
1317,141Y002,1.2.3.1. 예금은행 지역별 수신(말잔),Group2,지역코드,X00,전국,Q,1995Q4,2022Q3,4449
1318,141Y002,1.2.3.1. 예금은행 지역별 수신(말잔),Group2,지역코드,A00,서울,A,1995,2021,1135
1319,141Y002,1.2.3.1. 예금은행 지역별 수신(말잔),Group2,지역코드,A00,서울,M,199512,202211,13665
1320,141Y002,1.2.3.1. 예금은행 지역별 수신(말잔),Group2,지역코드,A00,서울,Q,1995Q4,2022Q3,4480
1321,141Y002,1.2.3.1. 예금은행 지역별 수신(말잔),Group2,지역코드,B00,부산,A,1995,2021,1099
1322,141Y002,1.2.3.1. 예금은행 지역별 수신(말잔),Group2,지역코드,B00,부산,M,199512,202211,13172
1323,141Y002,1.2.3.1. 예금은행 지역별 수신(말잔),Group2,지역코드,B00,부산,Q,1995Q4,2022Q3,4322
1324,141Y002,1.2.3.1. 예금은행 지역별 수신(말잔),Group2,지역코드,C00,대구,A,1995,2021,1101
1325,141Y002,1.2.3.1. 예금은행 지역별 수신(말잔),Group2,지역코드,C00,대구,M,199512,202211,13161
1326,141Y002,1.2.3.1. 예금은행 지역별 수신(말잔),Group2,지역코드,C00,대구,Q,1995Q4,2022Q3,4319
1327,141Y002,1.2.3.1. 예금은행 지역별 수신(말잔),Group2,지역코드,D00,인천,A,1995,2021,981
1328,141Y002,1.2.3.1. 예금은행 지역별 수신(말잔),Group2,지역코드,D00,인천,M,199512,202211,11772
1329,141Y002,1.2.3.1. 예금은행 지역별 수신(말잔),Group2,지역코드,D00,인천,Q,1995Q4,2022Q3,3858
1330,141Y002,1.2.3.1. 예금은행 지역별 수신(말잔),Group2,지역코드,F00,광주,A,1995,2021,987
1331,141Y002,1.2.3.1. 예금은행 지역별 수신(말잔),Group2,지역코드,F00,광주,M,199512,202211,11937
1332,141Y002,1.2.3.1. 예금은행 지역별 수신(말잔),Group2,지역코드,F00,광주,Q,1995Q4,2022Q3,3908
1333,141Y002,1.2.3.1. 예금은행 지역별 수신(말잔),Group2,지역코드,E00,대전,A,1995,2021,1039
1334,141Y002,1.2.3.1. 예금은행 지역별 수신(말잔),Group2,지역코드,E00,대전,M,198812,202211,12378
1335,141Y002,1.2.3.1. 예금은행 지역별 수신(말잔),Group2,지역코드,E00,대전,Q,1995Q4,2022Q3,4063
1336,141Y002,1.2.3.1. 예금은행 지역별 수신(말잔),Group2,지역코드,G00,울산,A,1997,2021,967
1337,141Y002,1.2.3.1. 예금은행 지역별 수신(말잔),Group2,지역코드,G00,울산,M,199706,202211,11678
1338,141Y002,1.2.3.1. 예금은행 지역별 수신(말잔),Group2,지역코드,G00,울산,Q,1997Q2,2022Q3,3827
1339,141Y002,1.2.3.1. 예금은행 지역별 수신(말잔),Group2,지역코드,L00,경기,A,1995,2021,982
1340,141Y002,1.2.3.1. 예금은행 지역별 수신(말잔),Group2,지역코드,L00,경기,M,199512,202211,11752
1341,141Y002,1.2.3.1. 예금은행 지역별 수신(말잔),Group2,지역코드,L00,경기,Q,1995Q4,2022Q3,3849
1342,141Y002,1.2.3.1. 예금은행 지역별 수신(말잔),Group2,지역코드,M00,강원,A,1995,2021,810
1343,141Y002,1.2.3.1. 예금은행 지역별 수신(말잔),Group2,지역코드,M00,강원,M,199512,202211,9844
1344,141Y002,1.2.3.1. 예금은행 지역별 수신(말잔),Group2,지역코드,M00,강원,Q,1995Q4,2022Q3,3218
1345,141Y002,1.2.3.1. 예금은행 지역별 수신(말잔),Group2,지역코드,N00,충북,A,1995,2021,829
1346,141Y002,1.2.3.1. 예금은행 지역별 수신(말잔),Group2,지역코드,N00,충북,M,199512,202211,10060
1347,141Y002,1.2.3.1. 예금은행 지역별 수신(말잔),Group2,지역코드,N00,충북,Q,1995Q4,2022Q3,3291
1348,141Y002,1.2.3.1. 예금은행 지역별 수신(말잔),Group2,지역코드,P00,충남,A,1995,2021,829
1349,141Y002,1.2.3.1. 예금은행 지역별 수신(말잔),Group2,지역코드,P00,충남,M,199512,202211,10061
1350,141Y002,1.2.3.1. 예금은행 지역별 수신(말잔),Group2,지역코드,P00,충남,Q,1995Q4,2022Q3,3292
1351,141Y002,1.2.3.1. 예금은행 지역별 수신(말잔),Group2,지역코드,Q00,전북,A,1995,2021,978
1352,141Y002,1.2.3.1. 예금은행 지역별 수신(말잔),Group2,지역코드,Q00,전북,M,199512,202211,11845
1353,141Y002,1.2.3.1. 예금은행 지역별 수신(말잔),Group2,지역코드,Q00,전북,Q,1995Q4,2022Q3,3878
1354,141Y002,1.2.3.1. 예금은행 지역별 수신(말잔),Group2,지역코드,R00,전남,A,1995,2021,982
1355,141Y002,1.2.3.1. 예금은행 지역별 수신(말잔),Group2,지역코드,R00,전남,M,199512,202211,11851
1356,141Y002,1.2.3.1. 예금은행 지역별 수신(말잔),Group2,지역코드,R00,전남,Q,1995Q4,2022Q3,3882
1357,141Y002,1.2.3.1. 예금은행 지역별 수신(말잔),Group2,지역코드,S00,경북,A,1995,2021,982
1358,141Y002,1.2.3.1. 예금은행 지역별 수신(말잔),Group2,지역코드,S00,경북,M,199512,202211,11864
1359,141Y002,1.2.3.1. 예금은행 지역별 수신(말잔),Group2,지역코드,S00,경북,Q,1995Q4,2022Q3,3886
1360,141Y002,1.2.3.1. 예금은행 지역별 수신(말잔),Group2,지역코드,T00,경남,A,1995,2021,978
1361,141Y002,1.2.3.1. 예금은행 지역별 수신(말잔),Group2,지역코드,T00,경남,M,199512,202211,11820
1362,141Y002,1.2.3.1. 예금은행 지역별 수신(말잔),Group2,지역코드,T00,경남,Q,1995Q4,2022Q3,3872
1363,141Y002,1.2.3.1. 예금은행 지역별 수신(말잔),Group2,지역코드,U00,제주,A,1995,2021,948
1364,141Y002,1.2.3.1. 예금은행 지역별 수신(말잔),Group2,지역코드,U00,제주,M,199512,202211,11522
1365,141Y002,1.2.3.1. 예금은행 지역별 수신(말잔),Group2,지역코드,U00,제주,Q,1995Q4,2022Q3,3771
1366,141Y002,1.2.3.1. 예금은행 지역별 수신(말잔),Group2,지역코드,H00,세종,A,2012,2021,494
1367,141Y002,1.2.3.1. 예금은행 지역별 수신(말잔),Group2,지역코드,H00,세종,M,201209,202211,5771
1368,141Y002,1.2.3.1. 예금은행 지역별 수신(말잔),Group2,지역코드,H00,세종,Q,2012Q3,2022Q3,1926
1369,141Y002,1.2.3.1. 예금은행 지역별 수신(말잔),Group3,보고기관,0950,예금은행,A,1995,2021,4158
1370,141Y002,1.2.3.1. 예금은행 지역별 수신(말잔),Group3,보고기관,0950,예금은행,M,199512,202211,51787
1371,141Y002,1.2.3.1. 예금은행 지역별 수신(말잔),Group3,보고기관,0950,예금은행,Q,1995Q4,2022Q3,17068
1372,141Y006,1.2.3.2. 비은행예금취급기관 지역별 수신(말잔),Group1,보고기관,0920,비은행금융기관,A,2004,2021,372
1373,141Y006,1.2.3.2. 비은행예금취급기관 지역별 수신(말잔),Group1,보고기관,0920,비은행금융기관,M,200409,202211,4534
1374,141Y006,1.2.3.2. 비은행예금취급기관 지역별 수신(말잔),Group1,보고기관,0920,비은행금융기관,Q,2004Q3,2022Q3,1507
1375,141Y006,1.2.3.2. 비은행예금취급기관 지역별 수신(말잔),Group1,보고기관,0520,종합금융회사,A,2004,2021,372
1376,141Y006,1.2.3.2. 비은행예금취급기관 지역별 수신(말잔),Group1,보고기관,0520,종합금융회사,M,200409,202211,4521
1377,141Y006,1.2.3.2. 비은행예금취급기관 지역별 수신(말잔),Group1,보고기관,0520,종합금융회사,Q,2004Q3,2022Q3,1506
1378,141Y006,1.2.3.2. 비은행예금취급기관 지역별 수신(말잔),Group1,보고기관,0530,자산운용회사,A,2004,2021,372
1379,141Y006,1.2.3.2. 비은행예금취급기관 지역별 수신(말잔),Group1,보고기관,0530,자산운용회사,M,200409,202211,4429
1380,141Y006,1.2.3.2. 비은행예금취급기관 지역별 수신(말잔),Group1,보고기관,0530,자산운용회사,Q,2004Q3,2022Q3,1462
1381,141Y006,1.2.3.2. 비은행예금취급기관 지역별 수신(말잔),Group1,보고기관,0610,신탁회사,A,2004,2021,372
1382,141Y006,1.2.3.2. 비은행예금취급기관 지역별 수신(말잔),Group1,보고기관,0610,신탁회사,M,200409,202211,4533
1383,141Y006,1.2.3.2. 비은행예금취급기관 지역별 수신(말잔),Group1,보고기관,0610,신탁회사,Q,2004Q3,2022Q3,1506
1384,141Y006,1.2.3.2. 비은행예금취급기관 지역별 수신(말잔),Group1,보고기관,0620,상호저축은행,A,2004,2021,372
1385,141Y006,1.2.3.2. 비은행예금취급기관 지역별 수신(말잔),Group1,보고기관,0620,상호저축은행,M,200409,202211,4533
1386,141Y006,1.2.3.2. 비은행예금취급기관 지역별 수신(말잔),Group1,보고기관,0620,상호저축은행,Q,2004Q3,2022Q3,1506
1387,141Y006,1.2.3.2. 비은행예금취급기관 지역별 수신(말잔),Group1,보고기관,0630,신용협동조합,A,2004,2021,372
1388,141Y006,1.2.3.2. 비은행예금취급기관 지역별 수신(말잔),Group1,보고기관,0630,신용협동조합,M,200409,202211,4533
1389,141Y006,1.2.3.2. 비은행예금취급기관 지역별 수신(말잔),Group1,보고기관,0630,신용협동조합,Q,2004Q3,2022Q3,1506
1390,141Y006,1.2.3.2. 비은행예금취급기관 지역별 수신(말잔),Group1,보고기관,0640,상호금융,A,2004,2021,372
1391,141Y006,1.2.3.2. 비은행예금취급기관 지역별 수신(말잔),Group1,보고기관,0640,상호금융,M,200409,202211,4533
1392,141Y006,1.2.3.2. 비은행예금취급기관 지역별 수신(말잔),Group1,보고기관,0640,상호금융,Q,2004Q3,2022Q3,1506
1393,141Y006,1.2.3.2. 비은행예금취급기관 지역별 수신(말잔),Group1,보고기관,0660,새마을금고,A,2004,2021,372
1394,141Y006,1.2.3.2. 비은행예금취급기관 지역별 수신(말잔),Group1,보고기관,0660,새마을금고,M,200409,202211,4533
1395,141Y006,1.2.3.2. 비은행예금취급기관 지역별 수신(말잔),Group1,보고기관,0660,새마을금고,Q,2004Q3,2022Q3,1506
1396,141Y006,1.2.3.2. 비은행예금취급기관 지역별 수신(말잔),Group1,보고기관,4650,기타,A,2004,2021,372
1397,141Y006,1.2.3.2. 비은행예금취급기관 지역별 수신(말잔),Group1,보고기관,4650,기타,M,200409,202211,4533
1398,141Y006,1.2.3.2. 비은행예금취급기관 지역별 수신(말잔),Group1,보고기관,4650,기타,Q,2004Q3,2022Q3,1506
1399,141Y006,1.2.3.2. 비은행예금취급기관 지역별 수신(말잔),Group2,지역코드,X00,전국,A,2004,2021,257
1400,141Y006,1.2.3.2. 비은행예금취급기관 지역별 수신(말잔),Group2,지역코드,X00,전국,M,200409,202211,3164
1401,141Y006,1.2.3.2. 비은행예금취급기관 지역별 수신(말잔),Group2,지역코드,X00,전국,Q,2004Q3,2022Q3,1053
1402,141Y006,1.2.3.2. 비은행예금취급기관 지역별 수신(말잔),Group2,지역코드,A00,서울,A,2004,2021,262
1403,141Y006,1.2.3.2. 비은행예금취급기관 지역별 수신(말잔),Group2,지역코드,A00,서울,M,200409,202211,3220
1404,141Y006,1.2.3.2. 비은행예금취급기관 지역별 수신(말잔),Group2,지역코드,A00,서울,Q,2004Q3,2022Q3,1073
1405,141Y006,1.2.3.2. 비은행예금취급기관 지역별 수신(말잔),Group2,지역코드,B00,부산,A,2004,2021,261
1406,141Y006,1.2.3.2. 비은행예금취급기관 지역별 수신(말잔),Group2,지역코드,B00,부산,M,200409,202211,3210
1407,141Y006,1.2.3.2. 비은행예금취급기관 지역별 수신(말잔),Group2,지역코드,B00,부산,Q,2004Q3,2022Q3,1068
1408,141Y006,1.2.3.2. 비은행예금취급기관 지역별 수신(말잔),Group2,지역코드,C00,대구,A,2004,2021,261
1409,141Y006,1.2.3.2. 비은행예금취급기관 지역별 수신(말잔),Group2,지역코드,C00,대구,M,200409,202211,3210
1410,141Y006,1.2.3.2. 비은행예금취급기관 지역별 수신(말잔),Group2,지역코드,C00,대구,Q,2004Q3,2022Q3,1068
1411,141Y006,1.2.3.2. 비은행예금취급기관 지역별 수신(말잔),Group2,지역코드,D00,인천,A,2004,2021,256
1412,141Y006,1.2.3.2. 비은행예금취급기관 지역별 수신(말잔),Group2,지역코드,D00,인천,M,200409,202211,3151
1413,141Y006,1.2.3.2. 비은행예금취급기관 지역별 수신(말잔),Group2,지역코드,D00,인천,Q,2004Q3,2022Q3,1048
1414,141Y006,1.2.3.2. 비은행예금취급기관 지역별 수신(말잔),Group2,지역코드,F00,광주,A,2004,2021,256
1415,141Y006,1.2.3.2. 비은행예금취급기관 지역별 수신(말잔),Group2,지역코드,F00,광주,M,200409,202211,3154
1416,141Y006,1.2.3.2. 비은행예금취급기관 지역별 수신(말잔),Group2,지역코드,F00,광주,Q,2004Q3,2022Q3,1048
1417,141Y006,1.2.3.2. 비은행예금취급기관 지역별 수신(말잔),Group2,지역코드,E00,대전,A,2004,2021,259
1418,141Y006,1.2.3.2. 비은행예금취급기관 지역별 수신(말잔),Group2,지역코드,E00,대전,M,200409,202211,3187
1419,141Y006,1.2.3.2. 비은행예금취급기관 지역별 수신(말잔),Group2,지역코드,E00,대전,Q,2004Q3,2022Q3,1060
1420,141Y006,1.2.3.2. 비은행예금취급기관 지역별 수신(말잔),Group2,지역코드,G00,울산,A,2004,2021,256
1421,141Y006,1.2.3.2. 비은행예금취급기관 지역별 수신(말잔),Group2,지역코드,G00,울산,M,200409,202211,3154
1422,141Y006,1.2.3.2. 비은행예금취급기관 지역별 수신(말잔),Group2,지역코드,G00,울산,Q,2004Q3,2022Q3,1048
1423,141Y006,1.2.3.2. 비은행예금취급기관 지역별 수신(말잔),Group2,지역코드,L00,경기,A,2004,2021,254
1424,141Y006,1.2.3.2. 비은행예금취급기관 지역별 수신(말잔),Group2,지역코드,L00,경기,M,200409,202211,3125
1425,141Y006,1.2.3.2. 비은행예금취급기관 지역별 수신(말잔),Group2,지역코드,L00,경기,Q,2004Q3,2022Q3,1040
1426,141Y006,1.2.3.2. 비은행예금취급기관 지역별 수신(말잔),Group2,지역코드,M00,강원,A,2004,2021,242
1427,141Y006,1.2.3.2. 비은행예금취급기관 지역별 수신(말잔),Group2,지역코드,M00,강원,M,200409,202211,2977
1428,141Y006,1.2.3.2. 비은행예금취급기관 지역별 수신(말잔),Group2,지역코드,M00,강원,Q,2004Q3,2022Q3,990
1429,141Y006,1.2.3.2. 비은행예금취급기관 지역별 수신(말잔),Group2,지역코드,N00,충북,A,2004,2021,242
1430,141Y006,1.2.3.2. 비은행예금취급기관 지역별 수신(말잔),Group2,지역코드,N00,충북,M,200409,202211,2977
1431,141Y006,1.2.3.2. 비은행예금취급기관 지역별 수신(말잔),Group2,지역코드,N00,충북,Q,2004Q3,2022Q3,990
1432,141Y006,1.2.3.2. 비은행예금취급기관 지역별 수신(말잔),Group2,지역코드,P00,충남,A,2004,2021,242
1433,141Y006,1.2.3.2. 비은행예금취급기관 지역별 수신(말잔),Group2,지역코드,P00,충남,M,200409,202211,2977
1434,141Y006,1.2.3.2. 비은행예금취급기관 지역별 수신(말잔),Group2,지역코드,P00,충남,Q,2004Q3,2022Q3,990
1435,141Y006,1.2.3.2. 비은행예금취급기관 지역별 수신(말잔),Group2,지역코드,Q00,전북,A,2004,2021,256
1436,141Y006,1.2.3.2. 비은행예금취급기관 지역별 수신(말잔),Group2,지역코드,Q00,전북,M,200409,202211,3152
1437,141Y006,1.2.3.2. 비은행예금취급기관 지역별 수신(말잔),Group2,지역코드,Q00,전북,Q,2004Q3,2022Q3,1048
1438,141Y006,1.2.3.2. 비은행예금취급기관 지역별 수신(말잔),Group2,지역코드,R00,전남,A,2004,2021,256
1439,141Y006,1.2.3.2. 비은행예금취급기관 지역별 수신(말잔),Group2,지역코드,R00,전남,M,200409,202211,3154
1440,141Y006,1.2.3.2. 비은행예금취급기관 지역별 수신(말잔),Group2,지역코드,R00,전남,Q,2004Q3,2022Q3,1048
1441,141Y006,1.2.3.2. 비은행예금취급기관 지역별 수신(말잔),Group2,지역코드,S00,경북,A,2004,2021,256
1442,141Y006,1.2.3.2. 비은행예금취급기관 지역별 수신(말잔),Group2,지역코드,S00,경북,M,200409,202211,3154
1443,141Y006,1.2.3.2. 비은행예금취급기관 지역별 수신(말잔),Group2,지역코드,S00,경북,Q,2004Q3,2022Q3,1048
1444,141Y006,1.2.3.2. 비은행예금취급기관 지역별 수신(말잔),Group2,지역코드,T00,경남,A,2004,2021,256
1445,141Y006,1.2.3.2. 비은행예금취급기관 지역별 수신(말잔),Group2,지역코드,T00,경남,M,200409,202211,3152
1446,141Y006,1.2.3.2. 비은행예금취급기관 지역별 수신(말잔),Group2,지역코드,T00,경남,Q,2004Q3,2022Q3,1048
1447,141Y006,1.2.3.2. 비은행예금취급기관 지역별 수신(말잔),Group2,지역코드,U00,제주,A,2004,2021,256
1448,141Y006,1.2.3.2. 비은행예금취급기관 지역별 수신(말잔),Group2,지역코드,U00,제주,M,200409,202211,3152
1449,141Y006,1.2.3.2. 비은행예금취급기관 지역별 수신(말잔),Group2,지역코드,U00,제주,Q,2004Q3,2022Q3,1048
1450,141Y006,1.2.3.2. 비은행예금취급기관 지역별 수신(말잔),Group2,지역코드,H00,세종,A,2012,2021,147
1451,141Y006,1.2.3.2. 비은행예금취급기관 지역별 수신(말잔),Group2,지역코드,H00,세종,M,201206,202211,1828
1452,141Y006,1.2.3.2. 비은행예금취급기관 지역별 수신(말잔),Group2,지역코드,H00,세종,Q,2012Q2,2022Q3,607
1453,141Y008,1.2.3.3. 생명보험회사 지역별 수신(말잔),Group1,보고기관,0710,생명보험회사,A,2004,2021,372
1454,141Y008,1.2.3.3. 생명보험회사 지역별 수신(말잔),Group1,보고기관,0710,생명보험회사,M,200409,202210,4502
1455,141Y008,1.2.3.3. 생명보험회사 지역별 수신(말잔),Group1,보고기관,0710,생명보험회사,Q,2004Q3,2022Q3,1481
1456,141Y008,1.2.3.3. 생명보험회사 지역별 수신(말잔),Group2,지역코드,X00,전국,A,2004,2021,18
1457,141Y008,1.2.3.3. 생명보험회사 지역별 수신(말잔),Group2,지역코드,X00,전국,M,200409,202210,218
1458,141Y008,1.2.3.3. 생명보험회사 지역별 수신(말잔),Group2,지역코드,X00,전국,Q,2004Q3,2022Q3,72
1459,141Y008,1.2.3.3. 생명보험회사 지역별 수신(말잔),Group2,지역코드,A00,서울,A,2004,2021,18
1460,141Y008,1.2.3.3. 생명보험회사 지역별 수신(말잔),Group2,지역코드,A00,서울,M,200409,202210,218
1461,141Y008,1.2.3.3. 생명보험회사 지역별 수신(말잔),Group2,지역코드,A00,서울,Q,2004Q3,2022Q3,72
1462,141Y008,1.2.3.3. 생명보험회사 지역별 수신(말잔),Group2,지역코드,B00,부산,A,2004,2021,18
1463,141Y008,1.2.3.3. 생명보험회사 지역별 수신(말잔),Group2,지역코드,B00,부산,M,200409,202210,218
1464,141Y008,1.2.3.3. 생명보험회사 지역별 수신(말잔),Group2,지역코드,B00,부산,Q,2004Q3,2022Q3,72
1465,141Y008,1.2.3.3. 생명보험회사 지역별 수신(말잔),Group2,지역코드,C00,대구,A,2004,2021,18
1466,141Y008,1.2.3.3. 생명보험회사 지역별 수신(말잔),Group2,지역코드,C00,대구,M,200409,202210,218
1467,141Y008,1.2.3.3. 생명보험회사 지역별 수신(말잔),Group2,지역코드,C00,대구,Q,2004Q3,2022Q3,72
1468,141Y008,1.2.3.3. 생명보험회사 지역별 수신(말잔),Group2,지역코드,D00,인천,A,2004,2021,18
1469,141Y008,1.2.3.3. 생명보험회사 지역별 수신(말잔),Group2,지역코드,D00,인천,M,200409,202210,218
1470,141Y008,1.2.3.3. 생명보험회사 지역별 수신(말잔),Group2,지역코드,D00,인천,Q,2004Q3,2022Q3,72
1471,141Y008,1.2.3.3. 생명보험회사 지역별 수신(말잔),Group2,지역코드,F00,광주,A,2004,2021,18
1472,141Y008,1.2.3.3. 생명보험회사 지역별 수신(말잔),Group2,지역코드,F00,광주,M,200409,202210,218
1473,141Y008,1.2.3.3. 생명보험회사 지역별 수신(말잔),Group2,지역코드,F00,광주,Q,2004Q3,2022Q3,72
1474,141Y008,1.2.3.3. 생명보험회사 지역별 수신(말잔),Group2,지역코드,E00,대전,A,2004,2021,18
1475,141Y008,1.2.3.3. 생명보험회사 지역별 수신(말잔),Group2,지역코드,E00,대전,M,200409,202210,218
1476,141Y008,1.2.3.3. 생명보험회사 지역별 수신(말잔),Group2,지역코드,E00,대전,Q,2004Q3,2022Q3,72
1477,141Y008,1.2.3.3. 생명보험회사 지역별 수신(말잔),Group2,지역코드,G00,울산,A,2004,2021,18
1478,141Y008,1.2.3.3. 생명보험회사 지역별 수신(말잔),Group2,지역코드,G00,울산,M,200409,202210,218
1479,141Y008,1.2.3.3. 생명보험회사 지역별 수신(말잔),Group2,지역코드,G00,울산,Q,2004Q3,2022Q3,72
1480,141Y008,1.2.3.3. 생명보험회사 지역별 수신(말잔),Group2,지역코드,L00,경기,A,2004,2021,18
1481,141Y008,1.2.3.3. 생명보험회사 지역별 수신(말잔),Group2,지역코드,L00,경기,M,200409,202210,218
1482,141Y008,1.2.3.3. 생명보험회사 지역별 수신(말잔),Group2,지역코드,L00,경기,Q,2004Q3,2022Q3,72
1483,141Y008,1.2.3.3. 생명보험회사 지역별 수신(말잔),Group2,지역코드,M00,강원,A,2004,2021,18
1484,141Y008,1.2.3.3. 생명보험회사 지역별 수신(말잔),Group2,지역코드,M00,강원,M,200409,202210,218
1485,141Y008,1.2.3.3. 생명보험회사 지역별 수신(말잔),Group2,지역코드,M00,강원,Q,2004Q3,2022Q3,72
1486,141Y008,1.2.3.3. 생명보험회사 지역별 수신(말잔),Group2,지역코드,N00,충북,A,2004,2021,18
1487,141Y008,1.2.3.3. 생명보험회사 지역별 수신(말잔),Group2,지역코드,N00,충북,M,200409,202210,218
1488,141Y008,1.2.3.3. 생명보험회사 지역별 수신(말잔),Group2,지역코드,N00,충북,Q,2004Q3,2022Q3,72
1489,141Y008,1.2.3.3. 생명보험회사 지역별 수신(말잔),Group2,지역코드,P00,충남,A,2004,2021,18
1490,141Y008,1.2.3.3. 생명보험회사 지역별 수신(말잔),Group2,지역코드,P00,충남,M,200409,202210,218
1491,141Y008,1.2.3.3. 생명보험회사 지역별 수신(말잔),Group2,지역코드,P00,충남,Q,2004Q3,2022Q3,72
1492,141Y008,1.2.3.3. 생명보험회사 지역별 수신(말잔),Group2,지역코드,Q00,전북,A,2004,2021,18
1493,141Y008,1.2.3.3. 생명보험회사 지역별 수신(말잔),Group2,지역코드,Q00,전북,M,200409,202210,218
1494,141Y008,1.2.3.3. 생명보험회사 지역별 수신(말잔),Group2,지역코드,Q00,전북,Q,2004Q3,2022Q3,72
1495,141Y008,1.2.3.3. 생명보험회사 지역별 수신(말잔),Group2,지역코드,R00,전남,A,2004,2021,18
1496,141Y008,1.2.3.3. 생명보험회사 지역별 수신(말잔),Group2,지역코드,R00,전남,M,200409,202210,218
1497,141Y008,1.2.3.3. 생명보험회사 지역별 수신(말잔),Group2,지역코드,R00,전남,Q,2004Q3,2022Q3,72
1498,141Y008,1.2.3.3. 생명보험회사 지역별 수신(말잔),Group2,지역코드,S00,경북,A,2004,2021,18
1499,141Y008,1.2.3.3. 생명보험회사 지역별 수신(말잔),Group2,지역코드,S00,경북,M,200409,202210,218
1500,141Y008,1.2.3.3. 생명보험회사 지역별 수신(말잔),Group2,지역코드,S00,경북,Q,2004Q3,2022Q3,72
1501,141Y008,1.2.3.3. 생명보험회사 지역별 수신(말잔),Group2,지역코드,T00,경남,A,2004,2021,18
1502,141Y008,1.2.3.3. 생명보험회사 지역별 수신(말잔),Group2,지역코드,T00,경남,M,200409,202210,218
1503,141Y008,1.2.3.3. 생명보험회사 지역별 수신(말잔),Group2,지역코드,T00,경남,Q,2004Q3,2022Q3,72
1504,141Y008,1.2.3.3. 생명보험회사 지역별 수신(말잔),Group2,지역코드,U00,제주,A,2004,2021,18
1505,141Y008,1.2.3.3. 생명보험회사 지역별 수신(말잔),Group2,지역코드,U00,제주,M,200409,202210,218
1506,141Y008,1.2.3.3. 생명보험회사 지역별 수신(말잔),Group2,지역코드,U00,제주,Q,2004Q3,2022Q3,72
1507,141Y008,1.2.3.3. 생명보험회사 지역별 수신(말잔),Group2,지역코드,H00,세종,A,2012,2021,10
1508,141Y008,1.2.3.3. 생명보험회사 지역별 수신(말잔),Group2,지역코드,H00,세종,M,201207,202210,124
1509,141Y008,1.2.3.3. 생명보험회사 지역별 수신(말잔),Group2,지역코드,H00,세종,Q,2012Q3,2022Q3,40
1510,141Y003,1.2.3.4.1. 예금은행 지역별 대출금(말잔),Group1,계정항목,200000,원화대출금,A,1995,2021,2588
1511,141Y003,1.2.3.4.1. 예금은행 지역별 대출금(말잔),Group1,계정항목,200000,원화대출금,M,198812,202211,31043
1512,141Y003,1.2.3.4.1. 예금은행 지역별 대출금(말잔),Group1,계정항목,200000,원화대출금,Q,1995Q4,2022Q3,10322
1513,141Y003,1.2.3.4.1. 예금은행 지역별 대출금(말잔),Group1,계정항목,20Y000,(시설자금),A,2008,2021,1163
1514,141Y003,1.2.3.4.1. 예금은행 지역별 대출금(말잔),Group1,계정항목,20Y000,(시설자금),M,200804,202211,14303
1515,141Y003,1.2.3.4.1. 예금은행 지역별 대출금(말잔),Group1,계정항목,20Y000,(시설자금),Q,2008Q2,2022Q3,4688
1516,141Y003,1.2.3.4.1. 예금은행 지역별 대출금(말잔),Group1,계정항목,20X000,(운전자금),A,2008,2021,1169
1517,141Y003,1.2.3.4.1. 예금은행 지역별 대출금(말잔),Group1,계정항목,20X000,(운전자금),M,200804,202211,14382
1518,141Y003,1.2.3.4.1. 예금은행 지역별 대출금(말잔),Group1,계정항목,20X000,(운전자금),Q,2008Q2,2022Q3,4710
1519,141Y003,1.2.3.4.1. 예금은행 지역별 대출금(말잔),Group1,계정항목,210000,금융자금대출금,A,2009,2021,1238
1520,141Y003,1.2.3.4.1. 예금은행 지역별 대출금(말잔),Group1,계정항목,210000,금융자금대출금,M,200911,202211,14213
1521,141Y003,1.2.3.4.1. 예금은행 지역별 대출금(말잔),Group1,계정항목,210000,금융자금대출금,Q,2009Q4,2022Q3,4691
1522,141Y003,1.2.3.4.1. 예금은행 지역별 대출금(말잔),Group1,계정항목,21101A,(할인어음),A,2008,2021,3156
1523,141Y003,1.2.3.4.1. 예금은행 지역별 대출금(말잔),Group1,계정항목,21101A,(할인어음),M,200804,202211,38468
1524,141Y003,1.2.3.4.1. 예금은행 지역별 대출금(말잔),Group1,계정항목,21101A,(할인어음),Q,2008Q2,2022Q3,12646
1525,141Y003,1.2.3.4.1. 예금은행 지역별 대출금(말잔),Group1,계정항목,211020,(당좌대출),A,2008,2021,1138
1526,141Y003,1.2.3.4.1. 예금은행 지역별 대출금(말잔),Group1,계정항목,211020,(당좌대출),M,200804,202211,13977
1527,141Y003,1.2.3.4.1. 예금은행 지역별 대출금(말잔),Group1,계정항목,211020,(당좌대출),Q,2008Q2,2022Q3,4582
1528,141Y003,1.2.3.4.1. 예금은행 지역별 대출금(말잔),Group1,계정항목,21000A,(일반자금),A,2008,2021,3941
1529,141Y003,1.2.3.4.1. 예금은행 지역별 대출금(말잔),Group1,계정항목,21000A,(일반자금),M,200804,202211,48068
1530,141Y003,1.2.3.4.1. 예금은행 지역별 대출금(말잔),Group1,계정항목,21000A,(일반자금),Q,2008Q2,2022Q3,15767
1531,141Y003,1.2.3.4.1. 예금은행 지역별 대출금(말잔),Group1,계정항목,220000,재정자금대출금,A,2008,2021,1140
1532,141Y003,1.2.3.4.1. 예금은행 지역별 대출금(말잔),Group1,계정항목,220000,재정자금대출금,M,200804,202211,14007
1533,141Y003,1.2.3.4.1. 예금은행 지역별 대출금(말잔),Group1,계정항목,220000,재정자금대출금,Q,2008Q2,2022Q3,4593
1534,141Y003,1.2.3.4.1. 예금은행 지역별 대출금(말잔),Group2,지역코드,X00,전국,A,1995,2021,1303
1535,141Y003,1.2.3.4.1. 예금은행 지역별 대출금(말잔),Group2,지역코드,X00,전국,M,199512,202211,15902
1536,141Y003,1.2.3.4.1. 예금은행 지역별 대출금(말잔),Group2,지역코드,X00,전국,Q,1995Q4,2022Q3,5230
1537,141Y003,1.2.3.4.1. 예금은행 지역별 대출금(말잔),Group2,지역코드,A00,서울,A,1995,2021,1319
1538,141Y003,1.2.3.4.1. 예금은행 지역별 대출금(말잔),Group2,지역코드,A00,서울,M,199512,202211,16051
1539,141Y003,1.2.3.4.1. 예금은행 지역별 대출금(말잔),Group2,지역코드,A00,서울,Q,1995Q4,2022Q3,5282
1540,141Y003,1.2.3.4.1. 예금은행 지역별 대출금(말잔),Group2,지역코드,B00,부산,A,1995,2021,1045
1541,141Y003,1.2.3.4.1. 예금은행 지역별 대출금(말잔),Group2,지역코드,B00,부산,M,199512,202211,12675
1542,141Y003,1.2.3.4.1. 예금은행 지역별 대출금(말잔),Group2,지역코드,B00,부산,Q,1995Q4,2022Q3,4181
1543,141Y003,1.2.3.4.1. 예금은행 지역별 대출금(말잔),Group2,지역코드,C00,대구,A,1995,2021,967
1544,141Y003,1.2.3.4.1. 예금은행 지역별 대출금(말잔),Group2,지역코드,C00,대구,M,199512,202211,11621
1545,141Y003,1.2.3.4.1. 예금은행 지역별 대출금(말잔),Group2,지역코드,C00,대구,Q,1995Q4,2022Q3,3841
1546,141Y003,1.2.3.4.1. 예금은행 지역별 대출금(말잔),Group2,지역코드,D00,인천,A,1995,2021,901
1547,141Y003,1.2.3.4.1. 예금은행 지역별 대출금(말잔),Group2,지역코드,D00,인천,M,199512,202211,10865
1548,141Y003,1.2.3.4.1. 예금은행 지역별 대출금(말잔),Group2,지역코드,D00,인천,Q,1995Q4,2022Q3,3585
1549,141Y003,1.2.3.4.1. 예금은행 지역별 대출금(말잔),Group2,지역코드,F00,광주,A,1995,2021,873
1550,141Y003,1.2.3.4.1. 예금은행 지역별 대출금(말잔),Group2,지역코드,F00,광주,M,199512,202211,10644
1551,141Y003,1.2.3.4.1. 예금은행 지역별 대출금(말잔),Group2,지역코드,F00,광주,Q,1995Q4,2022Q3,3505
1552,141Y003,1.2.3.4.1. 예금은행 지역별 대출금(말잔),Group2,지역코드,E00,대전,A,1995,2021,908
1553,141Y003,1.2.3.4.1. 예금은행 지역별 대출금(말잔),Group2,지역코드,E00,대전,M,198812,202211,10941
1554,141Y003,1.2.3.4.1. 예금은행 지역별 대출금(말잔),Group2,지역코드,E00,대전,Q,1995Q4,2022Q3,3611
1555,141Y003,1.2.3.4.1. 예금은행 지역별 대출금(말잔),Group2,지역코드,G00,울산,A,1997,2021,899
1556,141Y003,1.2.3.4.1. 예금은행 지역별 대출금(말잔),Group2,지역코드,G00,울산,M,199706,202211,10965
1557,141Y003,1.2.3.4.1. 예금은행 지역별 대출금(말잔),Group2,지역코드,G00,울산,Q,1997Q2,2022Q3,3611
1558,141Y003,1.2.3.4.1. 예금은행 지역별 대출금(말잔),Group2,지역코드,L00,경기,A,1995,2021,881
1559,141Y003,1.2.3.4.1. 예금은행 지역별 대출금(말잔),Group2,지역코드,L00,경기,M,199512,202211,10630
1560,141Y003,1.2.3.4.1. 예금은행 지역별 대출금(말잔),Group2,지역코드,L00,경기,Q,1995Q4,2022Q3,3513
1561,141Y003,1.2.3.4.1. 예금은행 지역별 대출금(말잔),Group2,지역코드,M00,강원,A,1995,2021,737
1562,141Y003,1.2.3.4.1. 예금은행 지역별 대출금(말잔),Group2,지역코드,M00,강원,M,199512,202211,8970
1563,141Y003,1.2.3.4.1. 예금은행 지역별 대출금(말잔),Group2,지역코드,M00,강원,Q,1995Q4,2022Q3,2958
1564,141Y003,1.2.3.4.1. 예금은행 지역별 대출금(말잔),Group2,지역코드,N00,충북,A,1995,2021,749
1565,141Y003,1.2.3.4.1. 예금은행 지역별 대출금(말잔),Group2,지역코드,N00,충북,M,199512,202211,9154
1566,141Y003,1.2.3.4.1. 예금은행 지역별 대출금(말잔),Group2,지역코드,N00,충북,Q,1995Q4,2022Q3,3016
1567,141Y003,1.2.3.4.1. 예금은행 지역별 대출금(말잔),Group2,지역코드,P00,충남,A,1995,2021,739
1568,141Y003,1.2.3.4.1. 예금은행 지역별 대출금(말잔),Group2,지역코드,P00,충남,M,199512,202211,9008
1569,141Y003,1.2.3.4.1. 예금은행 지역별 대출금(말잔),Group2,지역코드,P00,충남,Q,1995Q4,2022Q3,2973
1570,141Y003,1.2.3.4.1. 예금은행 지역별 대출금(말잔),Group2,지역코드,Q00,전북,A,1995,2021,864
1571,141Y003,1.2.3.4.1. 예금은행 지역별 대출금(말잔),Group2,지역코드,Q00,전북,M,199512,202211,10544
1572,141Y003,1.2.3.4.1. 예금은행 지역별 대출금(말잔),Group2,지역코드,Q00,전북,Q,1995Q4,2022Q3,3474
1573,141Y003,1.2.3.4.1. 예금은행 지역별 대출금(말잔),Group2,지역코드,R00,전남,A,1995,2021,848
1574,141Y003,1.2.3.4.1. 예금은행 지역별 대출금(말잔),Group2,지역코드,R00,전남,M,199512,202211,10337
1575,141Y003,1.2.3.4.1. 예금은행 지역별 대출금(말잔),Group2,지역코드,R00,전남,Q,1995Q4,2022Q3,3405
1576,141Y003,1.2.3.4.1. 예금은행 지역별 대출금(말잔),Group2,지역코드,S00,경북,A,1995,2021,898
1577,141Y003,1.2.3.4.1. 예금은행 지역별 대출금(말잔),Group2,지역코드,S00,경북,M,199512,202211,10949
1578,141Y003,1.2.3.4.1. 예금은행 지역별 대출금(말잔),Group2,지역코드,S00,경북,Q,1995Q4,2022Q3,3604
1579,141Y003,1.2.3.4.1. 예금은행 지역별 대출금(말잔),Group2,지역코드,T00,경남,A,1995,2021,908
1580,141Y003,1.2.3.4.1. 예금은행 지역별 대출금(말잔),Group2,지역코드,T00,경남,M,199512,202211,11072
1581,141Y003,1.2.3.4.1. 예금은행 지역별 대출금(말잔),Group2,지역코드,T00,경남,Q,1995Q4,2022Q3,3644
1582,141Y003,1.2.3.4.1. 예금은행 지역별 대출금(말잔),Group2,지역코드,U00,제주,A,1995,2021,832
1583,141Y003,1.2.3.4.1. 예금은행 지역별 대출금(말잔),Group2,지역코드,U00,제주,M,199512,202211,10152
1584,141Y003,1.2.3.4.1. 예금은행 지역별 대출금(말잔),Group2,지역코드,U00,제주,Q,1995Q4,2022Q3,3344
1585,141Y003,1.2.3.4.1. 예금은행 지역별 대출금(말잔),Group2,지역코드,H00,세종,A,2012,2021,405
1586,141Y003,1.2.3.4.1. 예금은행 지역별 대출금(말잔),Group2,지역코드,H00,세종,M,201209,202211,4727
1587,141Y003,1.2.3.4.1. 예금은행 지역별 대출금(말잔),Group2,지역코드,H00,세종,Q,2012Q3,2022Q3,1576
1588,141Y003,1.2.3.4.1. 예금은행 지역별 대출금(말잔),Group3,보고기관,0950,예금은행,A,1995,2021,2742
1589,141Y003,1.2.3.4.1. 예금은행 지역별 대출금(말잔),Group3,보고기관,0950,예금은행,M,199512,202211,34315
1590,141Y003,1.2.3.4.1. 예금은행 지역별 대출금(말잔),Group3,보고기관,0950,예금은행,Q,1995Q4,2022Q3,11332
1591,151Y003,1.2.3.4.2. 예금은행 지역별 가계대출(말잔),Group1,계정항목,1111000,예금은행,A,2003,2021,333
1592,151Y003,1.2.3.4.2. 예금은행 지역별 가계대출(말잔),Group1,계정항목,1111000,예금은행,M,200310,202211,4033
1593,151Y003,1.2.3.4.2. 예금은행 지역별 가계대출(말잔),Group1,계정항목,1111000,예금은행,Q,2003Q4,2022Q3,1333
1594,151Y003,1.2.3.4.2. 예금은행 지역별 가계대출(말잔),Group1,계정항목,11110A0,주택담보대출-예금은행,A,2006,2021,282
1595,151Y003,1.2.3.4.2. 예금은행 지역별 가계대출(말잔),Group1,계정항목,11110A0,주택담보대출-예금은행,M,200612,202211,3387
1596,151Y003,1.2.3.4.2. 예금은행 지역별 가계대출(말잔),Group1,계정항목,11110A0,주택담보대출-예금은행,Q,2006Q4,2022Q3,1129
1597,151Y003,1.2.3.4.2. 예금은행 지역별 가계대출(말잔),Group1,계정항목,11110B0,기타대출-예금은행,A,2006,2021,282
1598,151Y003,1.2.3.4.2. 예금은행 지역별 가계대출(말잔),Group1,계정항목,11110B0,기타대출-예금은행,M,200612,202211,3387
1599,151Y003,1.2.3.4.2. 예금은행 지역별 가계대출(말잔),Group1,계정항목,11110B0,기타대출-예금은행,Q,2006Q4,2022Q3,1129
1600,151Y003,1.2.3.4.2. 예금은행 지역별 가계대출(말잔),Group2,지역코드,X00,전국,A,2003,2021,230
1601,151Y003,1.2.3.4.2. 예금은행 지역별 가계대출(말잔),Group2,지역코드,X00,전국,M,200310,202211,2751
1602,151Y003,1.2.3.4.2. 예금은행 지역별 가계대출(말잔),Group2,지역코드,X00,전국,Q,2003Q4,2022Q3,917
1603,151Y003,1.2.3.4.2. 예금은행 지역별 가계대출(말잔),Group2,지역코드,A00,서울,A,2003,2021,230
1604,151Y003,1.2.3.4.2. 예금은행 지역별 가계대출(말잔),Group2,지역코드,A00,서울,M,200310,202211,2751
1605,151Y003,1.2.3.4.2. 예금은행 지역별 가계대출(말잔),Group2,지역코드,A00,서울,Q,2003Q4,2022Q3,917
1606,151Y003,1.2.3.4.2. 예금은행 지역별 가계대출(말잔),Group2,지역코드,B00,부산,A,2003,2021,230
1607,151Y003,1.2.3.4.2. 예금은행 지역별 가계대출(말잔),Group2,지역코드,B00,부산,M,200310,202211,2751
1608,151Y003,1.2.3.4.2. 예금은행 지역별 가계대출(말잔),Group2,지역코드,B00,부산,Q,2003Q4,2022Q3,917
1609,151Y003,1.2.3.4.2. 예금은행 지역별 가계대출(말잔),Group2,지역코드,C00,대구,A,2003,2021,230
1610,151Y003,1.2.3.4.2. 예금은행 지역별 가계대출(말잔),Group2,지역코드,C00,대구,M,200310,202211,2751
1611,151Y003,1.2.3.4.2. 예금은행 지역별 가계대출(말잔),Group2,지역코드,C00,대구,Q,2003Q4,2022Q3,917
1612,151Y003,1.2.3.4.2. 예금은행 지역별 가계대출(말잔),Group2,지역코드,D00,인천,A,2003,2021,230
1613,151Y003,1.2.3.4.2. 예금은행 지역별 가계대출(말잔),Group2,지역코드,D00,인천,M,200310,202211,2751
1614,151Y003,1.2.3.4.2. 예금은행 지역별 가계대출(말잔),Group2,지역코드,D00,인천,Q,2003Q4,2022Q3,917
1615,151Y003,1.2.3.4.2. 예금은행 지역별 가계대출(말잔),Group2,지역코드,F00,광주,A,2003,2021,230
1616,151Y003,1.2.3.4.2. 예금은행 지역별 가계대출(말잔),Group2,지역코드,F00,광주,M,200310,202211,2751
1617,151Y003,1.2.3.4.2. 예금은행 지역별 가계대출(말잔),Group2,지역코드,F00,광주,Q,2003Q4,2022Q3,917
1618,151Y003,1.2.3.4.2. 예금은행 지역별 가계대출(말잔),Group2,지역코드,E00,대전,A,2003,2021,230
1619,151Y003,1.2.3.4.2. 예금은행 지역별 가계대출(말잔),Group2,지역코드,E00,대전,M,200310,202211,2751
1620,151Y003,1.2.3.4.2. 예금은행 지역별 가계대출(말잔),Group2,지역코드,E00,대전,Q,2003Q4,2022Q3,917
1621,151Y003,1.2.3.4.2. 예금은행 지역별 가계대출(말잔),Group2,지역코드,G00,울산,A,2003,2021,230
1622,151Y003,1.2.3.4.2. 예금은행 지역별 가계대출(말잔),Group2,지역코드,G00,울산,M,200310,202211,2751
1623,151Y003,1.2.3.4.2. 예금은행 지역별 가계대출(말잔),Group2,지역코드,G00,울산,Q,2003Q4,2022Q3,917
1624,151Y003,1.2.3.4.2. 예금은행 지역별 가계대출(말잔),Group2,지역코드,H00,세종,A,2008,2021,154
1625,151Y003,1.2.3.4.2. 예금은행 지역별 가계대출(말잔),Group2,지역코드,H00,세종,M,200812,202211,1844
1626,151Y003,1.2.3.4.2. 예금은행 지역별 가계대출(말잔),Group2,지역코드,H00,세종,Q,2008Q4,2022Q3,618
1627,151Y003,1.2.3.4.2. 예금은행 지역별 가계대출(말잔),Group2,지역코드,L00,경기,A,2003,2021,230
1628,151Y003,1.2.3.4.2. 예금은행 지역별 가계대출(말잔),Group2,지역코드,L00,경기,M,200310,202211,2751
1629,151Y003,1.2.3.4.2. 예금은행 지역별 가계대출(말잔),Group2,지역코드,L00,경기,Q,2003Q4,2022Q3,917
1630,151Y003,1.2.3.4.2. 예금은행 지역별 가계대출(말잔),Group2,지역코드,M00,강원,A,2003,2021,230
1631,151Y003,1.2.3.4.2. 예금은행 지역별 가계대출(말잔),Group2,지역코드,M00,강원,M,200310,202211,2751
1632,151Y003,1.2.3.4.2. 예금은행 지역별 가계대출(말잔),Group2,지역코드,M00,강원,Q,2003Q4,2022Q3,917
1633,151Y003,1.2.3.4.2. 예금은행 지역별 가계대출(말잔),Group2,지역코드,N00,충북,A,2003,2021,230
1634,151Y003,1.2.3.4.2. 예금은행 지역별 가계대출(말잔),Group2,지역코드,N00,충북,M,200310,202211,2751
1635,151Y003,1.2.3.4.2. 예금은행 지역별 가계대출(말잔),Group2,지역코드,N00,충북,Q,2003Q4,2022Q3,917
1636,151Y003,1.2.3.4.2. 예금은행 지역별 가계대출(말잔),Group2,지역코드,P00,충남,A,2003,2021,230
1637,151Y003,1.2.3.4.2. 예금은행 지역별 가계대출(말잔),Group2,지역코드,P00,충남,M,200310,202211,2751
1638,151Y003,1.2.3.4.2. 예금은행 지역별 가계대출(말잔),Group2,지역코드,P00,충남,Q,2003Q4,2022Q3,917
1639,151Y003,1.2.3.4.2. 예금은행 지역별 가계대출(말잔),Group2,지역코드,Q00,전북,A,2003,2021,230
1640,151Y003,1.2.3.4.2. 예금은행 지역별 가계대출(말잔),Group2,지역코드,Q00,전북,M,200310,202211,2751
1641,151Y003,1.2.3.4.2. 예금은행 지역별 가계대출(말잔),Group2,지역코드,Q00,전북,Q,2003Q4,2022Q3,917
1642,151Y003,1.2.3.4.2. 예금은행 지역별 가계대출(말잔),Group2,지역코드,R00,전남,A,2003,2021,230
1643,151Y003,1.2.3.4.2. 예금은행 지역별 가계대출(말잔),Group2,지역코드,R00,전남,M,200310,202211,2751
1644,151Y003,1.2.3.4.2. 예금은행 지역별 가계대출(말잔),Group2,지역코드,R00,전남,Q,2003Q4,2022Q3,917
1645,151Y003,1.2.3.4.2. 예금은행 지역별 가계대출(말잔),Group2,지역코드,S00,경북,A,2003,2021,230
1646,151Y003,1.2.3.4.2. 예금은행 지역별 가계대출(말잔),Group2,지역코드,S00,경북,M,200310,202211,2751
1647,151Y003,1.2.3.4.2. 예금은행 지역별 가계대출(말잔),Group2,지역코드,S00,경북,Q,2003Q4,2022Q3,917
1648,151Y003,1.2.3.4.2. 예금은행 지역별 가계대출(말잔),Group2,지역코드,T00,경남,A,2003,2021,230
1649,151Y003,1.2.3.4.2. 예금은행 지역별 가계대출(말잔),Group2,지역코드,T00,경남,M,200310,202211,2751
1650,151Y003,1.2.3.4.2. 예금은행 지역별 가계대출(말잔),Group2,지역코드,T00,경남,Q,2003Q4,2022Q3,917
1651,151Y003,1.2.3.4.2. 예금은행 지역별 가계대출(말잔),Group2,지역코드,U00,제주,A,2003,2021,230
1652,151Y003,1.2.3.4.2. 예금은행 지역별 가계대출(말잔),Group2,지역코드,U00,제주,M,200310,202211,2751
1653,151Y003,1.2.3.4.2. 예금은행 지역별 가계대출(말잔),Group2,지역코드,U00,제주,Q,2003Q4,2022Q3,917
1654,141Y004,1.2.3.4.3. 예금은행 지역별 기업대출(말잔),Group1,계정항목,1A0000,기업대출금,A,2007,2021,1356
1655,141Y004,1.2.3.4.3. 예금은행 지역별 기업대출(말잔),Group1,계정항목,1A0000,기업대출금,M,200701,202211,15795
1656,141Y004,1.2.3.4.3. 예금은행 지역별 기업대출(말잔),Group1,계정항목,1A0000,기업대출금,Q,2007Q1,2022Q3,5217
1657,141Y004,1.2.3.4.3. 예금은행 지역별 기업대출(말잔),Group1,계정항목,X120000,중소기업대출,A,2007,2021,1353
1658,141Y004,1.2.3.4.3. 예금은행 지역별 기업대출(말잔),Group1,계정항목,X120000,중소기업대출,M,200701,202211,15811
1659,141Y004,1.2.3.4.3. 예금은행 지역별 기업대출(말잔),Group1,계정항목,X120000,중소기업대출,Q,2007Q1,2022Q3,5218
1660,141Y004,1.2.3.4.3. 예금은행 지역별 기업대출(말잔),Group1,계정항목,X120Z00,중소기업시설,A,2007,2021,1347
1661,141Y004,1.2.3.4.3. 예금은행 지역별 기업대출(말잔),Group1,계정항목,X120Z00,중소기업시설,M,200701,202211,15747
1662,141Y004,1.2.3.4.3. 예금은행 지역별 기업대출(말잔),Group1,계정항목,X120Z00,중소기업시설,Q,2007Q1,2022Q3,5200
1663,141Y004,1.2.3.4.3. 예금은행 지역별 기업대출(말잔),Group2,지역코드,X00,전국,A,2007,2021,802
1664,141Y004,1.2.3.4.3. 예금은행 지역별 기업대출(말잔),Group2,지역코드,X00,전국,M,200701,202211,9356
1665,141Y004,1.2.3.4.3. 예금은행 지역별 기업대출(말잔),Group2,지역코드,X00,전국,Q,2007Q1,2022Q3,3088
1666,141Y004,1.2.3.4.3. 예금은행 지역별 기업대출(말잔),Group2,지역코드,A00,서울,A,2007,2021,802
1667,141Y004,1.2.3.4.3. 예금은행 지역별 기업대출(말잔),Group2,지역코드,A00,서울,M,200701,202211,9356
1668,141Y004,1.2.3.4.3. 예금은행 지역별 기업대출(말잔),Group2,지역코드,A00,서울,Q,2007Q1,2022Q3,3088
1669,141Y004,1.2.3.4.3. 예금은행 지역별 기업대출(말잔),Group2,지역코드,B00,부산,A,2007,2021,796
1670,141Y004,1.2.3.4.3. 예금은행 지역별 기업대출(말잔),Group2,지역코드,B00,부산,M,200701,202211,9274
1671,141Y004,1.2.3.4.3. 예금은행 지역별 기업대출(말잔),Group2,지역코드,B00,부산,Q,2007Q1,2022Q3,3070
1672,141Y004,1.2.3.4.3. 예금은행 지역별 기업대출(말잔),Group2,지역코드,C00,대구,A,2007,2021,758
1673,141Y004,1.2.3.4.3. 예금은행 지역별 기업대출(말잔),Group2,지역코드,C00,대구,M,200701,202211,8830
1674,141Y004,1.2.3.4.3. 예금은행 지역별 기업대출(말잔),Group2,지역코드,C00,대구,Q,2007Q1,2022Q3,2928
1675,141Y004,1.2.3.4.3. 예금은행 지역별 기업대출(말잔),Group2,지역코드,D00,인천,A,2007,2021,706
1676,141Y004,1.2.3.4.3. 예금은행 지역별 기업대출(말잔),Group2,지역코드,D00,인천,M,200701,202211,8245
1677,141Y004,1.2.3.4.3. 예금은행 지역별 기업대출(말잔),Group2,지역코드,D00,인천,Q,2007Q1,2022Q3,2729
1678,141Y004,1.2.3.4.3. 예금은행 지역별 기업대출(말잔),Group2,지역코드,F00,광주,A,2007,2021,702
1679,141Y004,1.2.3.4.3. 예금은행 지역별 기업대출(말잔),Group2,지역코드,F00,광주,M,200701,202211,8200
1680,141Y004,1.2.3.4.3. 예금은행 지역별 기업대출(말잔),Group2,지역코드,F00,광주,Q,2007Q1,2022Q3,2710
1681,141Y004,1.2.3.4.3. 예금은행 지역별 기업대출(말잔),Group2,지역코드,E00,대전,A,2007,2021,730
1682,141Y004,1.2.3.4.3. 예금은행 지역별 기업대출(말잔),Group2,지역코드,E00,대전,M,200701,202211,8505
1683,141Y004,1.2.3.4.3. 예금은행 지역별 기업대출(말잔),Group2,지역코드,E00,대전,Q,2007Q1,2022Q3,2819
1684,141Y004,1.2.3.4.3. 예금은행 지역별 기업대출(말잔),Group2,지역코드,G00,울산,A,2007,2021,702
1685,141Y004,1.2.3.4.3. 예금은행 지역별 기업대출(말잔),Group2,지역코드,G00,울산,M,200701,202211,8200
1686,141Y004,1.2.3.4.3. 예금은행 지역별 기업대출(말잔),Group2,지역코드,G00,울산,Q,2007Q1,2022Q3,2710
1687,141Y004,1.2.3.4.3. 예금은행 지역별 기업대출(말잔),Group2,지역코드,L00,경기,A,2007,2021,682
1688,141Y004,1.2.3.4.3. 예금은행 지역별 기업대출(말잔),Group2,지역코드,L00,경기,M,200701,202211,7973
1689,141Y004,1.2.3.4.3. 예금은행 지역별 기업대출(말잔),Group2,지역코드,L00,경기,Q,2007Q1,2022Q3,2641
1690,141Y004,1.2.3.4.3. 예금은행 지역별 기업대출(말잔),Group2,지역코드,M00,강원,A,2007,2021,593
1691,141Y004,1.2.3.4.3. 예금은행 지역별 기업대출(말잔),Group2,지역코드,M00,강원,M,200701,202211,6947
1692,141Y004,1.2.3.4.3. 예금은행 지역별 기업대출(말잔),Group2,지역코드,M00,강원,Q,2007Q1,2022Q3,2296
1693,141Y004,1.2.3.4.3. 예금은행 지역별 기업대출(말잔),Group2,지역코드,N00,충북,A,2007,2021,593
1694,141Y004,1.2.3.4.3. 예금은행 지역별 기업대출(말잔),Group2,지역코드,N00,충북,M,200701,202211,6947
1695,141Y004,1.2.3.4.3. 예금은행 지역별 기업대출(말잔),Group2,지역코드,N00,충북,Q,2007Q1,2022Q3,2296
1696,141Y004,1.2.3.4.3. 예금은행 지역별 기업대출(말잔),Group2,지역코드,P00,충남,A,2007,2021,593
1697,141Y004,1.2.3.4.3. 예금은행 지역별 기업대출(말잔),Group2,지역코드,P00,충남,M,200701,202211,6947
1698,141Y004,1.2.3.4.3. 예금은행 지역별 기업대출(말잔),Group2,지역코드,P00,충남,Q,2007Q1,2022Q3,2296
1699,141Y004,1.2.3.4.3. 예금은행 지역별 기업대출(말잔),Group2,지역코드,Q00,전북,A,2007,2021,696
1700,141Y004,1.2.3.4.3. 예금은행 지역별 기업대출(말잔),Group2,지역코드,Q00,전북,M,200701,202211,8118
1701,141Y004,1.2.3.4.3. 예금은행 지역별 기업대출(말잔),Group2,지역코드,Q00,전북,Q,2007Q1,2022Q3,2685
1702,141Y004,1.2.3.4.3. 예금은행 지역별 기업대출(말잔),Group2,지역코드,R00,전남,A,2007,2021,702
1703,141Y004,1.2.3.4.3. 예금은행 지역별 기업대출(말잔),Group2,지역코드,R00,전남,M,200701,202211,8200
1704,141Y004,1.2.3.4.3. 예금은행 지역별 기업대출(말잔),Group2,지역코드,R00,전남,Q,2007Q1,2022Q3,2710
1705,141Y004,1.2.3.4.3. 예금은행 지역별 기업대출(말잔),Group2,지역코드,S00,경북,A,2007,2021,702
1706,141Y004,1.2.3.4.3. 예금은행 지역별 기업대출(말잔),Group2,지역코드,S00,경북,M,200701,202211,8200
1707,141Y004,1.2.3.4.3. 예금은행 지역별 기업대출(말잔),Group2,지역코드,S00,경북,Q,2007Q1,2022Q3,2710
1708,141Y004,1.2.3.4.3. 예금은행 지역별 기업대출(말잔),Group2,지역코드,T00,경남,A,2007,2021,702
1709,141Y004,1.2.3.4.3. 예금은행 지역별 기업대출(말잔),Group2,지역코드,T00,경남,M,200701,202211,8200
1710,141Y004,1.2.3.4.3. 예금은행 지역별 기업대출(말잔),Group2,지역코드,T00,경남,Q,2007Q1,2022Q3,2710
1711,141Y004,1.2.3.4.3. 예금은행 지역별 기업대출(말잔),Group2,지역코드,U00,제주,A,2007,2021,702
1712,141Y004,1.2.3.4.3. 예금은행 지역별 기업대출(말잔),Group2,지역코드,U00,제주,M,200701,202211,8200
1713,141Y004,1.2.3.4.3. 예금은행 지역별 기업대출(말잔),Group2,지역코드,U00,제주,Q,2007Q1,2022Q3,2710
1714,141Y004,1.2.3.4.3. 예금은행 지역별 기업대출(말잔),Group2,지역코드,H00,세종,A,2012,2021,417
1715,141Y004,1.2.3.4.3. 예금은행 지역별 기업대출(말잔),Group2,지역코드,H00,세종,M,201209,202211,4857
1716,141Y004,1.2.3.4.3. 예금은행 지역별 기업대출(말잔),Group2,지역코드,H00,세종,Q,2012Q3,2022Q3,1619
1717,141Y004,1.2.3.4.3. 예금은행 지역별 기업대출(말잔),Group3,보고기관,0950,예금은행,A,2007,2021,3395
1718,141Y004,1.2.3.4.3. 예금은행 지역별 기업대출(말잔),Group3,보고기관,0950,예금은행,M,200701,202211,41717
1719,141Y004,1.2.3.4.3. 예금은행 지역별 기업대출(말잔),Group3,보고기관,0950,예금은행,Q,2007Q1,2022Q3,13795
1720,141Y007,1.2.3.5.1. 비은행예금취급기관 지역별 여신(말잔),Group1,보고기관,0920,비은행금융기관,A,2004,2021,372
1721,141Y007,1.2.3.5.1. 비은행예금취급기관 지역별 여신(말잔),Group1,보고기관,0920,비은행금융기관,M,200409,202211,4526
1722,141Y007,1.2.3.5.1. 비은행예금취급기관 지역별 여신(말잔),Group1,보고기관,0920,비은행금융기관,Q,2004Q3,2022Q3,1506
1723,141Y007,1.2.3.5.1. 비은행예금취급기관 지역별 여신(말잔),Group1,보고기관,0520,종합금융회사,A,2004,2021,372
1724,141Y007,1.2.3.5.1. 비은행예금취급기관 지역별 여신(말잔),Group1,보고기관,0520,종합금융회사,M,200409,202211,4512
1725,141Y007,1.2.3.5.1. 비은행예금취급기관 지역별 여신(말잔),Group1,보고기관,0520,종합금융회사,Q,2004Q3,2022Q3,1506
1726,141Y007,1.2.3.5.1. 비은행예금취급기관 지역별 여신(말잔),Group1,보고기관,0610,신탁회사,A,2004,2021,372
1727,141Y007,1.2.3.5.1. 비은행예금취급기관 지역별 여신(말잔),Group1,보고기관,0610,신탁회사,M,200409,202211,4526
1728,141Y007,1.2.3.5.1. 비은행예금취급기관 지역별 여신(말잔),Group1,보고기관,0610,신탁회사,Q,2004Q3,2022Q3,1506
1729,141Y007,1.2.3.5.1. 비은행예금취급기관 지역별 여신(말잔),Group1,보고기관,0620,상호저축은행,A,2004,2021,372
1730,141Y007,1.2.3.5.1. 비은행예금취급기관 지역별 여신(말잔),Group1,보고기관,0620,상호저축은행,M,200409,202211,4526
1731,141Y007,1.2.3.5.1. 비은행예금취급기관 지역별 여신(말잔),Group1,보고기관,0620,상호저축은행,Q,2004Q3,2022Q3,1506
1732,141Y007,1.2.3.5.1. 비은행예금취급기관 지역별 여신(말잔),Group1,보고기관,0630,신용협동조합,A,2004,2021,372
1733,141Y007,1.2.3.5.1. 비은행예금취급기관 지역별 여신(말잔),Group1,보고기관,0630,신용협동조합,M,200409,202211,4526
1734,141Y007,1.2.3.5.1. 비은행예금취급기관 지역별 여신(말잔),Group1,보고기관,0630,신용협동조합,Q,2004Q3,2022Q3,1506
1735,141Y007,1.2.3.5.1. 비은행예금취급기관 지역별 여신(말잔),Group1,보고기관,0640,상호금융,A,2004,2021,372
1736,141Y007,1.2.3.5.1. 비은행예금취급기관 지역별 여신(말잔),Group1,보고기관,0640,상호금융,M,200409,202211,4526
1737,141Y007,1.2.3.5.1. 비은행예금취급기관 지역별 여신(말잔),Group1,보고기관,0640,상호금융,Q,2004Q3,2022Q3,1506
1738,141Y007,1.2.3.5.1. 비은행예금취급기관 지역별 여신(말잔),Group1,보고기관,0660,새마을금고,A,2004,2021,372
1739,141Y007,1.2.3.5.1. 비은행예금취급기관 지역별 여신(말잔),Group1,보고기관,0660,새마을금고,M,200409,202211,4526
1740,141Y007,1.2.3.5.1. 비은행예금취급기관 지역별 여신(말잔),Group1,보고기관,0660,새마을금고,Q,2004Q3,2022Q3,1506
1741,141Y007,1.2.3.5.1. 비은행예금취급기관 지역별 여신(말잔),Group1,보고기관,4650,기타,A,2004,2021,372
1742,141Y007,1.2.3.5.1. 비은행예금취급기관 지역별 여신(말잔),Group1,보고기관,4650,기타,M,200409,202211,4526
1743,141Y007,1.2.3.5.1. 비은행예금취급기관 지역별 여신(말잔),Group1,보고기관,4650,기타,Q,2004Q3,2022Q3,1506
1744,141Y007,1.2.3.5.1. 비은행예금취급기관 지역별 여신(말잔),Group2,지역코드,X00,전국,A,2004,2021,242
1745,141Y007,1.2.3.5.1. 비은행예금취급기관 지역별 여신(말잔),Group2,지역코드,X00,전국,M,200409,202211,2970
1746,141Y007,1.2.3.5.1. 비은행예금취급기관 지역별 여신(말잔),Group2,지역코드,X00,전국,Q,2004Q3,2022Q3,989
1747,141Y007,1.2.3.5.1. 비은행예금취급기관 지역별 여신(말잔),Group2,지역코드,A00,서울,A,2004,2021,248
1748,141Y007,1.2.3.5.1. 비은행예금취급기관 지역별 여신(말잔),Group2,지역코드,A00,서울,M,200409,202211,3045
1749,141Y007,1.2.3.5.1. 비은행예금취급기관 지역별 여신(말잔),Group2,지역코드,A00,서울,Q,2004Q3,2022Q3,1015
1750,141Y007,1.2.3.5.1. 비은행예금취급기관 지역별 여신(말잔),Group2,지역코드,B00,부산,A,2004,2021,246
1751,141Y007,1.2.3.5.1. 비은행예금취급기관 지역별 여신(말잔),Group2,지역코드,B00,부산,M,200409,202211,3037
1752,141Y007,1.2.3.5.1. 비은행예금취급기관 지역별 여신(말잔),Group2,지역코드,B00,부산,Q,2004Q3,2022Q3,1011
1753,141Y007,1.2.3.5.1. 비은행예금취급기관 지역별 여신(말잔),Group2,지역코드,C00,대구,A,2004,2021,246
1754,141Y007,1.2.3.5.1. 비은행예금취급기관 지역별 여신(말잔),Group2,지역코드,C00,대구,M,200409,202211,3037
1755,141Y007,1.2.3.5.1. 비은행예금취급기관 지역별 여신(말잔),Group2,지역코드,C00,대구,Q,2004Q3,2022Q3,1011
1756,141Y007,1.2.3.5.1. 비은행예금취급기관 지역별 여신(말잔),Group2,지역코드,D00,인천,A,2004,2021,240
1757,141Y007,1.2.3.5.1. 비은행예금취급기관 지역별 여신(말잔),Group2,지역코드,D00,인천,M,200409,202211,2962
1758,141Y007,1.2.3.5.1. 비은행예금취급기관 지역별 여신(말잔),Group2,지역코드,D00,인천,Q,2004Q3,2022Q3,986
1759,141Y007,1.2.3.5.1. 비은행예금취급기관 지역별 여신(말잔),Group2,지역코드,F00,광주,A,2004,2021,241
1760,141Y007,1.2.3.5.1. 비은행예금취급기관 지역별 여신(말잔),Group2,지역코드,F00,광주,M,200409,202211,2981
1761,141Y007,1.2.3.5.1. 비은행예금취급기관 지역별 여신(말잔),Group2,지역코드,F00,광주,Q,2004Q3,2022Q3,991
1762,141Y007,1.2.3.5.1. 비은행예금취급기관 지역별 여신(말잔),Group2,지역코드,E00,대전,A,2004,2021,243
1763,141Y007,1.2.3.5.1. 비은행예금취급기관 지역별 여신(말잔),Group2,지역코드,E00,대전,M,200409,202211,3000
1764,141Y007,1.2.3.5.1. 비은행예금취급기관 지역별 여신(말잔),Group2,지역코드,E00,대전,Q,2004Q3,2022Q3,999
1765,141Y007,1.2.3.5.1. 비은행예금취급기관 지역별 여신(말잔),Group2,지역코드,G00,울산,A,2004,2021,241
1766,141Y007,1.2.3.5.1. 비은행예금취급기관 지역별 여신(말잔),Group2,지역코드,G00,울산,M,200409,202211,2981
1767,141Y007,1.2.3.5.1. 비은행예금취급기관 지역별 여신(말잔),Group2,지역코드,G00,울산,Q,2004Q3,2022Q3,991
1768,141Y007,1.2.3.5.1. 비은행예금취급기관 지역별 여신(말잔),Group2,지역코드,L00,경기,A,2004,2021,238
1769,141Y007,1.2.3.5.1. 비은행예금취급기관 지역별 여신(말잔),Group2,지역코드,L00,경기,M,200409,202211,2943
1770,141Y007,1.2.3.5.1. 비은행예금취급기관 지역별 여신(말잔),Group2,지역코드,L00,경기,Q,2004Q3,2022Q3,980
1771,141Y007,1.2.3.5.1. 비은행예금취급기관 지역별 여신(말잔),Group2,지역코드,M00,강원,A,2004,2021,227
1772,141Y007,1.2.3.5.1. 비은행예금취급기관 지역별 여신(말잔),Group2,지역코드,M00,강원,M,200409,202211,2801
1773,141Y007,1.2.3.5.1. 비은행예금취급기관 지역별 여신(말잔),Group2,지역코드,M00,강원,Q,2004Q3,2022Q3,932
1774,141Y007,1.2.3.5.1. 비은행예금취급기관 지역별 여신(말잔),Group2,지역코드,N00,충북,A,2004,2021,227
1775,141Y007,1.2.3.5.1. 비은행예금취급기관 지역별 여신(말잔),Group2,지역코드,N00,충북,M,200409,202211,2804
1776,141Y007,1.2.3.5.1. 비은행예금취급기관 지역별 여신(말잔),Group2,지역코드,N00,충북,Q,2004Q3,2022Q3,933
1777,141Y007,1.2.3.5.1. 비은행예금취급기관 지역별 여신(말잔),Group2,지역코드,P00,충남,A,2004,2021,227
1778,141Y007,1.2.3.5.1. 비은행예금취급기관 지역별 여신(말잔),Group2,지역코드,P00,충남,M,200409,202211,2796
1779,141Y007,1.2.3.5.1. 비은행예금취급기관 지역별 여신(말잔),Group2,지역코드,P00,충남,Q,2004Q3,2022Q3,930
1780,141Y007,1.2.3.5.1. 비은행예금취급기관 지역별 여신(말잔),Group2,지역코드,Q00,전북,A,2004,2021,241
1781,141Y007,1.2.3.5.1. 비은행예금취급기관 지역별 여신(말잔),Group2,지역코드,Q00,전북,M,200409,202211,2974
1782,141Y007,1.2.3.5.1. 비은행예금취급기관 지역별 여신(말잔),Group2,지역코드,Q00,전북,Q,2004Q3,2022Q3,989
1783,141Y007,1.2.3.5.1. 비은행예금취급기관 지역별 여신(말잔),Group2,지역코드,R00,전남,A,2004,2021,240
1784,141Y007,1.2.3.5.1. 비은행예금취급기관 지역별 여신(말잔),Group2,지역코드,R00,전남,M,200409,202211,2950
1785,141Y007,1.2.3.5.1. 비은행예금취급기관 지역별 여신(말잔),Group2,지역코드,R00,전남,Q,2004Q3,2022Q3,981
1786,141Y007,1.2.3.5.1. 비은행예금취급기관 지역별 여신(말잔),Group2,지역코드,S00,경북,A,2004,2021,241
1787,141Y007,1.2.3.5.1. 비은행예금취급기관 지역별 여신(말잔),Group2,지역코드,S00,경북,M,200409,202211,2972
1788,141Y007,1.2.3.5.1. 비은행예금취급기관 지역별 여신(말잔),Group2,지역코드,S00,경북,Q,2004Q3,2022Q3,988
1789,141Y007,1.2.3.5.1. 비은행예금취급기관 지역별 여신(말잔),Group2,지역코드,T00,경남,A,2004,2021,241
1790,141Y007,1.2.3.5.1. 비은행예금취급기관 지역별 여신(말잔),Group2,지역코드,T00,경남,M,200409,202211,2974
1791,141Y007,1.2.3.5.1. 비은행예금취급기관 지역별 여신(말잔),Group2,지역코드,T00,경남,Q,2004Q3,2022Q3,989
1792,141Y007,1.2.3.5.1. 비은행예금취급기관 지역별 여신(말잔),Group2,지역코드,U00,제주,A,2004,2021,240
1793,141Y007,1.2.3.5.1. 비은행예금취급기관 지역별 여신(말잔),Group2,지역코드,U00,제주,M,200409,202211,2963
1794,141Y007,1.2.3.5.1. 비은행예금취급기관 지역별 여신(말잔),Group2,지역코드,U00,제주,Q,2004Q3,2022Q3,985
1795,141Y007,1.2.3.5.1. 비은행예금취급기관 지역별 여신(말잔),Group2,지역코드,H00,세종,A,2012,2021,132
1796,141Y007,1.2.3.5.1. 비은행예금취급기관 지역별 여신(말잔),Group2,지역코드,H00,세종,M,201208,202211,1638
1797,141Y007,1.2.3.5.1. 비은행예금취급기관 지역별 여신(말잔),Group2,지역코드,H00,세종,Q,2012Q3,2022Q3,543
1798,151Y006,1.2.3.5.2. 비은행예금취급기관 지역별 가계대출(말잔),Group1,계정항목,11A0000,비은행예금취급기관,A,2007,2021,266
1799,151Y006,1.2.3.5.2. 비은행예금취급기관 지역별 가계대출(말잔),Group1,계정항목,11A0000,비은행예금취급기관,M,200712,202211,3184
1800,151Y006,1.2.3.5.2. 비은행예금취급기관 지역별 가계대출(말잔),Group1,계정항목,11A0000,비은행예금취급기관,Q,2007Q4,2022Q3,1062
1801,151Y006,1.2.3.5.2. 비은행예금취급기관 지역별 가계대출(말잔),Group1,계정항목,11A00A0,주택담보대출,A,2007,2021,265
1802,151Y006,1.2.3.5.2. 비은행예금취급기관 지역별 가계대출(말잔),Group1,계정항목,11A00A0,주택담보대출,M,200712,202211,3183
1803,151Y006,1.2.3.5.2. 비은행예금취급기관 지역별 가계대출(말잔),Group1,계정항목,11A00A0,주택담보대출,Q,2007Q4,2022Q3,1061
1804,151Y006,1.2.3.5.2. 비은행예금취급기관 지역별 가계대출(말잔),Group1,계정항목,11A00B0,기타대출,A,2007,2021,266
1805,151Y006,1.2.3.5.2. 비은행예금취급기관 지역별 가계대출(말잔),Group1,계정항목,11A00B0,기타대출,M,200712,202211,3184
1806,151Y006,1.2.3.5.2. 비은행예금취급기관 지역별 가계대출(말잔),Group1,계정항목,11A00B0,기타대출,Q,2007Q4,2022Q3,1062
1807,151Y006,1.2.3.5.2. 비은행예금취급기관 지역별 가계대출(말잔),Group1,계정항목,1112000,상호저축은행,A,2007,2021,265
1808,151Y006,1.2.3.5.2. 비은행예금취급기관 지역별 가계대출(말잔),Group1,계정항목,1112000,상호저축은행,M,200712,202211,3183
1809,151Y006,1.2.3.5.2. 비은행예금취급기관 지역별 가계대출(말잔),Group1,계정항목,1112000,상호저축은행,Q,2007Q4,2022Q3,1061
1810,151Y006,1.2.3.5.2. 비은행예금취급기관 지역별 가계대출(말잔),Group1,계정항목,1113100,신용협동조합,A,2007,2021,265
1811,151Y006,1.2.3.5.2. 비은행예금취급기관 지역별 가계대출(말잔),Group1,계정항목,1113100,신용협동조합,M,200712,202211,3183
1812,151Y006,1.2.3.5.2. 비은행예금취급기관 지역별 가계대출(말잔),Group1,계정항목,1113100,신용협동조합,Q,2007Q4,2022Q3,1061
1813,151Y006,1.2.3.5.2. 비은행예금취급기관 지역별 가계대출(말잔),Group1,계정항목,1113200,상호금융,A,2007,2021,265
1814,151Y006,1.2.3.5.2. 비은행예금취급기관 지역별 가계대출(말잔),Group1,계정항목,1113200,상호금융,M,200712,202211,3183
1815,151Y006,1.2.3.5.2. 비은행예금취급기관 지역별 가계대출(말잔),Group1,계정항목,1113200,상호금융,Q,2007Q4,2022Q3,1061
1816,151Y006,1.2.3.5.2. 비은행예금취급기관 지역별 가계대출(말잔),Group1,계정항목,1113300,새마을금고,A,2007,2021,265
1817,151Y006,1.2.3.5.2. 비은행예금취급기관 지역별 가계대출(말잔),Group1,계정항목,1113300,새마을금고,M,200712,202211,3183
1818,151Y006,1.2.3.5.2. 비은행예금취급기관 지역별 가계대출(말잔),Group1,계정항목,1113300,새마을금고,Q,2007Q4,2022Q3,1061
1819,151Y006,1.2.3.5.2. 비은행예금취급기관 지역별 가계대출(말잔),Group1,계정항목,1114000,기타,A,2007,2021,265
1820,151Y006,1.2.3.5.2. 비은행예금취급기관 지역별 가계대출(말잔),Group1,계정항목,1114000,기타,M,200712,202211,3183
1821,151Y006,1.2.3.5.2. 비은행예금취급기관 지역별 가계대출(말잔),Group1,계정항목,1114000,기타,Q,2007Q4,2022Q3,1061
1822,151Y006,1.2.3.5.2. 비은행예금취급기관 지역별 가계대출(말잔),Group2,지역코드,X00,전국,A,2007,2021,134
1823,151Y006,1.2.3.5.2. 비은행예금취급기관 지역별 가계대출(말잔),Group2,지역코드,X00,전국,M,200712,202211,1598
1824,151Y006,1.2.3.5.2. 비은행예금취급기관 지역별 가계대출(말잔),Group2,지역코드,X00,전국,Q,2007Q4,2022Q3,533
1825,151Y006,1.2.3.5.2. 비은행예금취급기관 지역별 가계대출(말잔),Group2,지역코드,A00,서울,A,2007,2021,134
1826,151Y006,1.2.3.5.2. 비은행예금취급기관 지역별 가계대출(말잔),Group2,지역코드,A00,서울,M,200712,202211,1598
1827,151Y006,1.2.3.5.2. 비은행예금취급기관 지역별 가계대출(말잔),Group2,지역코드,A00,서울,Q,2007Q4,2022Q3,533
1828,151Y006,1.2.3.5.2. 비은행예금취급기관 지역별 가계대출(말잔),Group2,지역코드,B00,부산,A,2007,2021,134
1829,151Y006,1.2.3.5.2. 비은행예금취급기관 지역별 가계대출(말잔),Group2,지역코드,B00,부산,M,200712,202211,1598
1830,151Y006,1.2.3.5.2. 비은행예금취급기관 지역별 가계대출(말잔),Group2,지역코드,B00,부산,Q,2007Q4,2022Q3,533
1831,151Y006,1.2.3.5.2. 비은행예금취급기관 지역별 가계대출(말잔),Group2,지역코드,C00,대구,A,2007,2021,134
1832,151Y006,1.2.3.5.2. 비은행예금취급기관 지역별 가계대출(말잔),Group2,지역코드,C00,대구,M,200712,202211,1598
1833,151Y006,1.2.3.5.2. 비은행예금취급기관 지역별 가계대출(말잔),Group2,지역코드,C00,대구,Q,2007Q4,2022Q3,533
1834,151Y006,1.2.3.5.2. 비은행예금취급기관 지역별 가계대출(말잔),Group2,지역코드,D00,인천,A,2007,2021,134
1835,151Y006,1.2.3.5.2. 비은행예금취급기관 지역별 가계대출(말잔),Group2,지역코드,D00,인천,M,200712,202211,1598
1836,151Y006,1.2.3.5.2. 비은행예금취급기관 지역별 가계대출(말잔),Group2,지역코드,D00,인천,Q,2007Q4,2022Q3,533
1837,151Y006,1.2.3.5.2. 비은행예금취급기관 지역별 가계대출(말잔),Group2,지역코드,F00,광주,A,2007,2021,134
1838,151Y006,1.2.3.5.2. 비은행예금취급기관 지역별 가계대출(말잔),Group2,지역코드,F00,광주,M,200712,202211,1598
1839,151Y006,1.2.3.5.2. 비은행예금취급기관 지역별 가계대출(말잔),Group2,지역코드,F00,광주,Q,2007Q4,2022Q3,533
1840,151Y006,1.2.3.5.2. 비은행예금취급기관 지역별 가계대출(말잔),Group2,지역코드,E00,대전,A,2007,2021,134
1841,151Y006,1.2.3.5.2. 비은행예금취급기관 지역별 가계대출(말잔),Group2,지역코드,E00,대전,M,200712,202211,1598
1842,151Y006,1.2.3.5.2. 비은행예금취급기관 지역별 가계대출(말잔),Group2,지역코드,E00,대전,Q,2007Q4,2022Q3,533
1843,151Y006,1.2.3.5.2. 비은행예금취급기관 지역별 가계대출(말잔),Group2,지역코드,G00,울산,A,2007,2021,134
1844,151Y006,1.2.3.5.2. 비은행예금취급기관 지역별 가계대출(말잔),Group2,지역코드,G00,울산,M,200712,202211,1598
1845,151Y006,1.2.3.5.2. 비은행예금취급기관 지역별 가계대출(말잔),Group2,지역코드,G00,울산,Q,2007Q4,2022Q3,533
1846,151Y006,1.2.3.5.2. 비은행예금취급기관 지역별 가계대출(말잔),Group2,지역코드,H00,세종,A,2008,2021,92
1847,151Y006,1.2.3.5.2. 비은행예금취급기관 지역별 가계대출(말잔),Group2,지역코드,H00,세종,M,200812,202211,1105
1848,151Y006,1.2.3.5.2. 비은행예금취급기관 지역별 가계대출(말잔),Group2,지역코드,H00,세종,Q,2008Q4,2022Q3,370
1849,151Y006,1.2.3.5.2. 비은행예금취급기관 지역별 가계대출(말잔),Group2,지역코드,L00,경기,A,2007,2021,134
1850,151Y006,1.2.3.5.2. 비은행예금취급기관 지역별 가계대출(말잔),Group2,지역코드,L00,경기,M,200712,202211,1598
1851,151Y006,1.2.3.5.2. 비은행예금취급기관 지역별 가계대출(말잔),Group2,지역코드,L00,경기,Q,2007Q4,2022Q3,533
1852,151Y006,1.2.3.5.2. 비은행예금취급기관 지역별 가계대출(말잔),Group2,지역코드,M00,강원,A,2007,2021,134
1853,151Y006,1.2.3.5.2. 비은행예금취급기관 지역별 가계대출(말잔),Group2,지역코드,M00,강원,M,200712,202211,1598
1854,151Y006,1.2.3.5.2. 비은행예금취급기관 지역별 가계대출(말잔),Group2,지역코드,M00,강원,Q,2007Q4,2022Q3,533
1855,151Y006,1.2.3.5.2. 비은행예금취급기관 지역별 가계대출(말잔),Group2,지역코드,N00,충북,A,2007,2021,134
1856,151Y006,1.2.3.5.2. 비은행예금취급기관 지역별 가계대출(말잔),Group2,지역코드,N00,충북,M,200712,202211,1598
1857,151Y006,1.2.3.5.2. 비은행예금취급기관 지역별 가계대출(말잔),Group2,지역코드,N00,충북,Q,2007Q4,2022Q3,533
1858,151Y006,1.2.3.5.2. 비은행예금취급기관 지역별 가계대출(말잔),Group2,지역코드,P00,충남,A,2007,2021,134
1859,151Y006,1.2.3.5.2. 비은행예금취급기관 지역별 가계대출(말잔),Group2,지역코드,P00,충남,M,200712,202211,1598
1860,151Y006,1.2.3.5.2. 비은행예금취급기관 지역별 가계대출(말잔),Group2,지역코드,P00,충남,Q,2007Q4,2022Q3,533
1861,151Y006,1.2.3.5.2. 비은행예금취급기관 지역별 가계대출(말잔),Group2,지역코드,Q00,전북,A,2007,2021,134
1862,151Y006,1.2.3.5.2. 비은행예금취급기관 지역별 가계대출(말잔),Group2,지역코드,Q00,전북,M,200712,202211,1598
1863,151Y006,1.2.3.5.2. 비은행예금취급기관 지역별 가계대출(말잔),Group2,지역코드,Q00,전북,Q,2007Q4,2022Q3,533
1864,151Y006,1.2.3.5.2. 비은행예금취급기관 지역별 가계대출(말잔),Group2,지역코드,R00,전남,A,2007,2021,134
1865,151Y006,1.2.3.5.2. 비은행예금취급기관 지역별 가계대출(말잔),Group2,지역코드,R00,전남,M,200712,202211,1598
1866,151Y006,1.2.3.5.2. 비은행예금취급기관 지역별 가계대출(말잔),Group2,지역코드,R00,전남,Q,2007Q4,2022Q3,533
1867,151Y006,1.2.3.5.2. 비은행예금취급기관 지역별 가계대출(말잔),Group2,지역코드,S00,경북,A,2007,2021,134
1868,151Y006,1.2.3.5.2. 비은행예금취급기관 지역별 가계대출(말잔),Group2,지역코드,S00,경북,M,200712,202211,1598
1869,151Y006,1.2.3.5.2. 비은행예금취급기관 지역별 가계대출(말잔),Group2,지역코드,S00,경북,Q,2007Q4,2022Q3,533
1870,151Y006,1.2.3.5.2. 비은행예금취급기관 지역별 가계대출(말잔),Group2,지역코드,T00,경남,A,2007,2021,134
1871,151Y006,1.2.3.5.2. 비은행예금취급기관 지역별 가계대출(말잔),Group2,지역코드,T00,경남,M,200712,202211,1598
1872,151Y006,1.2.3.5.2. 비은행예금취급기관 지역별 가계대출(말잔),Group2,지역코드,T00,경남,Q,2007Q4,2022Q3,533
1873,151Y006,1.2.3.5.2. 비은행예금취급기관 지역별 가계대출(말잔),Group2,지역코드,U00,제주,A,2007,2021,134
1874,151Y006,1.2.3.5.2. 비은행예금취급기관 지역별 가계대출(말잔),Group2,지역코드,U00,제주,M,200712,202211,1598
1875,151Y006,1.2.3.5.2. 비은행예금취급기관 지역별 가계대출(말잔),Group2,지역코드,U00,제주,Q,2007Q4,2022Q3,533
1876,141Y010,1.2.3.5.3. 비은행예금취급기관 지역별 기업대출(말잔),Group1,계정항목,AEX10000,기업대출금,A,2013,2021,1308
1877,141Y010,1.2.3.5.3. 비은행예금취급기관 지역별 기업대출(말잔),Group1,계정항목,AEX10000,기업대출금,M,201301,202211,16926
1878,141Y010,1.2.3.5.3. 비은행예금취급기관 지역별 기업대출(말잔),Group1,계정항목,AEX10000,기업대출금,Q,2013Q1,2022Q3,5556
1879,141Y010,1.2.3.5.3. 비은행예금취급기관 지역별 기업대출(말잔),Group1,계정항목,AEX12000,중소기업대출금,A,2013,2021,1308
1880,141Y010,1.2.3.5.3. 비은행예금취급기관 지역별 기업대출(말잔),Group1,계정항목,AEX12000,중소기업대출금,M,201301,202211,16926
1881,141Y010,1.2.3.5.3. 비은행예금취급기관 지역별 기업대출(말잔),Group1,계정항목,AEX12000,중소기업대출금,Q,2013Q1,2022Q3,5556
1882,141Y010,1.2.3.5.3. 비은행예금취급기관 지역별 기업대출(말잔),Group2,보고기관,0920,비은행금융기관,A,2013,2021,436
1883,141Y010,1.2.3.5.3. 비은행예금취급기관 지역별 기업대출(말잔),Group2,보고기관,0920,비은행금융기관,M,201301,202211,5642
1884,141Y010,1.2.3.5.3. 비은행예금취급기관 지역별 기업대출(말잔),Group2,보고기관,0920,비은행금융기관,Q,2013Q1,2022Q3,1852
1885,141Y010,1.2.3.5.3. 비은행예금취급기관 지역별 기업대출(말잔),Group2,보고기관,0620,상호저축은행,A,2013,2021,436
1886,141Y010,1.2.3.5.3. 비은행예금취급기관 지역별 기업대출(말잔),Group2,보고기관,0620,상호저축은행,M,201301,202211,5642
1887,141Y010,1.2.3.5.3. 비은행예금취급기관 지역별 기업대출(말잔),Group2,보고기관,0620,상호저축은행,Q,2013Q1,2022Q3,1852
1888,141Y010,1.2.3.5.3. 비은행예금취급기관 지역별 기업대출(말잔),Group2,보고기관,0630,신용협동조합,A,2013,2021,436
1889,141Y010,1.2.3.5.3. 비은행예금취급기관 지역별 기업대출(말잔),Group2,보고기관,0630,신용협동조합,M,201301,202211,5642
1890,141Y010,1.2.3.5.3. 비은행예금취급기관 지역별 기업대출(말잔),Group2,보고기관,0630,신용협동조합,Q,2013Q1,2022Q3,1852
1891,141Y010,1.2.3.5.3. 비은행예금취급기관 지역별 기업대출(말잔),Group2,보고기관,0640,상호금융,A,2013,2021,436
1892,141Y010,1.2.3.5.3. 비은행예금취급기관 지역별 기업대출(말잔),Group2,보고기관,0640,상호금융,M,201301,202211,5642
1893,141Y010,1.2.3.5.3. 비은행예금취급기관 지역별 기업대출(말잔),Group2,보고기관,0640,상호금융,Q,2013Q1,2022Q3,1852
1894,141Y010,1.2.3.5.3. 비은행예금취급기관 지역별 기업대출(말잔),Group2,보고기관,0660,새마을금고,A,2013,2021,436
1895,141Y010,1.2.3.5.3. 비은행예금취급기관 지역별 기업대출(말잔),Group2,보고기관,0660,새마을금고,M,201301,202211,5642
1896,141Y010,1.2.3.5.3. 비은행예금취급기관 지역별 기업대출(말잔),Group2,보고기관,0660,새마을금고,Q,2013Q1,2022Q3,1852
1897,141Y010,1.2.3.5.3. 비은행예금취급기관 지역별 기업대출(말잔),Group2,보고기관,0690,기타,A,2013,2021,436
1898,141Y010,1.2.3.5.3. 비은행예금취급기관 지역별 기업대출(말잔),Group2,보고기관,0690,기타,M,201301,202211,5642
1899,141Y010,1.2.3.5.3. 비은행예금취급기관 지역별 기업대출(말잔),Group2,보고기관,0690,기타,Q,2013Q1,2022Q3,1852
1900,141Y010,1.2.3.5.3. 비은행예금취급기관 지역별 기업대출(말잔),Group3,지역코드,X00,전국,A,2013,2021,108
1901,141Y010,1.2.3.5.3. 비은행예금취급기관 지역별 기업대출(말잔),Group3,지역코드,X00,전국,M,201301,202211,1428
1902,141Y010,1.2.3.5.3. 비은행예금취급기관 지역별 기업대출(말잔),Group3,지역코드,X00,전국,Q,2013Q1,2022Q3,468
1903,141Y010,1.2.3.5.3. 비은행예금취급기관 지역별 기업대출(말잔),Group3,지역코드,A00,서울,A,2013,2021,108
1904,141Y010,1.2.3.5.3. 비은행예금취급기관 지역별 기업대출(말잔),Group3,지역코드,A00,서울,M,201301,202211,1428
1905,141Y010,1.2.3.5.3. 비은행예금취급기관 지역별 기업대출(말잔),Group3,지역코드,A00,서울,Q,2013Q1,2022Q3,468
1906,141Y010,1.2.3.5.3. 비은행예금취급기관 지역별 기업대출(말잔),Group3,지역코드,B00,부산,A,2013,2021,108
1907,141Y010,1.2.3.5.3. 비은행예금취급기관 지역별 기업대출(말잔),Group3,지역코드,B00,부산,M,201301,202211,1428
1908,141Y010,1.2.3.5.3. 비은행예금취급기관 지역별 기업대출(말잔),Group3,지역코드,B00,부산,Q,2013Q1,2022Q3,468
1909,141Y010,1.2.3.5.3. 비은행예금취급기관 지역별 기업대출(말잔),Group3,지역코드,C00,대구,A,2013,2021,108
1910,141Y010,1.2.3.5.3. 비은행예금취급기관 지역별 기업대출(말잔),Group3,지역코드,C00,대구,M,201301,202211,1428
1911,141Y010,1.2.3.5.3. 비은행예금취급기관 지역별 기업대출(말잔),Group3,지역코드,C00,대구,Q,2013Q1,2022Q3,468
1912,141Y010,1.2.3.5.3. 비은행예금취급기관 지역별 기업대출(말잔),Group3,지역코드,D00,인천,A,2013,2021,108
1913,141Y010,1.2.3.5.3. 비은행예금취급기관 지역별 기업대출(말잔),Group3,지역코드,D00,인천,M,201301,202211,1428
1914,141Y010,1.2.3.5.3. 비은행예금취급기관 지역별 기업대출(말잔),Group3,지역코드,D00,인천,Q,2013Q1,2022Q3,468
1915,141Y010,1.2.3.5.3. 비은행예금취급기관 지역별 기업대출(말잔),Group3,지역코드,F00,광주,A,2013,2021,108
1916,141Y010,1.2.3.5.3. 비은행예금취급기관 지역별 기업대출(말잔),Group3,지역코드,F00,광주,M,201301,202211,1428
1917,141Y010,1.2.3.5.3. 비은행예금취급기관 지역별 기업대출(말잔),Group3,지역코드,F00,광주,Q,2013Q1,2022Q3,468
1918,141Y010,1.2.3.5.3. 비은행예금취급기관 지역별 기업대출(말잔),Group3,지역코드,E00,대전,A,2013,2021,108
1919,141Y010,1.2.3.5.3. 비은행예금취급기관 지역별 기업대출(말잔),Group3,지역코드,E00,대전,M,201301,202211,1428
1920,141Y010,1.2.3.5.3. 비은행예금취급기관 지역별 기업대출(말잔),Group3,지역코드,E00,대전,Q,2013Q1,2022Q3,468
1921,141Y010,1.2.3.5.3. 비은행예금취급기관 지역별 기업대출(말잔),Group3,지역코드,G00,울산,A,2013,2021,108
1922,141Y010,1.2.3.5.3. 비은행예금취급기관 지역별 기업대출(말잔),Group3,지역코드,G00,울산,M,201301,202211,1428
1923,141Y010,1.2.3.5.3. 비은행예금취급기관 지역별 기업대출(말잔),Group3,지역코드,G00,울산,Q,2013Q1,2022Q3,468
1924,141Y010,1.2.3.5.3. 비은행예금취급기관 지역별 기업대출(말잔),Group3,지역코드,L00,경기,A,2013,2021,108
1925,141Y010,1.2.3.5.3. 비은행예금취급기관 지역별 기업대출(말잔),Group3,지역코드,L00,경기,M,201301,202211,1428
1926,141Y010,1.2.3.5.3. 비은행예금취급기관 지역별 기업대출(말잔),Group3,지역코드,L00,경기,Q,2013Q1,2022Q3,468
1927,141Y010,1.2.3.5.3. 비은행예금취급기관 지역별 기업대출(말잔),Group3,지역코드,M00,강원,A,2013,2021,108
1928,141Y010,1.2.3.5.3. 비은행예금취급기관 지역별 기업대출(말잔),Group3,지역코드,M00,강원,M,201301,202211,1428
1929,141Y010,1.2.3.5.3. 비은행예금취급기관 지역별 기업대출(말잔),Group3,지역코드,M00,강원,Q,2013Q1,2022Q3,468
1930,141Y010,1.2.3.5.3. 비은행예금취급기관 지역별 기업대출(말잔),Group3,지역코드,N00,충북,A,2013,2021,108
1931,141Y010,1.2.3.5.3. 비은행예금취급기관 지역별 기업대출(말잔),Group3,지역코드,N00,충북,M,201301,202211,1428
1932,141Y010,1.2.3.5.3. 비은행예금취급기관 지역별 기업대출(말잔),Group3,지역코드,N00,충북,Q,2013Q1,2022Q3,468
1933,141Y010,1.2.3.5.3. 비은행예금취급기관 지역별 기업대출(말잔),Group3,지역코드,P00,충남,A,2013,2021,108
1934,141Y010,1.2.3.5.3. 비은행예금취급기관 지역별 기업대출(말잔),Group3,지역코드,P00,충남,M,201301,202211,1428
1935,141Y010,1.2.3.5.3. 비은행예금취급기관 지역별 기업대출(말잔),Group3,지역코드,P00,충남,Q,2013Q1,2022Q3,468
1936,141Y010,1.2.3.5.3. 비은행예금취급기관 지역별 기업대출(말잔),Group3,지역코드,Q00,전북,A,2013,2021,108
1937,141Y010,1.2.3.5.3. 비은행예금취급기관 지역별 기업대출(말잔),Group3,지역코드,Q00,전북,M,201301,202211,1428
1938,141Y010,1.2.3.5.3. 비은행예금취급기관 지역별 기업대출(말잔),Group3,지역코드,Q00,전북,Q,2013Q1,2022Q3,468
1939,141Y010,1.2.3.5.3. 비은행예금취급기관 지역별 기업대출(말잔),Group3,지역코드,R00,전남,A,2013,2021,108
1940,141Y010,1.2.3.5.3. 비은행예금취급기관 지역별 기업대출(말잔),Group3,지역코드,R00,전남,M,201301,202211,1428
1941,141Y010,1.2.3.5.3. 비은행예금취급기관 지역별 기업대출(말잔),Group3,지역코드,R00,전남,Q,2013Q1,2022Q3,468
1942,141Y010,1.2.3.5.3. 비은행예금취급기관 지역별 기업대출(말잔),Group3,지역코드,S00,경북,A,2013,2021,108
1943,141Y010,1.2.3.5.3. 비은행예금취급기관 지역별 기업대출(말잔),Group3,지역코드,S00,경북,M,201301,202211,1428
1944,141Y010,1.2.3.5.3. 비은행예금취급기관 지역별 기업대출(말잔),Group3,지역코드,S00,경북,Q,2013Q1,2022Q3,468
1945,141Y010,1.2.3.5.3. 비은행예금취급기관 지역별 기업대출(말잔),Group3,지역코드,T00,경남,A,2013,2021,108
1946,141Y010,1.2.3.5.3. 비은행예금취급기관 지역별 기업대출(말잔),Group3,지역코드,T00,경남,M,201301,202211,1428
1947,141Y010,1.2.3.5.3. 비은행예금취급기관 지역별 기업대출(말잔),Group3,지역코드,T00,경남,Q,2013Q1,2022Q3,468
1948,141Y010,1.2.3.5.3. 비은행예금취급기관 지역별 기업대출(말잔),Group3,지역코드,U00,제주,A,2013,2021,108
1949,141Y010,1.2.3.5.3. 비은행예금취급기관 지역별 기업대출(말잔),Group3,지역코드,U00,제주,M,201301,202211,1428
1950,141Y010,1.2.3.5.3. 비은행예금취급기관 지역별 기업대출(말잔),Group3,지역코드,U00,제주,Q,2013Q1,2022Q3,468
1951,141Y010,1.2.3.5.3. 비은행예금취급기관 지역별 기업대출(말잔),Group3,지역코드,H00,세종,A,2013,2021,108
1952,141Y010,1.2.3.5.3. 비은행예금취급기관 지역별 기업대출(말잔),Group3,지역코드,H00,세종,M,201301,202211,1428
1953,141Y010,1.2.3.5.3. 비은행예금취급기관 지역별 기업대출(말잔),Group3,지역코드,H00,세종,Q,2013Q1,2022Q3,468
1954,141Y009,1.2.3.6. 생명보험회사 지역별 여신(말잔),Group1,보고기관,0710,생명보험회사,A,2004,2021,372
1955,141Y009,1.2.3.6. 생명보험회사 지역별 여신(말잔),Group1,보고기관,0710,생명보험회사,M,200409,202210,4502
1956,141Y009,1.2.3.6. 생명보험회사 지역별 여신(말잔),Group1,보고기관,0710,생명보험회사,Q,2004Q3,2022Q3,1481
1957,141Y009,1.2.3.6. 생명보험회사 지역별 여신(말잔),Group2,지역코드,X00,전국,A,2004,2021,18
1958,141Y009,1.2.3.6. 생명보험회사 지역별 여신(말잔),Group2,지역코드,X00,전국,M,200409,202210,218
1959,141Y009,1.2.3.6. 생명보험회사 지역별 여신(말잔),Group2,지역코드,X00,전국,Q,2004Q3,2022Q3,72
1960,141Y009,1.2.3.6. 생명보험회사 지역별 여신(말잔),Group2,지역코드,A00,서울,A,2004,2021,18
1961,141Y009,1.2.3.6. 생명보험회사 지역별 여신(말잔),Group2,지역코드,A00,서울,M,200409,202210,218
1962,141Y009,1.2.3.6. 생명보험회사 지역별 여신(말잔),Group2,지역코드,A00,서울,Q,2004Q3,2022Q3,72
1963,141Y009,1.2.3.6. 생명보험회사 지역별 여신(말잔),Group2,지역코드,B00,부산,A,2004,2021,18
1964,141Y009,1.2.3.6. 생명보험회사 지역별 여신(말잔),Group2,지역코드,B00,부산,M,200409,202210,218
1965,141Y009,1.2.3.6. 생명보험회사 지역별 여신(말잔),Group2,지역코드,B00,부산,Q,2004Q3,2022Q3,72
1966,141Y009,1.2.3.6. 생명보험회사 지역별 여신(말잔),Group2,지역코드,C00,대구,A,2004,2021,18
1967,141Y009,1.2.3.6. 생명보험회사 지역별 여신(말잔),Group2,지역코드,C00,대구,M,200409,202210,218
1968,141Y009,1.2.3.6. 생명보험회사 지역별 여신(말잔),Group2,지역코드,C00,대구,Q,2004Q3,2022Q3,72
1969,141Y009,1.2.3.6. 생명보험회사 지역별 여신(말잔),Group2,지역코드,D00,인천,A,2004,2021,18
1970,141Y009,1.2.3.6. 생명보험회사 지역별 여신(말잔),Group2,지역코드,D00,인천,M,200409,202210,218
1971,141Y009,1.2.3.6. 생명보험회사 지역별 여신(말잔),Group2,지역코드,D00,인천,Q,2004Q3,2022Q3,72
1972,141Y009,1.2.3.6. 생명보험회사 지역별 여신(말잔),Group2,지역코드,F00,광주,A,2004,2021,18
1973,141Y009,1.2.3.6. 생명보험회사 지역별 여신(말잔),Group2,지역코드,F00,광주,M,200409,202210,218
1974,141Y009,1.2.3.6. 생명보험회사 지역별 여신(말잔),Group2,지역코드,F00,광주,Q,2004Q3,2022Q3,72
1975,141Y009,1.2.3.6. 생명보험회사 지역별 여신(말잔),Group2,지역코드,E00,대전,A,2004,2021,18
1976,141Y009,1.2.3.6. 생명보험회사 지역별 여신(말잔),Group2,지역코드,E00,대전,M,200409,202210,218
1977,141Y009,1.2.3.6. 생명보험회사 지역별 여신(말잔),Group2,지역코드,E00,대전,Q,2004Q3,2022Q3,72
1978,141Y009,1.2.3.6. 생명보험회사 지역별 여신(말잔),Group2,지역코드,G00,울산,A,2004,2021,18
1979,141Y009,1.2.3.6. 생명보험회사 지역별 여신(말잔),Group2,지역코드,G00,울산,M,200409,202210,218
1980,141Y009,1.2.3.6. 생명보험회사 지역별 여신(말잔),Group2,지역코드,G00,울산,Q,2004Q3,2022Q3,72
1981,141Y009,1.2.3.6. 생명보험회사 지역별 여신(말잔),Group2,지역코드,L00,경기,A,2004,2021,18
1982,141Y009,1.2.3.6. 생명보험회사 지역별 여신(말잔),Group2,지역코드,L00,경기,M,200409,202210,218
1983,141Y009,1.2.3.6. 생명보험회사 지역별 여신(말잔),Group2,지역코드,L00,경기,Q,2004Q3,2022Q3,72
1984,141Y009,1.2.3.6. 생명보험회사 지역별 여신(말잔),Group2,지역코드,M00,강원,A,2004,2021,18
1985,141Y009,1.2.3.6. 생명보험회사 지역별 여신(말잔),Group2,지역코드,M00,강원,M,200409,202210,218
1986,141Y009,1.2.3.6. 생명보험회사 지역별 여신(말잔),Group2,지역코드,M00,강원,Q,2004Q3,2022Q3,72
1987,141Y009,1.2.3.6. 생명보험회사 지역별 여신(말잔),Group2,지역코드,N00,충북,A,2004,2021,18
1988,141Y009,1.2.3.6. 생명보험회사 지역별 여신(말잔),Group2,지역코드,N00,충북,M,200409,202210,218
1989,141Y009,1.2.3.6. 생명보험회사 지역별 여신(말잔),Group2,지역코드,N00,충북,Q,2004Q3,2022Q3,72
1990,141Y009,1.2.3.6. 생명보험회사 지역별 여신(말잔),Group2,지역코드,P00,충남,A,2004,2021,18
1991,141Y009,1.2.3.6. 생명보험회사 지역별 여신(말잔),Group2,지역코드,P00,충남,M,200409,202210,218
1992,141Y009,1.2.3.6. 생명보험회사 지역별 여신(말잔),Group2,지역코드,P00,충남,Q,2004Q3,2022Q3,72
1993,141Y009,1.2.3.6. 생명보험회사 지역별 여신(말잔),Group2,지역코드,Q00,전북,A,2004,2021,18
1994,141Y009,1.2.3.6. 생명보험회사 지역별 여신(말잔),Group2,지역코드,Q00,전북,M,200409,202210,218
1995,141Y009,1.2.3.6. 생명보험회사 지역별 여신(말잔),Group2,지역코드,Q00,전북,Q,2004Q3,2022Q3,72
1996,141Y009,1.2.3.6. 생명보험회사 지역별 여신(말잔),Group2,지역코드,R00,전남,A,2004,2021,18
1997,141Y009,1.2.3.6. 생명보험회사 지역별 여신(말잔),Group2,지역코드,R00,전남,M,200409,202210,218
1998,141Y009,1.2.3.6. 생명보험회사 지역별 여신(말잔),Group2,지역코드,R00,전남,Q,2004Q3,2022Q3,72
1999,141Y009,1.2.3.6. 생명보험회사 지역별 여신(말잔),Group2,지역코드,S00,경북,A,2004,2021,18
2000,141Y009,1.2.3.6. 생명보험회사 지역별 여신(말잔),Group2,지역코드,S00,경북,M,200409,202210,218
2001,141Y009,1.2.3.6. 생명보험회사 지역별 여신(말잔),Group2,지역코드,S00,경북,Q,2004Q3,2022Q3,72
2002,141Y009,1.2.3.6. 생명보험회사 지역별 여신(말잔),Group2,지역코드,T00,경남,A,2004,2021,18
2003,141Y009,1.2.3.6. 생명보험회사 지역별 여신(말잔),Group2,지역코드,T00,경남,M,200409,202210,218
2004,141Y009,1.2.3.6. 생명보험회사 지역별 여신(말잔),Group2,지역코드,T00,경남,Q,2004Q3,2022Q3,72
2005,141Y009,1.2.3.6. 생명보험회사 지역별 여신(말잔),Group2,지역코드,U00,제주,A,2004,2021,18
2006,141Y009,1.2.3.6. 생명보험회사 지역별 여신(말잔),Group2,지역코드,U00,제주,M,200409,202210,218
2007,141Y009,1.2.3.6. 생명보험회사 지역별 여신(말잔),Group2,지역코드,U00,제주,Q,2004Q3,2022Q3,72
2008,141Y009,1.2.3.6. 생명보험회사 지역별 여신(말잔),Group2,지역코드,H00,세종,A,2012,2021,10
2009,141Y009,1.2.3.6. 생명보험회사 지역별 여신(말잔),Group2,지역코드,H00,세종,M,201207,202210,124
2010,141Y009,1.2.3.6. 생명보험회사 지역별 여신(말잔),Group2,지역코드,H00,세종,Q,2012Q3,2022Q3,40
2011,141Y005,1.2.3.7. 예금은행 지역별 연체율,Group1,계정항목,R8AB00,원화대출금연체율(전체1M),A,2019,2021,75
2012,141Y005,1.2.3.7. 예금은행 지역별 연체율,Group1,계정항목,R8AB00,원화대출금연체율(전체1M),M,201912,202211,893
2013,141Y005,1.2.3.7. 예금은행 지역별 연체율,Group1,계정항목,R8AB00,원화대출금연체율(전체1M),Q,2019Q4,2022Q3,293
2014,141Y005,1.2.3.7. 예금은행 지역별 연체율,Group1,계정항목,R5AB00,가계대출 연체율(전체1M),A,2019,2021,75
2015,141Y005,1.2.3.7. 예금은행 지역별 연체율,Group1,계정항목,R5AB00,가계대출 연체율(전체1M),M,201912,202211,893
2016,141Y005,1.2.3.7. 예금은행 지역별 연체율,Group1,계정항목,R5AB00,가계대출 연체율(전체1M),Q,2019Q4,2022Q3,293
2017,141Y005,1.2.3.7. 예금은행 지역별 연체율,Group1,계정항목,R5AB0C,주택담보대출 연체율(전체1M),A,2019,2021,75
2018,141Y005,1.2.3.7. 예금은행 지역별 연체율,Group1,계정항목,R5AB0C,주택담보대출 연체율(전체1M),M,201912,202211,893
2019,141Y005,1.2.3.7. 예금은행 지역별 연체율,Group1,계정항목,R5AB0C,주택담보대출 연체율(전체1M),Q,2019Q4,2022Q3,293
2020,141Y005,1.2.3.7. 예금은행 지역별 연체율,Group1,계정항목,R4AB11,대기업대출 연체율(전체1M),A,2019,2021,75
2021,141Y005,1.2.3.7. 예금은행 지역별 연체율,Group1,계정항목,R4AB11,대기업대출 연체율(전체1M),M,201912,202211,893
2022,141Y005,1.2.3.7. 예금은행 지역별 연체율,Group1,계정항목,R4AB11,대기업대출 연체율(전체1M),Q,2019Q4,2022Q3,293
2023,141Y005,1.2.3.7. 예금은행 지역별 연체율,Group1,계정항목,R4AB12,중소기업대출 연체율(전체1M),A,2019,2021,75
2024,141Y005,1.2.3.7. 예금은행 지역별 연체율,Group1,계정항목,R4AB12,중소기업대출 연체율(전체1M),M,201912,202211,893
2025,141Y005,1.2.3.7. 예금은행 지역별 연체율,Group1,계정항목,R4AB12,중소기업대출 연체율(전체1M),Q,2019Q4,2022Q3,293
2026,141Y005,1.2.3.7. 예금은행 지역별 연체율,Group1,계정항목,R4AB00,기업대출 연체율(전체1M),A,2019,2021,75
2027,141Y005,1.2.3.7. 예금은행 지역별 연체율,Group1,계정항목,R4AB00,기업대출 연체율(전체1M),M,201912,202211,893
2028,141Y005,1.2.3.7. 예금은행 지역별 연체율,Group1,계정항목,R4AB00,기업대출 연체율(전체1M),Q,2019Q4,2022Q3,293
2029,141Y005,1.2.3.7. 예금은행 지역별 연체율,Group2,지역코드,X00,전국,A,2019,2021,36
2030,141Y005,1.2.3.7. 예금은행 지역별 연체율,Group2,지역코드,X00,전국,M,201912,202211,426
2031,141Y005,1.2.3.7. 예금은행 지역별 연체율,Group2,지역코드,X00,전국,Q,2019Q4,2022Q3,138
2032,141Y005,1.2.3.7. 예금은행 지역별 연체율,Group2,지역코드,A00,서울,A,2019,2021,36
2033,141Y005,1.2.3.7. 예금은행 지역별 연체율,Group2,지역코드,A00,서울,M,201912,202211,426
2034,141Y005,1.2.3.7. 예금은행 지역별 연체율,Group2,지역코드,A00,서울,Q,2019Q4,2022Q3,138
2035,141Y005,1.2.3.7. 예금은행 지역별 연체율,Group2,지역코드,B00,부산,A,2019,2021,36
2036,141Y005,1.2.3.7. 예금은행 지역별 연체율,Group2,지역코드,B00,부산,M,201912,202211,426
2037,141Y005,1.2.3.7. 예금은행 지역별 연체율,Group2,지역코드,B00,부산,Q,2019Q4,2022Q3,138
2038,141Y005,1.2.3.7. 예금은행 지역별 연체율,Group2,지역코드,C00,대구,A,2019,2021,36
2039,141Y005,1.2.3.7. 예금은행 지역별 연체율,Group2,지역코드,C00,대구,M,201912,202211,426
2040,141Y005,1.2.3.7. 예금은행 지역별 연체율,Group2,지역코드,C00,대구,Q,2019Q4,2022Q3,138
2041,141Y005,1.2.3.7. 예금은행 지역별 연체율,Group2,지역코드,D00,인천,A,2019,2021,36
2042,141Y005,1.2.3.7. 예금은행 지역별 연체율,Group2,지역코드,D00,인천,M,201912,202211,426
2043,141Y005,1.2.3.7. 예금은행 지역별 연체율,Group2,지역코드,D00,인천,Q,2019Q4,2022Q3,138
2044,141Y005,1.2.3.7. 예금은행 지역별 연체율,Group2,지역코드,F00,광주,A,2019,2021,36
2045,141Y005,1.2.3.7. 예금은행 지역별 연체율,Group2,지역코드,F00,광주,M,201912,202211,426
2046,141Y005,1.2.3.7. 예금은행 지역별 연체율,Group2,지역코드,F00,광주,Q,2019Q4,2022Q3,138
2047,141Y005,1.2.3.7. 예금은행 지역별 연체율,Group2,지역코드,E00,대전,A,2019,2021,36
2048,141Y005,1.2.3.7. 예금은행 지역별 연체율,Group2,지역코드,E00,대전,M,201912,202211,426
2049,141Y005,1.2.3.7. 예금은행 지역별 연체율,Group2,지역코드,E00,대전,Q,2019Q4,2022Q3,138
2050,141Y005,1.2.3.7. 예금은행 지역별 연체율,Group2,지역코드,G00,울산,A,2019,2021,36
2051,141Y005,1.2.3.7. 예금은행 지역별 연체율,Group2,지역코드,G00,울산,M,201912,202211,426
2052,141Y005,1.2.3.7. 예금은행 지역별 연체율,Group2,지역코드,G00,울산,Q,2019Q4,2022Q3,138
2053,141Y005,1.2.3.7. 예금은행 지역별 연체율,Group2,지역코드,L00,경기,A,2019,2021,36
2054,141Y005,1.2.3.7. 예금은행 지역별 연체율,Group2,지역코드,L00,경기,M,201912,202211,426
2055,141Y005,1.2.3.7. 예금은행 지역별 연체율,Group2,지역코드,L00,경기,Q,2019Q4,2022Q3,138
2056,141Y005,1.2.3.7. 예금은행 지역별 연체율,Group2,지역코드,M00,강원,A,2019,2021,36
2057,141Y005,1.2.3.7. 예금은행 지역별 연체율,Group2,지역코드,M00,강원,M,201912,202211,426
2058,141Y005,1.2.3.7. 예금은행 지역별 연체율,Group2,지역코드,M00,강원,Q,2019Q4,2022Q3,138
2059,141Y005,1.2.3.7. 예금은행 지역별 연체율,Group2,지역코드,N00,충북,A,2019,2021,36
2060,141Y005,1.2.3.7. 예금은행 지역별 연체율,Group2,지역코드,N00,충북,M,201912,202211,426
2061,141Y005,1.2.3.7. 예금은행 지역별 연체율,Group2,지역코드,N00,충북,Q,2019Q4,2022Q3,138
2062,141Y005,1.2.3.7. 예금은행 지역별 연체율,Group2,지역코드,P00,충남,A,2019,2021,36
2063,141Y005,1.2.3.7. 예금은행 지역별 연체율,Group2,지역코드,P00,충남,M,201912,202211,426
2064,141Y005,1.2.3.7. 예금은행 지역별 연체율,Group2,지역코드,P00,충남,Q,2019Q4,2022Q3,138
2065,141Y005,1.2.3.7. 예금은행 지역별 연체율,Group2,지역코드,Q00,전북,A,2019,2021,36
2066,141Y005,1.2.3.7. 예금은행 지역별 연체율,Group2,지역코드,Q00,전북,M,201912,202211,426
2067,141Y005,1.2.3.7. 예금은행 지역별 연체율,Group2,지역코드,Q00,전북,Q,2019Q4,2022Q3,138
2068,141Y005,1.2.3.7. 예금은행 지역별 연체율,Group2,지역코드,R00,전남,A,2019,2021,36
2069,141Y005,1.2.3.7. 예금은행 지역별 연체율,Group2,지역코드,R00,전남,M,201912,202211,426
2070,141Y005,1.2.3.7. 예금은행 지역별 연체율,Group2,지역코드,R00,전남,Q,2019Q4,2022Q3,138
2071,141Y005,1.2.3.7. 예금은행 지역별 연체율,Group2,지역코드,S00,경북,A,2019,2021,36
2072,141Y005,1.2.3.7. 예금은행 지역별 연체율,Group2,지역코드,S00,경북,M,201912,202211,426
2073,141Y005,1.2.3.7. 예금은행 지역별 연체율,Group2,지역코드,S00,경북,Q,2019Q4,2022Q3,138
2074,141Y005,1.2.3.7. 예금은행 지역별 연체율,Group2,지역코드,T00,경남,A,2019,2021,36
2075,141Y005,1.2.3.7. 예금은행 지역별 연체율,Group2,지역코드,T00,경남,M,201912,202211,426
2076,141Y005,1.2.3.7. 예금은행 지역별 연체율,Group2,지역코드,T00,경남,Q,2019Q4,2022Q3,138
2077,141Y005,1.2.3.7. 예금은행 지역별 연체율,Group2,지역코드,U00,제주,A,2019,2021,36
2078,141Y005,1.2.3.7. 예금은행 지역별 연체율,Group2,지역코드,U00,제주,M,201912,202211,426
2079,141Y005,1.2.3.7. 예금은행 지역별 연체율,Group2,지역코드,U00,제주,Q,2019Q4,2022Q3,138
2080,141Y005,1.2.3.7. 예금은행 지역별 연체율,Group2,지역코드,H00,세종,A,2019,2021,36
2081,141Y005,1.2.3.7. 예금은행 지역별 연체율,Group2,지역코드,H00,세종,M,201912,202211,426
2082,141Y005,1.2.3.7. 예금은행 지역별 연체율,Group2,지역코드,H00,세종,Q,2019Q4,2022Q3,138
2083,141Y005,1.2.3.7. 예금은행 지역별 연체율,Group3,보고기관,0960,국내은행(수출입은행 포함),A,2019,2021,450
2084,141Y005,1.2.3.7. 예금은행 지역별 연체율,Group3,보고기관,0960,국내은행(수출입은행 포함),M,201912,202211,5358
2085,141Y005,1.2.3.7. 예금은행 지역별 연체율,Group3,보고기관,0960,국내은행(수출입은행 포함),Q,2019Q4,2022Q3,1758
2086,151Y001,"1.2.4.1.1. 가계신용(업권별, 분기)",Group1,계정항목,1000000,가계신용,A,2002,2021,20
2087,151Y001,"1.2.4.1.1. 가계신용(업권별, 분기)",Group1,계정항목,1000000,가계신용,Q,2002Q4,2022Q3,80
2088,151Y001,"1.2.4.1.1. 가계신용(업권별, 분기)",Group1,계정항목,1100000,가계대출,A,2002,2021,20
2089,151Y001,"1.2.4.1.1. 가계신용(업권별, 분기)",Group1,계정항목,1100000,가계대출,Q,2002Q4,2022Q3,80
2090,151Y001,"1.2.4.1.1. 가계신용(업권별, 분기)",Group1,계정항목,1110000,예금취급기관,A,2002,2021,20
2091,151Y001,"1.2.4.1.1. 가계신용(업권별, 분기)",Group1,계정항목,1110000,예금취급기관,Q,2002Q4,2022Q3,80
2092,151Y001,"1.2.4.1.1. 가계신용(업권별, 분기)",Group1,계정항목,1111000,예금은행,A,2002,2021,20
2093,151Y001,"1.2.4.1.1. 가계신용(업권별, 분기)",Group1,계정항목,1111000,예금은행,Q,2002Q4,2022Q3,80
2094,151Y001,"1.2.4.1.1. 가계신용(업권별, 분기)",Group1,계정항목,11A0000,비은행예금취급기관,A,2002,2021,20
2095,151Y001,"1.2.4.1.1. 가계신용(업권별, 분기)",Group1,계정항목,11A0000,비은행예금취급기관,Q,2002Q4,2022Q3,80
2096,151Y001,"1.2.4.1.1. 가계신용(업권별, 분기)",Group1,계정항목,1112000,상호저축은행,A,2002,2021,20
2097,151Y001,"1.2.4.1.1. 가계신용(업권별, 분기)",Group1,계정항목,1112000,상호저축은행,Q,2002Q4,2022Q3,80
2098,151Y001,"1.2.4.1.1. 가계신용(업권별, 분기)",Group1,계정항목,1113100,신용협동조합,A,2002,2021,20
2099,151Y001,"1.2.4.1.1. 가계신용(업권별, 분기)",Group1,계정항목,1113100,신용협동조합,Q,2002Q4,2022Q3,80
2100,151Y001,"1.2.4.1.1. 가계신용(업권별, 분기)",Group1,계정항목,1113200,상호금융,A,2002,2021,20
2101,151Y001,"1.2.4.1.1. 가계신용(업권별, 분기)",Group1,계정항목,1113200,상호금융,Q,2002Q4,2022Q3,80
2102,151Y001,"1.2.4.1.1. 가계신용(업권별, 분기)",Group1,계정항목,1113300,새마을금고,A,2002,2021,20
2103,151Y001,"1.2.4.1.1. 가계신용(업권별, 분기)",Group1,계정항목,1113300,새마을금고,Q,2002Q4,2022Q3,80
2104,151Y001,"1.2.4.1.1. 가계신용(업권별, 분기)",Group1,계정항목,1120000,기타금융기관 등,A,2002,2021,20
2105,151Y001,"1.2.4.1.1. 가계신용(업권별, 분기)",Group1,계정항목,1120000,기타금융기관 등,Q,2002Q4,2022Q3,80
2106,151Y001,"1.2.4.1.1. 가계신용(업권별, 분기)",Group1,계정항목,1121000,보험회사,A,2002,2021,20
2107,151Y001,"1.2.4.1.1. 가계신용(업권별, 분기)",Group1,계정항목,1121000,보험회사,Q,2002Q4,2022Q3,80
2108,151Y001,"1.2.4.1.1. 가계신용(업권별, 분기)",Group1,계정항목,1121400,연금기금,A,2002,2021,20
2109,151Y001,"1.2.4.1.1. 가계신용(업권별, 분기)",Group1,계정항목,1121400,연금기금,Q,2002Q4,2022Q3,80
2110,151Y001,"1.2.4.1.1. 가계신용(업권별, 분기)",Group1,계정항목,1122000,여신전문기관,A,2002,2021,20
2111,151Y001,"1.2.4.1.1. 가계신용(업권별, 분기)",Group1,계정항목,1122000,여신전문기관,Q,2002Q4,2022Q3,80
2112,151Y001,"1.2.4.1.1. 가계신용(업권별, 분기)",Group1,계정항목,1122300,공적금융기관,A,2002,2021,20
2113,151Y001,"1.2.4.1.1. 가계신용(업권별, 분기)",Group1,계정항목,1122300,공적금융기관,Q,2002Q4,2022Q3,80
2114,151Y001,"1.2.4.1.1. 가계신용(업권별, 분기)",Group1,계정항목,1122400,기타금융중개회사,A,2002,2021,20
2115,151Y001,"1.2.4.1.1. 가계신용(업권별, 분기)",Group1,계정항목,1122400,기타금융중개회사,Q,2002Q4,2022Q3,80
2116,151Y001,"1.2.4.1.1. 가계신용(업권별, 분기)",Group1,계정항목,1123000,기타,A,2002,2021,20
2117,151Y001,"1.2.4.1.1. 가계신용(업권별, 분기)",Group1,계정항목,1123000,기타,Q,2002Q4,2022Q3,80
2118,151Y001,"1.2.4.1.1. 가계신용(업권별, 분기)",Group1,계정항목,1200000,판매신용,A,2002,2021,20
2119,151Y001,"1.2.4.1.1. 가계신용(업권별, 분기)",Group1,계정항목,1200000,판매신용,Q,2002Q4,2022Q3,80
2120,151Y001,"1.2.4.1.1. 가계신용(업권별, 분기)",Group1,계정항목,1210000,여신전문기관,A,2002,2021,20
2121,151Y001,"1.2.4.1.1. 가계신용(업권별, 분기)",Group1,계정항목,1210000,여신전문기관,Q,2002Q4,2022Q3,80
2122,151Y001,"1.2.4.1.1. 가계신용(업권별, 분기)",Group1,계정항목,1220000,판매회사,A,2002,2021,20
2123,151Y001,"1.2.4.1.1. 가계신용(업권별, 분기)",Group1,계정항목,1220000,판매회사,Q,2002Q4,2022Q3,80
2124,151Y001,"1.2.4.1.1. 가계신용(업권별, 분기)",Group1,계정항목,1114000,우체국 등,A,2002,2021,20
2125,151Y001,"1.2.4.1.1. 가계신용(업권별, 분기)",Group1,계정항목,1114000,우체국 등,Q,2002Q4,2022Q3,80
2126,151Y004,"1.2.4.1.2. 가계신용(용도별, 분기)",Group1,계정항목,1000000,가계신용,A,2002,2021,20
2127,151Y004,"1.2.4.1.2. 가계신용(용도별, 분기)",Group1,계정항목,1000000,가계신용,Q,2002Q4,2022Q3,80
2128,151Y004,"1.2.4.1.2. 가계신용(용도별, 분기)",Group1,계정항목,11100A0,주택담보대출-예금취급기관,A,2007,2021,15
2129,151Y004,"1.2.4.1.2. 가계신용(용도별, 분기)",Group1,계정항목,11100A0,주택담보대출-예금취급기관,Q,2007Q4,2022Q3,60
2130,151Y004,"1.2.4.1.2. 가계신용(용도별, 분기)",Group1,계정항목,11100B0,기타대출-예금취급기관,A,2007,2021,15
2131,151Y004,"1.2.4.1.2. 가계신용(용도별, 분기)",Group1,계정항목,11100B0,기타대출-예금취급기관,Q,2007Q4,2022Q3,60
2132,151Y004,"1.2.4.1.2. 가계신용(용도별, 분기)",Group1,계정항목,11110A0,주택담보대출-예금은행,A,2005,2021,17
2133,151Y004,"1.2.4.1.2. 가계신용(용도별, 분기)",Group1,계정항목,11110A0,주택담보대출-예금은행,Q,2005Q4,2022Q3,68
2134,151Y004,"1.2.4.1.2. 가계신용(용도별, 분기)",Group1,계정항목,11110B0,기타대출-예금은행,A,2005,2021,17
2135,151Y004,"1.2.4.1.2. 가계신용(용도별, 분기)",Group1,계정항목,11110B0,기타대출-예금은행,Q,2005Q4,2022Q3,68
2136,151Y004,"1.2.4.1.2. 가계신용(용도별, 분기)",Group1,계정항목,11A00A0,주택담보대출-비은행예금취급기관,A,2007,2021,15
2137,151Y004,"1.2.4.1.2. 가계신용(용도별, 분기)",Group1,계정항목,11A00A0,주택담보대출-비은행예금취급기관,Q,2007Q4,2022Q3,60
2138,151Y004,"1.2.4.1.2. 가계신용(용도별, 분기)",Group1,계정항목,11A00B0,기타대출-비은행예금취급기관,A,2007,2021,15
2139,151Y004,"1.2.4.1.2. 가계신용(용도별, 분기)",Group1,계정항목,11A00B0,기타대출-비은행예금취급기관,Q,2007Q4,2022Q3,60
2140,151Y004,"1.2.4.1.2. 가계신용(용도별, 분기)",Group1,계정항목,1200000,판매신용,A,2002,2021,20
2141,151Y004,"1.2.4.1.2. 가계신용(용도별, 분기)",Group1,계정항목,1200000,판매신용,Q,2002Q4,2022Q3,80
2142,151Y004,"1.2.4.1.2. 가계신용(용도별, 분기)",Group1,계정항목,1120090,주택담보대출-[참고] 주택금융공사 및 주택도시기금의 주택담보대출,A,2007,2021,15
2143,151Y004,"1.2.4.1.2. 가계신용(용도별, 분기)",Group1,계정항목,1120090,주택담보대출-[참고] 주택금융공사 및 주택도시기금의 주택담보대출,Q,2007Q4,2022Q3,60
2144,151Y004,"1.2.4.1.2. 가계신용(용도별, 분기)",Group1,계정항목,11000A0,주택담보대출,A,2007,2021,15
2145,151Y004,"1.2.4.1.2. 가계신용(용도별, 분기)",Group1,계정항목,11000A0,주택담보대출,Q,2007Q4,2022Q3,60
2146,151Y004,"1.2.4.1.2. 가계신용(용도별, 분기)",Group1,계정항목,11000B0,기타대출,A,2007,2021,15
2147,151Y004,"1.2.4.1.2. 가계신용(용도별, 분기)",Group1,계정항목,11000B0,기타대출,Q,2007Q4,2022Q3,60
2148,151Y004,"1.2.4.1.2. 가계신용(용도별, 분기)",Group1,계정항목,11200A0,주택담보대출-기타금융기관 등,A,2007,2021,15
2149,151Y004,"1.2.4.1.2. 가계신용(용도별, 분기)",Group1,계정항목,11200A0,주택담보대출-기타금융기관 등,Q,2007Q4,2022Q3,60
2150,151Y004,"1.2.4.1.2. 가계신용(용도별, 분기)",Group1,계정항목,11200B0,기타대출-기타금융기관등,A,2007,2021,15
2151,151Y004,"1.2.4.1.2. 가계신용(용도별, 분기)",Group1,계정항목,11200B0,기타대출-기타금융기관등,Q,2007Q4,2022Q3,60
2152,151Y002,"1.2.4.2.1. 예금취급기관 가계대출(업권별, 월)",Group1,계정항목,1110000,예금취급기관,A,2003,2021,19
2153,151Y002,"1.2.4.2.1. 예금취급기관 가계대출(업권별, 월)",Group1,계정항목,1110000,예금취급기관,M,200310,202211,230
2154,151Y002,"1.2.4.2.1. 예금취급기관 가계대출(업권별, 월)",Group1,계정항목,1110000,예금취급기관,Q,2003Q4,2022Q3,76
2155,151Y002,"1.2.4.2.1. 예금취급기관 가계대출(업권별, 월)",Group1,계정항목,1111000,예금은행,A,2003,2021,19
2156,151Y002,"1.2.4.2.1. 예금취급기관 가계대출(업권별, 월)",Group1,계정항목,1111000,예금은행,M,200310,202211,230
2157,151Y002,"1.2.4.2.1. 예금취급기관 가계대출(업권별, 월)",Group1,계정항목,1111000,예금은행,Q,2003Q4,2022Q3,76
2158,151Y002,"1.2.4.2.1. 예금취급기관 가계대출(업권별, 월)",Group1,계정항목,11A0000,비은행예금취급기관,A,2003,2021,19
2159,151Y002,"1.2.4.2.1. 예금취급기관 가계대출(업권별, 월)",Group1,계정항목,11A0000,비은행예금취급기관,M,200310,202211,230
2160,151Y002,"1.2.4.2.1. 예금취급기관 가계대출(업권별, 월)",Group1,계정항목,11A0000,비은행예금취급기관,Q,2003Q4,2022Q3,76
2161,151Y002,"1.2.4.2.1. 예금취급기관 가계대출(업권별, 월)",Group1,계정항목,1112000,상호저축은행,A,2003,2021,19
2162,151Y002,"1.2.4.2.1. 예금취급기관 가계대출(업권별, 월)",Group1,계정항목,1112000,상호저축은행,M,200310,202211,230
2163,151Y002,"1.2.4.2.1. 예금취급기관 가계대출(업권별, 월)",Group1,계정항목,1112000,상호저축은행,Q,2003Q4,2022Q3,76
2164,151Y002,"1.2.4.2.1. 예금취급기관 가계대출(업권별, 월)",Group1,계정항목,1113100,신용협동조합,A,2003,2021,19
2165,151Y002,"1.2.4.2.1. 예금취급기관 가계대출(업권별, 월)",Group1,계정항목,1113100,신용협동조합,M,200310,202211,230
2166,151Y002,"1.2.4.2.1. 예금취급기관 가계대출(업권별, 월)",Group1,계정항목,1113100,신용협동조합,Q,2003Q4,2022Q3,76
2167,151Y002,"1.2.4.2.1. 예금취급기관 가계대출(업권별, 월)",Group1,계정항목,1113200,상호금융,A,2003,2021,19
2168,151Y002,"1.2.4.2.1. 예금취급기관 가계대출(업권별, 월)",Group1,계정항목,1113200,상호금융,M,200310,202211,230
2169,151Y002,"1.2.4.2.1. 예금취급기관 가계대출(업권별, 월)",Group1,계정항목,1113200,상호금융,Q,2003Q4,2022Q3,76
2170,151Y002,"1.2.4.2.1. 예금취급기관 가계대출(업권별, 월)",Group1,계정항목,1113300,새마을금고,A,2003,2021,19
2171,151Y002,"1.2.4.2.1. 예금취급기관 가계대출(업권별, 월)",Group1,계정항목,1113300,새마을금고,M,200310,202211,230
2172,151Y002,"1.2.4.2.1. 예금취급기관 가계대출(업권별, 월)",Group1,계정항목,1113300,새마을금고,Q,2003Q4,2022Q3,76
2173,151Y002,"1.2.4.2.1. 예금취급기관 가계대출(업권별, 월)",Group1,계정항목,1114000,우체국예금 등,A,2003,2021,19
2174,151Y002,"1.2.4.2.1. 예금취급기관 가계대출(업권별, 월)",Group1,계정항목,1114000,우체국예금 등,M,200310,202211,230
2175,151Y002,"1.2.4.2.1. 예금취급기관 가계대출(업권별, 월)",Group1,계정항목,1114000,우체국예금 등,Q,2003Q4,2022Q3,76
2176,151Y005,"1.2.4.2.2. 예금취급기관 가계대출(용도별, 월)",Group1,계정항목,1110000,예금취급기관,A,2003,2021,19
2177,151Y005,"1.2.4.2.2. 예금취급기관 가계대출(용도별, 월)",Group1,계정항목,1110000,예금취급기관,M,200310,202211,230
2178,151Y005,"1.2.4.2.2. 예금취급기관 가계대출(용도별, 월)",Group1,계정항목,1110000,예금취급기관,Q,2003Q4,2022Q3,76
2179,151Y005,"1.2.4.2.2. 예금취급기관 가계대출(용도별, 월)",Group1,계정항목,11100A0,주택담보대출-예금취급기관,A,2007,2021,15
2180,151Y005,"1.2.4.2.2. 예금취급기관 가계대출(용도별, 월)",Group1,계정항목,11100A0,주택담보대출-예금취급기관,M,200712,202211,180
2181,151Y005,"1.2.4.2.2. 예금취급기관 가계대출(용도별, 월)",Group1,계정항목,11100A0,주택담보대출-예금취급기관,Q,2007Q4,2022Q3,60
2182,151Y005,"1.2.4.2.2. 예금취급기관 가계대출(용도별, 월)",Group1,계정항목,11100B0,기타대출-예금취급기관,A,2007,2021,15
2183,151Y005,"1.2.4.2.2. 예금취급기관 가계대출(용도별, 월)",Group1,계정항목,11100B0,기타대출-예금취급기관,M,200712,202211,180
2184,151Y005,"1.2.4.2.2. 예금취급기관 가계대출(용도별, 월)",Group1,계정항목,11100B0,기타대출-예금취급기관,Q,2007Q4,2022Q3,60
2185,151Y005,"1.2.4.2.2. 예금취급기관 가계대출(용도별, 월)",Group1,계정항목,11110A0,주택담보대출-예금은행,A,2005,2021,17
2186,151Y005,"1.2.4.2.2. 예금취급기관 가계대출(용도별, 월)",Group1,계정항목,11110A0,주택담보대출-예금은행,M,200512,202211,204
2187,151Y005,"1.2.4.2.2. 예금취급기관 가계대출(용도별, 월)",Group1,계정항목,11110A0,주택담보대출-예금은행,Q,2005Q4,2022Q3,68
2188,151Y005,"1.2.4.2.2. 예금취급기관 가계대출(용도별, 월)",Group1,계정항목,11110B0,기타대출-예금은행,A,2005,2021,17
2189,151Y005,"1.2.4.2.2. 예금취급기관 가계대출(용도별, 월)",Group1,계정항목,11110B0,기타대출-예금은행,M,200512,202211,204
2190,151Y005,"1.2.4.2.2. 예금취급기관 가계대출(용도별, 월)",Group1,계정항목,11110B0,기타대출-예금은행,Q,2005Q4,2022Q3,68
2191,151Y005,"1.2.4.2.2. 예금취급기관 가계대출(용도별, 월)",Group1,계정항목,11A00A0,주택담보대출-비은행예금취급기관,A,2007,2021,15
2192,151Y005,"1.2.4.2.2. 예금취급기관 가계대출(용도별, 월)",Group1,계정항목,11A00A0,주택담보대출-비은행예금취급기관,M,200712,202211,180
2193,151Y005,"1.2.4.2.2. 예금취급기관 가계대출(용도별, 월)",Group1,계정항목,11A00A0,주택담보대출-비은행예금취급기관,Q,2007Q4,2022Q3,60
2194,151Y005,"1.2.4.2.2. 예금취급기관 가계대출(용도별, 월)",Group1,계정항목,11A00B0,기타대출-비은행예금취급기관,A,2007,2021,15
2195,151Y005,"1.2.4.2.2. 예금취급기관 가계대출(용도별, 월)",Group1,계정항목,11A00B0,기타대출-비은행예금취급기관,M,200712,202211,180
2196,151Y005,"1.2.4.2.2. 예금취급기관 가계대출(용도별, 월)",Group1,계정항목,11A00B0,기타대출-비은행예금취급기관,Q,2007Q4,2022Q3,60
2197,151Y005,"1.2.4.2.2. 예금취급기관 가계대출(용도별, 월)",Group1,계정항목,1120090,주택담보대출-[참고] 주택금융공사 및 주택도시기금의 주택담보대출,A,2007,2021,15
2198,151Y005,"1.2.4.2.2. 예금취급기관 가계대출(용도별, 월)",Group1,계정항목,1120090,주택담보대출-[참고] 주택금융공사 및 주택도시기금의 주택담보대출,M,200712,202211,180
2199,151Y005,"1.2.4.2.2. 예금취급기관 가계대출(용도별, 월)",Group1,계정항목,1120090,주택담보대출-[참고] 주택금융공사 및 주택도시기금의 주택담보대출,Q,2007Q4,2022Q3,60
2200,131Y016,"1.2.5.1.1. 산업별대출금(예금취급기관, 전산업)",Group1,계정항목,BDDE136,목재 및 나무제품,A,2008,2021,14
2201,131Y016,"1.2.5.1.1. 산업별대출금(예금취급기관, 전산업)",Group1,계정항목,BDDE136,목재 및 나무제품,Q,2008Q1,2022Q3,59
2202,131Y016,"1.2.5.1.1. 산업별대출금(예금취급기관, 전산업)",Group1,계정항목,BDDE13A,화학제품 및 의료용 제품,A,2008,2021,14
2203,131Y016,"1.2.5.1.1. 산업별대출금(예금취급기관, 전산업)",Group1,계정항목,BDDE13A,화학제품 및 의료용 제품,Q,2008Q1,2022Q3,59
2204,131Y016,"1.2.5.1.1. 산업별대출금(예금취급기관, 전산업)",Group1,계정항목,BDDE13D,제1차 금속,A,2008,2021,14
2205,131Y016,"1.2.5.1.1. 산업별대출금(예금취급기관, 전산업)",Group1,계정항목,BDDE13D,제1차 금속,Q,2008Q1,2022Q3,59
2206,131Y016,"1.2.5.1.1. 산업별대출금(예금취급기관, 전산업)",Group1,계정항목,BDDE15,"수도ㆍ하수 및 폐기물 처리, 원료재생업",A,2008,2021,14
2207,131Y016,"1.2.5.1.1. 산업별대출금(예금취급기관, 전산업)",Group1,계정항목,BDDE15,"수도ㆍ하수 및 폐기물 처리, 원료재생업",Q,2008Q1,2022Q3,59
2208,131Y016,"1.2.5.1.1. 산업별대출금(예금취급기관, 전산업)",Group1,계정항목,BDDE18,운수 및 창고업,A,2008,2021,14
2209,131Y016,"1.2.5.1.1. 산업별대출금(예금취급기관, 전산업)",Group1,계정항목,BDDE18,운수 및 창고업,Q,2008Q1,2022Q3,59
2210,131Y016,"1.2.5.1.1. 산업별대출금(예금취급기관, 전산업)",Group1,계정항목,BDDE13C,비금속광물제품,A,2008,2021,14
2211,131Y016,"1.2.5.1.1. 산업별대출금(예금취급기관, 전산업)",Group1,계정항목,BDDE13C,비금속광물제품,Q,2008Q1,2022Q3,59
2212,131Y016,"1.2.5.1.1. 산업별대출금(예금취급기관, 전산업)",Group1,계정항목,BDDE13K,기타 운송장비,A,2008,2021,14
2213,131Y016,"1.2.5.1.1. 산업별대출금(예금취급기관, 전산업)",Group1,계정항목,BDDE13K,기타 운송장비,Q,2008Q1,2022Q3,59
2214,131Y016,"1.2.5.1.1. 산업별대출금(예금취급기관, 전산업)",Group1,계정항목,BDDE1A,"정보통신업, 예술, 스포츠, 여가 관련",A,2008,2021,14
2215,131Y016,"1.2.5.1.1. 산업별대출금(예금취급기관, 전산업)",Group1,계정항목,BDDE1A,"정보통신업, 예술, 스포츠, 여가 관련",Q,2008Q1,2009Q4,8
2216,131Y016,"1.2.5.1.1. 산업별대출금(예금취급기관, 전산업)",Group1,계정항목,BDDE1C,부동산업,A,2008,2021,14
2217,131Y016,"1.2.5.1.1. 산업별대출금(예금취급기관, 전산업)",Group1,계정항목,BDDE1C,부동산업,Q,2008Q1,2022Q3,59
2218,131Y016,"1.2.5.1.1. 산업별대출금(예금취급기관, 전산업)",Group1,계정항목,BDDE1H,공공행정 등 기타서비스,A,2008,2021,14
2219,131Y016,"1.2.5.1.1. 산업별대출금(예금취급기관, 전산업)",Group1,계정항목,BDDE1H,공공행정 등 기타서비스,Q,2008Q1,2022Q3,59
2220,131Y016,"1.2.5.1.1. 산업별대출금(예금취급기관, 전산업)",Group1,계정항목,BDDE13M,산업용 기계 및 장비 수리업,A,2017,2021,5
2221,131Y016,"1.2.5.1.1. 산업별대출금(예금취급기관, 전산업)",Group1,계정항목,BDDE13M,산업용 기계 및 장비 수리업,Q,2017Q4,2022Q3,20
2222,131Y016,"1.2.5.1.1. 산업별대출금(예금취급기관, 전산업)",Group1,계정항목,BDDE12,광업,A,2008,2021,14
2223,131Y016,"1.2.5.1.1. 산업별대출금(예금취급기관, 전산업)",Group1,계정항목,BDDE12,광업,Q,2008Q1,2022Q3,59
2224,131Y016,"1.2.5.1.1. 산업별대출금(예금취급기관, 전산업)",Group1,계정항목,BDDE131,식료품 및 음료,A,2008,2021,14
2225,131Y016,"1.2.5.1.1. 산업별대출금(예금취급기관, 전산업)",Group1,계정항목,BDDE131,식료품 및 음료,Q,2008Q1,2022Q3,59
2226,131Y016,"1.2.5.1.1. 산업별대출금(예금취급기관, 전산업)",Group1,계정항목,BDDE135,"가죽, 가방 및 신발",A,2008,2021,14
2227,131Y016,"1.2.5.1.1. 산업별대출금(예금취급기관, 전산업)",Group1,계정항목,BDDE135,"가죽, 가방 및 신발",Q,2008Q1,2022Q3,59
2228,131Y016,"1.2.5.1.1. 산업별대출금(예금취급기관, 전산업)",Group1,계정항목,BDDE13F,"전자부품, 컴퓨터, 영상, 음향 및 통신장비",A,2008,2021,14
2229,131Y016,"1.2.5.1.1. 산업별대출금(예금취급기관, 전산업)",Group1,계정항목,BDDE13F,"전자부품, 컴퓨터, 영상, 음향 및 통신장비",Q,2008Q1,2022Q3,59
2230,131Y016,"1.2.5.1.1. 산업별대출금(예금취급기관, 전산업)",Group1,계정항목,BDDE19,숙박 및 음식점업,A,2008,2021,14
2231,131Y016,"1.2.5.1.1. 산업별대출금(예금취급기관, 전산업)",Group1,계정항목,BDDE19,숙박 및 음식점업,Q,2008Q1,2022Q3,59
2232,131Y016,"1.2.5.1.1. 산업별대출금(예금취급기관, 전산업)",Group1,계정항목,BDDE13G,"의료, 정밀, 광학기기 및 시계",A,2008,2021,14
2233,131Y016,"1.2.5.1.1. 산업별대출금(예금취급기관, 전산업)",Group1,계정항목,BDDE13G,"의료, 정밀, 광학기기 및 시계",Q,2008Q1,2022Q3,59
2234,131Y016,"1.2.5.1.1. 산업별대출금(예금취급기관, 전산업)",Group1,계정항목,BDDE1F,교육서비스업,A,2008,2021,14
2235,131Y016,"1.2.5.1.1. 산업별대출금(예금취급기관, 전산업)",Group1,계정항목,BDDE1F,교육서비스업,Q,2008Q1,2022Q3,59
2236,131Y016,"1.2.5.1.1. 산업별대출금(예금취급기관, 전산업)",Group1,계정항목,BDDE1,산업별대출금,A,2008,2021,14
2237,131Y016,"1.2.5.1.1. 산업별대출금(예금취급기관, 전산업)",Group1,계정항목,BDDE1,산업별대출금,Q,2008Q1,2022Q3,59
2238,131Y016,"1.2.5.1.1. 산업별대출금(예금취급기관, 전산업)",Group1,계정항목,BDDE13J,자동차 및 트레일러,A,2008,2021,14
2239,131Y016,"1.2.5.1.1. 산업별대출금(예금취급기관, 전산업)",Group1,계정항목,BDDE13J,자동차 및 트레일러,Q,2008Q1,2022Q3,59
2240,131Y016,"1.2.5.1.1. 산업별대출금(예금취급기관, 전산업)",Group1,계정항목,BDDE14,"전기, 가스, 증기 및 공기조절 공급업",A,2008,2021,14
2241,131Y016,"1.2.5.1.1. 산업별대출금(예금취급기관, 전산업)",Group1,계정항목,BDDE14,"전기, 가스, 증기 및 공기조절 공급업",Q,2008Q1,2022Q3,59
2242,131Y016,"1.2.5.1.1. 산업별대출금(예금취급기관, 전산업)",Group1,계정항목,BDDE16,건설업,A,2008,2021,14
2243,131Y016,"1.2.5.1.1. 산업별대출금(예금취급기관, 전산업)",Group1,계정항목,BDDE16,건설업,Q,2008Q1,2022Q3,59
2244,131Y016,"1.2.5.1.1. 산업별대출금(예금취급기관, 전산업)",Group1,계정항목,BDDE17,도매 및 소매업,A,2008,2021,14
2245,131Y016,"1.2.5.1.1. 산업별대출금(예금취급기관, 전산업)",Group1,계정항목,BDDE17,도매 및 소매업,Q,2008Q1,2022Q3,59
2246,131Y016,"1.2.5.1.1. 산업별대출금(예금취급기관, 전산업)",Group1,계정항목,BDDE1E,"사업시설관리, 사업지원 및 임대서비스업",A,2008,2021,14
2247,131Y016,"1.2.5.1.1. 산업별대출금(예금취급기관, 전산업)",Group1,계정항목,BDDE1E,"사업시설관리, 사업지원 및 임대서비스업",Q,2008Q1,2022Q3,59
2248,131Y016,"1.2.5.1.1. 산업별대출금(예금취급기관, 전산업)",Group1,계정항목,BDDE1G,보건 및 사회복지서비스업,A,2008,2021,14
2249,131Y016,"1.2.5.1.1. 산업별대출금(예금취급기관, 전산업)",Group1,계정항목,BDDE1G,보건 및 사회복지서비스업,Q,2008Q1,2022Q3,59
2250,131Y016,"1.2.5.1.1. 산업별대출금(예금취급기관, 전산업)",Group1,계정항목,BDDE11,"농업, 임업 및 어업",A,2008,2021,14
2251,131Y016,"1.2.5.1.1. 산업별대출금(예금취급기관, 전산업)",Group1,계정항목,BDDE11,"농업, 임업 및 어업",Q,2008Q1,2022Q3,59
2252,131Y016,"1.2.5.1.1. 산업별대출금(예금취급기관, 전산업)",Group1,계정항목,BDDE13L,가구제조 및 기타제품,A,2008,2021,14
2253,131Y016,"1.2.5.1.1. 산업별대출금(예금취급기관, 전산업)",Group1,계정항목,BDDE13L,가구제조 및 기타제품,Q,2008Q1,2022Q3,59
2254,131Y016,"1.2.5.1.1. 산업별대출금(예금취급기관, 전산업)",Group1,계정항목,BDDE1B,금융 및 보험업,A,2008,2021,14
2255,131Y016,"1.2.5.1.1. 산업별대출금(예금취급기관, 전산업)",Group1,계정항목,BDDE1B,금융 및 보험업,Q,2008Q1,2022Q3,59
2256,131Y016,"1.2.5.1.1. 산업별대출금(예금취급기관, 전산업)",Group1,계정항목,BDDE13,제조업,A,2008,2021,14
2257,131Y016,"1.2.5.1.1. 산업별대출금(예금취급기관, 전산업)",Group1,계정항목,BDDE13,제조업,Q,2008Q1,2022Q3,59
2258,131Y016,"1.2.5.1.1. 산업별대출금(예금취급기관, 전산업)",Group1,계정항목,BDDE132,담배,A,2008,2021,14
2259,131Y016,"1.2.5.1.1. 산업별대출금(예금취급기관, 전산업)",Group1,계정항목,BDDE132,담배,Q,2008Q1,2022Q3,59
2260,131Y016,"1.2.5.1.1. 산업별대출금(예금취급기관, 전산업)",Group1,계정항목,BDDE133,섬유제품,A,2008,2021,14
2261,131Y016,"1.2.5.1.1. 산업별대출금(예금취급기관, 전산업)",Group1,계정항목,BDDE133,섬유제품,Q,2008Q1,2022Q3,59
2262,131Y016,"1.2.5.1.1. 산업별대출금(예금취급기관, 전산업)",Group1,계정항목,BDDE134,"의복, 의복액세서리 및 모피제품",A,2008,2021,14
2263,131Y016,"1.2.5.1.1. 산업별대출금(예금취급기관, 전산업)",Group1,계정항목,BDDE134,"의복, 의복액세서리 및 모피제품",Q,2008Q1,2022Q3,59
2264,131Y016,"1.2.5.1.1. 산업별대출금(예금취급기관, 전산업)",Group1,계정항목,BDDE13E,금속가공제품,A,2008,2021,14
2265,131Y016,"1.2.5.1.1. 산업별대출금(예금취급기관, 전산업)",Group1,계정항목,BDDE13E,금속가공제품,Q,2008Q1,2022Q3,59
2266,131Y016,"1.2.5.1.1. 산업별대출금(예금취급기관, 전산업)",Group1,계정항목,BDDE13H,전기장비,A,2008,2021,14
2267,131Y016,"1.2.5.1.1. 산업별대출금(예금취급기관, 전산업)",Group1,계정항목,BDDE13H,전기장비,Q,2008Q1,2022Q3,59
2268,131Y016,"1.2.5.1.1. 산업별대출금(예금취급기관, 전산업)",Group1,계정항목,BDDE13I,기타 기계 및 장비,A,2008,2021,14
2269,131Y016,"1.2.5.1.1. 산업별대출금(예금취급기관, 전산업)",Group1,계정항목,BDDE13I,기타 기계 및 장비,Q,2008Q1,2022Q3,59
2270,131Y016,"1.2.5.1.1. 산업별대출금(예금취급기관, 전산업)",Group1,계정항목,BDDE1D,"전문, 과학 및 기술 서비스업",A,2008,2021,14
2271,131Y016,"1.2.5.1.1. 산업별대출금(예금취급기관, 전산업)",Group1,계정항목,BDDE1D,"전문, 과학 및 기술 서비스업",Q,2008Q1,2022Q3,59
2272,131Y016,"1.2.5.1.1. 산업별대출금(예금취급기관, 전산업)",Group1,계정항목,BDDE137,"펄프, 종이 및 종이제품",A,2008,2021,14
2273,131Y016,"1.2.5.1.1. 산업별대출금(예금취급기관, 전산업)",Group1,계정항목,BDDE137,"펄프, 종이 및 종이제품",Q,2008Q1,2022Q3,59
2274,131Y016,"1.2.5.1.1. 산업별대출금(예금취급기관, 전산업)",Group1,계정항목,BDDE138,인쇄 및 기록매체,A,2008,2021,14
2275,131Y016,"1.2.5.1.1. 산업별대출금(예금취급기관, 전산업)",Group1,계정항목,BDDE138,인쇄 및 기록매체,Q,2008Q1,2022Q3,59
2276,131Y016,"1.2.5.1.1. 산업별대출금(예금취급기관, 전산업)",Group1,계정항목,BDDE139,"코크스, 연탄 및 석유정제품",A,2008,2021,14
2277,131Y016,"1.2.5.1.1. 산업별대출금(예금취급기관, 전산업)",Group1,계정항목,BDDE139,"코크스, 연탄 및 석유정제품",Q,2008Q1,2022Q3,59
2278,131Y016,"1.2.5.1.1. 산업별대출금(예금취급기관, 전산업)",Group1,계정항목,BDDE13B,고무제품 및 플라스틱 제품,A,2008,2021,14
2279,131Y016,"1.2.5.1.1. 산업별대출금(예금취급기관, 전산업)",Group1,계정항목,BDDE13B,고무제품 및 플라스틱 제품,Q,2008Q1,2022Q3,59
2280,131Y016,"1.2.5.1.1. 산업별대출금(예금취급기관, 전산업)",Group1,계정항목,BDDE1J,"예술, 스포츠 및 여가 관련 서비스업",A,2010,2021,12
2281,131Y016,"1.2.5.1.1. 산업별대출금(예금취급기관, 전산업)",Group1,계정항목,BDDE1J,"예술, 스포츠 및 여가 관련 서비스업",Q,2010Q1,2022Q3,51
2282,131Y016,"1.2.5.1.1. 산업별대출금(예금취급기관, 전산업)",Group1,계정항목,BDDE1I,정보통신업,A,2010,2021,12
2283,131Y016,"1.2.5.1.1. 산업별대출금(예금취급기관, 전산업)",Group1,계정항목,BDDE1I,정보통신업,Q,2010Q1,2022Q3,51
2284,131Y016,"1.2.5.1.1. 산업별대출금(예금취급기관, 전산업)",Group1,계정항목,BDDE1K,서비스업,Q,2008Q1,2022Q3,59
2285,131Y017,"1.2.5.1.2. 산업별대출금(예금취급기관, 용도별)",Group1,계정항목,BDDF1B,금융 및 보험업,A,2008,2021,28
2286,131Y017,"1.2.5.1.2. 산업별대출금(예금취급기관, 용도별)",Group1,계정항목,BDDF1B,금융 및 보험업,Q,2008Q1,2022Q3,118
2287,131Y017,"1.2.5.1.2. 산업별대출금(예금취급기관, 용도별)",Group1,계정항목,BDDF17,도매 및 소매업,A,2008,2021,28
2288,131Y017,"1.2.5.1.2. 산업별대출금(예금취급기관, 용도별)",Group1,계정항목,BDDF17,도매 및 소매업,Q,2008Q1,2022Q3,118
2289,131Y017,"1.2.5.1.2. 산업별대출금(예금취급기관, 용도별)",Group1,계정항목,BDDF1F,교육서비스업,A,2008,2021,28
2290,131Y017,"1.2.5.1.2. 산업별대출금(예금취급기관, 용도별)",Group1,계정항목,BDDF1F,교육서비스업,Q,2008Q1,2022Q3,118
2291,131Y017,"1.2.5.1.2. 산업별대출금(예금취급기관, 용도별)",Group1,계정항목,BDDF12,광업,A,2008,2021,28
2292,131Y017,"1.2.5.1.2. 산업별대출금(예금취급기관, 용도별)",Group1,계정항목,BDDF12,광업,Q,2008Q1,2022Q3,118
2293,131Y017,"1.2.5.1.2. 산업별대출금(예금취급기관, 용도별)",Group1,계정항목,BDDF18,운수 및 창고업,A,2008,2021,28
2294,131Y017,"1.2.5.1.2. 산업별대출금(예금취급기관, 용도별)",Group1,계정항목,BDDF18,운수 및 창고업,Q,2008Q1,2022Q3,118
2295,131Y017,"1.2.5.1.2. 산업별대출금(예금취급기관, 용도별)",Group1,계정항목,BDDF1D,"전문, 과학 및 기술 서비스업",A,2008,2021,28
2296,131Y017,"1.2.5.1.2. 산업별대출금(예금취급기관, 용도별)",Group1,계정항목,BDDF1D,"전문, 과학 및 기술 서비스업",Q,2008Q1,2022Q3,118
2297,131Y017,"1.2.5.1.2. 산업별대출금(예금취급기관, 용도별)",Group1,계정항목,BDDF19,숙박 및 음식점업,A,2008,2021,28
2298,131Y017,"1.2.5.1.2. 산업별대출금(예금취급기관, 용도별)",Group1,계정항목,BDDF19,숙박 및 음식점업,Q,2008Q1,2022Q3,118
2299,131Y017,"1.2.5.1.2. 산업별대출금(예금취급기관, 용도별)",Group1,계정항목,BDDF1A,"정보통신업, 예술, 스포츠, 여가 관련",A,2008,2021,28
2300,131Y017,"1.2.5.1.2. 산업별대출금(예금취급기관, 용도별)",Group1,계정항목,BDDF1A,"정보통신업, 예술, 스포츠, 여가 관련",Q,2008Q1,2009Q4,16
2301,131Y017,"1.2.5.1.2. 산업별대출금(예금취급기관, 용도별)",Group1,계정항목,BDDF1G,보건 및 사회복지서비스업,A,2008,2021,28
2302,131Y017,"1.2.5.1.2. 산업별대출금(예금취급기관, 용도별)",Group1,계정항목,BDDF1G,보건 및 사회복지서비스업,Q,2008Q1,2022Q3,118
2303,131Y017,"1.2.5.1.2. 산업별대출금(예금취급기관, 용도별)",Group1,계정항목,BDDF1H,공공행정 등 기타서비스,A,2008,2021,28
2304,131Y017,"1.2.5.1.2. 산업별대출금(예금취급기관, 용도별)",Group1,계정항목,BDDF1H,공공행정 등 기타서비스,Q,2008Q1,2022Q3,118
2305,131Y017,"1.2.5.1.2. 산업별대출금(예금취급기관, 용도별)",Group1,계정항목,BDDF1,산업별대출금,A,2008,2021,28
2306,131Y017,"1.2.5.1.2. 산업별대출금(예금취급기관, 용도별)",Group1,계정항목,BDDF1,산업별대출금,Q,2008Q1,2022Q3,118
2307,131Y017,"1.2.5.1.2. 산업별대출금(예금취급기관, 용도별)",Group1,계정항목,BDDF11,"농업, 임업 및 어업",A,2008,2021,28
2308,131Y017,"1.2.5.1.2. 산업별대출금(예금취급기관, 용도별)",Group1,계정항목,BDDF11,"농업, 임업 및 어업",Q,2008Q1,2022Q3,118
2309,131Y017,"1.2.5.1.2. 산업별대출금(예금취급기관, 용도별)",Group1,계정항목,BDDF13,제조업,A,2008,2021,28
2310,131Y017,"1.2.5.1.2. 산업별대출금(예금취급기관, 용도별)",Group1,계정항목,BDDF13,제조업,Q,2008Q1,2022Q3,118
2311,131Y017,"1.2.5.1.2. 산업별대출금(예금취급기관, 용도별)",Group1,계정항목,BDDF14,"전기, 가스, 증기 및 공기조절 공급업",A,2008,2021,28
2312,131Y017,"1.2.5.1.2. 산업별대출금(예금취급기관, 용도별)",Group1,계정항목,BDDF14,"전기, 가스, 증기 및 공기조절 공급업",Q,2008Q1,2022Q3,118
2313,131Y017,"1.2.5.1.2. 산업별대출금(예금취급기관, 용도별)",Group1,계정항목,BDDF1E,"사업시설관리, 사업지원 및 임대서비스업",A,2008,2021,28
2314,131Y017,"1.2.5.1.2. 산업별대출금(예금취급기관, 용도별)",Group1,계정항목,BDDF1E,"사업시설관리, 사업지원 및 임대서비스업",Q,2008Q1,2022Q3,118
2315,131Y017,"1.2.5.1.2. 산업별대출금(예금취급기관, 용도별)",Group1,계정항목,BDDF15,"수도ㆍ하수 및 폐기물 처리, 원료재생업",A,2008,2021,28
2316,131Y017,"1.2.5.1.2. 산업별대출금(예금취급기관, 용도별)",Group1,계정항목,BDDF15,"수도ㆍ하수 및 폐기물 처리, 원료재생업",Q,2008Q1,2022Q3,118
2317,131Y017,"1.2.5.1.2. 산업별대출금(예금취급기관, 용도별)",Group1,계정항목,BDDF16,건설업,A,2008,2021,28
2318,131Y017,"1.2.5.1.2. 산업별대출금(예금취급기관, 용도별)",Group1,계정항목,BDDF16,건설업,Q,2008Q1,2022Q3,118
2319,131Y017,"1.2.5.1.2. 산업별대출금(예금취급기관, 용도별)",Group1,계정항목,BDDF1C,부동산업,A,2008,2021,28
2320,131Y017,"1.2.5.1.2. 산업별대출금(예금취급기관, 용도별)",Group1,계정항목,BDDF1C,부동산업,Q,2008Q1,2022Q3,118
2321,131Y017,"1.2.5.1.2. 산업별대출금(예금취급기관, 용도별)",Group1,계정항목,BDDF1I,정보통신업,A,2010,2021,24
2322,131Y017,"1.2.5.1.2. 산업별대출금(예금취급기관, 용도별)",Group1,계정항목,BDDF1I,정보통신업,Q,2010Q1,2022Q3,102
2323,131Y017,"1.2.5.1.2. 산업별대출금(예금취급기관, 용도별)",Group1,계정항목,BDDF1J,"예술, 스포츠 및 여가 관련 서비스업",A,2010,2021,24
2324,131Y017,"1.2.5.1.2. 산업별대출금(예금취급기관, 용도별)",Group1,계정항목,BDDF1J,"예술, 스포츠 및 여가 관련 서비스업",Q,2010Q1,2022Q3,102
2325,131Y017,"1.2.5.1.2. 산업별대출금(예금취급기관, 용도별)",Group1,계정항목,BDDF1K,서비스업,Q,2008Q1,2022Q3,118
2326,131Y017,"1.2.5.1.2. 산업별대출금(예금취급기관, 용도별)",Group2,산업별대출금 자금구분,A,시설자금,A,2008,2021,285
2327,131Y017,"1.2.5.1.2. 산업별대출금(예금취급기관, 용도별)",Group2,산업별대출금 자금구분,A,시설자금,Q,2008Q1,2022Q3,1318
2328,131Y017,"1.2.5.1.2. 산업별대출금(예금취급기관, 용도별)",Group2,산업별대출금 자금구분,B,운전자금,A,2008,2021,276
2329,131Y017,"1.2.5.1.2. 산업별대출금(예금취급기관, 용도별)",Group2,산업별대출금 자금구분,B,운전자금,Q,2008Q1,2022Q3,1172
2330,131Y013,"1.2.5.2.1. 산업별대출금(예금은행, 전산업)",Group1,계정항목,BDDE136,목재 및 나무제품,A,1998,2021,24
2331,131Y013,"1.2.5.2.1. 산업별대출금(예금은행, 전산업)",Group1,계정항목,BDDE136,목재 및 나무제품,Q,2001Q4,2022Q3,84
2332,131Y013,"1.2.5.2.1. 산업별대출금(예금은행, 전산업)",Group1,계정항목,BDDE13A,화학제품 및 의료용 제품,A,1998,2021,24
2333,131Y013,"1.2.5.2.1. 산업별대출금(예금은행, 전산업)",Group1,계정항목,BDDE13A,화학제품 및 의료용 제품,Q,2001Q4,2022Q3,84
2334,131Y013,"1.2.5.2.1. 산업별대출금(예금은행, 전산업)",Group1,계정항목,BDDE13D,제1차 금속,A,1998,2021,24
2335,131Y013,"1.2.5.2.1. 산업별대출금(예금은행, 전산업)",Group1,계정항목,BDDE13D,제1차 금속,Q,2001Q4,2022Q3,84
2336,131Y013,"1.2.5.2.1. 산업별대출금(예금은행, 전산업)",Group1,계정항목,BDDE15,"수도ㆍ하수 및 폐기물 처리, 원료재생업",A,1998,2021,24
2337,131Y013,"1.2.5.2.1. 산업별대출금(예금은행, 전산업)",Group1,계정항목,BDDE15,"수도ㆍ하수 및 폐기물 처리, 원료재생업",Q,2001Q4,2022Q3,84
2338,131Y013,"1.2.5.2.1. 산업별대출금(예금은행, 전산업)",Group1,계정항목,BDDE18,운수 및 창고업,A,1998,2021,24
2339,131Y013,"1.2.5.2.1. 산업별대출금(예금은행, 전산업)",Group1,계정항목,BDDE18,운수 및 창고업,Q,2001Q4,2022Q3,84
2340,131Y013,"1.2.5.2.1. 산업별대출금(예금은행, 전산업)",Group1,계정항목,BDDE13C,비금속광물제품,A,1998,2021,24
2341,131Y013,"1.2.5.2.1. 산업별대출금(예금은행, 전산업)",Group1,계정항목,BDDE13C,비금속광물제품,Q,2001Q4,2022Q3,84
2342,131Y013,"1.2.5.2.1. 산업별대출금(예금은행, 전산업)",Group1,계정항목,BDDE13K,기타 운송장비,A,1998,2021,24
2343,131Y013,"1.2.5.2.1. 산업별대출금(예금은행, 전산업)",Group1,계정항목,BDDE13K,기타 운송장비,Q,2001Q4,2022Q3,84
2344,131Y013,"1.2.5.2.1. 산업별대출금(예금은행, 전산업)",Group1,계정항목,BDDE1H,공공행정 등 기타서비스,A,1998,2021,24
2345,131Y013,"1.2.5.2.1. 산업별대출금(예금은행, 전산업)",Group1,계정항목,BDDE1H,공공행정 등 기타서비스,Q,2001Q4,2022Q3,84
2346,131Y013,"1.2.5.2.1. 산업별대출금(예금은행, 전산업)",Group1,계정항목,BDDE1A,"정보통신업, 예술, 스포츠, 여가 관련",A,1998,2021,24
2347,131Y013,"1.2.5.2.1. 산업별대출금(예금은행, 전산업)",Group1,계정항목,BDDE1A,"정보통신업, 예술, 스포츠, 여가 관련",Q,2001Q4,2009Q4,33
2348,131Y013,"1.2.5.2.1. 산업별대출금(예금은행, 전산업)",Group1,계정항목,BDDE1C,부동산업,A,1998,2021,24
2349,131Y013,"1.2.5.2.1. 산업별대출금(예금은행, 전산업)",Group1,계정항목,BDDE1C,부동산업,Q,2001Q4,2022Q3,84
2350,131Y013,"1.2.5.2.1. 산업별대출금(예금은행, 전산업)",Group1,계정항목,BDDE13M,산업용 기계 및 장비 수리업,A,2017,2021,5
2351,131Y013,"1.2.5.2.1. 산업별대출금(예금은행, 전산업)",Group1,계정항목,BDDE13M,산업용 기계 및 장비 수리업,Q,2017Q4,2022Q3,20
2352,131Y013,"1.2.5.2.1. 산업별대출금(예금은행, 전산업)",Group1,계정항목,BDDE12,광업,A,1998,2021,24
2353,131Y013,"1.2.5.2.1. 산업별대출금(예금은행, 전산업)",Group1,계정항목,BDDE12,광업,Q,2001Q4,2022Q3,84
2354,131Y013,"1.2.5.2.1. 산업별대출금(예금은행, 전산업)",Group1,계정항목,BDDE131,식료품 및 음료,A,1998,2021,24
2355,131Y013,"1.2.5.2.1. 산업별대출금(예금은행, 전산업)",Group1,계정항목,BDDE131,식료품 및 음료,Q,2001Q4,2022Q3,84
2356,131Y013,"1.2.5.2.1. 산업별대출금(예금은행, 전산업)",Group1,계정항목,BDDE135,"가죽, 가방 및 신발",A,1998,2021,24
2357,131Y013,"1.2.5.2.1. 산업별대출금(예금은행, 전산업)",Group1,계정항목,BDDE135,"가죽, 가방 및 신발",Q,2001Q4,2022Q3,84
2358,131Y013,"1.2.5.2.1. 산업별대출금(예금은행, 전산업)",Group1,계정항목,BDDE13F,"전자부품, 컴퓨터, 영상, 음향 및 통신장비",A,1998,2021,24
2359,131Y013,"1.2.5.2.1. 산업별대출금(예금은행, 전산업)",Group1,계정항목,BDDE13F,"전자부품, 컴퓨터, 영상, 음향 및 통신장비",Q,2001Q4,2022Q3,84
2360,131Y013,"1.2.5.2.1. 산업별대출금(예금은행, 전산업)",Group1,계정항목,BDDE19,숙박 및 음식점업,A,1998,2021,24
2361,131Y013,"1.2.5.2.1. 산업별대출금(예금은행, 전산업)",Group1,계정항목,BDDE19,숙박 및 음식점업,Q,2001Q4,2022Q3,84
2362,131Y013,"1.2.5.2.1. 산업별대출금(예금은행, 전산업)",Group1,계정항목,BDDE13G,"의료, 정밀, 광학기기 및 시계",A,1998,2021,24
2363,131Y013,"1.2.5.2.1. 산업별대출금(예금은행, 전산업)",Group1,계정항목,BDDE13G,"의료, 정밀, 광학기기 및 시계",Q,2001Q4,2022Q3,84
2364,131Y013,"1.2.5.2.1. 산업별대출금(예금은행, 전산업)",Group1,계정항목,BDDE1F,교육서비스업,A,1998,2021,24
2365,131Y013,"1.2.5.2.1. 산업별대출금(예금은행, 전산업)",Group1,계정항목,BDDE1F,교육서비스업,Q,2001Q4,2022Q3,84
2366,131Y013,"1.2.5.2.1. 산업별대출금(예금은행, 전산업)",Group1,계정항목,BDDE1,산업별대출금,A,1998,2021,24
2367,131Y013,"1.2.5.2.1. 산업별대출금(예금은행, 전산업)",Group1,계정항목,BDDE1,산업별대출금,Q,2001Q4,2022Q3,84
2368,131Y013,"1.2.5.2.1. 산업별대출금(예금은행, 전산업)",Group1,계정항목,BDDE13J,자동차 및 트레일러,A,1998,2021,24
2369,131Y013,"1.2.5.2.1. 산업별대출금(예금은행, 전산업)",Group1,계정항목,BDDE13J,자동차 및 트레일러,Q,2001Q4,2022Q3,84
2370,131Y013,"1.2.5.2.1. 산업별대출금(예금은행, 전산업)",Group1,계정항목,BDDE14,"전기, 가스, 증기 및 공기조절 공급업",A,1998,2021,24
2371,131Y013,"1.2.5.2.1. 산업별대출금(예금은행, 전산업)",Group1,계정항목,BDDE14,"전기, 가스, 증기 및 공기조절 공급업",Q,2001Q4,2022Q3,84
2372,131Y013,"1.2.5.2.1. 산업별대출금(예금은행, 전산업)",Group1,계정항목,BDDE16,건설업,A,1998,2021,24
2373,131Y013,"1.2.5.2.1. 산업별대출금(예금은행, 전산업)",Group1,계정항목,BDDE16,건설업,Q,2001Q4,2022Q3,84
2374,131Y013,"1.2.5.2.1. 산업별대출금(예금은행, 전산업)",Group1,계정항목,BDDE17,도매 및 소매업,A,1998,2021,24
2375,131Y013,"1.2.5.2.1. 산업별대출금(예금은행, 전산업)",Group1,계정항목,BDDE17,도매 및 소매업,Q,2001Q4,2022Q3,84
2376,131Y013,"1.2.5.2.1. 산업별대출금(예금은행, 전산업)",Group1,계정항목,BDDE1E,"사업시설관리, 사업지원 및 임대서비스업",A,1998,2021,24
2377,131Y013,"1.2.5.2.1. 산업별대출금(예금은행, 전산업)",Group1,계정항목,BDDE1E,"사업시설관리, 사업지원 및 임대서비스업",Q,2001Q4,2022Q3,84
2378,131Y013,"1.2.5.2.1. 산업별대출금(예금은행, 전산업)",Group1,계정항목,BDDE1G,보건 및 사회복지서비스업,A,1998,2021,24
2379,131Y013,"1.2.5.2.1. 산업별대출금(예금은행, 전산업)",Group1,계정항목,BDDE1G,보건 및 사회복지서비스업,Q,2001Q4,2022Q3,84
2380,131Y013,"1.2.5.2.1. 산업별대출금(예금은행, 전산업)",Group1,계정항목,BDDE11,"농업, 임업 및 어업",A,1998,2021,24
2381,131Y013,"1.2.5.2.1. 산업별대출금(예금은행, 전산업)",Group1,계정항목,BDDE11,"농업, 임업 및 어업",Q,2001Q4,2022Q3,84
2382,131Y013,"1.2.5.2.1. 산업별대출금(예금은행, 전산업)",Group1,계정항목,BDDE13L,가구제조 및 기타제품,A,1998,2021,24
2383,131Y013,"1.2.5.2.1. 산업별대출금(예금은행, 전산업)",Group1,계정항목,BDDE13L,가구제조 및 기타제품,Q,2001Q4,2022Q3,84
2384,131Y013,"1.2.5.2.1. 산업별대출금(예금은행, 전산업)",Group1,계정항목,BDDE1B,금융 및 보험업,A,1998,2021,24
2385,131Y013,"1.2.5.2.1. 산업별대출금(예금은행, 전산업)",Group1,계정항목,BDDE1B,금융 및 보험업,Q,2001Q4,2022Q3,84
2386,131Y013,"1.2.5.2.1. 산업별대출금(예금은행, 전산업)",Group1,계정항목,BDDE13,제조업,A,1998,2021,24
2387,131Y013,"1.2.5.2.1. 산업별대출금(예금은행, 전산업)",Group1,계정항목,BDDE13,제조업,Q,2001Q4,2022Q3,84
2388,131Y013,"1.2.5.2.1. 산업별대출금(예금은행, 전산업)",Group1,계정항목,BDDE132,담배,A,1998,2021,24
2389,131Y013,"1.2.5.2.1. 산업별대출금(예금은행, 전산업)",Group1,계정항목,BDDE132,담배,Q,2001Q4,2022Q3,84
2390,131Y013,"1.2.5.2.1. 산업별대출금(예금은행, 전산업)",Group1,계정항목,BDDE133,섬유제품,A,1998,2021,24
2391,131Y013,"1.2.5.2.1. 산업별대출금(예금은행, 전산업)",Group1,계정항목,BDDE133,섬유제품,Q,2001Q4,2022Q3,84
2392,131Y013,"1.2.5.2.1. 산업별대출금(예금은행, 전산업)",Group1,계정항목,BDDE134,"의복, 의복액세서리 및 모피제품",A,1998,2021,24
2393,131Y013,"1.2.5.2.1. 산업별대출금(예금은행, 전산업)",Group1,계정항목,BDDE134,"의복, 의복액세서리 및 모피제품",Q,2001Q4,2022Q3,84
2394,131Y013,"1.2.5.2.1. 산업별대출금(예금은행, 전산업)",Group1,계정항목,BDDE13E,금속가공제품,A,1998,2021,24
2395,131Y013,"1.2.5.2.1. 산업별대출금(예금은행, 전산업)",Group1,계정항목,BDDE13E,금속가공제품,Q,2001Q4,2022Q3,84
2396,131Y013,"1.2.5.2.1. 산업별대출금(예금은행, 전산업)",Group1,계정항목,BDDE13H,전기장비,A,1998,2021,24
2397,131Y013,"1.2.5.2.1. 산업별대출금(예금은행, 전산업)",Group1,계정항목,BDDE13H,전기장비,Q,2001Q4,2022Q3,84
2398,131Y013,"1.2.5.2.1. 산업별대출금(예금은행, 전산업)",Group1,계정항목,BDDE13I,기타 기계 및 장비,A,1998,2021,24
2399,131Y013,"1.2.5.2.1. 산업별대출금(예금은행, 전산업)",Group1,계정항목,BDDE13I,기타 기계 및 장비,Q,2001Q4,2022Q3,84
2400,131Y013,"1.2.5.2.1. 산업별대출금(예금은행, 전산업)",Group1,계정항목,BDDE1D,"전문, 과학 및 기술 서비스업",A,1998,2021,24
2401,131Y013,"1.2.5.2.1. 산업별대출금(예금은행, 전산업)",Group1,계정항목,BDDE1D,"전문, 과학 및 기술 서비스업",Q,2001Q4,2022Q3,84
2402,131Y013,"1.2.5.2.1. 산업별대출금(예금은행, 전산업)",Group1,계정항목,BDDE137,"펄프, 종이 및 종이제품",A,1998,2021,24
2403,131Y013,"1.2.5.2.1. 산업별대출금(예금은행, 전산업)",Group1,계정항목,BDDE137,"펄프, 종이 및 종이제품",Q,2001Q4,2022Q3,84
2404,131Y013,"1.2.5.2.1. 산업별대출금(예금은행, 전산업)",Group1,계정항목,BDDE138,인쇄 및 기록매체,A,1998,2021,24
2405,131Y013,"1.2.5.2.1. 산업별대출금(예금은행, 전산업)",Group1,계정항목,BDDE138,인쇄 및 기록매체,Q,2001Q4,2022Q3,84
2406,131Y013,"1.2.5.2.1. 산업별대출금(예금은행, 전산업)",Group1,계정항목,BDDE139,"코크스, 연탄 및 석유정제품",A,1998,2021,24
2407,131Y013,"1.2.5.2.1. 산업별대출금(예금은행, 전산업)",Group1,계정항목,BDDE139,"코크스, 연탄 및 석유정제품",Q,2001Q4,2022Q3,84
2408,131Y013,"1.2.5.2.1. 산업별대출금(예금은행, 전산업)",Group1,계정항목,BDDE13B,고무제품 및 플라스틱 제품,A,1998,2021,24
2409,131Y013,"1.2.5.2.1. 산업별대출금(예금은행, 전산업)",Group1,계정항목,BDDE13B,고무제품 및 플라스틱 제품,Q,2001Q4,2022Q3,84
2410,131Y013,"1.2.5.2.1. 산업별대출금(예금은행, 전산업)",Group1,계정항목,BDDE1J,"예술, 스포츠 및 여가 관련 서비스업",A,2010,2021,12
2411,131Y013,"1.2.5.2.1. 산업별대출금(예금은행, 전산업)",Group1,계정항목,BDDE1J,"예술, 스포츠 및 여가 관련 서비스업",Q,2010Q1,2022Q3,51
2412,131Y013,"1.2.5.2.1. 산업별대출금(예금은행, 전산업)",Group1,계정항목,BDDE1I,정보통신업,A,2010,2021,12
2413,131Y013,"1.2.5.2.1. 산업별대출금(예금은행, 전산업)",Group1,계정항목,BDDE1I,정보통신업,Q,2010Q1,2022Q3,51
2414,131Y013,"1.2.5.2.1. 산업별대출금(예금은행, 전산업)",Group1,계정항목,BDDE1K,서비스업,Q,2001Q4,2022Q3,84
2415,131Y011,"1.2.5.2.2. 산업별대출금(예금은행, 용도별)",Group1,계정항목,BDDF1B,금융 및 보험업,A,1998,2021,48
2416,131Y011,"1.2.5.2.2. 산업별대출금(예금은행, 용도별)",Group1,계정항목,BDDF1B,금융 및 보험업,Q,2001Q4,2022Q3,168
2417,131Y011,"1.2.5.2.2. 산업별대출금(예금은행, 용도별)",Group1,계정항목,BDDF17,도매 및 소매업,A,1998,2021,48
2418,131Y011,"1.2.5.2.2. 산업별대출금(예금은행, 용도별)",Group1,계정항목,BDDF17,도매 및 소매업,Q,2001Q4,2022Q3,168
2419,131Y011,"1.2.5.2.2. 산업별대출금(예금은행, 용도별)",Group1,계정항목,BDDF1F,교육서비스업,A,1998,2021,48
2420,131Y011,"1.2.5.2.2. 산업별대출금(예금은행, 용도별)",Group1,계정항목,BDDF1F,교육서비스업,Q,2001Q4,2022Q3,168
2421,131Y011,"1.2.5.2.2. 산업별대출금(예금은행, 용도별)",Group1,계정항목,BDDF12,광업,A,1998,2021,48
2422,131Y011,"1.2.5.2.2. 산업별대출금(예금은행, 용도별)",Group1,계정항목,BDDF12,광업,Q,2001Q4,2022Q3,168
2423,131Y011,"1.2.5.2.2. 산업별대출금(예금은행, 용도별)",Group1,계정항목,BDDF18,운수 및 창고업,A,1998,2021,48
2424,131Y011,"1.2.5.2.2. 산업별대출금(예금은행, 용도별)",Group1,계정항목,BDDF18,운수 및 창고업,Q,2001Q4,2022Q3,168
2425,131Y011,"1.2.5.2.2. 산업별대출금(예금은행, 용도별)",Group1,계정항목,BDDF1D,"전문, 과학 및 기술 서비스업",A,1998,2021,48
2426,131Y011,"1.2.5.2.2. 산업별대출금(예금은행, 용도별)",Group1,계정항목,BDDF1D,"전문, 과학 및 기술 서비스업",Q,2001Q4,2022Q3,168
2427,131Y011,"1.2.5.2.2. 산업별대출금(예금은행, 용도별)",Group1,계정항목,BDDF19,숙박 및 음식점업,A,1998,2021,48
2428,131Y011,"1.2.5.2.2. 산업별대출금(예금은행, 용도별)",Group1,계정항목,BDDF19,숙박 및 음식점업,Q,2001Q4,2022Q3,168
2429,131Y011,"1.2.5.2.2. 산업별대출금(예금은행, 용도별)",Group1,계정항목,BDDF1A,"정보통신업, 예술, 스포츠, 여가 관련",A,1998,2021,48
2430,131Y011,"1.2.5.2.2. 산업별대출금(예금은행, 용도별)",Group1,계정항목,BDDF1A,"정보통신업, 예술, 스포츠, 여가 관련",Q,2001Q4,2009Q4,66
2431,131Y011,"1.2.5.2.2. 산업별대출금(예금은행, 용도별)",Group1,계정항목,BDDF1G,보건 및 사회복지서비스업,A,1998,2021,48
2432,131Y011,"1.2.5.2.2. 산업별대출금(예금은행, 용도별)",Group1,계정항목,BDDF1G,보건 및 사회복지서비스업,Q,2001Q4,2022Q3,168
2433,131Y011,"1.2.5.2.2. 산업별대출금(예금은행, 용도별)",Group1,계정항목,BDDF1H,공공행정 등 기타서비스,A,1998,2021,48
2434,131Y011,"1.2.5.2.2. 산업별대출금(예금은행, 용도별)",Group1,계정항목,BDDF1H,공공행정 등 기타서비스,Q,2001Q4,2022Q3,168
2435,131Y011,"1.2.5.2.2. 산업별대출금(예금은행, 용도별)",Group1,계정항목,BDDF1,산업별대출금,A,1998,2021,48
2436,131Y011,"1.2.5.2.2. 산업별대출금(예금은행, 용도별)",Group1,계정항목,BDDF1,산업별대출금,Q,2001Q4,2022Q3,168
2437,131Y011,"1.2.5.2.2. 산업별대출금(예금은행, 용도별)",Group1,계정항목,BDDF11,"농업, 임업 및 어업",A,1998,2021,48
2438,131Y011,"1.2.5.2.2. 산업별대출금(예금은행, 용도별)",Group1,계정항목,BDDF11,"농업, 임업 및 어업",Q,2001Q4,2022Q3,168
2439,131Y011,"1.2.5.2.2. 산업별대출금(예금은행, 용도별)",Group1,계정항목,BDDF13,제조업,A,1998,2021,48
2440,131Y011,"1.2.5.2.2. 산업별대출금(예금은행, 용도별)",Group1,계정항목,BDDF13,제조업,Q,2001Q4,2022Q3,168
2441,131Y011,"1.2.5.2.2. 산업별대출금(예금은행, 용도별)",Group1,계정항목,BDDF14,"전기, 가스, 증기 및 공기조절 공급업",A,1998,2021,48
2442,131Y011,"1.2.5.2.2. 산업별대출금(예금은행, 용도별)",Group1,계정항목,BDDF14,"전기, 가스, 증기 및 공기조절 공급업",Q,2001Q4,2022Q3,168
2443,131Y011,"1.2.5.2.2. 산업별대출금(예금은행, 용도별)",Group1,계정항목,BDDF1E,"사업시설관리, 사업지원 및 임대서비스업",A,1998,2021,48
2444,131Y011,"1.2.5.2.2. 산업별대출금(예금은행, 용도별)",Group1,계정항목,BDDF1E,"사업시설관리, 사업지원 및 임대서비스업",Q,2001Q4,2022Q3,168
2445,131Y011,"1.2.5.2.2. 산업별대출금(예금은행, 용도별)",Group1,계정항목,BDDF15,"수도ㆍ하수 및 폐기물 처리, 원료재생업",A,1998,2021,48
2446,131Y011,"1.2.5.2.2. 산업별대출금(예금은행, 용도별)",Group1,계정항목,BDDF15,"수도ㆍ하수 및 폐기물 처리, 원료재생업",Q,2001Q4,2022Q3,168
2447,131Y011,"1.2.5.2.2. 산업별대출금(예금은행, 용도별)",Group1,계정항목,BDDF16,건설업,A,1998,2021,48
2448,131Y011,"1.2.5.2.2. 산업별대출금(예금은행, 용도별)",Group1,계정항목,BDDF16,건설업,Q,2001Q4,2022Q3,168
2449,131Y011,"1.2.5.2.2. 산업별대출금(예금은행, 용도별)",Group1,계정항목,BDDF1C,부동산업,A,1998,2021,48
2450,131Y011,"1.2.5.2.2. 산업별대출금(예금은행, 용도별)",Group1,계정항목,BDDF1C,부동산업,Q,2001Q4,2022Q3,168
2451,131Y011,"1.2.5.2.2. 산업별대출금(예금은행, 용도별)",Group1,계정항목,BDDF1I,정보통신업,A,2010,2021,24
2452,131Y011,"1.2.5.2.2. 산업별대출금(예금은행, 용도별)",Group1,계정항목,BDDF1I,정보통신업,Q,2010Q1,2022Q3,102
2453,131Y011,"1.2.5.2.2. 산업별대출금(예금은행, 용도별)",Group1,계정항목,BDDF1J,"예술,스포츠 및 여가 관련 산업",A,2010,2021,24
2454,131Y011,"1.2.5.2.2. 산업별대출금(예금은행, 용도별)",Group1,계정항목,BDDF1J,"예술,스포츠 및 여가 관련 산업",Q,2010Q1,2022Q3,102
2455,131Y011,"1.2.5.2.2. 산업별대출금(예금은행, 용도별)",Group1,계정항목,BDDF1K,서비스업,Q,2001Q4,2022Q3,168
2456,131Y011,"1.2.5.2.2. 산업별대출금(예금은행, 용도별)",Group2,산업별대출금 자금구분,A,시설자금,A,1998,2021,480
2457,131Y011,"1.2.5.2.2. 산업별대출금(예금은행, 용도별)",Group2,산업별대출금 자금구분,A,시설자금,Q,2001Q4,2022Q3,1729
2458,131Y011,"1.2.5.2.2. 산업별대출금(예금은행, 용도별)",Group2,산업별대출금 자금구분,B,운전자금,A,1998,2021,480
2459,131Y011,"1.2.5.2.2. 산업별대출금(예금은행, 용도별)",Group2,산업별대출금 자금구분,B,운전자금,Q,2001Q4,2022Q3,1729
2460,131Y010,"1.2.5.2.3. 산업별대출금(예금은행, 기업형태별)",Group1,계정항목,1100000,산업별대출금,A,2018,2021,32
2461,131Y010,"1.2.5.2.3. 산업별대출금(예금은행, 기업형태별)",Group1,계정항목,1100000,산업별대출금,Q,2018Q4,2022Q3,128
2462,131Y010,"1.2.5.2.3. 산업별대출금(예금은행, 기업형태별)",Group1,계정항목,1101000,"농업, 임업 및 어업",A,2018,2021,32
2463,131Y010,"1.2.5.2.3. 산업별대출금(예금은행, 기업형태별)",Group1,계정항목,1101000,"농업, 임업 및 어업",Q,2018Q4,2022Q3,128
2464,131Y010,"1.2.5.2.3. 산업별대출금(예금은행, 기업형태별)",Group1,계정항목,1102000,광업,A,2018,2021,32
2465,131Y010,"1.2.5.2.3. 산업별대출금(예금은행, 기업형태별)",Group1,계정항목,1102000,광업,Q,2018Q4,2022Q3,128
2466,131Y010,"1.2.5.2.3. 산업별대출금(예금은행, 기업형태별)",Group1,계정항목,1103000,제조업,A,2018,2021,32
2467,131Y010,"1.2.5.2.3. 산업별대출금(예금은행, 기업형태별)",Group1,계정항목,1103000,제조업,Q,2018Q4,2022Q3,128
2468,131Y010,"1.2.5.2.3. 산업별대출금(예금은행, 기업형태별)",Group1,계정항목,1104000,"전기, 가스, 증기 및 공기조절 공급업",A,2018,2021,32
2469,131Y010,"1.2.5.2.3. 산업별대출금(예금은행, 기업형태별)",Group1,계정항목,1104000,"전기, 가스, 증기 및 공기조절 공급업",Q,2018Q4,2022Q3,128
2470,131Y010,"1.2.5.2.3. 산업별대출금(예금은행, 기업형태별)",Group1,계정항목,1105000,"수도ㆍ하수 및 폐기물 처리, 원료재생업",A,2018,2021,32
2471,131Y010,"1.2.5.2.3. 산업별대출금(예금은행, 기업형태별)",Group1,계정항목,1105000,"수도ㆍ하수 및 폐기물 처리, 원료재생업",Q,2018Q4,2022Q3,128
2472,131Y010,"1.2.5.2.3. 산업별대출금(예금은행, 기업형태별)",Group1,계정항목,1106000,건설업,A,2018,2021,32
2473,131Y010,"1.2.5.2.3. 산업별대출금(예금은행, 기업형태별)",Group1,계정항목,1106000,건설업,Q,2018Q4,2022Q3,128
2474,131Y010,"1.2.5.2.3. 산업별대출금(예금은행, 기업형태별)",Group1,계정항목,1107000,도매 및 소매업,A,2018,2021,32
2475,131Y010,"1.2.5.2.3. 산업별대출금(예금은행, 기업형태별)",Group1,계정항목,1107000,도매 및 소매업,Q,2018Q4,2022Q3,128
2476,131Y010,"1.2.5.2.3. 산업별대출금(예금은행, 기업형태별)",Group1,계정항목,1108000,운수 및 창고업,A,2018,2021,32
2477,131Y010,"1.2.5.2.3. 산업별대출금(예금은행, 기업형태별)",Group1,계정항목,1108000,운수 및 창고업,Q,2018Q4,2022Q3,128
2478,131Y010,"1.2.5.2.3. 산업별대출금(예금은행, 기업형태별)",Group1,계정항목,1109000,숙박 및 음식점업,A,2018,2021,32
2479,131Y010,"1.2.5.2.3. 산업별대출금(예금은행, 기업형태별)",Group1,계정항목,1109000,숙박 및 음식점업,Q,2018Q4,2022Q3,128
2480,131Y010,"1.2.5.2.3. 산업별대출금(예금은행, 기업형태별)",Group1,계정항목,1110000,"정보통신업, 예술, 스포츠, 여가 관련",A,2018,2021,32
2481,131Y010,"1.2.5.2.3. 산업별대출금(예금은행, 기업형태별)",Group1,계정항목,1111000,금융 및 보험업,A,2018,2021,32
2482,131Y010,"1.2.5.2.3. 산업별대출금(예금은행, 기업형태별)",Group1,계정항목,1111000,금융 및 보험업,Q,2018Q4,2022Q3,128
2483,131Y010,"1.2.5.2.3. 산업별대출금(예금은행, 기업형태별)",Group1,계정항목,1112000,부동산업,A,2018,2021,32
2484,131Y010,"1.2.5.2.3. 산업별대출금(예금은행, 기업형태별)",Group1,계정항목,1112000,부동산업,Q,2018Q4,2022Q3,128
2485,131Y010,"1.2.5.2.3. 산업별대출금(예금은행, 기업형태별)",Group1,계정항목,1113000,"전문, 과학 및 기술 서비스업",A,2018,2021,32
2486,131Y010,"1.2.5.2.3. 산업별대출금(예금은행, 기업형태별)",Group1,계정항목,1113000,"전문, 과학 및 기술 서비스업",Q,2018Q4,2022Q3,128
2487,131Y010,"1.2.5.2.3. 산업별대출금(예금은행, 기업형태별)",Group1,계정항목,1114000,"사업시설관리, 사업지원 및 임대서비스업",A,2018,2021,32
2488,131Y010,"1.2.5.2.3. 산업별대출금(예금은행, 기업형태별)",Group1,계정항목,1114000,"사업시설관리, 사업지원 및 임대서비스업",Q,2018Q4,2022Q3,128
2489,131Y010,"1.2.5.2.3. 산업별대출금(예금은행, 기업형태별)",Group1,계정항목,1115000,교육서비스업,A,2018,2021,32
2490,131Y010,"1.2.5.2.3. 산업별대출금(예금은행, 기업형태별)",Group1,계정항목,1115000,교육서비스업,Q,2018Q4,2022Q3,128
2491,131Y010,"1.2.5.2.3. 산업별대출금(예금은행, 기업형태별)",Group1,계정항목,1116000,보건 및 사회복지서비스업,A,2018,2021,32
2492,131Y010,"1.2.5.2.3. 산업별대출금(예금은행, 기업형태별)",Group1,계정항목,1116000,보건 및 사회복지서비스업,Q,2018Q4,2022Q3,128
2493,131Y010,"1.2.5.2.3. 산업별대출금(예금은행, 기업형태별)",Group1,계정항목,1117000,공공행정 등 기타서비스,A,2018,2021,32
2494,131Y010,"1.2.5.2.3. 산업별대출금(예금은행, 기업형태별)",Group1,계정항목,1117000,공공행정 등 기타서비스,Q,2018Q4,2022Q3,128
2495,131Y010,"1.2.5.2.3. 산업별대출금(예금은행, 기업형태별)",Group1,계정항목,1118000,정보통신업,A,2018,2021,8
2496,131Y010,"1.2.5.2.3. 산업별대출금(예금은행, 기업형태별)",Group1,계정항목,1118000,정보통신업,Q,2018Q4,2022Q3,50
2497,131Y010,"1.2.5.2.3. 산업별대출금(예금은행, 기업형태별)",Group1,계정항목,1119000,"예술, 스포츠 및 여가 관련 서비스업",A,2018,2021,8
2498,131Y010,"1.2.5.2.3. 산업별대출금(예금은행, 기업형태별)",Group1,계정항목,1119000,"예술, 스포츠 및 여가 관련 서비스업",Q,2018Q4,2022Q3,50
2499,131Y010,"1.2.5.2.3. 산업별대출금(예금은행, 기업형태별)",Group1,계정항목,1121000,서비스업,Q,2018Q4,2022Q3,128
2500,131Y010,"1.2.5.2.3. 산업별대출금(예금은행, 기업형태별)",Group2,분류체계,C10,법인,A,2018,2021,124
2501,131Y010,"1.2.5.2.3. 산업별대출금(예금은행, 기업형태별)",Group2,분류체계,C10,법인,Q,2018Q4,2022Q3,496
2502,131Y010,"1.2.5.2.3. 산업별대출금(예금은행, 기업형태별)",Group2,분류체계,C20,비법인,A,2018,2021,124
2503,131Y010,"1.2.5.2.3. 산업별대출금(예금은행, 기업형태별)",Group2,분류체계,C20,비법인,Q,2018Q4,2022Q3,496
2504,132Y001,"1.2.5.2.4. 산업별대출금(예금은행, 지역별, 전산업)",Group1,계정항목,C290000,기타 기계 및 장비,A,2007,2021,321
2505,132Y001,"1.2.5.2.4. 산업별대출금(예금은행, 지역별, 전산업)",Group1,계정항목,C290000,기타 기계 및 장비,Q,2007Q3,2022Q3,1302
2506,132Y001,"1.2.5.2.4. 산업별대출금(예금은행, 지역별, 전산업)",Group1,계정항목,D000000,"전기, 가스, 증기 및 공기조절공급업",A,2007,2021,321
2507,132Y001,"1.2.5.2.4. 산업별대출금(예금은행, 지역별, 전산업)",Group1,계정항목,D000000,"전기, 가스, 증기 및 공기조절공급업",Q,2007Q3,2022Q3,1302
2508,132Y001,"1.2.5.2.4. 산업별대출금(예금은행, 지역별, 전산업)",Group1,계정항목,C000000,제조업,A,2007,2021,321
2509,132Y001,"1.2.5.2.4. 산업별대출금(예금은행, 지역별, 전산업)",Group1,계정항목,C000000,제조업,Q,2007Q3,2022Q3,1302
2510,132Y001,"1.2.5.2.4. 산업별대출금(예금은행, 지역별, 전산업)",Group1,계정항목,C220000,고무제품 및 플라스틱제품,A,2007,2021,321
2511,132Y001,"1.2.5.2.4. 산업별대출금(예금은행, 지역별, 전산업)",Group1,계정항목,C220000,고무제품 및 플라스틱제품,Q,2007Q3,2022Q3,1302
2512,132Y001,"1.2.5.2.4. 산업별대출금(예금은행, 지역별, 전산업)",Group1,계정항목,C240000,1차 금속,A,2007,2021,321
2513,132Y001,"1.2.5.2.4. 산업별대출금(예금은행, 지역별, 전산업)",Group1,계정항목,C240000,1차 금속,Q,2007Q3,2022Q3,1302
2514,132Y001,"1.2.5.2.4. 산업별대출금(예금은행, 지역별, 전산업)",Group1,계정항목,C260000,"전자부품, 컴퓨터, 영상, 음향 및 통신장비",A,2007,2021,321
2515,132Y001,"1.2.5.2.4. 산업별대출금(예금은행, 지역별, 전산업)",Group1,계정항목,C260000,"전자부품, 컴퓨터, 영상, 음향 및 통신장비",Q,2007Q3,2022Q3,1302
2516,132Y001,"1.2.5.2.4. 산업별대출금(예금은행, 지역별, 전산업)",Group1,계정항목,C320330,가구 제조 및 기타제품,A,2007,2021,321
2517,132Y001,"1.2.5.2.4. 산업별대출금(예금은행, 지역별, 전산업)",Group1,계정항목,C320330,가구 제조 및 기타제품,Q,2007Q3,2022Q3,1302
2518,132Y001,"1.2.5.2.4. 산업별대출금(예금은행, 지역별, 전산업)",Group1,계정항목,I000000,숙박 및 음식점업,A,2007,2021,321
2519,132Y001,"1.2.5.2.4. 산업별대출금(예금은행, 지역별, 전산업)",Group1,계정항목,I000000,숙박 및 음식점업,Q,2007Q3,2022Q3,1302
2520,132Y001,"1.2.5.2.4. 산업별대출금(예금은행, 지역별, 전산업)",Group1,계정항목,N000000,사업시설관리 및 사업지원 및 임대서비스업,A,2007,2021,321
2521,132Y001,"1.2.5.2.4. 산업별대출금(예금은행, 지역별, 전산업)",Group1,계정항목,N000000,사업시설관리 및 사업지원 및 임대서비스업,Q,2007Q3,2022Q3,1302
2522,132Y001,"1.2.5.2.4. 산업별대출금(예금은행, 지역별, 전산업)",Group1,계정항목,C101100,식료품 및 음료,A,2007,2021,321
2523,132Y001,"1.2.5.2.4. 산업별대출금(예금은행, 지역별, 전산업)",Group1,계정항목,C101100,식료품 및 음료,Q,2007Q3,2022Q3,1302
2524,132Y001,"1.2.5.2.4. 산업별대출금(예금은행, 지역별, 전산업)",Group1,계정항목,Q000000,보건업 및 사회복지 서비스업,A,2007,2021,321
2525,132Y001,"1.2.5.2.4. 산업별대출금(예금은행, 지역별, 전산업)",Group1,계정항목,Q000000,보건업 및 사회복지 서비스업,Q,2007Q3,2022Q3,1302
2526,132Y001,"1.2.5.2.4. 산업별대출금(예금은행, 지역별, 전산업)",Group1,계정항목,X000000,산업별대출금 합계,A,2007,2021,321
2527,132Y001,"1.2.5.2.4. 산업별대출금(예금은행, 지역별, 전산업)",Group1,계정항목,X000000,산업별대출금 합계,Q,2007Q3,2022Q3,1302
2528,132Y001,"1.2.5.2.4. 산업별대출금(예금은행, 지역별, 전산업)",Group1,계정항목,C270000,"의료, 정밀, 광학기기 및 시계",A,2007,2021,321
2529,132Y001,"1.2.5.2.4. 산업별대출금(예금은행, 지역별, 전산업)",Group1,계정항목,C270000,"의료, 정밀, 광학기기 및 시계",Q,2007Q3,2022Q3,1302
2530,132Y001,"1.2.5.2.4. 산업별대출금(예금은행, 지역별, 전산업)",Group1,계정항목,C170000,"펄프, 종이 및 종이제품",A,2007,2021,321
2531,132Y001,"1.2.5.2.4. 산업별대출금(예금은행, 지역별, 전산업)",Group1,계정항목,C170000,"펄프, 종이 및 종이제품",Q,2007Q3,2022Q3,1302
2532,132Y001,"1.2.5.2.4. 산업별대출금(예금은행, 지역별, 전산업)",Group1,계정항목,C202100,화학제품 및 의료용제품,A,2007,2021,321
2533,132Y001,"1.2.5.2.4. 산업별대출금(예금은행, 지역별, 전산업)",Group1,계정항목,C202100,화학제품 및 의료용제품,Q,2007Q3,2022Q3,1302
2534,132Y001,"1.2.5.2.4. 산업별대출금(예금은행, 지역별, 전산업)",Group1,계정항목,OSTU000,공공행정 등 기타 서비스,A,2007,2021,321
2535,132Y001,"1.2.5.2.4. 산업별대출금(예금은행, 지역별, 전산업)",Group1,계정항목,OSTU000,공공행정 등 기타 서비스,Q,2007Q3,2022Q3,1302
2536,132Y001,"1.2.5.2.4. 산업별대출금(예금은행, 지역별, 전산업)",Group1,계정항목,P000000,교육 서비스업,A,2007,2021,321
2537,132Y001,"1.2.5.2.4. 산업별대출금(예금은행, 지역별, 전산업)",Group1,계정항목,P000000,교육 서비스업,Q,2007Q3,2022Q3,1302
2538,132Y001,"1.2.5.2.4. 산업별대출금(예금은행, 지역별, 전산업)",Group1,계정항목,L000000,부동산업,A,2007,2021,321
2539,132Y001,"1.2.5.2.4. 산업별대출금(예금은행, 지역별, 전산업)",Group1,계정항목,L000000,부동산업,Q,2007Q3,2022Q3,1302
2540,132Y001,"1.2.5.2.4. 산업별대출금(예금은행, 지역별, 전산업)",Group1,계정항목,C120000,담배,A,2007,2021,193
2541,132Y001,"1.2.5.2.4. 산업별대출금(예금은행, 지역별, 전산업)",Group1,계정항목,C120000,담배,Q,2007Q3,2022Q3,668
2542,132Y001,"1.2.5.2.4. 산업별대출금(예금은행, 지역별, 전산업)",Group1,계정항목,C340000,산업용기계 및 장비수리업,A,2017,2021,125
2543,132Y001,"1.2.5.2.4. 산업별대출금(예금은행, 지역별, 전산업)",Group1,계정항목,C340000,산업용기계 및 장비수리업,Q,2017Q4,2022Q3,500
2544,132Y001,"1.2.5.2.4. 산업별대출금(예금은행, 지역별, 전산업)",Group1,계정항목,H000000,운수 및 창고업,A,2007,2021,321
2545,132Y001,"1.2.5.2.4. 산업별대출금(예금은행, 지역별, 전산업)",Group1,계정항목,H000000,운수 및 창고업,Q,2007Q3,2022Q3,1302
2546,132Y001,"1.2.5.2.4. 산업별대출금(예금은행, 지역별, 전산업)",Group1,계정항목,K000000,금융 및 보험업,A,2007,2021,321
2547,132Y001,"1.2.5.2.4. 산업별대출금(예금은행, 지역별, 전산업)",Group1,계정항목,K000000,금융 및 보험업,Q,2007Q3,2022Q3,1302
2548,132Y001,"1.2.5.2.4. 산업별대출금(예금은행, 지역별, 전산업)",Group1,계정항목,M000000,"전문, 과학 및 기술 서비스업",A,2007,2021,321
2549,132Y001,"1.2.5.2.4. 산업별대출금(예금은행, 지역별, 전산업)",Group1,계정항목,M000000,"전문, 과학 및 기술 서비스업",Q,2007Q3,2022Q3,1302
2550,132Y001,"1.2.5.2.4. 산업별대출금(예금은행, 지역별, 전산업)",Group1,계정항목,A000000,"농업, 임업 및 어업",A,2007,2021,321
2551,132Y001,"1.2.5.2.4. 산업별대출금(예금은행, 지역별, 전산업)",Group1,계정항목,A000000,"농업, 임업 및 어업",Q,2007Q3,2022Q3,1302
2552,132Y001,"1.2.5.2.4. 산업별대출금(예금은행, 지역별, 전산업)",Group1,계정항목,B000000,광업,A,2007,2021,319
2553,132Y001,"1.2.5.2.4. 산업별대출금(예금은행, 지역별, 전산업)",Group1,계정항목,B000000,광업,Q,2007Q3,2022Q3,1291
2554,132Y001,"1.2.5.2.4. 산업별대출금(예금은행, 지역별, 전산업)",Group1,계정항목,C130000,섬유제품,A,2007,2021,321
2555,132Y001,"1.2.5.2.4. 산업별대출금(예금은행, 지역별, 전산업)",Group1,계정항목,C130000,섬유제품,Q,2007Q3,2022Q3,1302
2556,132Y001,"1.2.5.2.4. 산업별대출금(예금은행, 지역별, 전산업)",Group1,계정항목,C150000,"가죽, 가방 및 신발",A,2007,2021,320
2557,132Y001,"1.2.5.2.4. 산업별대출금(예금은행, 지역별, 전산업)",Group1,계정항목,C150000,"가죽, 가방 및 신발",Q,2007Q3,2022Q3,1301
2558,132Y001,"1.2.5.2.4. 산업별대출금(예금은행, 지역별, 전산업)",Group1,계정항목,C280000,전기장비,A,2007,2021,321
2559,132Y001,"1.2.5.2.4. 산업별대출금(예금은행, 지역별, 전산업)",Group1,계정항목,C280000,전기장비,Q,2007Q3,2022Q3,1302
2560,132Y001,"1.2.5.2.4. 산업별대출금(예금은행, 지역별, 전산업)",Group1,계정항목,C310000,기타 운송장비,A,2007,2021,321
2561,132Y001,"1.2.5.2.4. 산업별대출금(예금은행, 지역별, 전산업)",Group1,계정항목,C310000,기타 운송장비,Q,2007Q3,2022Q3,1302
2562,132Y001,"1.2.5.2.4. 산업별대출금(예금은행, 지역별, 전산업)",Group1,계정항목,E000000,"수도, 하수, 폐기물처리, 원료재생업",A,2007,2021,321
2563,132Y001,"1.2.5.2.4. 산업별대출금(예금은행, 지역별, 전산업)",Group1,계정항목,E000000,"수도, 하수, 폐기물처리, 원료재생업",Q,2007Q3,2022Q3,1302
2564,132Y001,"1.2.5.2.4. 산업별대출금(예금은행, 지역별, 전산업)",Group1,계정항목,JR00000,"정보통신업, 예술,스포츠 및 여가관련 서비스업",A,2007,2021,321
2565,132Y001,"1.2.5.2.4. 산업별대출금(예금은행, 지역별, 전산업)",Group1,계정항목,JR00000,"정보통신업, 예술,스포츠 및 여가관련 서비스업",Q,2007Q3,2009Q4,170
2566,132Y001,"1.2.5.2.4. 산업별대출금(예금은행, 지역별, 전산업)",Group1,계정항목,C160000,목재 및 나무제품,A,2007,2021,321
2567,132Y001,"1.2.5.2.4. 산업별대출금(예금은행, 지역별, 전산업)",Group1,계정항목,C160000,목재 및 나무제품,Q,2007Q3,2022Q3,1302
2568,132Y001,"1.2.5.2.4. 산업별대출금(예금은행, 지역별, 전산업)",Group1,계정항목,C190000,"코크스, 연탄 및 석유정제품",A,2007,2021,319
2569,132Y001,"1.2.5.2.4. 산업별대출금(예금은행, 지역별, 전산업)",Group1,계정항목,C190000,"코크스, 연탄 및 석유정제품",Q,2007Q3,2022Q3,1294
2570,132Y001,"1.2.5.2.4. 산업별대출금(예금은행, 지역별, 전산업)",Group1,계정항목,C230000,비금속 광물제품,A,2007,2021,321
2571,132Y001,"1.2.5.2.4. 산업별대출금(예금은행, 지역별, 전산업)",Group1,계정항목,C230000,비금속 광물제품,Q,2007Q3,2022Q3,1302
2572,132Y001,"1.2.5.2.4. 산업별대출금(예금은행, 지역별, 전산업)",Group1,계정항목,C300000,자동차 및 트레일러,A,2007,2021,321
2573,132Y001,"1.2.5.2.4. 산업별대출금(예금은행, 지역별, 전산업)",Group1,계정항목,C300000,자동차 및 트레일러,Q,2007Q3,2022Q3,1302
2574,132Y001,"1.2.5.2.4. 산업별대출금(예금은행, 지역별, 전산업)",Group1,계정항목,G000000,도매 및 소매업,A,2007,2021,321
2575,132Y001,"1.2.5.2.4. 산업별대출금(예금은행, 지역별, 전산업)",Group1,계정항목,G000000,도매 및 소매업,Q,2007Q3,2022Q3,1302
2576,132Y001,"1.2.5.2.4. 산업별대출금(예금은행, 지역별, 전산업)",Group1,계정항목,C140000,"의복, 의복액세서리 및 모피제품",A,2007,2021,321
2577,132Y001,"1.2.5.2.4. 산업별대출금(예금은행, 지역별, 전산업)",Group1,계정항목,C140000,"의복, 의복액세서리 및 모피제품",Q,2007Q3,2022Q3,1302
2578,132Y001,"1.2.5.2.4. 산업별대출금(예금은행, 지역별, 전산업)",Group1,계정항목,C180000,인쇄 및 기록매체,A,2007,2021,321
2579,132Y001,"1.2.5.2.4. 산업별대출금(예금은행, 지역별, 전산업)",Group1,계정항목,C180000,인쇄 및 기록매체,Q,2007Q3,2022Q3,1302
2580,132Y001,"1.2.5.2.4. 산업별대출금(예금은행, 지역별, 전산업)",Group1,계정항목,F000000,건설업,A,2007,2021,321
2581,132Y001,"1.2.5.2.4. 산업별대출금(예금은행, 지역별, 전산업)",Group1,계정항목,F000000,건설업,Q,2007Q3,2022Q3,1302
2582,132Y001,"1.2.5.2.4. 산업별대출금(예금은행, 지역별, 전산업)",Group1,계정항목,C250000,금속가공제품 제조,A,2007,2021,321
2583,132Y001,"1.2.5.2.4. 산업별대출금(예금은행, 지역별, 전산업)",Group1,계정항목,C250000,금속가공제품 제조,Q,2007Q3,2022Q3,1302
2584,132Y001,"1.2.5.2.4. 산업별대출금(예금은행, 지역별, 전산업)",Group1,계정항목,J000000,정보통신업,A,2010,2021,214
2585,132Y001,"1.2.5.2.4. 산업별대출금(예금은행, 지역별, 전산업)",Group1,계정항목,J000000,정보통신업,Q,2010Q1,2022Q3,929
2586,132Y001,"1.2.5.2.4. 산업별대출금(예금은행, 지역별, 전산업)",Group1,계정항목,R000000,"예술, 스포츠 및 여가관련 서비스업",A,2010,2021,214
2587,132Y001,"1.2.5.2.4. 산업별대출금(예금은행, 지역별, 전산업)",Group1,계정항목,R000000,"예술, 스포츠 및 여가관련 서비스업",Q,2010Q1,2022Q3,929
2588,132Y001,"1.2.5.2.4. 산업별대출금(예금은행, 지역별, 전산업)",Group1,계정항목,SVC0000,서비스업,Q,2007Q3,2022Q3,1302
2589,132Y001,"1.2.5.2.4. 산업별대출금(예금은행, 지역별, 전산업)",Group2,지역코드,X,전국,A,2007,2021,644
2590,132Y001,"1.2.5.2.4. 산업별대출금(예금은행, 지역별, 전산업)",Group2,지역코드,X,전국,Q,2007Q3,2022Q3,2633
2591,132Y001,"1.2.5.2.4. 산업별대출금(예금은행, 지역별, 전산업)",Group2,지역코드,A,서울,A,2007,2021,644
2592,132Y001,"1.2.5.2.4. 산업별대출금(예금은행, 지역별, 전산업)",Group2,지역코드,A,서울,Q,2007Q3,2022Q3,2633
2593,132Y001,"1.2.5.2.4. 산업별대출금(예금은행, 지역별, 전산업)",Group2,지역코드,B,부산,A,2007,2021,638
2594,132Y001,"1.2.5.2.4. 산업별대출금(예금은행, 지역별, 전산업)",Group2,지역코드,B,부산,Q,2007Q3,2022Q3,2605
2595,132Y001,"1.2.5.2.4. 산업별대출금(예금은행, 지역별, 전산업)",Group2,지역코드,C,대구,A,2007,2021,636
2596,132Y001,"1.2.5.2.4. 산업별대출금(예금은행, 지역별, 전산업)",Group2,지역코드,C,대구,Q,2007Q3,2022Q3,2594
2597,132Y001,"1.2.5.2.4. 산업별대출금(예금은행, 지역별, 전산업)",Group2,지역코드,D,인천,A,2007,2021,638
2598,132Y001,"1.2.5.2.4. 산업별대출금(예금은행, 지역별, 전산업)",Group2,지역코드,D,인천,Q,2007Q3,2022Q3,2604
2599,132Y001,"1.2.5.2.4. 산업별대출금(예금은행, 지역별, 전산업)",Group2,지역코드,E,대전,A,2007,2021,637
2600,132Y001,"1.2.5.2.4. 산업별대출금(예금은행, 지역별, 전산업)",Group2,지역코드,E,대전,Q,2007Q3,2022Q3,2603
2601,132Y001,"1.2.5.2.4. 산업별대출금(예금은행, 지역별, 전산업)",Group2,지역코드,F,광주,A,2007,2021,637
2602,132Y001,"1.2.5.2.4. 산업별대출금(예금은행, 지역별, 전산업)",Group2,지역코드,F,광주,Q,2007Q3,2022Q3,2595
2603,132Y001,"1.2.5.2.4. 산업별대출금(예금은행, 지역별, 전산업)",Group2,지역코드,G,울산,A,2007,2021,633
2604,132Y003,"1.2.5.2.5. 산업별대출금(예금은행, 지역별, 용도별)",Group1,계정항목,X000000,산업별대출금 총계,A,2007,2021,642
2605,132Y003,"1.2.5.2.5. 산업별대출금(예금은행, 지역별, 용도별)",Group1,계정항목,X000000,산업별대출금 총계,Q,2007Q3,2022Q3,2604
2606,132Y003,"1.2.5.2.5. 산업별대출금(예금은행, 지역별, 용도별)",Group1,계정항목,A000000,"농업, 임업 및 어업",A,2007,2021,642
2607,132Y003,"1.2.5.2.5. 산업별대출금(예금은행, 지역별, 용도별)",Group1,계정항목,A000000,"농업, 임업 및 어업",Q,2007Q3,2022Q3,2604
2608,132Y003,"1.2.5.2.5. 산업별대출금(예금은행, 지역별, 용도별)",Group1,계정항목,B000000,광업,A,2007,2021,620
2609,132Y003,"1.2.5.2.5. 산업별대출금(예금은행, 지역별, 용도별)",Group1,계정항목,B000000,광업,Q,2007Q3,2022Q3,2512
2610,132Y003,"1.2.5.2.5. 산업별대출금(예금은행, 지역별, 용도별)",Group1,계정항목,C000000,제조업,A,2007,2021,642
2611,132Y003,"1.2.5.2.5. 산업별대출금(예금은행, 지역별, 용도별)",Group1,계정항목,C000000,제조업,Q,2007Q3,2022Q3,2604
2612,132Y003,"1.2.5.2.5. 산업별대출금(예금은행, 지역별, 용도별)",Group1,계정항목,D000000,"전기, 가스, 증기 및 공기조절 공급업",A,2007,2021,642
2613,132Y003,"1.2.5.2.5. 산업별대출금(예금은행, 지역별, 용도별)",Group1,계정항목,D000000,"전기, 가스, 증기 및 공기조절 공급업",Q,2007Q3,2022Q3,2604
2614,132Y003,"1.2.5.2.5. 산업별대출금(예금은행, 지역별, 용도별)",Group1,계정항목,E000000,"수도 · 하수 및 폐기물 처리, 원료재생업",A,2007,2021,642
2615,132Y003,"1.2.5.2.5. 산업별대출금(예금은행, 지역별, 용도별)",Group1,계정항목,E000000,"수도 · 하수 및 폐기물 처리, 원료재생업",Q,2007Q3,2022Q3,2604
2616,132Y003,"1.2.5.2.5. 산업별대출금(예금은행, 지역별, 용도별)",Group1,계정항목,F000000,건설업,A,2007,2021,642
2617,132Y003,"1.2.5.2.5. 산업별대출금(예금은행, 지역별, 용도별)",Group1,계정항목,F000000,건설업,Q,2007Q3,2022Q3,2604
2618,132Y003,"1.2.5.2.5. 산업별대출금(예금은행, 지역별, 용도별)",Group1,계정항목,G000000,도매 및 소매업,A,2007,2021,642
2619,132Y003,"1.2.5.2.5. 산업별대출금(예금은행, 지역별, 용도별)",Group1,계정항목,G000000,도매 및 소매업,Q,2007Q3,2022Q3,2604
2620,132Y003,"1.2.5.2.5. 산업별대출금(예금은행, 지역별, 용도별)",Group1,계정항목,H000000,운수 및 창고업,A,2007,2021,642
2621,132Y003,"1.2.5.2.5. 산업별대출금(예금은행, 지역별, 용도별)",Group1,계정항목,H000000,운수 및 창고업,Q,2007Q3,2022Q3,2604
2622,132Y003,"1.2.5.2.5. 산업별대출금(예금은행, 지역별, 용도별)",Group1,계정항목,I000000,숙박 및 음식점업,A,2007,2021,642
2623,132Y003,"1.2.5.2.5. 산업별대출금(예금은행, 지역별, 용도별)",Group1,계정항목,I000000,숙박 및 음식점업,Q,2007Q3,2022Q3,2604
2624,132Y003,"1.2.5.2.5. 산업별대출금(예금은행, 지역별, 용도별)",Group1,계정항목,JR00000,"정보통신업, 예술, 스포츠 및 여가관련",A,2007,2021,642
2625,132Y003,"1.2.5.2.5. 산업별대출금(예금은행, 지역별, 용도별)",Group1,계정항목,JR00000,"정보통신업, 예술, 스포츠 및 여가관련",Q,2007Q3,2009Q4,340
2626,132Y003,"1.2.5.2.5. 산업별대출금(예금은행, 지역별, 용도별)",Group1,계정항목,K000000,금융 및 보험업,A,2007,2021,638
2627,132Y003,"1.2.5.2.5. 산업별대출금(예금은행, 지역별, 용도별)",Group1,계정항목,K000000,금융 및 보험업,Q,2007Q3,2022Q3,2584
2628,132Y003,"1.2.5.2.5. 산업별대출금(예금은행, 지역별, 용도별)",Group1,계정항목,L000000,부동산업,A,2007,2021,642
2629,132Y003,"1.2.5.2.5. 산업별대출금(예금은행, 지역별, 용도별)",Group1,계정항목,L000000,부동산업,Q,2007Q3,2022Q3,2604
2630,132Y003,"1.2.5.2.5. 산업별대출금(예금은행, 지역별, 용도별)",Group1,계정항목,M000000,"전문, 과학 및 기술 서비스업",A,2007,2021,642
2631,132Y003,"1.2.5.2.5. 산업별대출금(예금은행, 지역별, 용도별)",Group1,계정항목,M000000,"전문, 과학 및 기술 서비스업",Q,2007Q3,2022Q3,2604
2632,132Y003,"1.2.5.2.5. 산업별대출금(예금은행, 지역별, 용도별)",Group1,계정항목,N000000,사업시설관리 및 사업지원 및 임대서비스업,A,2007,2021,642
2633,132Y003,"1.2.5.2.5. 산업별대출금(예금은행, 지역별, 용도별)",Group1,계정항목,N000000,사업시설관리 및 사업지원 및 임대서비스업,Q,2007Q3,2022Q3,2604
2634,132Y003,"1.2.5.2.5. 산업별대출금(예금은행, 지역별, 용도별)",Group1,계정항목,P000000,교육 서비스업,A,2007,2021,642
2635,132Y003,"1.2.5.2.5. 산업별대출금(예금은행, 지역별, 용도별)",Group1,계정항목,P000000,교육 서비스업,Q,2007Q3,2022Q3,2604
2636,132Y003,"1.2.5.2.5. 산업별대출금(예금은행, 지역별, 용도별)",Group1,계정항목,Q000000,보건업 및 사회복지 서비스업,A,2007,2021,642
2637,132Y003,"1.2.5.2.5. 산업별대출금(예금은행, 지역별, 용도별)",Group1,계정항목,Q000000,보건업 및 사회복지 서비스업,Q,2007Q3,2022Q3,2604
2638,132Y003,"1.2.5.2.5. 산업별대출금(예금은행, 지역별, 용도별)",Group1,계정항목,OSTU000,공공행정 등 기타 서비스,A,2007,2021,642
2639,132Y003,"1.2.5.2.5. 산업별대출금(예금은행, 지역별, 용도별)",Group1,계정항목,OSTU000,공공행정 등 기타 서비스,Q,2007Q3,2022Q3,2604
2640,132Y003,"1.2.5.2.5. 산업별대출금(예금은행, 지역별, 용도별)",Group1,계정항목,J000000,정보통신업,A,2010,2021,408
2641,132Y003,"1.2.5.2.5. 산업별대출금(예금은행, 지역별, 용도별)",Group1,계정항목,J000000,정보통신업,Q,2010Q1,2022Q3,1872
2642,132Y003,"1.2.5.2.5. 산업별대출금(예금은행, 지역별, 용도별)",Group1,계정항목,R000000,"예술, 스포츠 및 여가관련 서비스업",A,2010,2021,412
2643,132Y003,"1.2.5.2.5. 산업별대출금(예금은행, 지역별, 용도별)",Group1,계정항목,R000000,"예술, 스포츠 및 여가관련 서비스업",Q,2010Q1,2022Q3,1886
2644,132Y003,"1.2.5.2.5. 산업별대출금(예금은행, 지역별, 용도별)",Group1,계정항목,SVC0000,서비스업,Q,2007Q3,2022Q3,2604
2645,132Y003,"1.2.5.2.5. 산업별대출금(예금은행, 지역별, 용도별)",Group2,지역코드,X,전국,A,2007,2021,619
2646,132Y003,"1.2.5.2.5. 산업별대출금(예금은행, 지역별, 용도별)",Group2,지역코드,X,전국,Q,2007Q3,2022Q3,2545
2647,132Y003,"1.2.5.2.5. 산업별대출금(예금은행, 지역별, 용도별)",Group2,지역코드,A,서울,A,2007,2021,619
2648,132Y003,"1.2.5.2.5. 산업별대출금(예금은행, 지역별, 용도별)",Group2,지역코드,A,서울,Q,2007Q3,2022Q3,2545
2649,132Y003,"1.2.5.2.5. 산업별대출금(예금은행, 지역별, 용도별)",Group2,지역코드,B,부산,A,2007,2021,617
2650,132Y003,"1.2.5.2.5. 산업별대출금(예금은행, 지역별, 용도별)",Group2,지역코드,B,부산,Q,2007Q3,2022Q3,2545
2651,132Y003,"1.2.5.2.5. 산업별대출금(예금은행, 지역별, 용도별)",Group2,지역코드,C,대구,A,2007,2021,617
2652,132Y003,"1.2.5.2.5. 산업별대출금(예금은행, 지역별, 용도별)",Group2,지역코드,C,대구,Q,2007Q3,2022Q3,2545
2653,132Y003,"1.2.5.2.5. 산업별대출금(예금은행, 지역별, 용도별)",Group2,지역코드,D,인천,A,2007,2021,617
2654,132Y003,"1.2.5.2.5. 산업별대출금(예금은행, 지역별, 용도별)",Group2,지역코드,D,인천,Q,2007Q3,2022Q3,2545
2655,132Y003,"1.2.5.2.5. 산업별대출금(예금은행, 지역별, 용도별)",Group2,지역코드,E,대전,A,2007,2021,617
2656,132Y003,"1.2.5.2.5. 산업별대출금(예금은행, 지역별, 용도별)",Group2,지역코드,E,대전,Q,2007Q3,2022Q3,2545
2657,132Y003,"1.2.5.2.5. 산업별대출금(예금은행, 지역별, 용도별)",Group2,지역코드,F,광주,A,2007,2021,617
2658,132Y003,"1.2.5.2.5. 산업별대출금(예금은행, 지역별, 용도별)",Group2,지역코드,F,광주,Q,2007Q3,2022Q3,2545
2659,132Y003,"1.2.5.2.5. 산업별대출금(예금은행, 지역별, 용도별)",Group2,지역코드,G,울산,A,2007,2021,617
2660,132Y003,"1.2.5.2.5. 산업별대출금(예금은행, 지역별, 용도별)",Group2,지역코드,G,울산,Q,2007Q3,2022Q3,2545
2661,132Y003,"1.2.5.2.5. 산업별대출금(예금은행, 지역별, 용도별)",Group2,지역코드,H,세종,A,2012,2021,390
2662,132Y003,"1.2.5.2.5. 산업별대출금(예금은행, 지역별, 용도별)",Group2,지역코드,H,세종,Q,2012Q3,2022Q3,1606
2663,132Y003,"1.2.5.2.5. 산업별대출금(예금은행, 지역별, 용도별)",Group2,지역코드,L,경기,A,2007,2021,617
2664,132Y003,"1.2.5.2.5. 산업별대출금(예금은행, 지역별, 용도별)",Group2,지역코드,L,경기,Q,2007Q3,2022Q3,2545
2665,132Y003,"1.2.5.2.5. 산업별대출금(예금은행, 지역별, 용도별)",Group2,지역코드,M,강원,A,2007,2021,617
2666,132Y003,"1.2.5.2.5. 산업별대출금(예금은행, 지역별, 용도별)",Group2,지역코드,M,강원,Q,2007Q3,2022Q3,2545
2667,132Y003,"1.2.5.2.5. 산업별대출금(예금은행, 지역별, 용도별)",Group2,지역코드,N,충북,A,2007,2021,617
2668,132Y003,"1.2.5.2.5. 산업별대출금(예금은행, 지역별, 용도별)",Group2,지역코드,N,충북,Q,2007Q3,2022Q3,2545
2669,132Y003,"1.2.5.2.5. 산업별대출금(예금은행, 지역별, 용도별)",Group2,지역코드,P,충남,A,2007,2021,617
2670,132Y003,"1.2.5.2.5. 산업별대출금(예금은행, 지역별, 용도별)",Group2,지역코드,P,충남,Q,2007Q3,2022Q3,2545
2671,132Y003,"1.2.5.2.5. 산업별대출금(예금은행, 지역별, 용도별)",Group2,지역코드,Q,전북,A,2007,2021,617
2672,132Y003,"1.2.5.2.5. 산업별대출금(예금은행, 지역별, 용도별)",Group2,지역코드,Q,전북,Q,2007Q3,2022Q3,2545
2673,132Y003,"1.2.5.2.5. 산업별대출금(예금은행, 지역별, 용도별)",Group2,지역코드,R,전남,A,2007,2021,617
2674,132Y003,"1.2.5.2.5. 산업별대출금(예금은행, 지역별, 용도별)",Group2,지역코드,R,전남,Q,2007Q3,2022Q3,2545
2675,132Y003,"1.2.5.2.5. 산업별대출금(예금은행, 지역별, 용도별)",Group2,지역코드,S,경북,A,2007,2021,617
2676,132Y003,"1.2.5.2.5. 산업별대출금(예금은행, 지역별, 용도별)",Group2,지역코드,S,경북,Q,2007Q3,2022Q3,2545
2677,132Y003,"1.2.5.2.5. 산업별대출금(예금은행, 지역별, 용도별)",Group2,지역코드,T,경남,A,2007,2021,617
2678,132Y003,"1.2.5.2.5. 산업별대출금(예금은행, 지역별, 용도별)",Group2,지역코드,T,경남,Q,2007Q3,2022Q3,2545
2679,132Y003,"1.2.5.2.5. 산업별대출금(예금은행, 지역별, 용도별)",Group2,지역코드,U,제주,A,2007,2021,615
2680,132Y003,"1.2.5.2.5. 산업별대출금(예금은행, 지역별, 용도별)",Group2,지역코드,U,제주,Q,2007Q3,2022Q3,2535
2681,132Y003,"1.2.5.2.5. 산업별대출금(예금은행, 지역별, 용도별)",Group3,산업별대출금 자금구분,A,시설자금,A,2007,2021,6527
2682,132Y003,"1.2.5.2.5. 산업별대출금(예금은행, 지역별, 용도별)",Group3,산업별대출금 자금구분,A,시설자금,Q,2007Q3,2022Q3,26775
2683,132Y003,"1.2.5.2.5. 산업별대출금(예금은행, 지역별, 용도별)",Group3,산업별대출금 자금구분,B,운전자금,A,2007,2021,6482
2684,132Y003,"1.2.5.2.5. 산업별대출금(예금은행, 지역별, 용도별)",Group3,산업별대출금 자금구분,B,운전자금,Q,2007Q3,2022Q3,26738
2685,131Y014,"1.2.5.3.1. 산업별대출금(비은행예금취급기관, 전산업)",Group1,계정항목,BDHE1,산업별대출금,A,2008,2021,14
2686,131Y014,"1.2.5.3.1. 산업별대출금(비은행예금취급기관, 전산업)",Group1,계정항목,BDHE1,산업별대출금,Q,2008Q1,2022Q3,59
2687,131Y014,"1.2.5.3.1. 산업별대출금(비은행예금취급기관, 전산업)",Group1,계정항목,BDHE13M,산업용 기계 및 장비 수리업,A,2017,2021,5
2688,131Y014,"1.2.5.3.1. 산업별대출금(비은행예금취급기관, 전산업)",Group1,계정항목,BDHE13M,산업용 기계 및 장비 수리업,Q,2017Q4,2022Q3,20
2689,131Y014,"1.2.5.3.1. 산업별대출금(비은행예금취급기관, 전산업)",Group1,계정항목,BDHE12,광업,A,2008,2021,14
2690,131Y014,"1.2.5.3.1. 산업별대출금(비은행예금취급기관, 전산업)",Group1,계정항목,BDHE12,광업,Q,2008Q1,2022Q3,59
2691,131Y014,"1.2.5.3.1. 산업별대출금(비은행예금취급기관, 전산업)",Group1,계정항목,BDHE13,제조업,A,2008,2021,14
2692,131Y014,"1.2.5.3.1. 산업별대출금(비은행예금취급기관, 전산업)",Group1,계정항목,BDHE13,제조업,Q,2008Q1,2022Q3,59
2693,131Y014,"1.2.5.3.1. 산업별대출금(비은행예금취급기관, 전산업)",Group1,계정항목,BDHE131,식료품 및 음료,A,2008,2021,14
2694,131Y014,"1.2.5.3.1. 산업별대출금(비은행예금취급기관, 전산업)",Group1,계정항목,BDHE131,식료품 및 음료,Q,2008Q1,2022Q3,59
2695,131Y014,"1.2.5.3.1. 산업별대출금(비은행예금취급기관, 전산업)",Group1,계정항목,BDHE132,담배,A,2008,2021,14
2696,131Y014,"1.2.5.3.1. 산업별대출금(비은행예금취급기관, 전산업)",Group1,계정항목,BDHE132,담배,Q,2008Q1,2022Q3,59
2697,131Y014,"1.2.5.3.1. 산업별대출금(비은행예금취급기관, 전산업)",Group1,계정항목,BDHE133,섬유제품,A,2008,2021,14
2698,131Y014,"1.2.5.3.1. 산업별대출금(비은행예금취급기관, 전산업)",Group1,계정항목,BDHE133,섬유제품,Q,2008Q1,2022Q3,59
2699,131Y014,"1.2.5.3.1. 산업별대출금(비은행예금취급기관, 전산업)",Group1,계정항목,BDHE134,"의복, 의복액세서리 및 모피제품",A,2008,2021,14
2700,131Y014,"1.2.5.3.1. 산업별대출금(비은행예금취급기관, 전산업)",Group1,계정항목,BDHE134,"의복, 의복액세서리 및 모피제품",Q,2008Q1,2022Q3,59
2701,131Y014,"1.2.5.3.1. 산업별대출금(비은행예금취급기관, 전산업)",Group1,계정항목,BDHE135,"가죽, 가방 및 신발",A,2008,2021,14
2702,131Y014,"1.2.5.3.1. 산업별대출금(비은행예금취급기관, 전산업)",Group1,계정항목,BDHE135,"가죽, 가방 및 신발",Q,2008Q1,2022Q3,59
2703,131Y014,"1.2.5.3.1. 산업별대출금(비은행예금취급기관, 전산업)",Group1,계정항목,BDHE136,목재 및 나무제품,A,2008,2021,14
2704,131Y014,"1.2.5.3.1. 산업별대출금(비은행예금취급기관, 전산업)",Group1,계정항목,BDHE136,목재 및 나무제품,Q,2008Q1,2022Q3,59
2705,131Y014,"1.2.5.3.1. 산업별대출금(비은행예금취급기관, 전산업)",Group1,계정항목,BDHE137,"펄프, 종이 및 종이제품",A,2008,2021,14
2706,131Y014,"1.2.5.3.1. 산업별대출금(비은행예금취급기관, 전산업)",Group1,계정항목,BDHE137,"펄프, 종이 및 종이제품",Q,2008Q1,2022Q3,59
2707,131Y014,"1.2.5.3.1. 산업별대출금(비은행예금취급기관, 전산업)",Group1,계정항목,BDHE138,인쇄 및 기록매체,A,2008,2021,14
2708,131Y014,"1.2.5.3.1. 산업별대출금(비은행예금취급기관, 전산업)",Group1,계정항목,BDHE138,인쇄 및 기록매체,Q,2008Q1,2022Q3,59
2709,131Y014,"1.2.5.3.1. 산업별대출금(비은행예금취급기관, 전산업)",Group1,계정항목,BDHE139,"코크스, 연탄 및 석유정제품",A,2008,2021,14
2710,131Y014,"1.2.5.3.1. 산업별대출금(비은행예금취급기관, 전산업)",Group1,계정항목,BDHE139,"코크스, 연탄 및 석유정제품",Q,2008Q1,2022Q3,59
2711,131Y014,"1.2.5.3.1. 산업별대출금(비은행예금취급기관, 전산업)",Group1,계정항목,BDHE13A,화학제품 및 의료용 제품,A,2008,2021,14
2712,131Y014,"1.2.5.3.1. 산업별대출금(비은행예금취급기관, 전산업)",Group1,계정항목,BDHE13A,화학제품 및 의료용 제품,Q,2008Q1,2022Q3,59
2713,131Y014,"1.2.5.3.1. 산업별대출금(비은행예금취급기관, 전산업)",Group1,계정항목,BDHE13B,고무제품 및 플라스틱 제품,A,2008,2021,14
2714,131Y014,"1.2.5.3.1. 산업별대출금(비은행예금취급기관, 전산업)",Group1,계정항목,BDHE13B,고무제품 및 플라스틱 제품,Q,2008Q1,2022Q3,59
2715,131Y014,"1.2.5.3.1. 산업별대출금(비은행예금취급기관, 전산업)",Group1,계정항목,BDHE13C,비금속광물제품,A,2008,2021,14
2716,131Y014,"1.2.5.3.1. 산업별대출금(비은행예금취급기관, 전산업)",Group1,계정항목,BDHE13C,비금속광물제품,Q,2008Q1,2022Q3,59
2717,131Y014,"1.2.5.3.1. 산업별대출금(비은행예금취급기관, 전산업)",Group1,계정항목,BDHE13D,제1차 금속,A,2008,2021,14
2718,131Y014,"1.2.5.3.1. 산업별대출금(비은행예금취급기관, 전산업)",Group1,계정항목,BDHE13D,제1차 금속,Q,2008Q1,2022Q3,59
2719,131Y014,"1.2.5.3.1. 산업별대출금(비은행예금취급기관, 전산업)",Group1,계정항목,BDHE13E,금속가공제품,A,2008,2021,14
2720,131Y014,"1.2.5.3.1. 산업별대출금(비은행예금취급기관, 전산업)",Group1,계정항목,BDHE13E,금속가공제품,Q,2008Q1,2022Q3,59
2721,131Y014,"1.2.5.3.1. 산업별대출금(비은행예금취급기관, 전산업)",Group1,계정항목,BDHE13F,"전자부품, 컴퓨터, 영상, 음향 및 통신장비",A,2008,2021,14
2722,131Y014,"1.2.5.3.1. 산업별대출금(비은행예금취급기관, 전산업)",Group1,계정항목,BDHE13F,"전자부품, 컴퓨터, 영상, 음향 및 통신장비",Q,2008Q1,2022Q3,59
2723,131Y014,"1.2.5.3.1. 산업별대출금(비은행예금취급기관, 전산업)",Group1,계정항목,BDHE13G,"의료, 정밀, 광학기기 및 시계",A,2008,2021,14
2724,131Y014,"1.2.5.3.1. 산업별대출금(비은행예금취급기관, 전산업)",Group1,계정항목,BDHE13G,"의료, 정밀, 광학기기 및 시계",Q,2008Q1,2022Q3,59
2725,131Y014,"1.2.5.3.1. 산업별대출금(비은행예금취급기관, 전산업)",Group1,계정항목,BDHE13H,전기장비,A,2008,2021,14
2726,131Y014,"1.2.5.3.1. 산업별대출금(비은행예금취급기관, 전산업)",Group1,계정항목,BDHE13H,전기장비,Q,2008Q1,2022Q3,59
2727,131Y014,"1.2.5.3.1. 산업별대출금(비은행예금취급기관, 전산업)",Group1,계정항목,BDHE13I,기타 기계 및 장비,A,2008,2021,14
2728,131Y014,"1.2.5.3.1. 산업별대출금(비은행예금취급기관, 전산업)",Group1,계정항목,BDHE13I,기타 기계 및 장비,Q,2008Q1,2022Q3,59
2729,131Y014,"1.2.5.3.1. 산업별대출금(비은행예금취급기관, 전산업)",Group1,계정항목,BDHE13J,자동차 및 트레일러,A,2008,2021,14
2730,131Y014,"1.2.5.3.1. 산업별대출금(비은행예금취급기관, 전산업)",Group1,계정항목,BDHE13J,자동차 및 트레일러,Q,2008Q1,2022Q3,59
2731,131Y014,"1.2.5.3.1. 산업별대출금(비은행예금취급기관, 전산업)",Group1,계정항목,BDHE13K,기타 운송장비,A,2008,2021,14
2732,131Y014,"1.2.5.3.1. 산업별대출금(비은행예금취급기관, 전산업)",Group1,계정항목,BDHE13K,기타 운송장비,Q,2008Q1,2022Q3,59
2733,131Y014,"1.2.5.3.1. 산업별대출금(비은행예금취급기관, 전산업)",Group1,계정항목,BDHE13L,가구제조 및 기타제품,A,2008,2021,14
2734,131Y014,"1.2.5.3.1. 산업별대출금(비은행예금취급기관, 전산업)",Group1,계정항목,BDHE13L,가구제조 및 기타제품,Q,2008Q1,2022Q3,59
2735,131Y014,"1.2.5.3.1. 산업별대출금(비은행예금취급기관, 전산업)",Group1,계정항목,BDHE14,"전기, 가스, 증기 및 공기조절 공급업",A,2008,2021,14
2736,131Y014,"1.2.5.3.1. 산업별대출금(비은행예금취급기관, 전산업)",Group1,계정항목,BDHE14,"전기, 가스, 증기 및 공기조절 공급업",Q,2008Q1,2022Q3,59
2737,131Y014,"1.2.5.3.1. 산업별대출금(비은행예금취급기관, 전산업)",Group1,계정항목,BDHE15,"수도ㆍ하수 및 폐기물 처리, 원료재생업",A,2008,2021,14
2738,131Y014,"1.2.5.3.1. 산업별대출금(비은행예금취급기관, 전산업)",Group1,계정항목,BDHE15,"수도ㆍ하수 및 폐기물 처리, 원료재생업",Q,2008Q1,2022Q3,59
2739,131Y014,"1.2.5.3.1. 산업별대출금(비은행예금취급기관, 전산업)",Group1,계정항목,BDHE16,건설업,A,2008,2021,14
2740,131Y014,"1.2.5.3.1. 산업별대출금(비은행예금취급기관, 전산업)",Group1,계정항목,BDHE16,건설업,Q,2008Q1,2022Q3,59
2741,131Y014,"1.2.5.3.1. 산업별대출금(비은행예금취급기관, 전산업)",Group1,계정항목,BDHE17,도매 및 소매업,A,2008,2021,14
2742,131Y014,"1.2.5.3.1. 산업별대출금(비은행예금취급기관, 전산업)",Group1,계정항목,BDHE17,도매 및 소매업,Q,2008Q1,2022Q3,59
2743,131Y014,"1.2.5.3.1. 산업별대출금(비은행예금취급기관, 전산업)",Group1,계정항목,BDHE18,운수 및 창고업,A,2008,2021,14
2744,131Y014,"1.2.5.3.1. 산업별대출금(비은행예금취급기관, 전산업)",Group1,계정항목,BDHE18,운수 및 창고업,Q,2008Q1,2022Q3,59
2745,131Y014,"1.2.5.3.1. 산업별대출금(비은행예금취급기관, 전산업)",Group1,계정항목,BDHE19,숙박 및 음식점업,A,2008,2021,14
2746,131Y014,"1.2.5.3.1. 산업별대출금(비은행예금취급기관, 전산업)",Group1,계정항목,BDHE19,숙박 및 음식점업,Q,2008Q1,2022Q3,59
2747,131Y014,"1.2.5.3.1. 산업별대출금(비은행예금취급기관, 전산업)",Group1,계정항목,BDHE1E,"사업시설관리, 사업지원 및 임대서비스업",A,2008,2021,14
2748,131Y014,"1.2.5.3.1. 산업별대출금(비은행예금취급기관, 전산업)",Group1,계정항목,BDHE1E,"사업시설관리, 사업지원 및 임대서비스업",Q,2008Q1,2022Q3,59
2749,131Y014,"1.2.5.3.1. 산업별대출금(비은행예금취급기관, 전산업)",Group1,계정항목,BDHE1F,교육서비스업,A,2008,2021,14
2750,131Y014,"1.2.5.3.1. 산업별대출금(비은행예금취급기관, 전산업)",Group1,계정항목,BDHE1F,교육서비스업,Q,2008Q1,2022Q3,59
2751,131Y014,"1.2.5.3.1. 산업별대출금(비은행예금취급기관, 전산업)",Group1,계정항목,BDHE1G,보건 및 사회복지서비스업,A,2008,2021,14
2752,131Y014,"1.2.5.3.1. 산업별대출금(비은행예금취급기관, 전산업)",Group1,계정항목,BDHE1G,보건 및 사회복지서비스업,Q,2008Q1,2022Q3,59
2753,131Y014,"1.2.5.3.1. 산업별대출금(비은행예금취급기관, 전산업)",Group1,계정항목,BDHE1H,공공행정 등 기타서비스,A,2008,2021,14
2754,131Y014,"1.2.5.3.1. 산업별대출금(비은행예금취급기관, 전산업)",Group1,계정항목,BDHE1H,공공행정 등 기타서비스,Q,2008Q1,2022Q3,59
2755,131Y014,"1.2.5.3.1. 산업별대출금(비은행예금취급기관, 전산업)",Group1,계정항목,BDHE1D,"전문, 과학 및 기술 서비스업",A,2008,2021,14
2756,131Y014,"1.2.5.3.1. 산업별대출금(비은행예금취급기관, 전산업)",Group1,계정항목,BDHE1D,"전문, 과학 및 기술 서비스업",Q,2008Q1,2022Q3,59
2757,131Y014,"1.2.5.3.1. 산업별대출금(비은행예금취급기관, 전산업)",Group1,계정항목,BDHE1C,부동산업,A,2008,2021,14
2758,131Y014,"1.2.5.3.1. 산업별대출금(비은행예금취급기관, 전산업)",Group1,계정항목,BDHE1C,부동산업,Q,2008Q1,2022Q3,59
2759,131Y014,"1.2.5.3.1. 산업별대출금(비은행예금취급기관, 전산업)",Group1,계정항목,BDHE1A,"정보통신업, 예술, 스포츠, 여가 관련",A,2008,2021,14
2760,131Y014,"1.2.5.3.1. 산업별대출금(비은행예금취급기관, 전산업)",Group1,계정항목,BDHE1A,"정보통신업, 예술, 스포츠, 여가 관련",Q,2008Q1,2009Q4,8
2761,131Y014,"1.2.5.3.1. 산업별대출금(비은행예금취급기관, 전산업)",Group1,계정항목,BDHE1B,금융 및 보험업,A,2008,2021,14
2762,131Y014,"1.2.5.3.1. 산업별대출금(비은행예금취급기관, 전산업)",Group1,계정항목,BDHE1B,금융 및 보험업,Q,2008Q1,2022Q3,59
2763,131Y014,"1.2.5.3.1. 산업별대출금(비은행예금취급기관, 전산업)",Group1,계정항목,BDHE11,"농업, 임업 및 어업",A,2008,2021,14
2764,131Y014,"1.2.5.3.1. 산업별대출금(비은행예금취급기관, 전산업)",Group1,계정항목,BDHE11,"농업, 임업 및 어업",Q,2008Q1,2022Q3,59
2765,131Y014,"1.2.5.3.1. 산업별대출금(비은행예금취급기관, 전산업)",Group1,계정항목,BDHE1I,정보통신업,A,2010,2021,12
2766,131Y014,"1.2.5.3.1. 산업별대출금(비은행예금취급기관, 전산업)",Group1,계정항목,BDHE1I,정보통신업,Q,2010Q1,2022Q3,51
2767,131Y014,"1.2.5.3.1. 산업별대출금(비은행예금취급기관, 전산업)",Group1,계정항목,BDHE1J,"예술, 스포츠 및 여가 관련 서비스업",A,2010,2021,12
2768,131Y014,"1.2.5.3.1. 산업별대출금(비은행예금취급기관, 전산업)",Group1,계정항목,BDHE1J,"예술, 스포츠 및 여가 관련 서비스업",Q,2010Q1,2022Q3,51
2769,131Y014,"1.2.5.3.1. 산업별대출금(비은행예금취급기관, 전산업)",Group1,계정항목,BDHE1K,서비스업,Q,2008Q1,2022Q3,59
2770,131Y015,"1.2.5.3.2. 산업별대출금(비은행예금취급기관, 용도별)",Group1,계정항목,BDHF18,운수 및 창고업,A,2008,2021,28
2771,131Y015,"1.2.5.3.2. 산업별대출금(비은행예금취급기관, 용도별)",Group1,계정항목,BDHF18,운수 및 창고업,Q,2008Q1,2022Q3,118
2772,131Y015,"1.2.5.3.2. 산업별대출금(비은행예금취급기관, 용도별)",Group1,계정항목,BDHF1A,"정보통신업, 예술, 스포츠, 여가 관련",A,2008,2021,28
2773,131Y015,"1.2.5.3.2. 산업별대출금(비은행예금취급기관, 용도별)",Group1,계정항목,BDHF1A,"정보통신업, 예술, 스포츠, 여가 관련",Q,2008Q1,2009Q4,16
2774,131Y015,"1.2.5.3.2. 산업별대출금(비은행예금취급기관, 용도별)",Group1,계정항목,BDHF12,광업,A,2008,2021,28
2775,131Y015,"1.2.5.3.2. 산업별대출금(비은행예금취급기관, 용도별)",Group1,계정항목,BDHF12,광업,Q,2008Q1,2022Q3,118
2776,131Y015,"1.2.5.3.2. 산업별대출금(비은행예금취급기관, 용도별)",Group1,계정항목,BDHF16,건설업,A,2008,2021,28
2777,131Y015,"1.2.5.3.2. 산업별대출금(비은행예금취급기관, 용도별)",Group1,계정항목,BDHF16,건설업,Q,2008Q1,2022Q3,118
2778,131Y015,"1.2.5.3.2. 산업별대출금(비은행예금취급기관, 용도별)",Group1,계정항목,BDHF1F,교육서비스업,A,2008,2021,28
2779,131Y015,"1.2.5.3.2. 산업별대출금(비은행예금취급기관, 용도별)",Group1,계정항목,BDHF1F,교육서비스업,Q,2008Q1,2022Q3,118
2780,131Y015,"1.2.5.3.2. 산업별대출금(비은행예금취급기관, 용도별)",Group1,계정항목,BDHF13,제조업,A,2008,2021,28
2781,131Y015,"1.2.5.3.2. 산업별대출금(비은행예금취급기관, 용도별)",Group1,계정항목,BDHF13,제조업,Q,2008Q1,2022Q3,118
2782,131Y015,"1.2.5.3.2. 산업별대출금(비은행예금취급기관, 용도별)",Group1,계정항목,BDHF17,도매 및 소매업,A,2008,2021,28
2783,131Y015,"1.2.5.3.2. 산업별대출금(비은행예금취급기관, 용도별)",Group1,계정항목,BDHF17,도매 및 소매업,Q,2008Q1,2022Q3,118
2784,131Y015,"1.2.5.3.2. 산업별대출금(비은행예금취급기관, 용도별)",Group1,계정항목,BDHF1C,부동산업,A,2008,2021,28
2785,131Y015,"1.2.5.3.2. 산업별대출금(비은행예금취급기관, 용도별)",Group1,계정항목,BDHF1C,부동산업,Q,2008Q1,2022Q3,118
2786,131Y015,"1.2.5.3.2. 산업별대출금(비은행예금취급기관, 용도별)",Group1,계정항목,BDHF1E,"사업시설관리, 사업지원 및 임대서비스업",A,2008,2021,28
2787,131Y015,"1.2.5.3.2. 산업별대출금(비은행예금취급기관, 용도별)",Group1,계정항목,BDHF1E,"사업시설관리, 사업지원 및 임대서비스업",Q,2008Q1,2022Q3,118
2788,131Y015,"1.2.5.3.2. 산업별대출금(비은행예금취급기관, 용도별)",Group1,계정항목,BDHF19,숙박 및 음식점업,A,2008,2021,28
2789,131Y015,"1.2.5.3.2. 산업별대출금(비은행예금취급기관, 용도별)",Group1,계정항목,BDHF19,숙박 및 음식점업,Q,2008Q1,2022Q3,118
2790,131Y015,"1.2.5.3.2. 산업별대출금(비은행예금취급기관, 용도별)",Group1,계정항목,BDHF1B,금융 및 보험업,A,2008,2021,28
2791,131Y015,"1.2.5.3.2. 산업별대출금(비은행예금취급기관, 용도별)",Group1,계정항목,BDHF1B,금융 및 보험업,Q,2008Q1,2022Q3,118
2792,131Y015,"1.2.5.3.2. 산업별대출금(비은행예금취급기관, 용도별)",Group1,계정항목,BDHF1G,보건 및 사회복지서비스업,A,2008,2021,28
2793,131Y015,"1.2.5.3.2. 산업별대출금(비은행예금취급기관, 용도별)",Group1,계정항목,BDHF1G,보건 및 사회복지서비스업,Q,2008Q1,2022Q3,118
2794,131Y015,"1.2.5.3.2. 산업별대출금(비은행예금취급기관, 용도별)",Group1,계정항목,BDHF14,"전기, 가스, 증기 및 공기조절 공급업",A,2008,2021,28
2795,131Y015,"1.2.5.3.2. 산업별대출금(비은행예금취급기관, 용도별)",Group1,계정항목,BDHF14,"전기, 가스, 증기 및 공기조절 공급업",Q,2008Q1,2022Q3,118
2796,131Y015,"1.2.5.3.2. 산업별대출금(비은행예금취급기관, 용도별)",Group1,계정항목,BDHF11,"농업, 임업 및 어업",A,2008,2021,28
2797,131Y015,"1.2.5.3.2. 산업별대출금(비은행예금취급기관, 용도별)",Group1,계정항목,BDHF11,"농업, 임업 및 어업",Q,2008Q1,2022Q3,118
2798,131Y015,"1.2.5.3.2. 산업별대출금(비은행예금취급기관, 용도별)",Group1,계정항목,BDHF15,"수도ㆍ하수 및 폐기물 처리, 원료재생업",A,2008,2021,28
2799,131Y015,"1.2.5.3.2. 산업별대출금(비은행예금취급기관, 용도별)",Group1,계정항목,BDHF15,"수도ㆍ하수 및 폐기물 처리, 원료재생업",Q,2008Q1,2022Q3,118
2800,131Y015,"1.2.5.3.2. 산업별대출금(비은행예금취급기관, 용도별)",Group1,계정항목,BDHF1D,"전문, 과학 및 기술 서비스업",A,2008,2021,28
2801,131Y015,"1.2.5.3.2. 산업별대출금(비은행예금취급기관, 용도별)",Group1,계정항목,BDHF1D,"전문, 과학 및 기술 서비스업",Q,2008Q1,2022Q3,118
2802,131Y015,"1.2.5.3.2. 산업별대출금(비은행예금취급기관, 용도별)",Group1,계정항목,BDHF1H,공공행정 등 기타서비스,A,2008,2021,28
2803,131Y015,"1.2.5.3.2. 산업별대출금(비은행예금취급기관, 용도별)",Group1,계정항목,BDHF1H,공공행정 등 기타서비스,Q,2008Q1,2022Q3,118
2804,131Y015,"1.2.5.3.2. 산업별대출금(비은행예금취급기관, 용도별)",Group1,계정항목,BDHF1,산업별대출금,A,2008,2021,28
2805,131Y015,"1.2.5.3.2. 산업별대출금(비은행예금취급기관, 용도별)",Group1,계정항목,BDHF1,산업별대출금,Q,2008Q1,2022Q3,118
2806,131Y015,"1.2.5.3.2. 산업별대출금(비은행예금취급기관, 용도별)",Group1,계정항목,BDHF1I,정보통신업,A,2010,2021,24
2807,131Y015,"1.2.5.3.2. 산업별대출금(비은행예금취급기관, 용도별)",Group1,계정항목,BDHF1I,정보통신업,Q,2010Q1,2022Q3,102
2808,131Y015,"1.2.5.3.2. 산업별대출금(비은행예금취급기관, 용도별)",Group1,계정항목,BDHF1J,"예술, 스포츠 및 여가 관련 서비스업",A,2010,2021,24
2809,131Y015,"1.2.5.3.2. 산업별대출금(비은행예금취급기관, 용도별)",Group1,계정항목,BDHF1J,"예술, 스포츠 및 여가 관련 서비스업",Q,2010Q1,2022Q3,102
2810,131Y015,"1.2.5.3.2. 산업별대출금(비은행예금취급기관, 용도별)",Group1,계정항목,BDHF1K,서비스업,Q,2008Q1,2022Q3,118
2811,131Y015,"1.2.5.3.2. 산업별대출금(비은행예금취급기관, 용도별)",Group2,산업별대출금 자금구분,A,시설자금,A,2008,2021,547
2812,131Y015,"1.2.5.3.2. 산업별대출금(비은행예금취급기관, 용도별)",Group2,산업별대출금 자금구분,A,시설자금,Q,2008Q1,2022Q3,2318
2813,131Y015,"1.2.5.3.2. 산업별대출금(비은행예금취급기관, 용도별)",Group2,산업별대출금 자금구분,B,운전자금,A,2008,2021,547
2814,131Y015,"1.2.5.3.2. 산업별대출금(비은행예금취급기관, 용도별)",Group2,산업별대출금 자금구분,B,운전자금,Q,2008Q1,2022Q3,2318
2815,104Y017,1.2.6.1. 예금은행 예금회전율,Group1,계정항목,BDFA,예금은행예금회전율,A,1985,2022,38
2816,104Y017,1.2.6.1. 예금은행 예금회전율,Group1,계정항목,BDFA,예금은행예금회전율,M,198501,202212,456
2817,104Y017,1.2.6.1. 예금은행 예금회전율,Group1,계정항목,BDFA,예금은행예금회전율,Q,1985Q1,2022Q4,152
2818,104Y017,1.2.6.1. 예금은행 예금회전율,Group1,계정항목,BDFA1,요구불예금,A,1985,2022,38
2819,104Y017,1.2.6.1. 예금은행 예금회전율,Group1,계정항목,BDFA1,요구불예금,M,198501,202212,456
2820,104Y017,1.2.6.1. 예금은행 예금회전율,Group1,계정항목,BDFA1,요구불예금,Q,1985Q1,2022Q4,152
2821,104Y017,1.2.6.1. 예금은행 예금회전율,Group1,계정항목,BDFA11,당좌예금,A,1985,2022,38
2822,104Y017,1.2.6.1. 예금은행 예금회전율,Group1,계정항목,BDFA11,당좌예금,M,198501,202212,456
2823,104Y017,1.2.6.1. 예금은행 예금회전율,Group1,계정항목,BDFA11,당좌예금,Q,1985Q1,2022Q4,152
2824,104Y017,1.2.6.1. 예금은행 예금회전율,Group1,계정항목,BDFA12,보통예금,A,1985,2022,38
2825,104Y017,1.2.6.1. 예금은행 예금회전율,Group1,계정항목,BDFA12,보통예금,M,198501,202212,456
2826,104Y017,1.2.6.1. 예금은행 예금회전율,Group1,계정항목,BDFA12,보통예금,Q,1985Q1,2022Q4,152
2827,104Y017,1.2.6.1. 예금은행 예금회전율,Group1,계정항목,BDFA13,별단예금,A,1985,2022,38
2828,104Y017,1.2.6.1. 예금은행 예금회전율,Group1,계정항목,BDFA13,별단예금,M,198501,202212,456
2829,104Y017,1.2.6.1. 예금은행 예금회전율,Group1,계정항목,BDFA13,별단예금,Q,1985Q1,2022Q4,152
2830,104Y017,1.2.6.1. 예금은행 예금회전율,Group1,계정항목,BDFA14,가계종합예금,A,1985,2022,38
2831,104Y017,1.2.6.1. 예금은행 예금회전율,Group1,계정항목,BDFA14,가계종합예금,M,198501,202212,456
2832,104Y017,1.2.6.1. 예금은행 예금회전율,Group1,계정항목,BDFA14,가계종합예금,Q,1985Q1,2022Q4,152
2833,104Y017,1.2.6.1. 예금은행 예금회전율,Group1,계정항목,BDFA2,저축성예금,A,1985,2022,38
2834,104Y017,1.2.6.1. 예금은행 예금회전율,Group1,계정항목,BDFA2,저축성예금,M,198501,202212,456
2835,104Y017,1.2.6.1. 예금은행 예금회전율,Group1,계정항목,BDFA2,저축성예금,Q,1985Q1,2022Q4,152
2836,104Y017,1.2.6.1. 예금은행 예금회전율,Group1,계정항목,BDFA21,정기예금,A,1985,2022,38
2837,104Y017,1.2.6.1. 예금은행 예금회전율,Group1,계정항목,BDFA21,정기예금,M,198501,202212,456
2838,104Y017,1.2.6.1. 예금은행 예금회전율,Group1,계정항목,BDFA21,정기예금,Q,1985Q1,2022Q4,152
2839,104Y017,1.2.6.1. 예금은행 예금회전율,Group1,계정항목,BDFA22,정기적금,A,1985,2022,38
2840,104Y017,1.2.6.1. 예금은행 예금회전율,Group1,계정항목,BDFA22,정기적금,M,198501,202212,456
2841,104Y017,1.2.6.1. 예금은행 예금회전율,Group1,계정항목,BDFA22,정기적금,Q,1985Q1,2022Q4,152
2842,104Y017,1.2.6.1. 예금은행 예금회전율,Group1,계정항목,BDFA23,저축예금,A,1985,2022,38
2843,104Y017,1.2.6.1. 예금은행 예금회전율,Group1,계정항목,BDFA23,저축예금,M,198501,202212,456
2844,104Y017,1.2.6.1. 예금은행 예금회전율,Group1,계정항목,BDFA23,저축예금,Q,1985Q1,2022Q4,152
2845,104Y017,1.2.6.1. 예금은행 예금회전율,Group1,계정항목,BDFA24,자유저축예금,A,1985,2022,38
2846,104Y017,1.2.6.1. 예금은행 예금회전율,Group1,계정항목,BDFA24,자유저축예금,M,198501,202212,456
2847,104Y017,1.2.6.1. 예금은행 예금회전율,Group1,계정항목,BDFA24,자유저축예금,Q,1985Q1,2022Q4,152
2848,901Y053,1.2.6.2. 금융기관 점포/인원 현황,Group1,계정항목,MO1AA,일반은행,A,2001,2021,42
2849,901Y053,1.2.6.2. 금융기관 점포/인원 현황,Group1,계정항목,MO1AA,일반은행,Q,2005Q1,2022Q3,142
2850,901Y053,1.2.6.2. 금융기관 점포/인원 현황,Group1,계정항목,MO1AB,특수은행,A,2001,2021,42
2851,901Y053,1.2.6.2. 금융기관 점포/인원 현황,Group1,계정항목,MO1AB,특수은행,Q,2005Q1,2022Q3,142
2852,901Y053,1.2.6.2. 금융기관 점포/인원 현황,Group1,계정항목,MO1B,증권회사,A,1997,2019,46
2853,901Y053,1.2.6.2. 금융기관 점포/인원 현황,Group1,계정항목,MO1B,증권회사,Q,2005Q1,2020Q3,126
2854,901Y053,1.2.6.2. 금융기관 점포/인원 현황,Group1,계정항목,MO1C,보험회사,A,1999,2021,46
2855,901Y053,1.2.6.2. 금융기관 점포/인원 현황,Group1,계정항목,MO1C,보험회사,Q,2005Q1,2022Q3,142
2856,901Y053,1.2.6.2. 금융기관 점포/인원 현황,Group1,계정항목,MO1CA,생명보험회사,A,1999,2021,46
2857,901Y053,1.2.6.2. 금융기관 점포/인원 현황,Group1,계정항목,MO1CA,생명보험회사,Q,2005Q1,2022Q3,142
2858,901Y053,1.2.6.2. 금융기관 점포/인원 현황,Group1,계정항목,MO1CB,손해보험회사,A,1999,2021,46
2859,901Y053,1.2.6.2. 금융기관 점포/인원 현황,Group1,계정항목,MO1CB,손해보험회사,Q,2005Q1,2022Q3,142
2860,901Y053,1.2.6.2. 금융기관 점포/인원 현황,Group1,계정항목,MO1A,은행,A,2001,2021,42
2861,901Y053,1.2.6.2. 금융기관 점포/인원 현황,Group1,계정항목,MO1A,은행,Q,2005Q1,2022Q3,142
2862,901Y053,1.2.6.2. 금융기관 점포/인원 현황,Group2,구분코드,B,점포수 1),A,1997,2021,169
2863,901Y053,1.2.6.2. 금융기관 점포/인원 현황,Group2,구분코드,B,점포수 1),Q,2005Q1,2022Q3,519
2864,901Y053,1.2.6.2. 금융기관 점포/인원 현황,Group2,구분코드,E,총임직원수 2),A,1997,2021,169
2865,901Y053,1.2.6.2. 금융기관 점포/인원 현황,Group2,구분코드,E,총임직원수 2),Q,2005Q1,2022Q3,519
2866,901Y054,1.2.6.3. 은행대출금 연체율,Group1,계정항목,MO3AA,기업대출,A,1998,2021,72
2867,901Y054,1.2.6.3. 은행대출금 연체율,Group1,계정항목,MO3AA,기업대출,M,200212,202211,648
2868,901Y054,1.2.6.3. 은행대출금 연체율,Group1,계정항목,MO3AB,가계대출,A,1998,2021,72
2869,901Y054,1.2.6.3. 은행대출금 연체율,Group1,계정항목,MO3AB,가계대출,M,200212,202211,648
2870,901Y054,1.2.6.3. 은행대출금 연체율,Group1,계정항목,MO3AC,신용카드대출 2),A,1999,2021,69
2871,901Y054,1.2.6.3. 은행대출금 연체율,Group1,계정항목,MO3AC,신용카드대출 2),M,200212,202211,648
2872,901Y054,1.2.6.3. 은행대출금 연체율,Group2,구분코드,AB,은행전체 1),A,1998,2021,71
2873,901Y054,1.2.6.3. 은행대출금 연체율,Group2,구분코드,AB,은행전체 1),M,200212,202211,648
2874,901Y054,1.2.6.3. 은행대출금 연체율,Group2,구분코드,DB,일반은행,A,1998,2021,71
2875,901Y054,1.2.6.3. 은행대출금 연체율,Group2,구분코드,DB,일반은행,M,200212,202211,648
2876,901Y054,1.2.6.3. 은행대출금 연체율,Group2,구분코드,SB,특수은행,A,1998,2021,71
2877,901Y054,1.2.6.3. 은행대출금 연체율,Group2,구분코드,SB,특수은행,M,200212,202211,648
2878,901Y059,1.2.6.4. 보험계약실적,Group1,계정항목,S5A,신계약(기간중),A,2020,2020,1
2879,901Y059,1.2.6.4. 보험계약실적,Group1,계정항목,S5AA,건수(신계약),A,2001,2021,21
2880,901Y059,1.2.6.4. 보험계약실적,Group1,계정항목,S5AA,건수(신계약),M,200112,202211,252
2881,901Y059,1.2.6.4. 보험계약실적,Group1,계정항목,S5AB,금액(신계약),A,2001,2021,21
2882,901Y059,1.2.6.4. 보험계약실적,Group1,계정항목,S5AB,금액(신계약),M,200112,202211,252
2883,901Y059,1.2.6.4. 보험계약실적,Group1,계정항목,S5B,보유계약(기말),A,2020,2020,1
2884,901Y059,1.2.6.4. 보험계약실적,Group1,계정항목,S5BA,건수(보유계약),A,2001,2021,21
2885,901Y059,1.2.6.4. 보험계약실적,Group1,계정항목,S5BA,건수(보유계약),M,200112,202211,252
2886,901Y059,1.2.6.4. 보험계약실적,Group1,계정항목,S5BB,금액(보유계약),A,2001,2021,21
2887,901Y059,1.2.6.4. 보험계약실적,Group1,계정항목,S5BB,금액(보유계약),M,200112,202211,252
2888,105Y001,1.2.6.5. 예금규모별 계좌수 및 금액,Group1,계정항목,1010000,요구불예금(실세),S,2002S1,2022S1,82
2889,105Y001,1.2.6.5. 예금규모별 계좌수 및 금액,Group1,계정항목,1020000,저축성예금,S,2002S1,2022S1,410
2890,105Y001,1.2.6.5. 예금규모별 계좌수 및 금액,Group1,계정항목,1020100,정기예금,S,2002S1,2022S1,410
2891,105Y001,1.2.6.5. 예금규모별 계좌수 및 금액,Group1,계정항목,1020200,정기적금,S,2002S1,2022S1,82
2892,105Y001,1.2.6.5. 예금규모별 계좌수 및 금액,Group1,계정항목,1020300,기업자유예금,S,2002S1,2022S1,410
2893,105Y001,1.2.6.5. 예금규모별 계좌수 및 금액,Group1,계정항목,1020400,저축예금,S,2002S1,2022S1,410
2894,105Y001,1.2.6.5. 예금규모별 계좌수 및 금액,Group1,계정항목,1030000,금전신탁,S,2002S1,2022S1,410
2895,105Y001,1.2.6.5. 예금규모별 계좌수 및 금액,Group1,계정항목,1030100,특정금전신탁,S,2002S1,2022S1,410
2896,105Y001,1.2.6.5. 예금규모별 계좌수 및 금액,Group1,계정항목,1040000,양도성예금증서,S,2002S1,2022S1,410
2897,105Y001,1.2.6.5. 예금규모별 계좌수 및 금액,Group2,구분코드,A,계좌수(천좌),S,2002S1,2022S1,1517
2898,105Y001,1.2.6.5. 예금규모별 계좌수 및 금액,Group2,구분코드,B,금액(십억원),S,2002S1,2022S1,1517
2899,105Y001,1.2.6.5. 예금규모별 계좌수 및 금액,Group3,금액구분코드,A10,합계,S,2002S1,2022S1,738
2900,105Y001,1.2.6.5. 예금규모별 계좌수 및 금액,Group3,금액구분코드,A11,1억이하,S,2002S1,2022S1,574
2901,105Y001,1.2.6.5. 예금규모별 계좌수 및 금액,Group3,금액구분코드,A12,1억초과5억이하,S,2002S1,2022S1,574
2902,105Y001,1.2.6.5. 예금규모별 계좌수 및 금액,Group3,금액구분코드,A13,5억초과10억이하,S,2002S1,2022S1,574
2903,105Y001,1.2.6.5. 예금규모별 계좌수 및 금액,Group3,금액구분코드,A14,10억초과,S,2002S1,2022S1,574
2904,722Y001,1.3.1. 한국은행 기준금리 및 여수신금리,Group1,계정항목,0101000,한국은행 기준금리,A,1999,2022,24
2905,722Y001,1.3.1. 한국은행 기준금리 및 여수신금리,Group1,계정항목,0101000,한국은행 기준금리,D,19990506,20230212,8683
2906,722Y001,1.3.1. 한국은행 기준금리 및 여수신금리,Group1,계정항목,0101000,한국은행 기준금리,M,199905,202301,285
2907,722Y001,1.3.1. 한국은행 기준금리 및 여수신금리,Group1,계정항목,0101000,한국은행 기준금리,Q,1999Q2,2022Q4,95
2908,722Y001,1.3.1. 한국은행 기준금리 및 여수신금리,Group1,계정항목,0102000,정부대출금금리,A,1994,2022,29
2909,722Y001,1.3.1. 한국은행 기준금리 및 여수신금리,Group1,계정항목,0102000,정부대출금금리,D,19940103,20230131,10620
2910,722Y001,1.3.1. 한국은행 기준금리 및 여수신금리,Group1,계정항목,0102000,정부대출금금리,M,199401,202301,349
2911,722Y001,1.3.1. 한국은행 기준금리 및 여수신금리,Group1,계정항목,0102000,정부대출금금리,Q,1994Q1,2022Q4,116
2912,722Y001,1.3.1. 한국은행 기준금리 및 여수신금리,Group1,계정항목,0109000,총액한도대출금리,A,1994,2012,19
2913,722Y001,1.3.1. 한국은행 기준금리 및 여수신금리,Group1,계정항목,0109000,총액한도대출금리,D,19940315,20130410,6967
2914,722Y001,1.3.1. 한국은행 기준금리 및 여수신금리,Group1,계정항목,0109000,총액한도대출금리,M,199403,201303,229
2915,722Y001,1.3.1. 한국은행 기준금리 및 여수신금리,Group1,계정항목,0109000,총액한도대출금리,Q,1994Q1,2013Q1,77
2916,722Y001,1.3.1. 한국은행 기준금리 및 여수신금리,Group1,계정항목,0106000,결제자금지원한도 대출금리,A,1994,1994,1
2917,722Y001,1.3.1. 한국은행 기준금리 및 여수신금리,Group1,계정항목,0106000,결제자금지원한도 대출금리,D,20130411,20130630,81
2918,722Y001,1.3.1. 한국은행 기준금리 및 여수신금리,Group1,계정항목,0106000,결제자금지원한도 대출금리,M,199403,201306,4
2919,722Y001,1.3.1. 한국은행 기준금리 및 여수신금리,Group1,계정항목,0106000,결제자금지원한도 대출금리,Q,2013Q1,2013Q2,2
2920,722Y001,1.3.1. 한국은행 기준금리 및 여수신금리,Group1,계정항목,0107000,무역금융지원 프로그램대출금리,A,1994,2022,11
2921,722Y001,1.3.1. 한국은행 기준금리 및 여수신금리,Group1,계정항목,0107000,무역금융지원 프로그램대출금리,D,20130411,20230131,3582
2922,722Y001,1.3.1. 한국은행 기준금리 및 여수신금리,Group1,계정항목,0107000,무역금융지원 프로그램대출금리,M,199403,202301,119
2923,722Y001,1.3.1. 한국은행 기준금리 및 여수신금리,Group1,계정항목,0107000,무역금융지원 프로그램대출금리,Q,2013Q1,2022Q4,40
2924,722Y001,1.3.1. 한국은행 기준금리 및 여수신금리,Group1,계정항목,0110000,신용대출지원 프로그램대출금리,A,2013,2014,2
2925,722Y001,1.3.1. 한국은행 기준금리 및 여수신금리,Group1,계정항목,0110000,신용대출지원 프로그램대출금리,D,20130411,20150630,811
2926,722Y001,1.3.1. 한국은행 기준금리 및 여수신금리,Group1,계정항목,0110000,신용대출지원 프로그램대출금리,M,201304,201506,27
2927,722Y001,1.3.1. 한국은행 기준금리 및 여수신금리,Group1,계정항목,0110000,신용대출지원 프로그램대출금리,Q,2013Q2,2015Q2,9
2928,722Y001,1.3.1. 한국은행 기준금리 및 여수신금리,Group1,계정항목,0111000,영세자영업자지원 프로그램대출금리,A,2013,2022,10
2929,722Y001,1.3.1. 한국은행 기준금리 및 여수신금리,Group1,계정항목,0111000,영세자영업자지원 프로그램대출금리,D,20130411,20230131,3582
2930,722Y001,1.3.1. 한국은행 기준금리 및 여수신금리,Group1,계정항목,0111000,영세자영업자지원 프로그램대출금리,M,201304,202301,118
2931,722Y001,1.3.1. 한국은행 기준금리 및 여수신금리,Group1,계정항목,0111000,영세자영업자지원 프로그램대출금리,Q,2013Q2,2022Q4,39
2932,722Y001,1.3.1. 한국은행 기준금리 및 여수신금리,Group1,계정항목,0108000,신성장·일자리지원 프로그램대출금리,A,2013,2022,10
2933,722Y001,1.3.1. 한국은행 기준금리 및 여수신금리,Group1,계정항목,0108000,신성장·일자리지원 프로그램대출금리,D,20130411,20230131,3582
2934,722Y001,1.3.1. 한국은행 기준금리 및 여수신금리,Group1,계정항목,0108000,신성장·일자리지원 프로그램대출금리,M,201304,202301,118
2935,722Y001,1.3.1. 한국은행 기준금리 및 여수신금리,Group1,계정항목,0108000,신성장·일자리지원 프로그램대출금리,Q,2013Q2,2022Q4,39
2936,722Y001,1.3.1. 한국은행 기준금리 및 여수신금리,Group1,계정항목,0113000,설비투자지원 프로그램대출금리,A,2014,2022,9
2937,722Y001,1.3.1. 한국은행 기준금리 및 여수신금리,Group1,계정항목,0113000,설비투자지원 프로그램대출금리,D,20140901,20230131,3074
2938,722Y001,1.3.1. 한국은행 기준금리 및 여수신금리,Group1,계정항목,0113000,설비투자지원 프로그램대출금리,M,201409,202301,101
2939,722Y001,1.3.1. 한국은행 기준금리 및 여수신금리,Group1,계정항목,0113000,설비투자지원 프로그램대출금리,Q,2014Q3,2022Q4,34
2940,722Y001,1.3.1. 한국은행 기준금리 및 여수신금리,Group1,계정항목,0112000,지방중소기업지원 프로그램대출금리,A,2013,2022,10
2941,722Y001,1.3.1. 한국은행 기준금리 및 여수신금리,Group1,계정항목,0112000,지방중소기업지원 프로그램대출금리,D,20130411,20230131,3582
2942,722Y001,1.3.1. 한국은행 기준금리 및 여수신금리,Group1,계정항목,0112000,지방중소기업지원 프로그램대출금리,M,201304,202301,118
2943,722Y001,1.3.1. 한국은행 기준금리 및 여수신금리,Group1,계정항목,0112000,지방중소기업지원 프로그램대출금리,Q,2013Q2,2022Q4,39
2944,722Y001,1.3.1. 한국은행 기준금리 및 여수신금리,Group1,계정항목,0104000,자금조정 대출금리,A,2012,2022,11
2945,722Y001,1.3.1. 한국은행 기준금리 및 여수신금리,Group1,계정항목,0104000,자금조정 대출금리,D,20120209,20230212,4021
2946,722Y001,1.3.1. 한국은행 기준금리 및 여수신금리,Group1,계정항목,0104000,자금조정 대출금리,M,201202,202301,132
2947,722Y001,1.3.1. 한국은행 기준금리 및 여수신금리,Group1,계정항목,0104000,자금조정 대출금리,Q,2012Q1,2022Q4,44
2948,722Y001,1.3.1. 한국은행 기준금리 및 여수신금리,Group1,계정항목,0105000,자금조정 예금금리,A,2012,2022,11
2949,722Y001,1.3.1. 한국은행 기준금리 및 여수신금리,Group1,계정항목,0105000,자금조정 예금금리,D,20120209,20230212,4021
2950,722Y001,1.3.1. 한국은행 기준금리 및 여수신금리,Group1,계정항목,0105000,자금조정 예금금리,M,201202,202301,132
2951,722Y001,1.3.1. 한국은행 기준금리 및 여수신금리,Group1,계정항목,0105000,자금조정 예금금리,Q,2012Q1,2022Q4,44
2952,817Y002,1.3.2.1. 시장금리(일별),Group1,계정항목,010101000,"콜금리(1일, 전체거래)",D,19950103,20230213,7171
2953,817Y002,1.3.2.1. 시장금리(일별),Group1,계정항목,010102000,"콜금리(1일, 중개회사거래)",D,19960103,20230213,6875
2954,817Y002,1.3.2.1. 시장금리(일별),Group1,계정항목,010200001,국고채(5년),D,20000104,20230213,5732
2955,817Y002,1.3.2.1. 시장금리(일별),Group1,계정항목,010260000,산금채(1년),D,20030930,20230213,4812
2956,817Y002,1.3.2.1. 시장금리(일별),Group1,계정항목,010150000,KORIBOR(3개월),D,20050801,20230214,4356
2957,817Y002,1.3.2.1. 시장금리(일별),Group1,계정항목,010151000,KORIBOR(6개월),D,20060201,20230214,4228
2958,817Y002,1.3.2.1. 시장금리(일별),Group1,계정항목,010152000,KORIBOR(12개월),D,20040726,20230214,4611
2959,817Y002,1.3.2.1. 시장금리(일별),Group1,계정항목,010190000,국고채(1년),D,20000201,20230213,5712
2960,817Y002,1.3.2.1. 시장금리(일별),Group1,계정항목,010210000,국고채(10년),D,20001218,20230213,5497
2961,817Y002,1.3.2.1. 시장금리(일별),Group1,계정항목,010220000,국고채(20년),D,20060125,20230213,4231
2962,817Y002,1.3.2.1. 시장금리(일별),Group1,계정항목,010230000,국고채(30년),D,20120911,20230213,2576
2963,817Y002,1.3.2.1. 시장금리(일별),Group1,계정항목,010195000,국고채(2년),D,20210310,20230213,481
2964,817Y002,1.3.2.1. 시장금리(일별),Group1,계정항목,010200000,국고채(3년),D,19981113,20230213,6021
2965,817Y002,1.3.2.1. 시장금리(일별),Group1,계정항목,010300000,"회사채(3년, AA-)",D,19950103,20230213,7171
2966,817Y002,1.3.2.1. 시장금리(일별),Group1,계정항목,010310000,"회사채(3년, AA-, 민평)",D,20020819,20230213,5091
2967,817Y002,1.3.2.1. 시장금리(일별),Group1,계정항목,010320000,"회사채(3년, BBB-)",D,20000930,20230213,5649
2968,817Y002,1.3.2.1. 시장금리(일별),Group1,계정항목,010400002,통안증권(2년),D,19990210,20230213,6132
2969,817Y002,1.3.2.1. 시장금리(일별),Group1,계정항목,010501000,MMF(7일),D,19961231,20230213,6483
2970,817Y002,1.3.2.1. 시장금리(일별),Group1,계정항목,010502000,CD(91일),D,19950103,20230213,7171
2971,817Y002,1.3.2.1. 시장금리(일별),Group1,계정항목,010503000,CP(91일),D,19950103,20230213,7171
2972,817Y002,1.3.2.1. 시장금리(일별),Group1,계정항목,010503500,국민주택채권1종(5년),D,20030930,20230213,4812
2973,817Y002,1.3.2.1. 시장금리(일별),Group1,계정항목,010504000,CMA(수시형),D,19960103,20230213,7048
2974,817Y002,1.3.2.1. 시장금리(일별),Group1,계정항목,010400000,통안증권(91일),D,20060925,20230213,4066
2975,817Y002,1.3.2.1. 시장금리(일별),Group1,계정항목,010103000,"콜금리(1일, 은행증권금융차입)",D,20211125,20230213,303
2976,817Y002,1.3.2.1. 시장금리(일별),Group1,계정항목,010400001,통안증권(1년),D,19950103,20230213,7132
2977,817Y002,1.3.2.1. 시장금리(일별),Group1,계정항목,010240000,국고채(50년),D,20161011,20230213,1569
2978,721Y001,"1.3.2.2. 시장금리(월,분기,년)",Group1,계정항목,1010000,무담보콜금리(1일),A,1991,2022,32
2979,721Y001,"1.3.2.2. 시장금리(월,분기,년)",Group1,계정항목,1010000,무담보콜금리(1일),M,199101,202301,385
2980,721Y001,"1.3.2.2. 시장금리(월,분기,년)",Group1,계정항목,1010000,무담보콜금리(1일),Q,1991Q1,2022Q4,128
2981,721Y001,"1.3.2.2. 시장금리(월,분기,년)",Group1,계정항목,1010200,"무담보콜금리(1일, 중개거래)",A,1991,2022,32
2982,721Y001,"1.3.2.2. 시장금리(월,분기,년)",Group1,계정항목,1010200,"무담보콜금리(1일, 중개거래)",M,199101,202301,385
2983,721Y001,"1.3.2.2. 시장금리(월,분기,년)",Group1,계정항목,1010200,"무담보콜금리(1일, 중개거래)",Q,1991Q1,2022Q4,128
2984,721Y001,"1.3.2.2. 시장금리(월,분기,년)",Group1,계정항목,101020A,"무담보콜금리(1일, 중개거래,투신사연계콜제외)",A,1997,2004,8
2985,721Y001,"1.3.2.2. 시장금리(월,분기,년)",Group1,계정항목,101020A,"무담보콜금리(1일, 중개거래,투신사연계콜제외)",M,199701,200412,96
2986,721Y001,"1.3.2.2. 시장금리(월,분기,년)",Group1,계정항목,101020A,"무담보콜금리(1일, 중개거래,투신사연계콜제외)",Q,1997Q1,2004Q4,32
2987,721Y001,"1.3.2.2. 시장금리(월,분기,년)",Group1,계정항목,1020000,무담보콜금리 전체,A,1991,2022,32
2988,721Y001,"1.3.2.2. 시장금리(월,분기,년)",Group1,계정항목,1020000,무담보콜금리 전체,M,199101,202301,385
2989,721Y001,"1.3.2.2. 시장금리(월,분기,년)",Group1,계정항목,1020000,무담보콜금리 전체,Q,1991Q1,2022Q4,128
2990,721Y001,"1.3.2.2. 시장금리(월,분기,년)",Group1,계정항목,1025000,KORIBOR(3개월),A,2007,2022,16
2991,721Y001,"1.3.2.2. 시장금리(월,분기,년)",Group1,계정항목,1025000,KORIBOR(3개월),M,200701,202301,193
2992,721Y001,"1.3.2.2. 시장금리(월,분기,년)",Group1,계정항목,1025000,KORIBOR(3개월),Q,2007Q1,2022Q4,64
2993,721Y001,"1.3.2.2. 시장금리(월,분기,년)",Group1,계정항목,1026000,KORIBOR(6개월),A,2007,2022,16
2994,721Y001,"1.3.2.2. 시장금리(월,분기,년)",Group1,계정항목,1026000,KORIBOR(6개월),M,200701,202301,193
2995,721Y001,"1.3.2.2. 시장금리(월,분기,년)",Group1,계정항목,1026000,KORIBOR(6개월),Q,2007Q1,2022Q4,64
2996,721Y001,"1.3.2.2. 시장금리(월,분기,년)",Group1,계정항목,1027000,KORIBOR(12개월),A,2007,2022,16
2997,721Y001,"1.3.2.2. 시장금리(월,분기,년)",Group1,계정항목,1027000,KORIBOR(12개월),M,200701,202301,193
2998,721Y001,"1.3.2.2. 시장금리(월,분기,년)",Group1,계정항목,1027000,KORIBOR(12개월),Q,2007Q1,2022Q4,64
2999,721Y001,"1.3.2.2. 시장금리(월,분기,년)",Group1,계정항목,2010000,CD(91일),A,1991,2022,32
3000,721Y001,"1.3.2.2. 시장금리(월,분기,년)",Group1,계정항목,2010000,CD(91일),M,199103,202301,383
3001,721Y001,"1.3.2.2. 시장금리(월,분기,년)",Group1,계정항목,2010000,CD(91일),Q,1991Q1,2022Q4,128
3002,721Y001,"1.3.2.2. 시장금리(월,분기,년)",Group1,계정항목,4020000,CP(91일),A,1994,2022,29
3003,721Y001,"1.3.2.2. 시장금리(월,분기,년)",Group1,계정항목,4020000,CP(91일),M,199409,202301,341
3004,721Y001,"1.3.2.2. 시장금리(월,분기,년)",Group1,계정항목,4020000,CP(91일),Q,1994Q3,2022Q4,114
3005,721Y001,"1.3.2.2. 시장금리(월,분기,년)",Group1,계정항목,5010000,국민주택채권1종(5년),A,1987,2022,36
3006,721Y001,"1.3.2.2. 시장금리(월,분기,년)",Group1,계정항목,5010000,국민주택채권1종(5년),M,198701,202301,433
3007,721Y001,"1.3.2.2. 시장금리(월,분기,년)",Group1,계정항목,5010000,국민주택채권1종(5년),Q,1987Q1,2022Q4,144
3008,721Y001,"1.3.2.2. 시장금리(월,분기,년)",Group1,계정항목,5020000,국고채(3년),A,1995,2022,28
3009,721Y001,"1.3.2.2. 시장금리(월,분기,년)",Group1,계정항목,5020000,국고채(3년),M,199505,202301,333
3010,721Y001,"1.3.2.2. 시장금리(월,분기,년)",Group1,계정항목,5020000,국고채(3년),Q,1995Q2,2022Q4,111
3011,721Y001,"1.3.2.2. 시장금리(월,분기,년)",Group1,계정항목,5030000,국고채(1년),A,2000,2022,23
3012,721Y001,"1.3.2.2. 시장금리(월,분기,년)",Group1,계정항목,5030000,국고채(1년),M,200002,202301,276
3013,721Y001,"1.3.2.2. 시장금리(월,분기,년)",Group1,계정항목,5030000,국고채(1년),Q,2000Q1,2022Q4,92
3014,721Y001,"1.3.2.2. 시장금리(월,분기,년)",Group1,계정항목,5040000,국고채(5년),A,1995,2022,28
3015,721Y001,"1.3.2.2. 시장금리(월,분기,년)",Group1,계정항목,5040000,국고채(5년),M,199505,202301,333
3016,721Y001,"1.3.2.2. 시장금리(월,분기,년)",Group1,계정항목,5040000,국고채(5년),Q,1995Q2,2022Q4,111
3017,721Y001,"1.3.2.2. 시장금리(월,분기,년)",Group1,계정항목,5050000,국고채(10년),A,2000,2022,23
3018,721Y001,"1.3.2.2. 시장금리(월,분기,년)",Group1,계정항목,5050000,국고채(10년),M,200010,202301,268
3019,721Y001,"1.3.2.2. 시장금리(월,분기,년)",Group1,계정항목,5050000,국고채(10년),Q,2000Q4,2022Q4,89
3020,721Y001,"1.3.2.2. 시장금리(월,분기,년)",Group1,계정항목,5060000,국고채(20년),A,2006,2022,17
3021,721Y001,"1.3.2.2. 시장금리(월,분기,년)",Group1,계정항목,5060000,국고채(20년),M,200601,202301,205
3022,721Y001,"1.3.2.2. 시장금리(월,분기,년)",Group1,계정항목,5060000,국고채(20년),Q,2006Q1,2022Q4,68
3023,721Y001,"1.3.2.2. 시장금리(월,분기,년)",Group1,계정항목,5070000,국고채(30년),A,2012,2022,11
3024,721Y001,"1.3.2.2. 시장금리(월,분기,년)",Group1,계정항목,5070000,국고채(30년),M,201209,202301,125
3025,721Y001,"1.3.2.2. 시장금리(월,분기,년)",Group1,계정항목,5070000,국고채(30년),Q,2012Q3,2022Q4,42
3026,721Y001,"1.3.2.2. 시장금리(월,분기,년)",Group1,계정항목,5080000,국고채(50년),A,2016,2022,7
3027,721Y001,"1.3.2.2. 시장금리(월,분기,년)",Group1,계정항목,5080000,국고채(50년),M,201610,202301,76
3028,721Y001,"1.3.2.2. 시장금리(월,분기,년)",Group1,계정항목,5080000,국고채(50년),Q,2016Q4,2022Q4,25
3029,721Y001,"1.3.2.2. 시장금리(월,분기,년)",Group1,계정항목,5090000,국고채(2년),A,2021,2022,2
3030,721Y001,"1.3.2.2. 시장금리(월,분기,년)",Group1,계정항목,5090000,국고채(2년),M,202103,202301,23
3031,721Y001,"1.3.2.2. 시장금리(월,분기,년)",Group1,계정항목,5090000,국고채(2년),Q,2021Q1,2022Q4,8
3032,721Y001,"1.3.2.2. 시장금리(월,분기,년)",Group1,계정항목,6010100,통안증권(1년),A,1987,2022,36
3033,721Y001,"1.3.2.2. 시장금리(월,분기,년)",Group1,계정항목,6010100,통안증권(1년),M,198701,202301,433
3034,721Y001,"1.3.2.2. 시장금리(월,분기,년)",Group1,계정항목,6010100,통안증권(1년),Q,1987Q1,2022Q4,144
3035,721Y001,"1.3.2.2. 시장금리(월,분기,년)",Group1,계정항목,6010200,통안증권(2년),A,1999,2022,24
3036,721Y001,"1.3.2.2. 시장금리(월,분기,년)",Group1,계정항목,6010200,통안증권(2년),M,199903,202301,287
3037,721Y001,"1.3.2.2. 시장금리(월,분기,년)",Group1,계정항목,6010200,통안증권(2년),Q,1999Q1,2022Q4,96
3038,721Y001,"1.3.2.2. 시장금리(월,분기,년)",Group1,계정항목,6010300,통안증권(91일),A,2006,2022,17
3039,721Y001,"1.3.2.2. 시장금리(월,분기,년)",Group1,계정항목,6010300,통안증권(91일),M,200609,202301,197
3040,721Y001,"1.3.2.2. 시장금리(월,분기,년)",Group1,계정항목,6010300,통안증권(91일),Q,2006Q3,2022Q4,66
3041,721Y001,"1.3.2.2. 시장금리(월,분기,년)",Group1,계정항목,6050000,산금채(1년),A,1991,2022,32
3042,721Y001,"1.3.2.2. 시장금리(월,분기,년)",Group1,계정항목,6050000,산금채(1년),M,199103,202301,383
3043,721Y001,"1.3.2.2. 시장금리(월,분기,년)",Group1,계정항목,6050000,산금채(1년),Q,1991Q1,2022Q4,128
3044,721Y001,"1.3.2.2. 시장금리(월,분기,년)",Group1,계정항목,7020000,"회사채(3년, AA-)",A,1987,2022,36
3045,721Y001,"1.3.2.2. 시장금리(월,분기,년)",Group1,계정항목,7020000,"회사채(3년, AA-)",M,198701,202301,433
3046,721Y001,"1.3.2.2. 시장금리(월,분기,년)",Group1,계정항목,7020000,"회사채(3년, AA-)",Q,1987Q1,2022Q4,144
3047,721Y001,"1.3.2.2. 시장금리(월,분기,년)",Group1,계정항목,7030000,"회사채(3년, BBB-)",A,2000,2022,23
3048,721Y001,"1.3.2.2. 시장금리(월,분기,년)",Group1,계정항목,7030000,"회사채(3년, BBB-)",M,200010,202301,268
3049,721Y001,"1.3.2.2. 시장금리(월,분기,년)",Group1,계정항목,7030000,"회사채(3년, BBB-)",Q,2000Q4,2022Q4,89
3050,721Y001,"1.3.2.2. 시장금리(월,분기,년)",Group1,계정항목,8010000,"회사채(3년, AA-, 민평)",A,2014,2022,9
3051,721Y001,"1.3.2.2. 시장금리(월,분기,년)",Group1,계정항목,8010000,"회사채(3년, AA-, 민평)",M,201401,202301,109
3052,721Y001,"1.3.2.2. 시장금리(월,분기,년)",Group1,계정항목,8010000,"회사채(3년, AA-, 민평)",Q,2014Q1,2022Q4,36
3053,721Y001,"1.3.2.2. 시장금리(월,분기,년)",Group1,계정항목,8020000,MMF(7일),A,2014,2022,9
3054,721Y001,"1.3.2.2. 시장금리(월,분기,년)",Group1,계정항목,8020000,MMF(7일),M,201401,202301,109
3055,721Y001,"1.3.2.2. 시장금리(월,분기,년)",Group1,계정항목,8020000,MMF(7일),Q,2014Q1,2022Q4,36
3056,721Y001,"1.3.2.2. 시장금리(월,분기,년)",Group1,계정항목,8030000,CMA(수시형),A,2014,2022,9
3057,721Y001,"1.3.2.2. 시장금리(월,분기,년)",Group1,계정항목,8030000,CMA(수시형),M,201401,202301,109
3058,721Y001,"1.3.2.2. 시장금리(월,분기,년)",Group1,계정항목,8030000,CMA(수시형),Q,2014Q1,2022Q4,36
3059,721Y001,"1.3.2.2. 시장금리(월,분기,년)",Group1,계정항목,101020B,"무담보콜금리(1일,은행증권금융차입)",A,2021,2022,2
3060,721Y001,"1.3.2.2. 시장금리(월,분기,년)",Group1,계정항목,101020B,"무담보콜금리(1일,은행증권금융차입)",M,202112,202301,14
3061,721Y001,"1.3.2.2. 시장금리(월,분기,년)",Group1,계정항목,101020B,"무담보콜금리(1일,은행증권금융차입)",Q,2021Q4,2022Q4,5
3062,721Y001,"1.3.2.2. 시장금리(월,분기,년)",Group1,계정항목,1030000,담보콜금리(1일),A,2003,2014,12
3063,721Y001,"1.3.2.2. 시장금리(월,분기,년)",Group1,계정항목,1030000,담보콜금리(1일),M,200310,201406,125
3064,721Y001,"1.3.2.2. 시장금리(월,분기,년)",Group1,계정항목,1030000,담보콜금리(1일),Q,2003Q4,2014Q2,43
3065,721Y001,"1.3.2.2. 시장금리(월,분기,년)",Group1,계정항목,1040000,담보콜금리전체,A,2003,2014,12
3066,721Y001,"1.3.2.2. 시장금리(월,분기,년)",Group1,계정항목,1040000,담보콜금리전체,M,200310,201406,125
3067,721Y001,"1.3.2.2. 시장금리(월,분기,년)",Group1,계정항목,1040000,담보콜금리전체,Q,2003Q4,2014Q2,43
3068,121Y002,1.3.3.1.1. 예금은행 수신금리(신규취급액 기준),Group1,계정항목,BEABAA2,저축성수신,A,1996,2022,27
3069,121Y002,1.3.3.1.1. 예금은행 수신금리(신규취급액 기준),Group1,계정항목,BEABAA2,저축성수신,M,199601,202212,324
3070,121Y002,1.3.3.1.1. 예금은행 수신금리(신규취급액 기준),Group1,계정항목,BEABAA2,저축성수신,Q,1996Q1,2022Q4,108
3071,121Y002,1.3.3.1.1. 예금은행 수신금리(신규취급액 기준),Group1,계정항목,BEABAA21,순수저축성예금 1),A,1996,2022,27
3072,121Y002,1.3.3.1.1. 예금은행 수신금리(신규취급액 기준),Group1,계정항목,BEABAA21,순수저축성예금 1),M,199601,202212,324
3073,121Y002,1.3.3.1.1. 예금은행 수신금리(신규취급액 기준),Group1,계정항목,BEABAA21,순수저축성예금 1),Q,1996Q1,2022Q4,108
3074,121Y002,1.3.3.1.1. 예금은행 수신금리(신규취급액 기준),Group1,계정항목,BEABAA211,정기예금,A,1996,2022,27
3075,121Y002,1.3.3.1.1. 예금은행 수신금리(신규취급액 기준),Group1,계정항목,BEABAA211,정기예금,M,199601,202212,324
3076,121Y002,1.3.3.1.1. 예금은행 수신금리(신규취급액 기준),Group1,계정항목,BEABAA211,정기예금,Q,1996Q1,2022Q4,108
3077,121Y002,1.3.3.1.1. 예금은행 수신금리(신규취급액 기준),Group1,계정항목,BEABAA2111,정기예금(6개월 미만) 2),A,1996,2022,27
3078,121Y002,1.3.3.1.1. 예금은행 수신금리(신규취급액 기준),Group1,계정항목,BEABAA2111,정기예금(6개월 미만) 2),M,199607,202212,318
3079,121Y002,1.3.3.1.1. 예금은행 수신금리(신규취급액 기준),Group1,계정항목,BEABAA2111,정기예금(6개월 미만) 2),Q,1996Q3,2022Q4,106
3080,121Y002,1.3.3.1.1. 예금은행 수신금리(신규취급액 기준),Group1,계정항목,BEABAA2112,정기예금(6개월~1년 미만) 2),A,1996,2022,27
3081,121Y002,1.3.3.1.1. 예금은행 수신금리(신규취급액 기준),Group1,계정항목,BEABAA2112,정기예금(6개월~1년 미만) 2),M,199607,202212,318
3082,121Y002,1.3.3.1.1. 예금은행 수신금리(신규취급액 기준),Group1,계정항목,BEABAA2112,정기예금(6개월~1년 미만) 2),Q,1996Q3,2022Q4,106
3083,121Y002,1.3.3.1.1. 예금은행 수신금리(신규취급액 기준),Group1,계정항목,BEABAA2113,정기예금(1~2년 미만) 2),A,1996,2022,27
3084,121Y002,1.3.3.1.1. 예금은행 수신금리(신규취급액 기준),Group1,계정항목,BEABAA2113,정기예금(1~2년 미만) 2),M,199607,202212,318
3085,121Y002,1.3.3.1.1. 예금은행 수신금리(신규취급액 기준),Group1,계정항목,BEABAA2113,정기예금(1~2년 미만) 2),Q,1996Q3,2022Q4,106
3086,121Y002,1.3.3.1.1. 예금은행 수신금리(신규취급액 기준),Group1,계정항목,BEABAA2114,정기예금(2~3년 미만),A,1996,2022,27
3087,121Y002,1.3.3.1.1. 예금은행 수신금리(신규취급액 기준),Group1,계정항목,BEABAA2114,정기예금(2~3년 미만),M,199607,202212,318
3088,121Y002,1.3.3.1.1. 예금은행 수신금리(신규취급액 기준),Group1,계정항목,BEABAA2114,정기예금(2~3년 미만),Q,1996Q3,2022Q4,106
3089,121Y002,1.3.3.1.1. 예금은행 수신금리(신규취급액 기준),Group1,계정항목,BEABAA2115,정기예금(3~4년 미만),A,1996,2022,27
3090,121Y002,1.3.3.1.1. 예금은행 수신금리(신규취급액 기준),Group1,계정항목,BEABAA2115,정기예금(3~4년 미만),M,199607,202212,318
3091,121Y002,1.3.3.1.1. 예금은행 수신금리(신규취급액 기준),Group1,계정항목,BEABAA2115,정기예금(3~4년 미만),Q,1996Q3,2022Q4,106
3092,121Y002,1.3.3.1.1. 예금은행 수신금리(신규취급액 기준),Group1,계정항목,BEABAA2116,정기예금(4~5년 미만),A,1996,2022,27
3093,121Y002,1.3.3.1.1. 예금은행 수신금리(신규취급액 기준),Group1,계정항목,BEABAA2116,정기예금(4~5년 미만),M,199607,202212,318
3094,121Y002,1.3.3.1.1. 예금은행 수신금리(신규취급액 기준),Group1,계정항목,BEABAA2116,정기예금(4~5년 미만),Q,1996Q3,2022Q4,106
3095,121Y002,1.3.3.1.1. 예금은행 수신금리(신규취급액 기준),Group1,계정항목,BEABAA2117,정기예금(5년 이상),A,1996,2022,27
3096,121Y002,1.3.3.1.1. 예금은행 수신금리(신규취급액 기준),Group1,계정항목,BEABAA2117,정기예금(5년 이상),M,199607,202212,318
3097,121Y002,1.3.3.1.1. 예금은행 수신금리(신규취급액 기준),Group1,계정항목,BEABAA2117,정기예금(5년 이상),Q,1996Q3,2022Q4,106
3098,121Y002,1.3.3.1.1. 예금은행 수신금리(신규취급액 기준),Group1,계정항목,BEABAA2118,정기예금(1년),A,2012,2022,11
3099,121Y002,1.3.3.1.1. 예금은행 수신금리(신규취급액 기준),Group1,계정항목,BEABAA2118,정기예금(1년),M,201201,202212,132
3100,121Y002,1.3.3.1.1. 예금은행 수신금리(신규취급액 기준),Group1,계정항목,BEABAA2118,정기예금(1년),Q,2012Q1,2022Q4,44
3101,121Y002,1.3.3.1.1. 예금은행 수신금리(신규취급액 기준),Group1,계정항목,BEABAA212,정기적금,A,1996,2022,27
3102,121Y002,1.3.3.1.1. 예금은행 수신금리(신규취급액 기준),Group1,계정항목,BEABAA212,정기적금,M,199601,202212,324
3103,121Y002,1.3.3.1.1. 예금은행 수신금리(신규취급액 기준),Group1,계정항목,BEABAA212,정기적금,Q,1996Q1,2022Q4,108
3104,121Y002,1.3.3.1.1. 예금은행 수신금리(신규취급액 기준),Group1,계정항목,BEABAA2121,정기적금(3-4년),A,1996,2022,27
3105,121Y002,1.3.3.1.1. 예금은행 수신금리(신규취급액 기준),Group1,계정항목,BEABAA2121,정기적금(3-4년),M,199607,202212,318
3106,121Y002,1.3.3.1.1. 예금은행 수신금리(신규취급액 기준),Group1,계정항목,BEABAA2121,정기적금(3-4년),Q,1996Q3,2022Q4,106
3107,121Y002,1.3.3.1.1. 예금은행 수신금리(신규취급액 기준),Group1,계정항목,BEABAA213,상호부금,A,1996,2022,27
3108,121Y002,1.3.3.1.1. 예금은행 수신금리(신규취급액 기준),Group1,계정항목,BEABAA213,상호부금,M,199601,202212,324
3109,121Y002,1.3.3.1.1. 예금은행 수신금리(신규취급액 기준),Group1,계정항목,BEABAA213,상호부금,Q,1996Q1,2022Q4,108
3110,121Y002,1.3.3.1.1. 예금은행 수신금리(신규취급액 기준),Group1,계정항목,BEABAA2131,상호부금(3-4년),A,1996,2022,27
3111,121Y002,1.3.3.1.1. 예금은행 수신금리(신규취급액 기준),Group1,계정항목,BEABAA2131,상호부금(3-4년),M,199607,202212,318
3112,121Y002,1.3.3.1.1. 예금은행 수신금리(신규취급액 기준),Group1,계정항목,BEABAA2131,상호부금(3-4년),Q,1996Q3,2022Q4,106
3113,121Y002,1.3.3.1.1. 예금은행 수신금리(신규취급액 기준),Group1,계정항목,BEABAA214,주택부금,A,2000,2022,23
3114,121Y002,1.3.3.1.1. 예금은행 수신금리(신규취급액 기준),Group1,계정항목,BEABAA214,주택부금,M,200004,202212,273
3115,121Y002,1.3.3.1.1. 예금은행 수신금리(신규취급액 기준),Group1,계정항목,BEABAA214,주택부금,Q,2000Q2,2022Q4,91
3116,121Y002,1.3.3.1.1. 예금은행 수신금리(신규취급액 기준),Group1,계정항목,BEABAA22,시장형금융상품,A,1996,2022,27
3117,121Y002,1.3.3.1.1. 예금은행 수신금리(신규취급액 기준),Group1,계정항목,BEABAA22,시장형금융상품,M,199601,202212,324
3118,121Y002,1.3.3.1.1. 예금은행 수신금리(신규취급액 기준),Group1,계정항목,BEABAA22,시장형금융상품,Q,1996Q1,2022Q4,108
3119,121Y002,1.3.3.1.1. 예금은행 수신금리(신규취급액 기준),Group1,계정항목,BEABAA221,양도성예금증서,A,1996,2022,27
3120,121Y002,1.3.3.1.1. 예금은행 수신금리(신규취급액 기준),Group1,계정항목,BEABAA221,양도성예금증서,M,199601,202212,324
3121,121Y002,1.3.3.1.1. 예금은행 수신금리(신규취급액 기준),Group1,계정항목,BEABAA221,양도성예금증서,Q,1996Q1,2022Q4,108
3122,121Y002,1.3.3.1.1. 예금은행 수신금리(신규취급액 기준),Group1,계정항목,BEABAA2211,양도성예금증서(91일),A,1996,2022,27
3123,121Y002,1.3.3.1.1. 예금은행 수신금리(신규취급액 기준),Group1,계정항목,BEABAA2211,양도성예금증서(91일),M,199607,202212,318
3124,121Y002,1.3.3.1.1. 예금은행 수신금리(신규취급액 기준),Group1,계정항목,BEABAA2211,양도성예금증서(91일),Q,1996Q3,2022Q4,106
3125,121Y002,1.3.3.1.1. 예금은행 수신금리(신규취급액 기준),Group1,계정항목,BEABAA222,환매조건부채권매도,A,1996,2022,27
3126,121Y002,1.3.3.1.1. 예금은행 수신금리(신규취급액 기준),Group1,계정항목,BEABAA222,환매조건부채권매도,M,199601,202212,324
3127,121Y002,1.3.3.1.1. 예금은행 수신금리(신규취급액 기준),Group1,계정항목,BEABAA222,환매조건부채권매도,Q,1996Q1,2022Q4,108
3128,121Y002,1.3.3.1.1. 예금은행 수신금리(신규취급액 기준),Group1,계정항목,BEABAA2221,환매조건부채권매도(91-180일),A,1997,2022,26
3129,121Y002,1.3.3.1.1. 예금은행 수신금리(신규취급액 기준),Group1,계정항목,BEABAA2221,환매조건부채권매도(91-180일),M,199708,202212,305
3130,121Y002,1.3.3.1.1. 예금은행 수신금리(신규취급액 기준),Group1,계정항목,BEABAA2221,환매조건부채권매도(91-180일),Q,1997Q3,2022Q4,102
3131,121Y002,1.3.3.1.1. 예금은행 수신금리(신규취급액 기준),Group1,계정항목,BEABAA223,표지어음,A,1996,2022,27
3132,121Y002,1.3.3.1.1. 예금은행 수신금리(신규취급액 기준),Group1,계정항목,BEABAA223,표지어음,M,199601,202212,324
3133,121Y002,1.3.3.1.1. 예금은행 수신금리(신규취급액 기준),Group1,계정항목,BEABAA223,표지어음,Q,1996Q1,2022Q4,108
3134,121Y002,1.3.3.1.1. 예금은행 수신금리(신규취급액 기준),Group1,계정항목,BEABAA2231,표지어음(91-120일),A,1996,2022,27
3135,121Y002,1.3.3.1.1. 예금은행 수신금리(신규취급액 기준),Group1,계정항목,BEABAA2231,표지어음(91-120일),M,199607,202212,318
3136,121Y002,1.3.3.1.1. 예금은행 수신금리(신규취급액 기준),Group1,계정항목,BEABAA2231,표지어음(91-120일),Q,1996Q3,2022Q4,106
3137,121Y002,1.3.3.1.1. 예금은행 수신금리(신규취급액 기준),Group1,계정항목,BEABAA224,금융채 3),A,1996,2022,27
3138,121Y002,1.3.3.1.1. 예금은행 수신금리(신규취급액 기준),Group1,계정항목,BEABAA224,금융채 3),M,199601,202212,324
3139,121Y002,1.3.3.1.1. 예금은행 수신금리(신규취급액 기준),Group1,계정항목,BEABAA224,금융채 3),Q,1996Q1,2022Q4,108
3140,121Y002,1.3.3.1.1. 예금은행 수신금리(신규취급액 기준),Group1,계정항목,BEABAA1,저축성수신(금융채 제외) 1),A,1996,2022,27
3141,121Y002,1.3.3.1.1. 예금은행 수신금리(신규취급액 기준),Group1,계정항목,BEABAA1,저축성수신(금융채 제외) 1),M,199601,202212,324
3142,121Y002,1.3.3.1.1. 예금은행 수신금리(신규취급액 기준),Group1,계정항목,BEABAA1,저축성수신(금융채 제외) 1),Q,1996Q1,2022Q4,108
3143,121Y013,1.3.3.1.2. 예금은행 수신금리(잔액 기준),Group1,계정항목,BEABAB2,총수신(요구불예금 및 수시입출식 저축성예금 포함),A,2004,2022,19
3144,121Y013,1.3.3.1.2. 예금은행 수신금리(잔액 기준),Group1,계정항목,BEABAB2,총수신(요구불예금 및 수시입출식 저축성예금 포함),M,200410,202212,219
3145,121Y013,1.3.3.1.2. 예금은행 수신금리(잔액 기준),Group1,계정항목,BEABAB2,총수신(요구불예금 및 수시입출식 저축성예금 포함),Q,2004Q4,2022Q4,73
3146,121Y013,1.3.3.1.2. 예금은행 수신금리(잔액 기준),Group1,계정항목,BEABAB22,수시입출식 저축성예금,A,2001,2022,22
3147,121Y013,1.3.3.1.2. 예금은행 수신금리(잔액 기준),Group1,계정항목,BEABAB22,수시입출식 저축성예금,M,200109,202212,256
3148,121Y013,1.3.3.1.2. 예금은행 수신금리(잔액 기준),Group1,계정항목,BEABAB22,수시입출식 저축성예금,Q,2001Q3,2022Q4,86
3149,121Y013,1.3.3.1.2. 예금은행 수신금리(잔액 기준),Group1,계정항목,BEABAB21,저축성수신(요구불예금 및 수시입출식 저축성예금 제외),A,2001,2022,22
3150,121Y013,1.3.3.1.2. 예금은행 수신금리(잔액 기준),Group1,계정항목,BEABAB21,저축성수신(요구불예금 및 수시입출식 저축성예금 제외),M,200109,202212,256
3151,121Y013,1.3.3.1.2. 예금은행 수신금리(잔액 기준),Group1,계정항목,BEABAB21,저축성수신(요구불예금 및 수시입출식 저축성예금 제외),Q,2001Q3,2022Q4,86
3152,121Y013,1.3.3.1.2. 예금은행 수신금리(잔액 기준),Group1,계정항목,BEABAB1,저축성수신(금융채 제외),A,2001,2022,22
3153,121Y013,1.3.3.1.2. 예금은행 수신금리(잔액 기준),Group1,계정항목,BEABAB1,저축성수신(금융채 제외),M,200109,202212,256
3154,121Y013,1.3.3.1.2. 예금은행 수신금리(잔액 기준),Group1,계정항목,BEABAB1,저축성수신(금융채 제외),Q,2001Q3,2022Q4,86
3155,121Y013,1.3.3.1.2. 예금은행 수신금리(잔액 기준),Group1,계정항목,BEABAB211,순수저축성예금,A,2001,2022,22
3156,121Y013,1.3.3.1.2. 예금은행 수신금리(잔액 기준),Group1,계정항목,BEABAB211,순수저축성예금,M,200109,202212,256
3157,121Y013,1.3.3.1.2. 예금은행 수신금리(잔액 기준),Group1,계정항목,BEABAB211,순수저축성예금,Q,2001Q3,2022Q4,86
3158,121Y013,1.3.3.1.2. 예금은행 수신금리(잔액 기준),Group1,계정항목,BEABAB2111,정기예금,A,2001,2022,22
3159,121Y013,1.3.3.1.2. 예금은행 수신금리(잔액 기준),Group1,계정항목,BEABAB2111,정기예금,M,200109,202212,256
3160,121Y013,1.3.3.1.2. 예금은행 수신금리(잔액 기준),Group1,계정항목,BEABAB2111,정기예금,Q,2001Q3,2022Q4,86
3161,121Y013,1.3.3.1.2. 예금은행 수신금리(잔액 기준),Group1,계정항목,BEABAB2112,정기적금,A,2001,2022,22
3162,121Y013,1.3.3.1.2. 예금은행 수신금리(잔액 기준),Group1,계정항목,BEABAB2112,정기적금,M,200109,202212,256
3163,121Y013,1.3.3.1.2. 예금은행 수신금리(잔액 기준),Group1,계정항목,BEABAB2112,정기적금,Q,2001Q3,2022Q4,86
3164,121Y013,1.3.3.1.2. 예금은행 수신금리(잔액 기준),Group1,계정항목,BEABAB2113,상호부금,A,2001,2022,22
3165,121Y013,1.3.3.1.2. 예금은행 수신금리(잔액 기준),Group1,계정항목,BEABAB2113,상호부금,M,200109,202212,256
3166,121Y013,1.3.3.1.2. 예금은행 수신금리(잔액 기준),Group1,계정항목,BEABAB2113,상호부금,Q,2001Q3,2022Q4,86
3167,121Y013,1.3.3.1.2. 예금은행 수신금리(잔액 기준),Group1,계정항목,BEABAB2114,주택부금,A,2001,2022,22
3168,121Y013,1.3.3.1.2. 예금은행 수신금리(잔액 기준),Group1,계정항목,BEABAB2114,주택부금,M,200109,202212,256
3169,121Y013,1.3.3.1.2. 예금은행 수신금리(잔액 기준),Group1,계정항목,BEABAB2114,주택부금,Q,2001Q3,2022Q4,86
3170,121Y013,1.3.3.1.2. 예금은행 수신금리(잔액 기준),Group1,계정항목,BEABAB212,시장형금융상품,A,2001,2022,22
3171,121Y013,1.3.3.1.2. 예금은행 수신금리(잔액 기준),Group1,계정항목,BEABAB212,시장형금융상품,M,200109,202212,256
3172,121Y013,1.3.3.1.2. 예금은행 수신금리(잔액 기준),Group1,계정항목,BEABAB212,시장형금융상품,Q,2001Q3,2022Q4,86
3173,121Y013,1.3.3.1.2. 예금은행 수신금리(잔액 기준),Group1,계정항목,BEABAB2121,양도성예금증서,A,2001,2022,22
3174,121Y013,1.3.3.1.2. 예금은행 수신금리(잔액 기준),Group1,계정항목,BEABAB2121,양도성예금증서,M,200109,202212,256
3175,121Y013,1.3.3.1.2. 예금은행 수신금리(잔액 기준),Group1,계정항목,BEABAB2121,양도성예금증서,Q,2001Q3,2022Q4,86
3176,121Y013,1.3.3.1.2. 예금은행 수신금리(잔액 기준),Group1,계정항목,BEABAB2122,환매조건부채권매도,A,2001,2022,22
3177,121Y013,1.3.3.1.2. 예금은행 수신금리(잔액 기준),Group1,계정항목,BEABAB2122,환매조건부채권매도,M,200109,202212,256
3178,121Y013,1.3.3.1.2. 예금은행 수신금리(잔액 기준),Group1,계정항목,BEABAB2122,환매조건부채권매도,Q,2001Q3,2022Q4,86
3179,121Y013,1.3.3.1.2. 예금은행 수신금리(잔액 기준),Group1,계정항목,BEABAB2123,표지어음,A,2001,2022,22
3180,121Y013,1.3.3.1.2. 예금은행 수신금리(잔액 기준),Group1,계정항목,BEABAB2123,표지어음,M,200109,202212,256
3181,121Y013,1.3.3.1.2. 예금은행 수신금리(잔액 기준),Group1,계정항목,BEABAB2123,표지어음,Q,2001Q3,2022Q4,86
3182,121Y013,1.3.3.1.2. 예금은행 수신금리(잔액 기준),Group1,계정항목,BEABAB2124,금융채 1),A,2001,2022,22
3183,121Y013,1.3.3.1.2. 예금은행 수신금리(잔액 기준),Group1,계정항목,BEABAB2124,금융채 1),M,200109,202212,256
3184,121Y013,1.3.3.1.2. 예금은행 수신금리(잔액 기준),Group1,계정항목,BEABAB2124,금융채 1),Q,2001Q3,2022Q4,86
3185,121Y013,1.3.3.1.2. 예금은행 수신금리(잔액 기준),Group1,계정항목,BEABAB221,저축예금,A,1996,2022,27
3186,121Y013,1.3.3.1.2. 예금은행 수신금리(잔액 기준),Group1,계정항목,BEABAB221,저축예금,M,199601,202212,324
3187,121Y013,1.3.3.1.2. 예금은행 수신금리(잔액 기준),Group1,계정항목,BEABAB221,저축예금,Q,1996Q1,2022Q4,108
3188,121Y013,1.3.3.1.2. 예금은행 수신금리(잔액 기준),Group1,계정항목,BEABAB2212,개인MMDA,A,1997,2022,26
3189,121Y013,1.3.3.1.2. 예금은행 수신금리(잔액 기준),Group1,계정항목,BEABAB2212,개인MMDA,M,199708,202212,305
3190,121Y013,1.3.3.1.2. 예금은행 수신금리(잔액 기준),Group1,계정항목,BEABAB2212,개인MMDA,Q,1997Q3,2022Q4,102
3191,121Y013,1.3.3.1.2. 예금은행 수신금리(잔액 기준),Group1,계정항목,BEABAB222,기업자유예금,A,1996,2022,27
3192,121Y013,1.3.3.1.2. 예금은행 수신금리(잔액 기준),Group1,계정항목,BEABAB222,기업자유예금,M,199601,202212,324
3193,121Y013,1.3.3.1.2. 예금은행 수신금리(잔액 기준),Group1,계정항목,BEABAB222,기업자유예금,Q,1996Q1,2022Q4,108
3194,121Y013,1.3.3.1.2. 예금은행 수신금리(잔액 기준),Group1,계정항목,BEABAB2221,기업MMDA,A,1997,2022,26
3195,121Y013,1.3.3.1.2. 예금은행 수신금리(잔액 기준),Group1,계정항목,BEABAB2221,기업MMDA,M,199708,202212,305
3196,121Y013,1.3.3.1.2. 예금은행 수신금리(잔액 기준),Group1,계정항목,BEABAB2221,기업MMDA,Q,1997Q3,2022Q4,102
3197,121Y013,1.3.3.1.2. 예금은행 수신금리(잔액 기준),Group1,계정항목,BEABAB23,요구불예금,A,2005,2022,18
3198,121Y013,1.3.3.1.2. 예금은행 수신금리(잔액 기준),Group1,계정항목,BEABAB23,요구불예금,M,200410,202212,219
3199,121Y013,1.3.3.1.2. 예금은행 수신금리(잔액 기준),Group1,계정항목,BEABAB23,요구불예금,Q,2004Q4,2022Q4,73
3200,121Y006,1.3.3.2.1. 예금은행 대출금리(신규취급액 기준),Group1,계정항목,BECBLA01,대출평균 1),A,1996,2022,27
3201,121Y006,1.3.3.2.1. 예금은행 대출금리(신규취급액 기준),Group1,계정항목,BECBLA01,대출평균 1),M,199601,202212,324
3202,121Y006,1.3.3.2.1. 예금은행 대출금리(신규취급액 기준),Group1,계정항목,BECBLA01,대출평균 1),Q,1996Q1,2022Q4,108
3203,121Y006,1.3.3.2.1. 예금은행 대출금리(신규취급액 기준),Group1,계정항목,BECBLA02,기업대출,A,1996,2022,27
3204,121Y006,1.3.3.2.1. 예금은행 대출금리(신규취급액 기준),Group1,계정항목,BECBLA02,기업대출,M,199601,202212,324
3205,121Y006,1.3.3.2.1. 예금은행 대출금리(신규취급액 기준),Group1,계정항목,BECBLA02,기업대출,Q,1996Q1,2022Q4,108
3206,121Y006,1.3.3.2.1. 예금은행 대출금리(신규취급액 기준),Group1,계정항목,BECBLA0201,대기업대출,A,1996,2022,27
3207,121Y006,1.3.3.2.1. 예금은행 대출금리(신규취급액 기준),Group1,계정항목,BECBLA0201,대기업대출,M,199601,202212,324
3208,121Y006,1.3.3.2.1. 예금은행 대출금리(신규취급액 기준),Group1,계정항목,BECBLA0201,대기업대출,Q,1996Q1,2022Q4,108
3209,121Y006,1.3.3.2.1. 예금은행 대출금리(신규취급액 기준),Group1,계정항목,BECBLA0202,중소기업대출,A,1996,2022,27
3210,121Y006,1.3.3.2.1. 예금은행 대출금리(신규취급액 기준),Group1,계정항목,BECBLA0202,중소기업대출,M,199601,202212,324
3211,121Y006,1.3.3.2.1. 예금은행 대출금리(신규취급액 기준),Group1,계정항목,BECBLA0202,중소기업대출,Q,1996Q1,2022Q4,108
3212,121Y006,1.3.3.2.1. 예금은행 대출금리(신규취급액 기준),Group1,계정항목,BECBLA0203,운전자금대출,A,1996,2022,27
3213,121Y006,1.3.3.2.1. 예금은행 대출금리(신규취급액 기준),Group1,계정항목,BECBLA0203,운전자금대출,M,199601,202212,324
3214,121Y006,1.3.3.2.1. 예금은행 대출금리(신규취급액 기준),Group1,계정항목,BECBLA0203,운전자금대출,Q,1996Q1,2022Q4,108
3215,121Y006,1.3.3.2.1. 예금은행 대출금리(신규취급액 기준),Group1,계정항목,BECBLA0204,시설자금대출,A,1996,2022,27
3216,121Y006,1.3.3.2.1. 예금은행 대출금리(신규취급액 기준),Group1,계정항목,BECBLA0204,시설자금대출,M,199601,202212,324
3217,121Y006,1.3.3.2.1. 예금은행 대출금리(신규취급액 기준),Group1,계정항목,BECBLA0204,시설자금대출,Q,1996Q1,2022Q4,108
3218,121Y006,1.3.3.2.1. 예금은행 대출금리(신규취급액 기준),Group1,계정항목,BECBLA03,가계대출,A,1996,2022,27
3219,121Y006,1.3.3.2.1. 예금은행 대출금리(신규취급액 기준),Group1,계정항목,BECBLA03,가계대출,M,199601,202212,324
3220,121Y006,1.3.3.2.1. 예금은행 대출금리(신규취급액 기준),Group1,계정항목,BECBLA03,가계대출,Q,1996Q1,2022Q4,108
3221,121Y006,1.3.3.2.1. 예금은행 대출금리(신규취급액 기준),Group1,계정항목,BECBLA0301,소액대출 (500만원 이하),A,2001,2022,22
3222,121Y006,1.3.3.2.1. 예금은행 대출금리(신규취급액 기준),Group1,계정항목,BECBLA0301,소액대출 (500만원 이하),M,200109,202212,256
3223,121Y006,1.3.3.2.1. 예금은행 대출금리(신규취급액 기준),Group1,계정항목,BECBLA0301,소액대출 (500만원 이하),Q,2001Q4,2022Q4,85
3224,121Y006,1.3.3.2.1. 예금은행 대출금리(신규취급액 기준),Group1,계정항목,BECBLA0302,주택담보대출,A,2001,2022,22
3225,121Y006,1.3.3.2.1. 예금은행 대출금리(신규취급액 기준),Group1,계정항목,BECBLA0302,주택담보대출,M,200109,202212,256
3226,121Y006,1.3.3.2.1. 예금은행 대출금리(신규취급액 기준),Group1,계정항목,BECBLA0302,주택담보대출,Q,2001Q4,2022Q4,85
3227,121Y006,1.3.3.2.1. 예금은행 대출금리(신규취급액 기준),Group1,계정항목,BECBLA0303,예·적금담보대출,A,2001,2022,22
3228,121Y006,1.3.3.2.1. 예금은행 대출금리(신규취급액 기준),Group1,계정항목,BECBLA0303,예·적금담보대출,M,200109,202212,256
3229,121Y006,1.3.3.2.1. 예금은행 대출금리(신규취급액 기준),Group1,계정항목,BECBLA0303,예·적금담보대출,Q,2001Q4,2022Q4,85
3230,121Y006,1.3.3.2.1. 예금은행 대출금리(신규취급액 기준),Group1,계정항목,BECBLA0304,보증대출,A,2001,2022,22
3231,121Y006,1.3.3.2.1. 예금은행 대출금리(신규취급액 기준),Group1,계정항목,BECBLA0304,보증대출,M,200109,202212,256
3232,121Y006,1.3.3.2.1. 예금은행 대출금리(신규취급액 기준),Group1,계정항목,BECBLA0304,보증대출,Q,2001Q4,2022Q4,85
3233,121Y006,1.3.3.2.1. 예금은행 대출금리(신규취급액 기준),Group1,계정항목,BECBLA03051,일반신용대출 2),A,2005,2022,18
3234,121Y006,1.3.3.2.1. 예금은행 대출금리(신규취급액 기준),Group1,계정항목,BECBLA03051,일반신용대출 2),M,200410,202212,219
3235,121Y006,1.3.3.2.1. 예금은행 대출금리(신규취급액 기준),Group1,계정항목,BECBLA03051,일반신용대출 2),Q,2004Q4,2022Q4,73
3236,121Y006,1.3.3.2.1. 예금은행 대출금리(신규취급액 기준),Group1,계정항목,BECBLA03052,집단대출 2),A,2005,2022,18
3237,121Y006,1.3.3.2.1. 예금은행 대출금리(신규취급액 기준),Group1,계정항목,BECBLA03052,집단대출 2),M,200410,202212,219
3238,121Y006,1.3.3.2.1. 예금은행 대출금리(신규취급액 기준),Group1,계정항목,BECBLA03052,집단대출 2),Q,2004Q4,2022Q4,73
3239,121Y006,1.3.3.2.1. 예금은행 대출금리(신규취급액 기준),Group1,계정항목,BECBLA04,공공및기타부문대출,A,1996,2022,27
3240,121Y006,1.3.3.2.1. 예금은행 대출금리(신규취급액 기준),Group1,계정항목,BECBLA04,공공및기타부문대출,M,199601,202212,324
3241,121Y006,1.3.3.2.1. 예금은행 대출금리(신규취급액 기준),Group1,계정항목,BECBLA04,공공및기타부문대출,Q,1996Q1,2022Q4,108
3242,121Y006,1.3.3.2.1. 예금은행 대출금리(신규취급액 기준),Group1,계정항목,BECBLA05,상업어음할인,A,1996,2022,27
3243,121Y006,1.3.3.2.1. 예금은행 대출금리(신규취급액 기준),Group1,계정항목,BECBLA05,상업어음할인,M,199601,202212,324
3244,121Y006,1.3.3.2.1. 예금은행 대출금리(신규취급액 기준),Group1,계정항목,BECBLA05,상업어음할인,Q,1996Q1,2022Q4,108
3245,121Y006,1.3.3.2.1. 예금은행 대출금리(신규취급액 기준),Group1,계정항목,BECBLA07,기업일반자금대출,A,1996,2022,27
3246,121Y006,1.3.3.2.1. 예금은행 대출금리(신규취급액 기준),Group1,계정항목,BECBLA07,기업일반자금대출,M,199601,202212,324
3247,121Y006,1.3.3.2.1. 예금은행 대출금리(신규취급액 기준),Group1,계정항목,BECBLA07,기업일반자금대출,Q,1996Q1,2022Q4,108
3248,121Y015,1.3.3.2.2. 예금은행 대출금리(잔액 기준),Group1,계정항목,BECBLB01,총대출 1),A,2001,2022,22
3249,121Y015,1.3.3.2.2. 예금은행 대출금리(잔액 기준),Group1,계정항목,BECBLB01,총대출 1),M,200109,202212,256
3250,121Y015,1.3.3.2.2. 예금은행 대출금리(잔액 기준),Group1,계정항목,BECBLB01,총대출 1),Q,2001Q3,2022Q4,86
3251,121Y015,1.3.3.2.2. 예금은행 대출금리(잔액 기준),Group1,계정항목,BECBLB02,총대출(당좌대출 제외),A,2001,2022,22
3252,121Y015,1.3.3.2.2. 예금은행 대출금리(잔액 기준),Group1,계정항목,BECBLB02,총대출(당좌대출 제외),M,200109,202212,256
3253,121Y015,1.3.3.2.2. 예금은행 대출금리(잔액 기준),Group1,계정항목,BECBLB02,총대출(당좌대출 제외),Q,2001Q3,2022Q4,86
3254,121Y015,1.3.3.2.2. 예금은행 대출금리(잔액 기준),Group1,계정항목,BECBLB0201,기업대출 2),A,2001,2022,22
3255,121Y015,1.3.3.2.2. 예금은행 대출금리(잔액 기준),Group1,계정항목,BECBLB0201,기업대출 2),M,200109,202212,256
3256,121Y015,1.3.3.2.2. 예금은행 대출금리(잔액 기준),Group1,계정항목,BECBLB0201,기업대출 2),Q,2001Q3,2022Q4,86
3257,121Y015,1.3.3.2.2. 예금은행 대출금리(잔액 기준),Group1,계정항목,BECBLB020101,대기업대출,A,2001,2022,22
3258,121Y015,1.3.3.2.2. 예금은행 대출금리(잔액 기준),Group1,계정항목,BECBLB020101,대기업대출,M,200109,202212,256
3259,121Y015,1.3.3.2.2. 예금은행 대출금리(잔액 기준),Group1,계정항목,BECBLB020101,대기업대출,Q,2001Q3,2022Q4,86
3260,121Y015,1.3.3.2.2. 예금은행 대출금리(잔액 기준),Group1,계정항목,BECBLB020102,중소기업대출,A,2001,2022,22
3261,121Y015,1.3.3.2.2. 예금은행 대출금리(잔액 기준),Group1,계정항목,BECBLB020102,중소기업대출,M,200109,202212,256
3262,121Y015,1.3.3.2.2. 예금은행 대출금리(잔액 기준),Group1,계정항목,BECBLB020102,중소기업대출,Q,2001Q3,2022Q4,86
3263,121Y015,1.3.3.2.2. 예금은행 대출금리(잔액 기준),Group1,계정항목,BECBLB020103,운전자금대출,A,2001,2022,22
3264,121Y015,1.3.3.2.2. 예금은행 대출금리(잔액 기준),Group1,계정항목,BECBLB020103,운전자금대출,M,200109,202212,256
3265,121Y015,1.3.3.2.2. 예금은행 대출금리(잔액 기준),Group1,계정항목,BECBLB020103,운전자금대출,Q,2001Q3,2022Q4,86
3266,121Y015,1.3.3.2.2. 예금은행 대출금리(잔액 기준),Group1,계정항목,BECBLB020104,시설자금대출,A,2001,2022,22
3267,121Y015,1.3.3.2.2. 예금은행 대출금리(잔액 기준),Group1,계정항목,BECBLB020104,시설자금대출,M,200109,202212,256
3268,121Y015,1.3.3.2.2. 예금은행 대출금리(잔액 기준),Group1,계정항목,BECBLB020104,시설자금대출,Q,2001Q3,2022Q4,86
3269,121Y015,1.3.3.2.2. 예금은행 대출금리(잔액 기준),Group1,계정항목,BECBLB0202,가계대출 2),A,2001,2022,22
3270,121Y015,1.3.3.2.2. 예금은행 대출금리(잔액 기준),Group1,계정항목,BECBLB0202,가계대출 2),M,200109,202212,256
3271,121Y015,1.3.3.2.2. 예금은행 대출금리(잔액 기준),Group1,계정항목,BECBLB0202,가계대출 2),Q,2001Q3,2022Q4,86
3272,121Y015,1.3.3.2.2. 예금은행 대출금리(잔액 기준),Group1,계정항목,BECBLB020201,소액대출 (500만원 이하),A,2001,2022,22
3273,121Y015,1.3.3.2.2. 예금은행 대출금리(잔액 기준),Group1,계정항목,BECBLB020201,소액대출 (500만원 이하),M,200109,202212,256
3274,121Y015,1.3.3.2.2. 예금은행 대출금리(잔액 기준),Group1,계정항목,BECBLB020201,소액대출 (500만원 이하),Q,2001Q3,2022Q4,86
3275,121Y015,1.3.3.2.2. 예금은행 대출금리(잔액 기준),Group1,계정항목,BECBLB020202,주택담보대출,A,2009,2022,14
3276,121Y015,1.3.3.2.2. 예금은행 대출금리(잔액 기준),Group1,계정항목,BECBLB020202,주택담보대출,M,200909,202212,160
3277,121Y015,1.3.3.2.2. 예금은행 대출금리(잔액 기준),Group1,계정항목,BECBLB020202,주택담보대출,Q,2009Q3,2022Q4,54
3278,121Y015,1.3.3.2.2. 예금은행 대출금리(잔액 기준),Group1,계정항목,BECBLB020203,예·적금담보대출,A,2009,2022,14
3279,121Y015,1.3.3.2.2. 예금은행 대출금리(잔액 기준),Group1,계정항목,BECBLB020203,예·적금담보대출,M,200909,202212,160
3280,121Y015,1.3.3.2.2. 예금은행 대출금리(잔액 기준),Group1,계정항목,BECBLB020203,예·적금담보대출,Q,2009Q3,2022Q4,54
3281,121Y015,1.3.3.2.2. 예금은행 대출금리(잔액 기준),Group1,계정항목,BECBLB020204,보증대출,A,2009,2022,14
3282,121Y015,1.3.3.2.2. 예금은행 대출금리(잔액 기준),Group1,계정항목,BECBLB020204,보증대출,M,200909,202212,160
3283,121Y015,1.3.3.2.2. 예금은행 대출금리(잔액 기준),Group1,계정항목,BECBLB020204,보증대출,Q,2009Q3,2022Q4,54
3284,121Y015,1.3.3.2.2. 예금은행 대출금리(잔액 기준),Group1,계정항목,BECBLB020206,일반신용대출 3),A,2009,2022,14
3285,121Y015,1.3.3.2.2. 예금은행 대출금리(잔액 기준),Group1,계정항목,BECBLB020206,일반신용대출 3),M,200909,202212,160
3286,121Y015,1.3.3.2.2. 예금은행 대출금리(잔액 기준),Group1,계정항목,BECBLB020206,일반신용대출 3),Q,2009Q3,2022Q4,54
3287,121Y015,1.3.3.2.2. 예금은행 대출금리(잔액 기준),Group1,계정항목,BECBLB020207,집단대출 3),A,2009,2022,14
3288,121Y015,1.3.3.2.2. 예금은행 대출금리(잔액 기준),Group1,계정항목,BECBLB020207,집단대출 3),M,200909,202212,160
3289,121Y015,1.3.3.2.2. 예금은행 대출금리(잔액 기준),Group1,계정항목,BECBLB020207,집단대출 3),Q,2009Q3,2022Q4,54
3290,121Y015,1.3.3.2.2. 예금은행 대출금리(잔액 기준),Group1,계정항목,BECBLB03,공공및기타부문대출,A,2001,2022,22
3291,121Y015,1.3.3.2.2. 예금은행 대출금리(잔액 기준),Group1,계정항목,BECBLB03,공공및기타부문대출,M,200109,202212,256
3292,121Y015,1.3.3.2.2. 예금은행 대출금리(잔액 기준),Group1,계정항목,BECBLB03,공공및기타부문대출,Q,2001Q3,2022Q4,86
3293,121Y015,1.3.3.2.2. 예금은행 대출금리(잔액 기준),Group1,계정항목,BECBLB04,당좌대출 4),A,1996,2022,27
3294,121Y015,1.3.3.2.2. 예금은행 대출금리(잔액 기준),Group1,계정항목,BECBLB04,당좌대출 4),M,199601,202212,324
3295,121Y015,1.3.3.2.2. 예금은행 대출금리(잔액 기준),Group1,계정항목,BECBLB04,당좌대출 4),Q,1996Q1,2022Q4,108
3296,121Y008,1.3.3.3. 예금은행 금리수준별 여수신 비중(신규취급액 기준),Group1,계정항목,LS99999,중소기업대출-합계,A,1997,2022,26
3297,121Y008,1.3.3.3. 예금은행 금리수준별 여수신 비중(신규취급액 기준),Group1,계정항목,LS99999,중소기업대출-합계,M,199701,202212,312
3298,121Y008,1.3.3.3. 예금은행 금리수준별 여수신 비중(신규취급액 기준),Group1,계정항목,LS99999,중소기업대출-합계,Q,1997Q1,2022Q4,104
3299,121Y008,1.3.3.3. 예금은행 금리수준별 여수신 비중(신규취급액 기준),Group1,계정항목,AA00002,정기예금-2%미만,A,2004,2022,19
3300,121Y008,1.3.3.3. 예금은행 금리수준별 여수신 비중(신규취급액 기준),Group1,계정항목,AA00002,정기예금-2%미만,M,200401,202212,228
3301,121Y008,1.3.3.3. 예금은행 금리수준별 여수신 비중(신규취급액 기준),Group1,계정항목,AA00002,정기예금-2%미만,Q,2004Q1,2022Q4,76
3302,121Y008,1.3.3.3. 예금은행 금리수준별 여수신 비중(신규취급액 기준),Group1,계정항목,AA02003,정기예금-2%~3%미만,A,2004,2022,19
3303,121Y008,1.3.3.3. 예금은행 금리수준별 여수신 비중(신규취급액 기준),Group1,계정항목,AA02003,정기예금-2%~3%미만,M,200401,202212,228
3304,121Y008,1.3.3.3. 예금은행 금리수준별 여수신 비중(신규취급액 기준),Group1,계정항목,AA02003,정기예금-2%~3%미만,Q,2004Q1,2022Q4,76
3305,121Y008,1.3.3.3. 예금은행 금리수준별 여수신 비중(신규취급액 기준),Group1,계정항목,AA03004,정기예금-3%~4%미만,A,1997,2022,26
3306,121Y008,1.3.3.3. 예금은행 금리수준별 여수신 비중(신규취급액 기준),Group1,계정항목,AA03004,정기예금-3%~4%미만,M,199701,202212,312
3307,121Y008,1.3.3.3. 예금은행 금리수준별 여수신 비중(신규취급액 기준),Group1,계정항목,AA03004,정기예금-3%~4%미만,Q,1997Q1,2022Q4,104
3308,121Y008,1.3.3.3. 예금은행 금리수준별 여수신 비중(신규취급액 기준),Group1,계정항목,AA04005,정기예금-4%~5%미만,A,1997,2022,26
3309,121Y008,1.3.3.3. 예금은행 금리수준별 여수신 비중(신규취급액 기준),Group1,계정항목,AA04005,정기예금-4%~5%미만,M,199701,202212,312
3310,121Y008,1.3.3.3. 예금은행 금리수준별 여수신 비중(신규취급액 기준),Group1,계정항목,AA04005,정기예금-4%~5%미만,Q,1997Q1,2022Q4,104
3311,121Y008,1.3.3.3. 예금은행 금리수준별 여수신 비중(신규취급액 기준),Group1,계정항목,AA05006,정기예금-5%~6%미만,A,1997,2022,26
3312,121Y008,1.3.3.3. 예금은행 금리수준별 여수신 비중(신규취급액 기준),Group1,계정항목,AA05006,정기예금-5%~6%미만,M,199701,202212,312
3313,121Y008,1.3.3.3. 예금은행 금리수준별 여수신 비중(신규취급액 기준),Group1,계정항목,AA05006,정기예금-5%~6%미만,Q,1997Q1,2022Q4,104
3314,121Y008,1.3.3.3. 예금은행 금리수준별 여수신 비중(신규취급액 기준),Group1,계정항목,AA06007,정기예금-6%~7%미만,A,1997,2022,26
3315,121Y008,1.3.3.3. 예금은행 금리수준별 여수신 비중(신규취급액 기준),Group1,계정항목,AA06007,정기예금-6%~7%미만,M,199701,202212,312
3316,121Y008,1.3.3.3. 예금은행 금리수준별 여수신 비중(신규취급액 기준),Group1,계정항목,AA06007,정기예금-6%~7%미만,Q,1997Q1,2022Q4,104
3317,121Y008,1.3.3.3. 예금은행 금리수준별 여수신 비중(신규취급액 기준),Group1,계정항목,AA07008,정기예금-7%~8%미만,A,1997,2022,25
3318,121Y008,1.3.3.3. 예금은행 금리수준별 여수신 비중(신규취급액 기준),Group1,계정항목,AA07008,정기예금-7%~8%미만,M,199701,202212,312
3319,121Y008,1.3.3.3. 예금은행 금리수준별 여수신 비중(신규취급액 기준),Group1,계정항목,AA07008,정기예금-7%~8%미만,Q,1997Q1,2022Q4,104
3320,121Y008,1.3.3.3. 예금은행 금리수준별 여수신 비중(신규취급액 기준),Group1,계정항목,AA08009,정기예금-8%~9%미만,A,1997,2022,25
3321,121Y008,1.3.3.3. 예금은행 금리수준별 여수신 비중(신규취급액 기준),Group1,계정항목,AA08009,정기예금-8%~9%미만,M,199701,202212,312
3322,121Y008,1.3.3.3. 예금은행 금리수준별 여수신 비중(신규취급액 기준),Group1,계정항목,AA08009,정기예금-8%~9%미만,Q,1997Q1,2022Q4,104
3323,121Y008,1.3.3.3. 예금은행 금리수준별 여수신 비중(신규취급액 기준),Group1,계정항목,AA09010,정기예금-9%~10%미만,A,1997,2022,25
3324,121Y008,1.3.3.3. 예금은행 금리수준별 여수신 비중(신규취급액 기준),Group1,계정항목,AA09010,정기예금-9%~10%미만,M,199701,202212,312
3325,121Y008,1.3.3.3. 예금은행 금리수준별 여수신 비중(신규취급액 기준),Group1,계정항목,AA09010,정기예금-9%~10%미만,Q,1997Q1,2022Q4,104
3326,121Y008,1.3.3.3. 예금은행 금리수준별 여수신 비중(신규취급액 기준),Group1,계정항목,AA10011,정기예금-10%~11%미만,A,1997,2022,25
3327,121Y008,1.3.3.3. 예금은행 금리수준별 여수신 비중(신규취급액 기준),Group1,계정항목,AA10011,정기예금-10%~11%미만,M,199701,202212,312
3328,121Y008,1.3.3.3. 예금은행 금리수준별 여수신 비중(신규취급액 기준),Group1,계정항목,AA10011,정기예금-10%~11%미만,Q,1997Q1,2022Q4,104
3329,121Y008,1.3.3.3. 예금은행 금리수준별 여수신 비중(신규취급액 기준),Group1,계정항목,AA11012,정기예금-11%~12%미만,A,1997,2022,25
3330,121Y008,1.3.3.3. 예금은행 금리수준별 여수신 비중(신규취급액 기준),Group1,계정항목,AA11012,정기예금-11%~12%미만,M,199701,202212,312
3331,121Y008,1.3.3.3. 예금은행 금리수준별 여수신 비중(신규취급액 기준),Group1,계정항목,AA11012,정기예금-11%~12%미만,Q,1997Q1,2022Q4,104
3332,121Y008,1.3.3.3. 예금은행 금리수준별 여수신 비중(신규취급액 기준),Group1,계정항목,AA12099,정기예금-12%이상,A,1997,2022,25
3333,121Y008,1.3.3.3. 예금은행 금리수준별 여수신 비중(신규취급액 기준),Group1,계정항목,AA12099,정기예금-12%이상,M,199701,202212,312
3334,121Y008,1.3.3.3. 예금은행 금리수준별 여수신 비중(신규취급액 기준),Group1,계정항목,AA12099,정기예금-12%이상,Q,1997Q1,2022Q4,104
3335,121Y008,1.3.3.3. 예금은행 금리수준별 여수신 비중(신규취급액 기준),Group1,계정항목,AA99999,정기예금-합계,A,1997,2022,26
3336,121Y008,1.3.3.3. 예금은행 금리수준별 여수신 비중(신규취급액 기준),Group1,계정항목,AA99999,정기예금-합계,M,199701,202212,312
3337,121Y008,1.3.3.3. 예금은행 금리수준별 여수신 비중(신규취급액 기준),Group1,계정항목,AA99999,정기예금-합계,Q,1997Q1,2022Q4,104
3338,121Y008,1.3.3.3. 예금은행 금리수준별 여수신 비중(신규취급액 기준),Group1,계정항목,BH00020,대기업대출-2%미만,A,2016,2022,7
3339,121Y008,1.3.3.3. 예금은행 금리수준별 여수신 비중(신규취급액 기준),Group1,계정항목,BH00020,대기업대출-2%미만,M,201601,202212,84
3340,121Y008,1.3.3.3. 예금은행 금리수준별 여수신 비중(신규취급액 기준),Group1,계정항목,BH00020,대기업대출-2%미만,Q,2016Q1,2022Q4,28
3341,121Y008,1.3.3.3. 예금은행 금리수준별 여수신 비중(신규취급액 기준),Group1,계정항목,BH20025,대기업대출-2~2.5%미만,A,2016,2022,7
3342,121Y008,1.3.3.3. 예금은행 금리수준별 여수신 비중(신규취급액 기준),Group1,계정항목,BH20025,대기업대출-2~2.5%미만,M,201601,202212,84
3343,121Y008,1.3.3.3. 예금은행 금리수준별 여수신 비중(신규취급액 기준),Group1,계정항목,BH20025,대기업대출-2~2.5%미만,Q,2016Q1,2022Q4,28
3344,121Y008,1.3.3.3. 예금은행 금리수준별 여수신 비중(신규취급액 기준),Group1,계정항목,BH25030,대기업대출-2.5~3%미만,A,2016,2022,7
3345,121Y008,1.3.3.3. 예금은행 금리수준별 여수신 비중(신규취급액 기준),Group1,계정항목,BH25030,대기업대출-2.5~3%미만,M,201601,202212,84
3346,121Y008,1.3.3.3. 예금은행 금리수준별 여수신 비중(신규취급액 기준),Group1,계정항목,BH25030,대기업대출-2.5~3%미만,Q,2016Q1,2022Q4,28
3347,121Y008,1.3.3.3. 예금은행 금리수준별 여수신 비중(신규취급액 기준),Group1,계정항목,BH30035,대기업대출-3~3.5%미만,A,2016,2022,7
3348,121Y008,1.3.3.3. 예금은행 금리수준별 여수신 비중(신규취급액 기준),Group1,계정항목,BH30035,대기업대출-3~3.5%미만,M,201601,202212,84
3349,121Y008,1.3.3.3. 예금은행 금리수준별 여수신 비중(신규취급액 기준),Group1,계정항목,BH30035,대기업대출-3~3.5%미만,Q,2016Q1,2022Q4,28
3350,121Y008,1.3.3.3. 예금은행 금리수준별 여수신 비중(신규취급액 기준),Group1,계정항목,BH35040,대기업대출-3.5~4%미만,A,2016,2022,7
3351,121Y008,1.3.3.3. 예금은행 금리수준별 여수신 비중(신규취급액 기준),Group1,계정항목,BH35040,대기업대출-3.5~4%미만,M,201601,202212,84
3352,121Y008,1.3.3.3. 예금은행 금리수준별 여수신 비중(신규취급액 기준),Group1,계정항목,BH35040,대기업대출-3.5~4%미만,Q,2016Q1,2022Q4,28
3353,121Y008,1.3.3.3. 예금은행 금리수준별 여수신 비중(신규취급액 기준),Group1,계정항목,BH40045,대기업대출-4~4.5%미만,A,2016,2022,7
3354,121Y008,1.3.3.3. 예금은행 금리수준별 여수신 비중(신규취급액 기준),Group1,계정항목,BH40045,대기업대출-4~4.5%미만,M,201601,202212,84
3355,121Y008,1.3.3.3. 예금은행 금리수준별 여수신 비중(신규취급액 기준),Group1,계정항목,BH40045,대기업대출-4~4.5%미만,Q,2016Q1,2022Q4,28
3356,121Y008,1.3.3.3. 예금은행 금리수준별 여수신 비중(신규취급액 기준),Group1,계정항목,BH45050,대기업대출-4.5~5%미만,A,2016,2022,7
3357,121Y008,1.3.3.3. 예금은행 금리수준별 여수신 비중(신규취급액 기준),Group1,계정항목,BH45050,대기업대출-4.5~5%미만,M,201601,202212,84
3358,121Y008,1.3.3.3. 예금은행 금리수준별 여수신 비중(신규취급액 기준),Group1,계정항목,BH45050,대기업대출-4.5~5%미만,Q,2016Q1,2022Q4,28
3359,121Y008,1.3.3.3. 예금은행 금리수준별 여수신 비중(신규취급액 기준),Group1,계정항목,BI00020,중소기업대출-2%미만,A,2016,2022,7
3360,121Y008,1.3.3.3. 예금은행 금리수준별 여수신 비중(신규취급액 기준),Group1,계정항목,BI00020,중소기업대출-2%미만,M,201601,202212,84
3361,121Y008,1.3.3.3. 예금은행 금리수준별 여수신 비중(신규취급액 기준),Group1,계정항목,BI00020,중소기업대출-2%미만,Q,2016Q1,2022Q4,28
3362,121Y008,1.3.3.3. 예금은행 금리수준별 여수신 비중(신규취급액 기준),Group1,계정항목,BI20025,중소기업대출-2~2.5%미만,A,2016,2022,7
3363,121Y008,1.3.3.3. 예금은행 금리수준별 여수신 비중(신규취급액 기준),Group1,계정항목,BI20025,중소기업대출-2~2.5%미만,M,201601,202212,84
3364,121Y008,1.3.3.3. 예금은행 금리수준별 여수신 비중(신규취급액 기준),Group1,계정항목,BI20025,중소기업대출-2~2.5%미만,Q,2016Q1,2022Q4,28
3365,121Y008,1.3.3.3. 예금은행 금리수준별 여수신 비중(신규취급액 기준),Group1,계정항목,BI30035,중소기업대출-3~3.5%미만,A,2016,2022,7
3366,121Y008,1.3.3.3. 예금은행 금리수준별 여수신 비중(신규취급액 기준),Group1,계정항목,BI30035,중소기업대출-3~3.5%미만,M,201601,202212,84
3367,121Y008,1.3.3.3. 예금은행 금리수준별 여수신 비중(신규취급액 기준),Group1,계정항목,BI30035,중소기업대출-3~3.5%미만,Q,2016Q1,2022Q4,28
3368,121Y008,1.3.3.3. 예금은행 금리수준별 여수신 비중(신규취급액 기준),Group1,계정항목,BI35040,중소기업대출-3.5~4%미만,A,2016,2022,7
3369,121Y008,1.3.3.3. 예금은행 금리수준별 여수신 비중(신규취급액 기준),Group1,계정항목,BI35040,중소기업대출-3.5~4%미만,M,201601,202212,84
3370,121Y008,1.3.3.3. 예금은행 금리수준별 여수신 비중(신규취급액 기준),Group1,계정항목,BI35040,중소기업대출-3.5~4%미만,Q,2016Q1,2022Q4,28
3371,121Y008,1.3.3.3. 예금은행 금리수준별 여수신 비중(신규취급액 기준),Group1,계정항목,BI25030,중소기업대출-2.5~3%미만,A,2016,2022,7
3372,121Y008,1.3.3.3. 예금은행 금리수준별 여수신 비중(신규취급액 기준),Group1,계정항목,BI25030,중소기업대출-2.5~3%미만,M,201601,202212,84
3373,121Y008,1.3.3.3. 예금은행 금리수준별 여수신 비중(신규취급액 기준),Group1,계정항목,BI25030,중소기업대출-2.5~3%미만,Q,2016Q1,2022Q4,28
3374,121Y008,1.3.3.3. 예금은행 금리수준별 여수신 비중(신규취급액 기준),Group1,계정항목,BI40045,중소기업대출-4~4.5%미만,A,2016,2022,7
3375,121Y008,1.3.3.3. 예금은행 금리수준별 여수신 비중(신규취급액 기준),Group1,계정항목,BI40045,중소기업대출-4~4.5%미만,M,201601,202212,84
3376,121Y008,1.3.3.3. 예금은행 금리수준별 여수신 비중(신규취급액 기준),Group1,계정항목,BI40045,중소기업대출-4~4.5%미만,Q,2016Q1,2022Q4,28
3377,121Y008,1.3.3.3. 예금은행 금리수준별 여수신 비중(신규취급액 기준),Group1,계정항목,BI45050,중소기업대출-4.5~5%미만,A,2016,2022,7
3378,121Y008,1.3.3.3. 예금은행 금리수준별 여수신 비중(신규취급액 기준),Group1,계정항목,BI45050,중소기업대출-4.5~5%미만,M,201601,202212,84
3379,121Y008,1.3.3.3. 예금은행 금리수준별 여수신 비중(신규취급액 기준),Group1,계정항목,BI45050,중소기업대출-4.5~5%미만,Q,2016Q1,2022Q4,28
3380,121Y008,1.3.3.3. 예금은행 금리수준별 여수신 비중(신규취급액 기준),Group1,계정항목,BJ00020,가계대출-2%미만,A,2016,2022,7
3381,121Y008,1.3.3.3. 예금은행 금리수준별 여수신 비중(신규취급액 기준),Group1,계정항목,BJ00020,가계대출-2%미만,M,201601,202212,84
3382,121Y008,1.3.3.3. 예금은행 금리수준별 여수신 비중(신규취급액 기준),Group1,계정항목,BJ00020,가계대출-2%미만,Q,2016Q1,2022Q4,28
3383,121Y008,1.3.3.3. 예금은행 금리수준별 여수신 비중(신규취급액 기준),Group1,계정항목,BJ20025,가계대출-2~2.5%미만,A,2016,2022,7
3384,121Y008,1.3.3.3. 예금은행 금리수준별 여수신 비중(신규취급액 기준),Group1,계정항목,BJ20025,가계대출-2~2.5%미만,M,201601,202212,84
3385,121Y008,1.3.3.3. 예금은행 금리수준별 여수신 비중(신규취급액 기준),Group1,계정항목,BJ20025,가계대출-2~2.5%미만,Q,2016Q1,2022Q4,28
3386,121Y008,1.3.3.3. 예금은행 금리수준별 여수신 비중(신규취급액 기준),Group1,계정항목,BJ25030,가계대출-2.5~3%미만,A,2016,2022,7
3387,121Y008,1.3.3.3. 예금은행 금리수준별 여수신 비중(신규취급액 기준),Group1,계정항목,BJ25030,가계대출-2.5~3%미만,M,201601,202212,84
3388,121Y008,1.3.3.3. 예금은행 금리수준별 여수신 비중(신규취급액 기준),Group1,계정항목,BJ25030,가계대출-2.5~3%미만,Q,2016Q1,2022Q4,28
3389,121Y008,1.3.3.3. 예금은행 금리수준별 여수신 비중(신규취급액 기준),Group1,계정항목,BJ30035,가계대출-3~3.5%미만,A,2016,2022,7
3390,121Y008,1.3.3.3. 예금은행 금리수준별 여수신 비중(신규취급액 기준),Group1,계정항목,BJ30035,가계대출-3~3.5%미만,M,201601,202212,84
3391,121Y008,1.3.3.3. 예금은행 금리수준별 여수신 비중(신규취급액 기준),Group1,계정항목,BJ30035,가계대출-3~3.5%미만,Q,2016Q1,2022Q4,28
3392,121Y008,1.3.3.3. 예금은행 금리수준별 여수신 비중(신규취급액 기준),Group1,계정항목,BJ35040,가계대출-3.5~4%미만,A,2016,2022,7
3393,121Y008,1.3.3.3. 예금은행 금리수준별 여수신 비중(신규취급액 기준),Group1,계정항목,BJ35040,가계대출-3.5~4%미만,M,201601,202212,84
3394,121Y008,1.3.3.3. 예금은행 금리수준별 여수신 비중(신규취급액 기준),Group1,계정항목,BJ35040,가계대출-3.5~4%미만,Q,2016Q1,2022Q4,28
3395,121Y008,1.3.3.3. 예금은행 금리수준별 여수신 비중(신규취급액 기준),Group1,계정항목,BJ40045,가계대출-4~4.5%미만,A,2016,2022,7
3396,121Y010,1.3.3.4.1. 예금은행 고정 및 특정금리연동 대출 비중(신규취급액 기준),Group1,계정항목,LC10000,기업-고정금리대출 1),A,2002,2022,21
3397,121Y010,1.3.3.4.1. 예금은행 고정 및 특정금리연동 대출 비중(신규취급액 기준),Group1,계정항목,LC10000,기업-고정금리대출 1),M,200109,202212,256
3398,121Y010,1.3.3.4.1. 예금은행 고정 및 특정금리연동 대출 비중(신규취급액 기준),Group1,계정항목,LC10000,기업-고정금리대출 1),Q,2001Q4,2022Q4,85
3399,121Y010,1.3.3.4.1. 예금은행 고정 및 특정금리연동 대출 비중(신규취급액 기준),Group1,계정항목,LC20000,기업-특정금리연동대출,A,2002,2022,21
3400,121Y010,1.3.3.4.1. 예금은행 고정 및 특정금리연동 대출 비중(신규취급액 기준),Group1,계정항목,LC20000,기업-특정금리연동대출,M,200101,202212,264
3401,121Y010,1.3.3.4.1. 예금은행 고정 및 특정금리연동 대출 비중(신규취급액 기준),Group1,계정항목,LC20000,기업-특정금리연동대출,Q,2001Q4,2022Q4,85
3402,121Y010,1.3.3.4.1. 예금은행 고정 및 특정금리연동 대출 비중(신규취급액 기준),Group1,계정항목,LC20100,기업-프라임레이트연동 2) 3),A,2002,2022,21
3403,121Y010,1.3.3.4.1. 예금은행 고정 및 특정금리연동 대출 비중(신규취급액 기준),Group1,계정항목,LC20100,기업-프라임레이트연동 2) 3),M,200109,202212,256
3404,121Y010,1.3.3.4.1. 예금은행 고정 및 특정금리연동 대출 비중(신규취급액 기준),Group1,계정항목,LC20100,기업-프라임레이트연동 2) 3),Q,2001Q4,2022Q4,85
3405,121Y010,1.3.3.4.1. 예금은행 고정 및 특정금리연동 대출 비중(신규취급액 기준),Group1,계정항목,LC20200,기업-시장금리연동,A,2002,2022,21
3406,121Y010,1.3.3.4.1. 예금은행 고정 및 특정금리연동 대출 비중(신규취급액 기준),Group1,계정항목,LC20200,기업-시장금리연동,M,200109,202212,256
3407,121Y010,1.3.3.4.1. 예금은행 고정 및 특정금리연동 대출 비중(신규취급액 기준),Group1,계정항목,LC20200,기업-시장금리연동,Q,2001Q4,2022Q4,85
3408,121Y010,1.3.3.4.1. 예금은행 고정 및 특정금리연동 대출 비중(신규취급액 기준),Group1,계정항목,LC20300,기업-수신금리연동 4),A,2002,2022,21
3409,121Y010,1.3.3.4.1. 예금은행 고정 및 특정금리연동 대출 비중(신규취급액 기준),Group1,계정항목,LC20300,기업-수신금리연동 4),M,200109,202212,256
3410,121Y010,1.3.3.4.1. 예금은행 고정 및 특정금리연동 대출 비중(신규취급액 기준),Group1,계정항목,LC20300,기업-수신금리연동 4),Q,2001Q4,2022Q4,85
3411,121Y010,1.3.3.4.1. 예금은행 고정 및 특정금리연동 대출 비중(신규취급액 기준),Group1,계정항목,LC99999,기업-합계,A,2002,2022,21
3412,121Y010,1.3.3.4.1. 예금은행 고정 및 특정금리연동 대출 비중(신규취급액 기준),Group1,계정항목,LC99999,기업-합계,M,200109,202212,256
3413,121Y010,1.3.3.4.1. 예금은행 고정 및 특정금리연동 대출 비중(신규취급액 기준),Group1,계정항목,LC99999,기업-합계,Q,2001Q4,2022Q4,85
3414,121Y010,1.3.3.4.1. 예금은행 고정 및 특정금리연동 대출 비중(신규취급액 기준),Group1,계정항목,LH10000,가계-고정금리대출 1),A,2002,2022,21
3415,121Y010,1.3.3.4.1. 예금은행 고정 및 특정금리연동 대출 비중(신규취급액 기준),Group1,계정항목,LH10000,가계-고정금리대출 1),M,200109,202212,256
3416,121Y010,1.3.3.4.1. 예금은행 고정 및 특정금리연동 대출 비중(신규취급액 기준),Group1,계정항목,LH10000,가계-고정금리대출 1),Q,2001Q4,2022Q4,85
3417,121Y010,1.3.3.4.1. 예금은행 고정 및 특정금리연동 대출 비중(신규취급액 기준),Group1,계정항목,LH20000,가계-특정금리연동대출,A,2002,2022,21
3418,121Y010,1.3.3.4.1. 예금은행 고정 및 특정금리연동 대출 비중(신규취급액 기준),Group1,계정항목,LH20000,가계-특정금리연동대출,M,200109,202212,256
3419,121Y010,1.3.3.4.1. 예금은행 고정 및 특정금리연동 대출 비중(신규취급액 기준),Group1,계정항목,LH20000,가계-특정금리연동대출,Q,2001Q4,2022Q4,85
3420,121Y010,1.3.3.4.1. 예금은행 고정 및 특정금리연동 대출 비중(신규취급액 기준),Group1,계정항목,LH20100,가계-프라임레이트연동 2) 3),A,2002,2022,21
3421,121Y010,1.3.3.4.1. 예금은행 고정 및 특정금리연동 대출 비중(신규취급액 기준),Group1,계정항목,LH20100,가계-프라임레이트연동 2) 3),M,200109,202212,256
3422,121Y010,1.3.3.4.1. 예금은행 고정 및 특정금리연동 대출 비중(신규취급액 기준),Group1,계정항목,LH20100,가계-프라임레이트연동 2) 3),Q,2001Q4,2022Q4,85
3423,121Y010,1.3.3.4.1. 예금은행 고정 및 특정금리연동 대출 비중(신규취급액 기준),Group1,계정항목,LH20200,가계-시장금리연동,A,2002,2022,21
3424,121Y010,1.3.3.4.1. 예금은행 고정 및 특정금리연동 대출 비중(신규취급액 기준),Group1,계정항목,LH20200,가계-시장금리연동,M,200109,202212,256
3425,121Y010,1.3.3.4.1. 예금은행 고정 및 특정금리연동 대출 비중(신규취급액 기준),Group1,계정항목,LH20200,가계-시장금리연동,Q,2001Q4,2022Q4,85
3426,121Y010,1.3.3.4.1. 예금은행 고정 및 특정금리연동 대출 비중(신규취급액 기준),Group1,계정항목,LH20300,가계-수신금리연동 4),A,2002,2022,21
3427,121Y010,1.3.3.4.1. 예금은행 고정 및 특정금리연동 대출 비중(신규취급액 기준),Group1,계정항목,LH20300,가계-수신금리연동 4),M,200109,202212,256
3428,121Y010,1.3.3.4.1. 예금은행 고정 및 특정금리연동 대출 비중(신규취급액 기준),Group1,계정항목,LH20300,가계-수신금리연동 4),Q,2001Q4,2022Q4,85
3429,121Y010,1.3.3.4.1. 예금은행 고정 및 특정금리연동 대출 비중(신규취급액 기준),Group1,계정항목,LH99999,가계-합계,A,2002,2022,21
3430,121Y010,1.3.3.4.1. 예금은행 고정 및 특정금리연동 대출 비중(신규취급액 기준),Group1,계정항목,LH99999,가계-합계,M,200109,202212,256
3431,121Y010,1.3.3.4.1. 예금은행 고정 및 특정금리연동 대출 비중(신규취급액 기준),Group1,계정항목,LH99999,가계-합계,Q,2001Q4,2022Q4,85
3432,121Y011,1.3.3.4.2. 예금은행 고정 및 특정금리연동 대출 비중(잔액 기준),Group1,계정항목,LD10000,기업-고정금리대출 1),A,2011,2022,12
3433,121Y011,1.3.3.4.2. 예금은행 고정 및 특정금리연동 대출 비중(잔액 기준),Group1,계정항목,LD10000,기업-고정금리대출 1),M,200912,202212,157
3434,121Y011,1.3.3.4.2. 예금은행 고정 및 특정금리연동 대출 비중(잔액 기준),Group1,계정항목,LD10000,기업-고정금리대출 1),Q,2011Q3,2022Q4,46
3435,121Y011,1.3.3.4.2. 예금은행 고정 및 특정금리연동 대출 비중(잔액 기준),Group1,계정항목,LD20000,기업-특정금리연동대출,A,2011,2022,12
3436,121Y011,1.3.3.4.2. 예금은행 고정 및 특정금리연동 대출 비중(잔액 기준),Group1,계정항목,LD20000,기업-특정금리연동대출,M,200912,202212,157
3437,121Y011,1.3.3.4.2. 예금은행 고정 및 특정금리연동 대출 비중(잔액 기준),Group1,계정항목,LD20000,기업-특정금리연동대출,Q,2011Q3,2022Q4,46
3438,121Y011,1.3.3.4.2. 예금은행 고정 및 특정금리연동 대출 비중(잔액 기준),Group1,계정항목,LD20100,기업-프라임레이트연동 2) 3),A,2011,2022,12
3439,121Y011,1.3.3.4.2. 예금은행 고정 및 특정금리연동 대출 비중(잔액 기준),Group1,계정항목,LD20100,기업-프라임레이트연동 2) 3),M,200912,202212,157
3440,121Y011,1.3.3.4.2. 예금은행 고정 및 특정금리연동 대출 비중(잔액 기준),Group1,계정항목,LD20100,기업-프라임레이트연동 2) 3),Q,2011Q3,2022Q4,46
3441,121Y011,1.3.3.4.2. 예금은행 고정 및 특정금리연동 대출 비중(잔액 기준),Group1,계정항목,LD20200,기업-시장금리연동,A,2011,2022,12
3442,121Y011,1.3.3.4.2. 예금은행 고정 및 특정금리연동 대출 비중(잔액 기준),Group1,계정항목,LD20200,기업-시장금리연동,M,200912,202212,157
3443,121Y011,1.3.3.4.2. 예금은행 고정 및 특정금리연동 대출 비중(잔액 기준),Group1,계정항목,LD20200,기업-시장금리연동,Q,2011Q3,2022Q4,46
3444,121Y011,1.3.3.4.2. 예금은행 고정 및 특정금리연동 대출 비중(잔액 기준),Group1,계정항목,LD20300,기업-수신금리연동 4),A,2011,2022,12
3445,121Y011,1.3.3.4.2. 예금은행 고정 및 특정금리연동 대출 비중(잔액 기준),Group1,계정항목,LD20300,기업-수신금리연동 4),M,200912,202212,157
3446,121Y011,1.3.3.4.2. 예금은행 고정 및 특정금리연동 대출 비중(잔액 기준),Group1,계정항목,LD20300,기업-수신금리연동 4),Q,2011Q3,2022Q4,46
3447,121Y011,1.3.3.4.2. 예금은행 고정 및 특정금리연동 대출 비중(잔액 기준),Group1,계정항목,LD99999,기업-합계,A,2011,2022,12
3448,121Y011,1.3.3.4.2. 예금은행 고정 및 특정금리연동 대출 비중(잔액 기준),Group1,계정항목,LD99999,기업-합계,M,200912,202212,157
3449,121Y011,1.3.3.4.2. 예금은행 고정 및 특정금리연동 대출 비중(잔액 기준),Group1,계정항목,LD99999,기업-합계,Q,2011Q3,2022Q4,46
3450,121Y011,1.3.3.4.2. 예금은행 고정 및 특정금리연동 대출 비중(잔액 기준),Group1,계정항목,LG10000,가계-고정금리대출 1),A,2011,2022,12
3451,121Y011,1.3.3.4.2. 예금은행 고정 및 특정금리연동 대출 비중(잔액 기준),Group1,계정항목,LG10000,가계-고정금리대출 1),M,200912,202212,157
3452,121Y011,1.3.3.4.2. 예금은행 고정 및 특정금리연동 대출 비중(잔액 기준),Group1,계정항목,LG10000,가계-고정금리대출 1),Q,2011Q3,2022Q4,46
3453,121Y011,1.3.3.4.2. 예금은행 고정 및 특정금리연동 대출 비중(잔액 기준),Group1,계정항목,LG20000,가계-특정금리연동대출,A,2011,2022,12
3454,121Y011,1.3.3.4.2. 예금은행 고정 및 특정금리연동 대출 비중(잔액 기준),Group1,계정항목,LG20000,가계-특정금리연동대출,M,200912,202212,157
3455,121Y011,1.3.3.4.2. 예금은행 고정 및 특정금리연동 대출 비중(잔액 기준),Group1,계정항목,LG20000,가계-특정금리연동대출,Q,2011Q3,2022Q4,46
3456,121Y011,1.3.3.4.2. 예금은행 고정 및 특정금리연동 대출 비중(잔액 기준),Group1,계정항목,LG20100,가계-프라임레이트연동 2) 3),A,2011,2022,12
3457,121Y011,1.3.3.4.2. 예금은행 고정 및 특정금리연동 대출 비중(잔액 기준),Group1,계정항목,LG20100,가계-프라임레이트연동 2) 3),M,200912,202212,157
3458,121Y011,1.3.3.4.2. 예금은행 고정 및 특정금리연동 대출 비중(잔액 기준),Group1,계정항목,LG20100,가계-프라임레이트연동 2) 3),Q,2011Q3,2022Q4,46
3459,121Y011,1.3.3.4.2. 예금은행 고정 및 특정금리연동 대출 비중(잔액 기준),Group1,계정항목,LG20200,가계-시장금리연동,A,2011,2022,12
3460,121Y011,1.3.3.4.2. 예금은행 고정 및 특정금리연동 대출 비중(잔액 기준),Group1,계정항목,LG20200,가계-시장금리연동,M,200912,202212,157
3461,121Y011,1.3.3.4.2. 예금은행 고정 및 특정금리연동 대출 비중(잔액 기준),Group1,계정항목,LG20200,가계-시장금리연동,Q,2011Q3,2022Q4,46
3462,121Y011,1.3.3.4.2. 예금은행 고정 및 특정금리연동 대출 비중(잔액 기준),Group1,계정항목,LG20300,가계-수신금리연동 4),A,2011,2022,12
3463,121Y011,1.3.3.4.2. 예금은행 고정 및 특정금리연동 대출 비중(잔액 기준),Group1,계정항목,LG20300,가계-수신금리연동 4),M,200912,202212,157
3464,121Y011,1.3.3.4.2. 예금은행 고정 및 특정금리연동 대출 비중(잔액 기준),Group1,계정항목,LG20300,가계-수신금리연동 4),Q,2011Q3,2022Q4,46
3465,121Y011,1.3.3.4.2. 예금은행 고정 및 특정금리연동 대출 비중(잔액 기준),Group1,계정항목,LG99999,가계-합계,A,2011,2022,12
3466,121Y011,1.3.3.4.2. 예금은행 고정 및 특정금리연동 대출 비중(잔액 기준),Group1,계정항목,LG99999,가계-합계,M,200912,202212,157
3467,121Y011,1.3.3.4.2. 예금은행 고정 및 특정금리연동 대출 비중(잔액 기준),Group1,계정항목,LG99999,가계-합계,Q,2011Q3,2022Q4,46
3468,121Y004,1.3.4.1. 비은행금융기관 수신금리(신규취급액 기준),Group1,계정항목,BEBBBE01,상호저축은행-정기예금(1년),A,1996,2022,27
3469,121Y004,1.3.4.1. 비은행금융기관 수신금리(신규취급액 기준),Group1,계정항목,BEBBBE01,상호저축은행-정기예금(1년),M,199708,202212,305
3470,121Y004,1.3.4.1. 비은행금융기관 수신금리(신규취급액 기준),Group1,계정항목,BEBBBE01,상호저축은행-정기예금(1년),Q,1997Q3,2022Q4,102
3471,121Y004,1.3.4.1. 비은행금융기관 수신금리(신규취급액 기준),Group1,계정항목,BEBB0100,정기예탁금,A,2012,2022,11
3472,121Y004,1.3.4.1. 비은행금융기관 수신금리(신규취급액 기준),Group1,계정항목,BEBB0100,정기예탁금,M,201201,202212,132
3473,121Y004,1.3.4.1. 비은행금융기관 수신금리(신규취급액 기준),Group1,계정항목,BEBB0100,정기예탁금,Q,2012Q1,2022Q4,44
3474,121Y004,1.3.4.1. 비은행금융기관 수신금리(신규취급액 기준),Group1,계정항목,BEBB0200,정기적금,A,2012,2022,11
3475,121Y004,1.3.4.1. 비은행금융기관 수신금리(신규취급액 기준),Group1,계정항목,BEBB0200,정기적금,M,201201,202212,132
3476,121Y004,1.3.4.1. 비은행금융기관 수신금리(신규취급액 기준),Group1,계정항목,BEBB0200,정기적금,Q,2012Q1,2022Q4,44
3477,121Y004,1.3.4.1. 비은행금융기관 수신금리(신규취급액 기준),Group1,계정항목,BEBB0231,정기적금(3년만기),A,2012,2022,11
3478,121Y004,1.3.4.1. 비은행금융기관 수신금리(신규취급액 기준),Group1,계정항목,BEBB0231,정기적금(3년만기),M,201201,202212,132
3479,121Y004,1.3.4.1. 비은행금융기관 수신금리(신규취급액 기준),Group1,계정항목,BEBB0231,정기적금(3년만기),Q,2012Q1,2022Q4,44
3480,121Y004,1.3.4.1. 비은행금융기관 수신금리(신규취급액 기준),Group1,계정항목,BEBB0300,자유저축예탁금,A,2012,2022,11
3481,121Y004,1.3.4.1. 비은행금융기관 수신금리(신규취급액 기준),Group1,계정항목,BEBB0300,자유저축예탁금,M,201201,202212,132
3482,121Y004,1.3.4.1. 비은행금융기관 수신금리(신규취급액 기준),Group1,계정항목,BEBB0300,자유저축예탁금,Q,2012Q1,2022Q4,44
3483,121Y004,1.3.4.1. 비은행금융기관 수신금리(신규취급액 기준),Group1,계정항목,BEBB0400,기타저축성예금,A,2012,2022,11
3484,121Y004,1.3.4.1. 비은행금융기관 수신금리(신규취급액 기준),Group1,계정항목,BEBB0400,기타저축성예금,M,201201,202212,132
3485,121Y004,1.3.4.1. 비은행금융기관 수신금리(신규취급액 기준),Group1,계정항목,BEBB0400,기타저축성예금,Q,2012Q1,2022Q4,44
3486,121Y004,1.3.4.1. 비은행금융기관 수신금리(신규취급액 기준),Group1,계정항목,BEBB1000,저축성예금,A,2012,2022,11
3487,121Y004,1.3.4.1. 비은행금융기관 수신금리(신규취급액 기준),Group1,계정항목,BEBB1000,저축성예금,M,201201,202212,132
3488,121Y004,1.3.4.1. 비은행금융기관 수신금리(신규취급액 기준),Group1,계정항목,BEBB1000,저축성예금,Q,2012Q1,2022Q4,44
3489,121Y004,1.3.4.1. 비은행금융기관 수신금리(신규취급액 기준),Group1,계정항목,BEBBA000,새마을금고-정기예탁금(1년),A,2012,2022,11
3490,121Y004,1.3.4.1. 비은행금융기관 수신금리(신규취급액 기준),Group1,계정항목,BEBBA000,새마을금고-정기예탁금(1년),M,201201,202212,132
3491,121Y004,1.3.4.1. 비은행금융기관 수신금리(신규취급액 기준),Group1,계정항목,BEBBA000,새마을금고-정기예탁금(1년),Q,2012Q1,2022Q4,44
3492,121Y004,1.3.4.1. 비은행금융기관 수신금리(신규취급액 기준),Group1,계정항목,BEBBBC01,발행어음(7일이하),A,1997,2022,26
3493,121Y004,1.3.4.1. 비은행금융기관 수신금리(신규취급액 기준),Group1,계정항목,BEBBBC01,발행어음(7일이하),M,199708,202212,305
3494,121Y004,1.3.4.1. 비은행금융기관 수신금리(신규취급액 기준),Group1,계정항목,BEBBBC01,발행어음(7일이하),Q,1997Q3,2022Q4,102
3495,121Y004,1.3.4.1. 비은행금융기관 수신금리(신규취급액 기준),Group1,계정항목,BEBBBC02,발행어음(8-29일),A,1997,2022,26
3496,121Y004,1.3.4.1. 비은행금융기관 수신금리(신규취급액 기준),Group1,계정항목,BEBBBC02,발행어음(8-29일),M,199708,202212,305
3497,121Y004,1.3.4.1. 비은행금융기관 수신금리(신규취급액 기준),Group1,계정항목,BEBBBC02,발행어음(8-29일),Q,1997Q3,2022Q4,102
3498,121Y004,1.3.4.1. 비은행금융기관 수신금리(신규취급액 기준),Group1,계정항목,BEBBBC03,CP매출(91일),A,1997,2022,26
3499,121Y004,1.3.4.1. 비은행금융기관 수신금리(신규취급액 기준),Group1,계정항목,BEBBBC03,CP매출(91일),M,199708,202212,305
3500,121Y004,1.3.4.1. 비은행금융기관 수신금리(신규취급액 기준),Group1,계정항목,BEBBBC03,CP매출(91일),Q,1997Q3,2022Q4,102
3501,121Y004,1.3.4.1. 비은행금융기관 수신금리(신규취급액 기준),Group1,계정항목,BEBBBG01,신협-정기예탁금(1년),A,1997,2022,26
3502,121Y004,1.3.4.1. 비은행금융기관 수신금리(신규취급액 기준),Group1,계정항목,BEBBBG01,신협-정기예탁금(1년),M,199708,202212,305
3503,121Y004,1.3.4.1. 비은행금융기관 수신금리(신규취급액 기준),Group1,계정항목,BEBBBG01,신협-정기예탁금(1년),Q,1997Q3,2022Q4,102
3504,121Y004,1.3.4.1. 비은행금융기관 수신금리(신규취급액 기준),Group1,계정항목,BEBBBI01,정기예탁금(1년만기),A,1996,2022,27
3505,121Y004,1.3.4.1. 비은행금융기관 수신금리(신규취급액 기준),Group1,계정항목,BEBBBI01,정기예탁금(1년만기),M,199708,202212,305
3506,121Y004,1.3.4.1. 비은행금융기관 수신금리(신규취급액 기준),Group1,계정항목,BEBBBI01,정기예탁금(1년만기),Q,1997Q3,2022Q4,102
3507,121Y007,1.3.4.2. 비은행금융기관 대출금리(신규취급액 기준),Group1,계정항목,BEDBMA01,종금사-할인어음,A,1997,2022,26
3508,121Y007,1.3.4.2. 비은행금융기관 대출금리(신규취급액 기준),Group1,계정항목,BEDBMA01,종금사-할인어음,M,199708,202212,305
3509,121Y007,1.3.4.2. 비은행금융기관 대출금리(신규취급액 기준),Group1,계정항목,BEDBMA01,종금사-할인어음,Q,1997Q3,2022Q4,102
3510,121Y007,1.3.4.2. 비은행금융기관 대출금리(신규취급액 기준),Group1,계정항목,BEDBMC00,일반대출,A,2004,2022,19
3511,121Y007,1.3.4.2. 비은행금융기관 대출금리(신규취급액 기준),Group1,계정항목,BEDBMC00,일반대출,M,200311,202212,230
3512,121Y007,1.3.4.2. 비은행금융기관 대출금리(신규취급액 기준),Group1,계정항목,BEDBMC00,일반대출,Q,2004Q1,2022Q4,76
3513,121Y007,1.3.4.2. 비은행금융기관 대출금리(신규취급액 기준),Group1,계정항목,BEDBMC01,계약금액내대출,A,1997,2022,25
3514,121Y007,1.3.4.2. 비은행금융기관 대출금리(신규취급액 기준),Group1,계정항목,BEDBMC01,계약금액내대출,M,199708,202010,278
3515,121Y007,1.3.4.2. 비은행금융기관 대출금리(신규취급액 기준),Group1,계정항목,BEDBMC01,계약금액내대출,Q,1997Q3,2020Q3,93
3516,121Y007,1.3.4.2. 비은행금융기관 대출금리(신규취급액 기준),Group1,계정항목,BEDBMC02,할인어음,A,1997,2022,26
3517,121Y007,1.3.4.2. 비은행금융기관 대출금리(신규취급액 기준),Group1,계정항목,BEDBMC02,할인어음,M,199708,202212,305
3518,121Y007,1.3.4.2. 비은행금융기관 대출금리(신규취급액 기준),Group1,계정항목,BEDBMC02,할인어음,Q,1997Q3,2022Q4,102
3519,121Y007,1.3.4.2. 비은행금융기관 대출금리(신규취급액 기준),Group1,계정항목,BEDBMC03,기업자금대출 1),A,2010,2022,13
3520,121Y007,1.3.4.2. 비은행금융기관 대출금리(신규취급액 기준),Group1,계정항목,BEDBMC03,기업자금대출 1),M,201001,202212,156
3521,121Y007,1.3.4.2. 비은행금융기관 대출금리(신규취급액 기준),Group1,계정항목,BEDBMC03,기업자금대출 1),Q,2010Q1,2022Q4,52
3522,121Y007,1.3.4.2. 비은행금융기관 대출금리(신규취급액 기준),Group1,계정항목,BEDBMC04,가계자금대출 1),A,2010,2022,13
3523,121Y007,1.3.4.2. 비은행금융기관 대출금리(신규취급액 기준),Group1,계정항목,BEDBMC04,가계자금대출 1),M,201001,202212,156
3524,121Y007,1.3.4.2. 비은행금융기관 대출금리(신규취급액 기준),Group1,계정항목,BEDBMC04,가계자금대출 1),Q,2010Q1,2022Q4,52
3525,121Y007,1.3.4.2. 비은행금융기관 대출금리(신규취급액 기준),Group1,계정항목,BEDBMC05,공공및기타부문대출 1),A,2010,2022,13
3526,121Y007,1.3.4.2. 비은행금융기관 대출금리(신규취급액 기준),Group1,계정항목,BEDBMC05,공공및기타부문대출 1),M,201001,202212,156
3527,121Y007,1.3.4.2. 비은행금융기관 대출금리(신규취급액 기준),Group1,계정항목,BEDBMC05,공공및기타부문대출 1),Q,2010Q1,2022Q4,52
3528,121Y007,1.3.4.2. 비은행금융기관 대출금리(신규취급액 기준),Group1,계정항목,BEDBMC41,주택담보대출,A,2014,2022,9
3529,121Y007,1.3.4.2. 비은행금융기관 대출금리(신규취급액 기준),Group1,계정항목,BEDBMC41,주택담보대출,M,201401,202212,108
3530,121Y007,1.3.4.2. 비은행금융기관 대출금리(신규취급액 기준),Group1,계정항목,BEDBMC41,주택담보대출,Q,2014Q1,2022Q4,36
3531,121Y007,1.3.4.2. 비은행금융기관 대출금리(신규취급액 기준),Group1,계정항목,BEDBMC42,기타담보대출,A,2014,2022,9
3532,121Y007,1.3.4.2. 비은행금융기관 대출금리(신규취급액 기준),Group1,계정항목,BEDBMC42,기타담보대출,M,201401,202212,108
3533,121Y007,1.3.4.2. 비은행금융기관 대출금리(신규취급액 기준),Group1,계정항목,BEDBMC42,기타담보대출,Q,2014Q1,2022Q4,36
3534,121Y007,1.3.4.2. 비은행금융기관 대출금리(신규취급액 기준),Group1,계정항목,BEDBMC43,보증대출,A,2014,2022,9
3535,121Y007,1.3.4.2. 비은행금융기관 대출금리(신규취급액 기준),Group1,계정항목,BEDBMC43,보증대출,M,201401,202212,108
3536,121Y007,1.3.4.2. 비은행금융기관 대출금리(신규취급액 기준),Group1,계정항목,BEDBMC43,보증대출,Q,2014Q1,2022Q4,36
3537,121Y007,1.3.4.2. 비은행금융기관 대출금리(신규취급액 기준),Group1,계정항목,BEDBMC44,일반신용대출,A,2014,2022,9
3538,121Y007,1.3.4.2. 비은행금융기관 대출금리(신규취급액 기준),Group1,계정항목,BEDBMC44,일반신용대출,M,201401,202212,108
3539,121Y007,1.3.4.2. 비은행금융기관 대출금리(신규취급액 기준),Group1,계정항목,BEDBMC44,일반신용대출,Q,2014Q1,2022Q4,36
3540,121Y007,1.3.4.2. 비은행금융기관 대출금리(신규취급액 기준),Group1,계정항목,BEDBMC45,소액신용대출 2),A,2014,2022,9
3541,121Y007,1.3.4.2. 비은행금융기관 대출금리(신규취급액 기준),Group1,계정항목,BEDBMC45,소액신용대출 2),M,201401,202212,108
3542,121Y007,1.3.4.2. 비은행금융기관 대출금리(신규취급액 기준),Group1,계정항목,BEDBMC45,소액신용대출 2),Q,2014Q1,2022Q4,36
3543,121Y007,1.3.4.2. 비은행금융기관 대출금리(신규취급액 기준),Group1,계정항목,BEDBME01,신협-일반대출,A,1997,2022,26
3544,121Y007,1.3.4.2. 비은행금융기관 대출금리(신규취급액 기준),Group1,계정항목,BEDBME01,신협-일반대출,M,199708,202212,305
3545,121Y007,1.3.4.2. 비은행금융기관 대출금리(신규취급액 기준),Group1,계정항목,BEDBME01,신협-일반대출,Q,1997Q3,2022Q4,102
3546,121Y007,1.3.4.2. 비은행금융기관 대출금리(신규취급액 기준),Group1,계정항목,BEDBMG01,일반대출,A,1997,2022,26
3547,121Y007,1.3.4.2. 비은행금융기관 대출금리(신규취급액 기준),Group1,계정항목,BEDBMG01,일반대출,M,199708,202212,305
3548,121Y007,1.3.4.2. 비은행금융기관 대출금리(신규취급액 기준),Group1,계정항목,BEDBMG01,일반대출,Q,1997Q3,2022Q4,102
3549,121Y007,1.3.4.2. 비은행금융기관 대출금리(신규취급액 기준),Group1,계정항목,BEDBMG10,기업자금대출,A,2012,2022,11
3550,121Y007,1.3.4.2. 비은행금융기관 대출금리(신규취급액 기준),Group1,계정항목,BEDBMG10,기업자금대출,M,201201,202212,132
3551,121Y007,1.3.4.2. 비은행금융기관 대출금리(신규취급액 기준),Group1,계정항목,BEDBMG10,기업자금대출,Q,2012Q1,2022Q4,44
3552,121Y007,1.3.4.2. 비은행금융기관 대출금리(신규취급액 기준),Group1,계정항목,BEDBMG20,가계자금대출,A,2012,2022,11
3553,121Y007,1.3.4.2. 비은행금융기관 대출금리(신규취급액 기준),Group1,계정항목,BEDBMG20,가계자금대출,M,201201,202212,132
3554,121Y007,1.3.4.2. 비은행금융기관 대출금리(신규취급액 기준),Group1,계정항목,BEDBMG20,가계자금대출,Q,2012Q1,2022Q4,44
3555,121Y007,1.3.4.2. 비은행금융기관 대출금리(신규취급액 기준),Group1,계정항목,BEDBMG21,주택담보대출,A,2012,2022,11
3556,121Y007,1.3.4.2. 비은행금융기관 대출금리(신규취급액 기준),Group1,계정항목,BEDBMG21,주택담보대출,M,201201,202212,132
3557,121Y007,1.3.4.2. 비은행금융기관 대출금리(신규취급액 기준),Group1,계정항목,BEDBMG21,주택담보대출,Q,2012Q1,2022Q4,44
3558,121Y007,1.3.4.2. 비은행금융기관 대출금리(신규취급액 기준),Group1,계정항목,BEDBMG22,기타담보대출,A,2012,2022,11
3559,121Y007,1.3.4.2. 비은행금융기관 대출금리(신규취급액 기준),Group1,계정항목,BEDBMG22,기타담보대출,M,201201,202212,132
3560,121Y007,1.3.4.2. 비은행금융기관 대출금리(신규취급액 기준),Group1,계정항목,BEDBMG22,기타담보대출,Q,2012Q1,2022Q4,44
3561,121Y007,1.3.4.2. 비은행금융기관 대출금리(신규취급액 기준),Group1,계정항목,BEDBMG23,보증대출,A,2012,2022,11
3562,121Y007,1.3.4.2. 비은행금융기관 대출금리(신규취급액 기준),Group1,계정항목,BEDBMG23,보증대출,M,201201,202212,132
3563,121Y007,1.3.4.2. 비은행금융기관 대출금리(신규취급액 기준),Group1,계정항목,BEDBMG23,보증대출,Q,2012Q1,2022Q4,44
3564,121Y007,1.3.4.2. 비은행금융기관 대출금리(신규취급액 기준),Group1,계정항목,BEDBMG24,일반신용대출,A,2012,2022,11
3565,121Y007,1.3.4.2. 비은행금융기관 대출금리(신규취급액 기준),Group1,계정항목,BEDBMG24,일반신용대출,M,201201,202212,132
3566,121Y007,1.3.4.2. 비은행금융기관 대출금리(신규취급액 기준),Group1,계정항목,BEDBMG24,일반신용대출,Q,2012Q1,2022Q4,44
3567,121Y007,1.3.4.2. 비은행금융기관 대출금리(신규취급액 기준),Group1,계정항목,BEDBMG30,공공및기타부문대출,A,2012,2022,11
3568,121Y007,1.3.4.2. 비은행금융기관 대출금리(신규취급액 기준),Group1,계정항목,BEDBMG30,공공및기타부문대출,M,201201,202212,132
3569,121Y007,1.3.4.2. 비은행금융기관 대출금리(신규취급액 기준),Group1,계정항목,BEDBMG30,공공및기타부문대출,Q,2012Q1,2022Q4,44
3570,121Y007,1.3.4.2. 비은행금융기관 대출금리(신규취급액 기준),Group1,계정항목,BEDBMH00,새마을금고-일반대출,A,2012,2022,11
3571,121Y007,1.3.4.2. 비은행금융기관 대출금리(신규취급액 기준),Group1,계정항목,BEDBMH00,새마을금고-일반대출,M,201201,202212,132
3572,121Y007,1.3.4.2. 비은행금융기관 대출금리(신규취급액 기준),Group1,계정항목,BEDBMH00,새마을금고-일반대출,Q,2012Q1,2022Q4,44
3573,121Y007,1.3.4.2. 비은행금융기관 대출금리(신규취급액 기준),Group1,계정항목,BEDBMI,은행신탁대출,A,1996,2022,27
3574,121Y007,1.3.4.2. 비은행금융기관 대출금리(신규취급액 기준),Group1,계정항목,BEDBMI,은행신탁대출,M,199607,202212,318
3575,121Y007,1.3.4.2. 비은행금융기관 대출금리(신규취급액 기준),Group1,계정항목,BEDBMI,은행신탁대출,Q,1996Q3,2022Q4,106
3576,121Y007,1.3.4.2. 비은행금융기관 대출금리(신규취급액 기준),Group1,계정항목,BEDBMI01,은행신탁계정 기업대출,A,1997,2022,26
3577,121Y007,1.3.4.2. 비은행금융기관 대출금리(신규취급액 기준),Group1,계정항목,BEDBMI01,은행신탁계정 기업대출,M,199708,202212,280
3578,121Y007,1.3.4.2. 비은행금융기관 대출금리(신규취급액 기준),Group1,계정항목,BEDBMI01,은행신탁계정 기업대출,Q,1997Q3,2022Q4,102
3579,121Y007,1.3.4.2. 비은행금융기관 대출금리(신규취급액 기준),Group1,계정항목,BEDBMI02,은행신탁계정 가계대출,A,1997,2022,26
3580,121Y007,1.3.4.2. 비은행금융기관 대출금리(신규취급액 기준),Group1,계정항목,BEDBMI02,은행신탁계정 가계대출,M,199708,202212,305
3581,121Y007,1.3.4.2. 비은행금융기관 대출금리(신규취급액 기준),Group1,계정항목,BEDBMI02,은행신탁계정 가계대출,Q,1997Q3,2022Q4,102
3582,121Y007,1.3.4.2. 비은행금융기관 대출금리(신규취급액 기준),Group1,계정항목,BEDBMK01,계약대출(최고) 3),A,1992,2013,22
3583,121Y007,1.3.4.2. 비은행금융기관 대출금리(신규취급액 기준),Group1,계정항목,BEDBMK01,계약대출(최고) 3),M,199201,201312,264
3584,121Y007,1.3.4.2. 비은행금융기관 대출금리(신규취급액 기준),Group1,계정항목,BEDBMK01,계약대출(최고) 3),Q,1992Q1,2013Q4,88
3585,121Y007,1.3.4.2. 비은행금융기관 대출금리(신규취급액 기준),Group1,계정항목,BEDBMK02,계약대출(최저) 3),A,1992,2013,22
3586,121Y007,1.3.4.2. 비은행금융기관 대출금리(신규취급액 기준),Group1,계정항목,BEDBMK02,계약대출(최저) 3),M,199201,201312,264
3587,121Y007,1.3.4.2. 비은행금융기관 대출금리(신규취급액 기준),Group1,계정항목,BEDBMK02,계약대출(최저) 3),Q,1992Q1,2013Q4,88
3588,103Y002,1.4.1. 한국은행 주요계정(말잔),Group1,계정항목,BCAA113,유가증권,A,1970,2022,53
3589,103Y002,1.4.1. 한국은행 주요계정(말잔),Group1,계정항목,BCAA113,유가증권,M,197001,202212,636
3590,103Y002,1.4.1. 한국은행 주요계정(말잔),Group1,계정항목,BCAA113,유가증권,Q,1970Q1,2022Q4,212
3591,103Y002,1.4.1. 한국은행 주요계정(말잔),Group1,계정항목,BCAA119,기타국내자산,A,1970,2022,53
3592,103Y002,1.4.1. 한국은행 주요계정(말잔),Group1,계정항목,BCAA119,기타국내자산,M,197001,202212,636
3593,103Y002,1.4.1. 한국은행 주요계정(말잔),Group1,계정항목,BCAA119,기타국내자산,Q,1970Q1,2022Q4,212
3594,103Y002,1.4.1. 한국은행 주요계정(말잔),Group1,계정항목,BCAA122,외국증권,A,1970,2022,53
3595,103Y002,1.4.1. 한국은행 주요계정(말잔),Group1,계정항목,BCAA122,외국증권,M,197001,202212,636
3596,103Y002,1.4.1. 한국은행 주요계정(말잔),Group1,계정항목,BCAA122,외국증권,Q,1970Q1,2022Q4,212
3597,103Y002,1.4.1. 한국은행 주요계정(말잔),Group1,계정항목,BCAA123,외화예치금,A,1970,2022,53
3598,103Y002,1.4.1. 한국은행 주요계정(말잔),Group1,계정항목,BCAA123,외화예치금,M,197001,202212,636
3599,103Y002,1.4.1. 한국은행 주요계정(말잔),Group1,계정항목,BCAA123,외화예치금,Q,1970Q1,2022Q4,212
3600,103Y002,1.4.1. 한국은행 주요계정(말잔),Group1,계정항목,BCAA124,IMF특별인출권보유,A,1970,2022,53
3601,103Y002,1.4.1. 한국은행 주요계정(말잔),Group1,계정항목,BCAA124,IMF특별인출권보유,M,197001,202212,636
3602,103Y002,1.4.1. 한국은행 주요계정(말잔),Group1,계정항목,BCAA124,IMF특별인출권보유,Q,1970Q1,2022Q4,212
3603,103Y002,1.4.1. 한국은행 주요계정(말잔),Group1,계정항목,BCAA129,기타국외자산,A,1970,2022,53
3604,103Y002,1.4.1. 한국은행 주요계정(말잔),Group1,계정항목,BCAA129,기타국외자산,M,197001,202212,636
3605,103Y002,1.4.1. 한국은행 주요계정(말잔),Group1,계정항목,BCAA129,기타국외자산,Q,1970Q1,2022Q4,212
3606,103Y002,1.4.1. 한국은행 주요계정(말잔),Group1,계정항목,BCAA2121,은행금융기관지준예금,A,1970,2022,53
3607,103Y002,1.4.1. 한국은행 주요계정(말잔),Group1,계정항목,BCAA2121,은행금융기관지준예금,M,197001,202212,636
3608,103Y002,1.4.1. 한국은행 주요계정(말잔),Group1,계정항목,BCAA2121,은행금융기관지준예금,Q,1970Q1,2022Q4,212
3609,103Y002,1.4.1. 한국은행 주요계정(말잔),Group1,계정항목,BCAA215,통화안정증권발행,A,1970,2022,53
3610,103Y002,1.4.1. 한국은행 주요계정(말잔),Group1,계정항목,BCAA215,통화안정증권발행,M,197001,202212,636
3611,103Y002,1.4.1. 한국은행 주요계정(말잔),Group1,계정항목,BCAA215,통화안정증권발행,Q,1970Q1,2022Q4,212
3612,103Y002,1.4.1. 한국은행 주요계정(말잔),Group1,계정항목,BCAA223,출자증권발행,A,1970,2022,53
3613,103Y002,1.4.1. 한국은행 주요계정(말잔),Group1,계정항목,BCAA223,출자증권발행,M,197001,202212,636
3614,103Y002,1.4.1. 한국은행 주요계정(말잔),Group1,계정항목,BCAA223,출자증권발행,Q,1970Q1,2022Q4,212
3615,103Y002,1.4.1. 한국은행 주요계정(말잔),Group1,계정항목,BCAA11,국내자산,A,1970,2022,53
3616,103Y002,1.4.1. 한국은행 주요계정(말잔),Group1,계정항목,BCAA11,국내자산,M,197001,202212,636
3617,103Y002,1.4.1. 한국은행 주요계정(말잔),Group1,계정항목,BCAA11,국내자산,Q,1970Q1,2022Q4,212
3618,103Y002,1.4.1. 한국은행 주요계정(말잔),Group1,계정항목,BCAA116,고정자산,A,1970,2022,53
3619,103Y002,1.4.1. 한국은행 주요계정(말잔),Group1,계정항목,BCAA116,고정자산,M,197001,202212,636
3620,103Y002,1.4.1. 한국은행 주요계정(말잔),Group1,계정항목,BCAA116,고정자산,Q,1970Q1,2022Q4,212
3621,103Y002,1.4.1. 한국은행 주요계정(말잔),Group1,계정항목,BCAA2,부채합계,A,1961,2022,62
3622,103Y002,1.4.1. 한국은행 주요계정(말잔),Group1,계정항목,BCAA2,부채합계,M,197001,202212,636
3623,103Y002,1.4.1. 한국은행 주요계정(말잔),Group1,계정항목,BCAA2,부채합계,Q,1970Q1,2022Q4,212
3624,103Y002,1.4.1. 한국은행 주요계정(말잔),Group1,계정항목,BCAA121,지금은,A,1970,2022,53
3625,103Y002,1.4.1. 한국은행 주요계정(말잔),Group1,계정항목,BCAA121,지금은,M,197001,202212,636
3626,103Y002,1.4.1. 한국은행 주요계정(말잔),Group1,계정항목,BCAA121,지금은,Q,1970Q1,2022Q4,212
3627,103Y002,1.4.1. 한국은행 주요계정(말잔),Group1,계정항목,BCAA2123,비은행금융기관예금,A,1970,2022,53
3628,103Y002,1.4.1. 한국은행 주요계정(말잔),Group1,계정항목,BCAA2123,비은행금융기관예금,M,197001,202212,636
3629,103Y002,1.4.1. 한국은행 주요계정(말잔),Group1,계정항목,BCAA2123,비은행금융기관예금,Q,1970Q1,2022Q4,212
3630,103Y002,1.4.1. 한국은행 주요계정(말잔),Group1,계정항목,BCAA1,자산합계,A,1961,2022,62
3631,103Y002,1.4.1. 한국은행 주요계정(말잔),Group1,계정항목,BCAA1,자산합계,M,197001,202212,636
3632,103Y002,1.4.1. 한국은행 주요계정(말잔),Group1,계정항목,BCAA1,자산합계,Q,1970Q1,2022Q4,212
3633,103Y002,1.4.1. 한국은행 주요계정(말잔),Group1,계정항목,BCAA12,국외자산,A,1970,2022,53
3634,103Y002,1.4.1. 한국은행 주요계정(말잔),Group1,계정항목,BCAA12,국외자산,M,197001,202212,636
3635,103Y002,1.4.1. 한국은행 주요계정(말잔),Group1,계정항목,BCAA12,국외자산,Q,1970Q1,2022Q4,212
3636,103Y002,1.4.1. 한국은행 주요계정(말잔),Group1,계정항목,BCAA219,기타국내부채,A,1970,2022,53
3637,103Y002,1.4.1. 한국은행 주요계정(말잔),Group1,계정항목,BCAA219,기타국내부채,M,197001,202212,636
3638,103Y002,1.4.1. 한국은행 주요계정(말잔),Group1,계정항목,BCAA219,기타국내부채,Q,1970Q1,2022Q4,212
3639,103Y002,1.4.1. 한국은행 주요계정(말잔),Group1,계정항목,BCAA117,환매조건부채권매입,A,1970,2022,53
3640,103Y002,1.4.1. 한국은행 주요계정(말잔),Group1,계정항목,BCAA117,환매조건부채권매입,M,197001,202212,636
3641,103Y002,1.4.1. 한국은행 주요계정(말잔),Group1,계정항목,BCAA117,환매조건부채권매입,Q,1970Q1,2022Q4,212
3642,103Y002,1.4.1. 한국은행 주요계정(말잔),Group1,계정항목,BCAA125,국제금융기구출자금,A,1970,2022,53
3643,103Y002,1.4.1. 한국은행 주요계정(말잔),Group1,계정항목,BCAA125,국제금융기구출자금,M,197001,202212,636
3644,103Y002,1.4.1. 한국은행 주요계정(말잔),Group1,계정항목,BCAA125,국제금융기구출자금,Q,1970Q1,2022Q4,212
3645,103Y002,1.4.1. 한국은행 주요계정(말잔),Group1,계정항목,BCAA221,비거주자예금,A,1970,2022,53
3646,103Y002,1.4.1. 한국은행 주요계정(말잔),Group1,계정항목,BCAA221,비거주자예금,M,197001,202212,636
3647,103Y002,1.4.1. 한국은행 주요계정(말잔),Group1,계정항목,BCAA221,비거주자예금,Q,1970Q1,2022Q4,212
3648,103Y002,1.4.1. 한국은행 주요계정(말잔),Group1,계정항목,BCAA111,현금,A,1970,2022,53
3649,103Y002,1.4.1. 한국은행 주요계정(말잔),Group1,계정항목,BCAA111,현금,M,197001,202212,636
3650,103Y002,1.4.1. 한국은행 주요계정(말잔),Group1,계정항목,BCAA111,현금,Q,1970Q1,2022Q4,212
3651,103Y002,1.4.1. 한국은행 주요계정(말잔),Group1,계정항목,BCAA211,화폐발행잔액,A,1970,2022,53
3652,103Y002,1.4.1. 한국은행 주요계정(말잔),Group1,계정항목,BCAA211,화폐발행잔액,M,197001,202212,636
3653,103Y002,1.4.1. 한국은행 주요계정(말잔),Group1,계정항목,BCAA211,화폐발행잔액,Q,1970Q1,2022Q4,212
3654,103Y002,1.4.1. 한국은행 주요계정(말잔),Group1,계정항목,BCAA214,특수자금융자기금,A,1970,2022,53
3655,103Y002,1.4.1. 한국은행 주요계정(말잔),Group1,계정항목,BCAA214,특수자금융자기금,M,197001,202212,636
3656,103Y002,1.4.1. 한국은행 주요계정(말잔),Group1,계정항목,BCAA214,특수자금융자기금,Q,1970Q1,2022Q4,212
3657,103Y002,1.4.1. 한국은행 주요계정(말잔),Group1,계정항목,BCAA216,환매조건부채권매각,A,1970,2022,53
3658,103Y002,1.4.1. 한국은행 주요계정(말잔),Group1,계정항목,BCAA216,환매조건부채권매각,M,197001,202212,636
3659,103Y002,1.4.1. 한국은행 주요계정(말잔),Group1,계정항목,BCAA216,환매조건부채권매각,Q,1970Q1,2022Q4,212
3660,103Y002,1.4.1. 한국은행 주요계정(말잔),Group1,계정항목,BCAA217,충당금,A,1970,2022,53
3661,103Y002,1.4.1. 한국은행 주요계정(말잔),Group1,계정항목,BCAA217,충당금,M,197001,202212,636
3662,103Y002,1.4.1. 한국은행 주요계정(말잔),Group1,계정항목,BCAA217,충당금,Q,1970Q1,2022Q4,212
3663,103Y002,1.4.1. 한국은행 주요계정(말잔),Group1,계정항목,BCAA22,국외부채,A,1970,2022,53
3664,103Y002,1.4.1. 한국은행 주요계정(말잔),Group1,계정항목,BCAA22,국외부채,M,197001,202212,636
3665,103Y002,1.4.1. 한국은행 주요계정(말잔),Group1,계정항목,BCAA22,국외부채,Q,1970Q1,2022Q4,212
3666,103Y002,1.4.1. 한국은행 주요계정(말잔),Group1,계정항목,BCAA222,IMF특별인출권배분,A,1970,2022,53
3667,103Y002,1.4.1. 한국은행 주요계정(말잔),Group1,계정항목,BCAA222,IMF특별인출권배분,M,197001,202212,636
3668,103Y002,1.4.1. 한국은행 주요계정(말잔),Group1,계정항목,BCAA222,IMF특별인출권배분,Q,1970Q1,2022Q4,212
3669,103Y002,1.4.1. 한국은행 주요계정(말잔),Group1,계정항목,BCAA220,통화안정계정,A,2010,2022,13
3670,103Y002,1.4.1. 한국은행 주요계정(말잔),Group1,계정항목,BCAA220,통화안정계정,M,201010,202212,147
3671,103Y002,1.4.1. 한국은행 주요계정(말잔),Group1,계정항목,BCAA220,통화안정계정,Q,2010Q4,2022Q4,49
3672,103Y002,1.4.1. 한국은행 주요계정(말잔),Group1,계정항목,BCAA3,자본,A,1961,2022,62
3673,103Y002,1.4.1. 한국은행 주요계정(말잔),Group1,계정항목,BCAA3,자본,M,197001,202212,636
3674,103Y002,1.4.1. 한국은행 주요계정(말잔),Group1,계정항목,BCAA3,자본,Q,2009Q2,2022Q4,55
3675,103Y002,1.4.1. 한국은행 주요계정(말잔),Group1,계정항목,BCAA1131,국채,A,1970,2022,53
3676,103Y002,1.4.1. 한국은행 주요계정(말잔),Group1,계정항목,BCAA1131,국채,M,197001,202212,636
3677,103Y002,1.4.1. 한국은행 주요계정(말잔),Group1,계정항목,BCAA1131,국채,Q,1970Q1,2022Q4,212
3678,103Y002,1.4.1. 한국은행 주요계정(말잔),Group1,계정항목,BCAA21,국내부채,A,1970,2022,53
3679,103Y002,1.4.1. 한국은행 주요계정(말잔),Group1,계정항목,BCAA21,국내부채,M,197001,202212,636
3680,103Y002,1.4.1. 한국은행 주요계정(말잔),Group1,계정항목,BCAA21,국내부채,Q,1970Q1,2022Q4,212
3681,103Y002,1.4.1. 한국은행 주요계정(말잔),Group1,계정항목,BCAA212,예금계,A,1970,2022,53
3682,103Y002,1.4.1. 한국은행 주요계정(말잔),Group1,계정항목,BCAA212,예금계,M,197001,202212,636
3683,103Y002,1.4.1. 한국은행 주요계정(말잔),Group1,계정항목,BCAA212,예금계,Q,1970Q1,2022Q4,212
3684,103Y002,1.4.1. 한국은행 주요계정(말잔),Group1,계정항목,BCAA112,대출금,A,1970,2022,53
3685,103Y002,1.4.1. 한국은행 주요계정(말잔),Group1,계정항목,BCAA112,대출금,M,197001,202212,636
3686,103Y002,1.4.1. 한국은행 주요계정(말잔),Group1,계정항목,BCAA112,대출금,Q,1970Q1,2022Q4,212
3687,103Y002,1.4.1. 한국은행 주요계정(말잔),Group1,계정항목,BCAA114,대정부대출금,A,1970,2022,53
3688,871Y001,1.4.2. 화폐발행잔액,Group1,계정항목,1000000,화폐발행잔액(말잔),A,1960,2022,63
3689,871Y001,1.4.2. 화폐발행잔액,Group1,계정항목,1000000,화폐발행잔액(말잔),M,196001,202212,756
3690,871Y001,1.4.2. 화폐발행잔액,Group1,계정항목,1000000,화폐발행잔액(말잔),Q,1960Q1,2022Q4,252
3691,871Y001,1.4.2. 화폐발행잔액,Group1,계정항목,1020000,평균,A,1960,2022,63
3692,871Y001,1.4.2. 화폐발행잔액,Group1,계정항목,1020000,평균,M,196001,202212,756
3693,871Y001,1.4.2. 화폐발행잔액,Group1,계정항목,1020000,평균,Q,1960Q1,2022Q4,252
3694,871Y001,1.4.2. 화폐발행잔액,Group1,계정항목,1030000,최고,A,1960,2022,63
3695,871Y001,1.4.2. 화폐발행잔액,Group1,계정항목,1030000,최고,M,196001,202212,756
3696,871Y001,1.4.2. 화폐발행잔액,Group1,계정항목,1030000,최고,Q,1960Q1,2022Q4,252
3697,871Y001,1.4.2. 화폐발행잔액,Group1,계정항목,1040000,최저,A,1960,2022,63
3698,871Y001,1.4.2. 화폐발행잔액,Group1,계정항목,1040000,최저,M,196001,202212,756
3699,871Y001,1.4.2. 화폐발행잔액,Group1,계정항목,1040000,최저,Q,1960Q1,2022Q4,252
3700,871Y001,1.4.2. 화폐발행잔액,Group1,계정항목,2000000,"권화종별 화폐발행잔액(말잔, 금액기준)",A,1960,2022,63
3701,871Y001,1.4.2. 화폐발행잔액,Group1,계정항목,2000000,"권화종별 화폐발행잔액(말잔, 금액기준)",M,196001,202212,756
3702,871Y001,1.4.2. 화폐발행잔액,Group1,계정항목,2000000,"권화종별 화폐발행잔액(말잔, 금액기준)",Q,1960Q1,2022Q4,252
3703,871Y001,1.4.2. 화폐발행잔액,Group1,계정항목,2010000,은행권(말잔),A,1960,2022,63
3704,871Y001,1.4.2. 화폐발행잔액,Group1,계정항목,2010000,은행권(말잔),M,196001,202212,756
3705,871Y001,1.4.2. 화폐발행잔액,Group1,계정항목,2010000,은행권(말잔),Q,1960Q1,2022Q4,252
3706,871Y001,1.4.2. 화폐발행잔액,Group1,계정항목,2010050,"50,000원권",A,2009,2022,14
3707,871Y001,1.4.2. 화폐발행잔액,Group1,계정항목,2010050,"50,000원권",M,200906,202212,163
3708,871Y001,1.4.2. 화폐발행잔액,Group1,계정항목,2010050,"50,000원권",Q,2009Q2,2022Q4,55
3709,871Y001,1.4.2. 화폐발행잔액,Group1,계정항목,2010100,"10,000원권",A,1973,2022,50
3710,871Y001,1.4.2. 화폐발행잔액,Group1,계정항목,2010100,"10,000원권",M,197306,202212,595
3711,871Y001,1.4.2. 화폐발행잔액,Group1,계정항목,2010100,"10,000원권",Q,1973Q2,2022Q4,199
3712,871Y001,1.4.2. 화폐발행잔액,Group1,계정항목,2010200,"5,000원권",A,1972,2022,51
3713,871Y001,1.4.2. 화폐발행잔액,Group1,계정항목,2010200,"5,000원권",M,197207,202212,606
3714,871Y001,1.4.2. 화폐발행잔액,Group1,계정항목,2010200,"5,000원권",Q,1972Q3,2022Q4,202
3715,871Y001,1.4.2. 화폐발행잔액,Group1,계정항목,2010300,"1,000원권",A,1975,2022,48
3716,871Y001,1.4.2. 화폐발행잔액,Group1,계정항목,2010300,"1,000원권",M,197508,202212,569
3717,871Y001,1.4.2. 화폐발행잔액,Group1,계정항목,2010300,"1,000원권",Q,1975Q3,2022Q4,190
3718,871Y001,1.4.2. 화폐발행잔액,Group1,계정항목,2010400,500원권 이하,A,1960,2022,63
3719,871Y001,1.4.2. 화폐발행잔액,Group1,계정항목,2010400,500원권 이하,M,196001,202212,756
3720,871Y001,1.4.2. 화폐발행잔액,Group1,계정항목,2010400,500원권 이하,Q,1960Q1,2022Q4,252
3721,871Y001,1.4.2. 화폐발행잔액,Group1,계정항목,2020000,주화(말잔),A,1960,2022,63
3722,871Y001,1.4.2. 화폐발행잔액,Group1,계정항목,2020000,주화(말잔),M,196001,202212,756
3723,871Y001,1.4.2. 화폐발행잔액,Group1,계정항목,2020000,주화(말잔),Q,1960Q1,2022Q4,252
3724,871Y001,1.4.2. 화폐발행잔액,Group1,계정항목,2020100,500원화,A,1960,2022,63
3725,871Y001,1.4.2. 화폐발행잔액,Group1,계정항목,2020100,500원화,M,199101,202212,384
3726,871Y001,1.4.2. 화폐발행잔액,Group1,계정항목,2020100,500원화,Q,1991Q1,2022Q4,128
3727,871Y001,1.4.2. 화폐발행잔액,Group1,계정항목,2020200,100원화,A,1960,2022,63
3728,871Y001,1.4.2. 화폐발행잔액,Group1,계정항목,2020200,100원화,M,199101,202212,384
3729,871Y001,1.4.2. 화폐발행잔액,Group1,계정항목,2020200,100원화,Q,1991Q1,2022Q4,128
3730,871Y001,1.4.2. 화폐발행잔액,Group1,계정항목,2020300,50원화,A,1960,2022,63
3731,871Y001,1.4.2. 화폐발행잔액,Group1,계정항목,2020300,50원화,M,199101,202212,384
3732,871Y001,1.4.2. 화폐발행잔액,Group1,계정항목,2020300,50원화,Q,1991Q1,2022Q4,128
3733,871Y001,1.4.2. 화폐발행잔액,Group1,계정항목,2020400,10원화,A,1960,2022,63
3734,871Y001,1.4.2. 화폐발행잔액,Group1,계정항목,2020400,10원화,M,199101,202212,384
3735,871Y001,1.4.2. 화폐발행잔액,Group1,계정항목,2020400,10원화,Q,1991Q1,2022Q4,128
3736,871Y001,1.4.2. 화폐발행잔액,Group1,계정항목,2020500,5원화 이하,A,1960,2022,63
3737,871Y001,1.4.2. 화폐발행잔액,Group1,계정항목,2020500,5원화 이하,M,199101,202212,384
3738,871Y001,1.4.2. 화폐발행잔액,Group1,계정항목,2020500,5원화 이하,Q,1991Q1,2022Q4,128
3739,871Y001,1.4.2. 화폐발행잔액,Group1,계정항목,2030000,기념주화,A,1960,2022,63
3740,871Y001,1.4.2. 화폐발행잔액,Group1,계정항목,2030000,기념주화,M,199101,202212,384
3741,871Y001,1.4.2. 화폐발행잔액,Group1,계정항목,2030000,기념주화,Q,1991Q1,2022Q4,128
3742,871Y001,1.4.2. 화폐발행잔액,Group1,계정항목,4010000,"권종별 발행잔액(말잔,장수기준)¹",A,1972,2022,51
3743,871Y001,1.4.2. 화폐발행잔액,Group1,계정항목,4010000,"권종별 발행잔액(말잔,장수기준)¹",M,197207,202212,606
3744,871Y001,1.4.2. 화폐발행잔액,Group1,계정항목,4010000,"권종별 발행잔액(말잔,장수기준)¹",Q,1972Q3,2022Q4,202
3745,871Y001,1.4.2. 화폐발행잔액,Group1,계정항목,4010050,"50,000원권",A,2009,2022,14
3746,871Y001,1.4.2. 화폐발행잔액,Group1,계정항목,4010050,"50,000원권",M,200906,202212,163
3747,871Y001,1.4.2. 화폐발행잔액,Group1,계정항목,4010050,"50,000원권",Q,2009Q2,2022Q4,55
3748,871Y001,1.4.2. 화폐발행잔액,Group1,계정항목,4010100,"10,000원권",A,1973,2022,50
3749,871Y001,1.4.2. 화폐발행잔액,Group1,계정항목,4010100,"10,000원권",M,197306,202212,595
3750,871Y001,1.4.2. 화폐발행잔액,Group1,계정항목,4010100,"10,000원권",Q,1973Q2,2022Q4,199
3751,871Y001,1.4.2. 화폐발행잔액,Group1,계정항목,4010200,"5,000원권",A,1972,2022,51
3752,871Y001,1.4.2. 화폐발행잔액,Group1,계정항목,4010200,"5,000원권",M,197207,202212,606
3753,871Y001,1.4.2. 화폐발행잔액,Group1,계정항목,4010200,"5,000원권",Q,1972Q3,2022Q4,202
3754,871Y001,1.4.2. 화폐발행잔액,Group1,계정항목,4010300,"1,000원권",A,1975,2022,48
3755,871Y001,1.4.2. 화폐발행잔액,Group1,계정항목,4010300,"1,000원권",M,197508,202212,569
3756,871Y001,1.4.2. 화폐발행잔액,Group1,계정항목,4010300,"1,000원권",Q,1975Q3,2022Q4,190
3757,871Y001,1.4.2. 화폐발행잔액,Group1,계정항목,4020000,"화종별 발행잔액(말잔,장수기준)²",A,1991,2022,32
3758,871Y001,1.4.2. 화폐발행잔액,Group1,계정항목,4020000,"화종별 발행잔액(말잔,장수기준)²",M,199101,202212,384
3759,871Y001,1.4.2. 화폐발행잔액,Group1,계정항목,4020000,"화종별 발행잔액(말잔,장수기준)²",Q,1991Q1,2022Q4,128
3760,871Y001,1.4.2. 화폐발행잔액,Group1,계정항목,4020100,500원화,A,1991,2022,32
3761,871Y001,1.4.2. 화폐발행잔액,Group1,계정항목,4020100,500원화,M,199101,202212,384
3762,871Y001,1.4.2. 화폐발행잔액,Group1,계정항목,4020100,500원화,Q,1991Q1,2022Q4,128
3763,871Y001,1.4.2. 화폐발행잔액,Group1,계정항목,4020200,100원화,A,1991,2022,32
3764,871Y001,1.4.2. 화폐발행잔액,Group1,계정항목,4020200,100원화,M,199101,202212,384
3765,871Y001,1.4.2. 화폐발행잔액,Group1,계정항목,4020200,100원화,Q,1991Q1,2022Q4,128
3766,871Y001,1.4.2. 화폐발행잔액,Group1,계정항목,4020300,50원화,A,1991,2022,32
3767,871Y001,1.4.2. 화폐발행잔액,Group1,계정항목,4020300,50원화,M,199101,202212,384
3768,871Y001,1.4.2. 화폐발행잔액,Group1,계정항목,4020300,50원화,Q,1991Q1,2022Q4,128
3769,871Y001,1.4.2. 화폐발행잔액,Group1,계정항목,4020400,10원화,A,1991,2022,32
3770,871Y001,1.4.2. 화폐발행잔액,Group1,계정항목,4020400,10원화,M,199101,202212,384
3771,871Y001,1.4.2. 화폐발행잔액,Group1,계정항목,4020400,10원화,Q,1991Q1,2022Q4,128
3772,871Y001,1.4.2. 화폐발행잔액,Group1,계정항목,5010000,권종별 발행액(기간 중)³,A,1992,2022,31
3773,871Y001,1.4.2. 화폐발행잔액,Group1,계정항목,5010000,권종별 발행액(기간 중)³,M,199201,202212,372
3774,871Y001,1.4.2. 화폐발행잔액,Group1,계정항목,5010000,권종별 발행액(기간 중)³,Q,1992Q1,2022Q4,124
3775,871Y001,1.4.2. 화폐발행잔액,Group1,계정항목,5010050,"50,000원권",A,2009,2022,14
3776,871Y001,1.4.2. 화폐발행잔액,Group1,계정항목,5010050,"50,000원권",M,200906,202212,163
3777,871Y001,1.4.2. 화폐발행잔액,Group1,계정항목,5010050,"50,000원권",Q,2009Q2,2022Q4,55
3778,871Y001,1.4.2. 화폐발행잔액,Group1,계정항목,5010100,"10,000원권",A,1992,2022,31
3779,871Y001,1.4.2. 화폐발행잔액,Group1,계정항목,5010100,"10,000원권",M,199201,202212,372
3780,871Y001,1.4.2. 화폐발행잔액,Group1,계정항목,5010100,"10,000원권",Q,1992Q1,2022Q4,124
3781,871Y001,1.4.2. 화폐발행잔액,Group1,계정항목,5010200,"5,000원권",A,1992,2022,31
3782,871Y001,1.4.2. 화폐발행잔액,Group1,계정항목,5010200,"5,000원권",M,199201,202212,372
3783,871Y001,1.4.2. 화폐발행잔액,Group1,계정항목,5010200,"5,000원권",Q,1992Q1,2022Q4,124
3784,871Y001,1.4.2. 화폐발행잔액,Group1,계정항목,5010300,"1,000원권",A,1992,2022,31
3785,871Y001,1.4.2. 화폐발행잔액,Group1,계정항목,5010300,"1,000원권",M,199201,202212,372
3786,871Y001,1.4.2. 화폐발행잔액,Group1,계정항목,5010300,"1,000원권",Q,1992Q1,2022Q4,124
3787,871Y001,1.4.2. 화폐발행잔액,Group1,계정항목,5020000,화종별 발행액(기간 중)⁴,A,1992,2022,31
3788,814Y001,"1.4.3.1. 예금은행 지급준비액(신기준, 평잔)",Group1,계정항목,1020000,실제지급준비액,M,201201,202211,393
3789,814Y001,"1.4.3.1. 예금은행 지급준비액(신기준, 평잔)",Group1,계정항목,1020000,실제지급준비액,SM,200802S1,201112S2,282
3790,814Y001,"1.4.3.1. 예금은행 지급준비액(신기준, 평잔)",Group1,계정항목,1020100,시재금,M,201201,202211,393
3791,814Y001,"1.4.3.1. 예금은행 지급준비액(신기준, 평잔)",Group1,계정항목,1020100,시재금,SM,200802S1,201112S2,282
3792,814Y001,"1.4.3.1. 예금은행 지급준비액(신기준, 평잔)",Group1,계정항목,1020200,지준예치금,M,201201,202211,393
3793,814Y001,"1.4.3.1. 예금은행 지급준비액(신기준, 평잔)",Group1,계정항목,1020200,지준예치금,SM,200802S1,201112S2,282
3794,814Y001,"1.4.3.1. 예금은행 지급준비액(신기준, 평잔)",Group1,계정항목,1010000,지급준비대상예금,M,201201,202211,393
3795,814Y001,"1.4.3.1. 예금은행 지급준비액(신기준, 평잔)",Group1,계정항목,1010000,지급준비대상예금,SM,200802S1,201112S2,282
3796,814Y001,"1.4.3.1. 예금은행 지급준비액(신기준, 평잔)",Group1,계정항목,1030000,필요지급준비액,M,201201,202211,393
3797,814Y001,"1.4.3.1. 예금은행 지급준비액(신기준, 평잔)",Group1,계정항목,1030000,필요지급준비액,SM,200802S1,201112S2,282
3798,814Y001,"1.4.3.1. 예금은행 지급준비액(신기준, 평잔)",Group1,계정항목,1040000,초과지급준비액,M,201201,202211,393
3799,814Y001,"1.4.3.1. 예금은행 지급준비액(신기준, 평잔)",Group1,계정항목,1040000,초과지급준비액,SM,200802S1,201112S2,282
3800,814Y001,"1.4.3.1. 예금은행 지급준비액(신기준, 평잔)",Group2,보고기관,0950,예금은행(산은포함),M,201201,202211,786
3801,814Y001,"1.4.3.1. 예금은행 지급준비액(신기준, 평잔)",Group2,보고기관,0950,예금은행(산은포함),SM,200802S1,201112S2,564
3802,814Y001,"1.4.3.1. 예금은행 지급준비액(신기준, 평잔)",Group2,보고기관,0200,일반은행,M,201201,202211,786
3803,814Y001,"1.4.3.1. 예금은행 지급준비액(신기준, 평잔)",Group2,보고기관,0200,일반은행,SM,200802S1,201112S2,564
3804,814Y001,"1.4.3.1. 예금은행 지급준비액(신기준, 평잔)",Group2,보고기관,0300,특수은행(산은포함),M,201201,202211,786
3805,814Y001,"1.4.3.1. 예금은행 지급준비액(신기준, 평잔)",Group2,보고기관,0300,특수은행(산은포함),SM,200802S1,201112S2,564
3806,814Y002,"1.4.3.2. 예금은행 지급준비액(구기준, 평잔)",Group1,계정항목,1020000,실제지급준비액,SM,200401S1,200802S2,300
3807,814Y002,"1.4.3.2. 예금은행 지급준비액(구기준, 평잔)",Group1,계정항목,1020100,시재금,SM,200401S1,200802S2,300
3808,814Y002,"1.4.3.2. 예금은행 지급준비액(구기준, 평잔)",Group1,계정항목,1020200,지준예치금,SM,200401S1,200802S2,300
3809,814Y002,"1.4.3.2. 예금은행 지급준비액(구기준, 평잔)",Group1,계정항목,1010000,지급준비대상예금,SM,200401S1,200802S2,300
3810,814Y002,"1.4.3.2. 예금은행 지급준비액(구기준, 평잔)",Group1,계정항목,1030000,필요지급준비액,SM,200401S1,200802S2,300
3811,814Y002,"1.4.3.2. 예금은행 지급준비액(구기준, 평잔)",Group1,계정항목,1040000,초과지급준비액,SM,200401S1,200802S2,300
3812,814Y002,"1.4.3.2. 예금은행 지급준비액(구기준, 평잔)",Group2,보고기관,0950,예금은행(산은포함),SM,200401S1,200802S2,600
3813,814Y002,"1.4.3.2. 예금은행 지급준비액(구기준, 평잔)",Group2,보고기관,0200,일반은행,SM,200401S1,200802S2,600
3814,814Y002,"1.4.3.2. 예금은행 지급준비액(구기준, 평잔)",Group2,보고기관,0300,특수은행(산은포함),SM,200401S1,200802S2,600
3815,641Y001,1.4.4. 한국은행 원화대출금,Group1,계정항목,1000000,원화대출금(계),A,1971,2022,52
3816,641Y001,1.4.4. 한국은행 원화대출금,Group1,계정항목,1000000,원화대출금(계),M,197101,202301,625
3817,641Y001,1.4.4. 한국은행 원화대출금,Group1,계정항목,1000000,원화대출금(계),Q,1971Q1,2022Q4,208
3818,641Y001,1.4.4. 한국은행 원화대출금,Group1,계정항목,1010000,일반자금,A,1971,2022,45
3819,641Y001,1.4.4. 한국은행 원화대출금,Group1,계정항목,1010000,일반자금,M,197101,202301,542
3820,641Y001,1.4.4. 한국은행 원화대출금,Group1,계정항목,1010000,일반자금,Q,1971Q1,2022Q4,181
3821,641Y001,1.4.4. 한국은행 원화대출금,Group1,계정항목,1020000,상업어음할인,A,1971,2005,35
3822,641Y001,1.4.4. 한국은행 원화대출금,Group1,계정항목,1020000,상업어음할인,M,197101,200606,426
3823,641Y001,1.4.4. 한국은행 원화대출금,Group1,계정항목,1020000,상업어음할인,Q,1971Q1,2006Q2,142
3824,641Y001,1.4.4. 한국은행 원화대출금,Group1,계정항목,1030000,무역금융,A,1971,2005,35
3825,641Y001,1.4.4. 한국은행 원화대출금,Group1,계정항목,1030000,무역금융,M,197101,200606,426
3826,641Y001,1.4.4. 한국은행 원화대출금,Group1,계정항목,1030000,무역금융,Q,1971Q1,2006Q2,142
3827,641Y001,1.4.4. 한국은행 원화대출금,Group1,계정항목,1060000,농업자금,A,1971,2005,35
3828,641Y001,1.4.4. 한국은행 원화대출금,Group1,계정항목,1060000,농업자금,M,197101,200606,426
3829,641Y001,1.4.4. 한국은행 원화대출금,Group1,계정항목,1060000,농업자금,Q,1971Q1,2006Q2,142
3830,641Y001,1.4.4. 한국은행 원화대출금,Group1,계정항목,1070000,수산자금,A,1971,2005,35
3831,641Y001,1.4.4. 한국은행 원화대출금,Group1,계정항목,1070000,수산자금,M,197101,200606,426
3832,641Y001,1.4.4. 한국은행 원화대출금,Group1,계정항목,1070000,수산자금,Q,1971Q1,2006Q2,142
3833,641Y001,1.4.4. 한국은행 원화대출금,Group1,계정항목,1080000,비료인수자금,A,1971,2022,45
3834,641Y001,1.4.4. 한국은행 원화대출금,Group1,계정항목,1080000,비료인수자금,M,197101,202301,547
3835,641Y001,1.4.4. 한국은행 원화대출금,Group1,계정항목,1080000,비료인수자금,Q,1971Q1,2022Q4,184
3836,641Y001,1.4.4. 한국은행 원화대출금,Group1,계정항목,1110000,금융중개지원대출,A,1994,2022,29
3837,641Y001,1.4.4. 한국은행 원화대출금,Group1,계정항목,1110000,금융중개지원대출,M,199403,202301,347
3838,641Y001,1.4.4. 한국은행 원화대출금,Group1,계정항목,1110000,금융중개지원대출,Q,1994Q1,2022Q4,116
3839,641Y001,1.4.4. 한국은행 원화대출금,Group1,계정항목,1120000,지방중소기업지원 프로그램,A,1994,2022,29
3840,641Y001,1.4.4. 한국은행 원화대출금,Group1,계정항목,1120000,지방중소기업지원 프로그램,M,199403,202301,347
3841,641Y001,1.4.4. 한국은행 원화대출금,Group1,계정항목,1120000,지방중소기업지원 프로그램,Q,1994Q1,2022Q4,116
3842,641Y001,1.4.4. 한국은행 원화대출금,Group1,계정항목,1130000,유동성조절대출,A,2000,2022,16
3843,641Y001,1.4.4. 한국은행 원화대출금,Group1,계정항목,1130000,유동성조절대출,M,200012,202301,183
3844,641Y001,1.4.4. 한국은행 원화대출금,Group1,계정항목,1130000,유동성조절대출,Q,2000Q4,2022Q4,62
3845,641Y001,1.4.4. 한국은행 원화대출금,Group1,계정항목,1990000,기타,A,1971,2022,51
3846,641Y001,1.4.4. 한국은행 원화대출금,Group1,계정항목,1990000,기타,M,197101,202301,614
3847,641Y001,1.4.4. 한국은행 원화대출금,Group1,계정항목,1990000,기타,Q,1971Q1,2022Q4,205
3848,641Y001,1.4.4. 한국은행 원화대출금,Group1,계정항목,1140000,일시부족자금(일시한도(B2)),A,2006,2022,10
3849,641Y001,1.4.4. 한국은행 원화대출금,Group1,계정항목,1140000,일시부족자금(일시한도(B2)),M,200607,202301,116
3850,641Y001,1.4.4. 한국은행 원화대출금,Group1,계정항목,1140000,일시부족자금(일시한도(B2)),Q,2006Q3,2022Q4,39
3851,802Y001,1.5.1.1. 주식시장(일),Group1,계정항목,0001000,KOSPI지수,D,19950103,20230213,7142
3852,802Y001,1.5.1.1. 주식시장(일),Group1,계정항목,0002000,"거래량(주식시장, 잠정치)",D,20030102,20230213,4973
3853,802Y001,1.5.1.1. 주식시장(일),Group1,계정항목,0003000,"거래대금(주식시장 , 잠정치)",D,20030102,20230213,4973
3854,802Y001,1.5.1.1. 주식시장(일),Group1,계정항목,0030000,"외국인 순매수(주식시장, 잠정치)",D,20030102,20230213,4977
3855,802Y001,1.5.1.1. 주식시장(일),Group1,계정항목,0087000,"주식시장-거래량(만주, 시간외거래분 포함)",D,19950103,20230210,7173
3856,802Y001,1.5.1.1. 주식시장(일),Group1,계정항목,0088000,"주식시장-거래대금(억원, 시간외거래분 포함)",D,19950103,20230210,7173
3857,802Y001,1.5.1.1. 주식시장(일),Group1,계정항목,0089000,KOSDAQ지수,D,20030102,20230213,4977
3858,802Y001,1.5.1.1. 주식시장(일),Group1,계정항목,0090000,"거래량(만주 : 코스닥시장, 잠정치)",D,20030102,20230213,4977
3859,802Y001,1.5.1.1. 주식시장(일),Group1,계정항목,0091000,"거래대금(억원 : 코스닥시장, 잠정치)",D,20030102,20230213,4977
3860,802Y001,1.5.1.1. 주식시장(일),Group1,계정항목,0113000,"외국인 순매수(코스닥시장, 잠정치)",D,20030102,20230213,4977
3861,802Y001,1.5.1.1. 주식시장(일),Group1,계정항목,0183000,"시가총액(주식시장, 잠정치)",D,20030102,20230213,4977
3862,901Y014,"1.5.1.2. 주식시장(월,년)",Group1,계정항목,1010000,KOSPI_회사수,A,1984,2022,39
3863,901Y014,"1.5.1.2. 주식시장(월,년)",Group1,계정항목,1010000,KOSPI_회사수,M,200501,202212,216
3864,901Y014,"1.5.1.2. 주식시장(월,년)",Group1,계정항목,1020000,KOSPI_종목수,A,1984,2022,39
3865,901Y014,"1.5.1.2. 주식시장(월,년)",Group1,계정항목,1020000,KOSPI_종목수,M,200501,202212,216
3866,901Y014,"1.5.1.2. 주식시장(월,년)",Group1,계정항목,1030000,KOSPI_상장주식수,A,1984,2022,39
3867,901Y014,"1.5.1.2. 주식시장(월,년)",Group1,계정항목,1030000,KOSPI_상장주식수,M,200501,202212,216
3868,901Y014,"1.5.1.2. 주식시장(월,년)",Group1,계정항목,1040000,KOSPI_시가총액,A,1984,2022,39
3869,901Y014,"1.5.1.2. 주식시장(월,년)",Group1,계정항목,1040000,KOSPI_시가총액,M,200501,202212,216
3870,901Y014,"1.5.1.2. 주식시장(월,년)",Group1,계정항목,1050000,KOSPI_거래량,A,1984,2022,39
3871,901Y014,"1.5.1.2. 주식시장(월,년)",Group1,계정항목,1050000,KOSPI_거래량,M,200501,202212,216
3872,901Y014,"1.5.1.2. 주식시장(월,년)",Group1,계정항목,1060000,KOSPI_거래대금,A,1984,2022,39
3873,901Y014,"1.5.1.2. 주식시장(월,년)",Group1,계정항목,1060000,KOSPI_거래대금,M,200501,202212,216
3874,901Y014,"1.5.1.2. 주식시장(월,년)",Group1,계정항목,1070000,KOSPI_종가,A,1976,2022,47
3875,901Y014,"1.5.1.2. 주식시장(월,년)",Group1,계정항목,1070000,KOSPI_종가,M,200002,202212,275
3876,901Y014,"1.5.1.2. 주식시장(월,년)",Group1,계정항목,1080000,KOSPI_평균,A,1976,2022,47
3877,901Y014,"1.5.1.2. 주식시장(월,년)",Group1,계정항목,1080000,KOSPI_평균,M,200002,202212,275
3878,901Y014,"1.5.1.2. 주식시장(월,년)",Group1,계정항목,1090000,KOSPI_상장주식 회전율 1),A,1984,2022,39
3879,901Y014,"1.5.1.2. 주식시장(월,년)",Group1,계정항목,1090000,KOSPI_상장주식 회전율 1),M,200501,202212,216
3880,901Y014,"1.5.1.2. 주식시장(월,년)",Group1,계정항목,1100000,KOSPI_배당수익률 2),A,2001,2022,22
3881,901Y014,"1.5.1.2. 주식시장(월,년)",Group1,계정항목,1100000,KOSPI_배당수익률 2),M,200401,202212,228
3882,901Y014,"1.5.1.2. 주식시장(월,년)",Group1,계정항목,1110000,KOSPI_주가이익비율 3),A,2004,2022,19
3883,901Y014,"1.5.1.2. 주식시장(월,년)",Group1,계정항목,1110000,KOSPI_주가이익비율 3),M,200401,202212,228
3884,901Y014,"1.5.1.2. 주식시장(월,년)",Group1,계정항목,2010000,KOSDAQ_회사수,A,2004,2022,19
3885,901Y014,"1.5.1.2. 주식시장(월,년)",Group1,계정항목,2010000,KOSDAQ_회사수,M,200401,202212,228
3886,901Y014,"1.5.1.2. 주식시장(월,년)",Group1,계정항목,2020000,KOSDAQ_종목수,A,2004,2022,19
3887,901Y014,"1.5.1.2. 주식시장(월,년)",Group1,계정항목,2020000,KOSDAQ_종목수,M,200401,202212,228
3888,901Y014,"1.5.1.2. 주식시장(월,년)",Group1,계정항목,2030000,KOSDAQ_상장주식수,A,2004,2022,19
3889,901Y014,"1.5.1.2. 주식시장(월,년)",Group1,계정항목,2030000,KOSDAQ_상장주식수,M,200401,202212,228
3890,901Y014,"1.5.1.2. 주식시장(월,년)",Group1,계정항목,2040000,KOSDAQ_시가총액,A,2004,2022,19
3891,901Y014,"1.5.1.2. 주식시장(월,년)",Group1,계정항목,2040000,KOSDAQ_시가총액,M,200401,202212,228
3892,901Y014,"1.5.1.2. 주식시장(월,년)",Group1,계정항목,2050000,KOSDAQ_거래량,A,2004,2022,19
3893,901Y014,"1.5.1.2. 주식시장(월,년)",Group1,계정항목,2050000,KOSDAQ_거래량,M,200401,202212,228
3894,901Y014,"1.5.1.2. 주식시장(월,년)",Group1,계정항목,2060000,KOSDAQ_거래대금,A,2004,2022,19
3895,901Y014,"1.5.1.2. 주식시장(월,년)",Group1,계정항목,2060000,KOSDAQ_거래대금,M,200401,202212,228
3896,901Y014,"1.5.1.2. 주식시장(월,년)",Group1,계정항목,2070000,KOSDAQ_거래량 일평균,A,2004,2022,19
3897,901Y014,"1.5.1.2. 주식시장(월,년)",Group1,계정항목,2070000,KOSDAQ_거래량 일평균,M,200401,202212,228
3898,901Y014,"1.5.1.2. 주식시장(월,년)",Group1,계정항목,2080000,KOSDAQ_거래대금 일평균,A,2004,2022,19
3899,901Y014,"1.5.1.2. 주식시장(월,년)",Group1,계정항목,2080000,KOSDAQ_거래대금 일평균,M,200401,202212,228
3900,901Y014,"1.5.1.2. 주식시장(월,년)",Group1,계정항목,2090000,KOSDAQ_종가,A,2003,2022,20
3901,901Y014,"1.5.1.2. 주식시장(월,년)",Group1,계정항목,2090000,KOSDAQ_종가,M,200312,202212,229
3902,901Y014,"1.5.1.2. 주식시장(월,년)",Group1,계정항목,2100000,KOSDAQ_평균,A,2003,2022,20
3903,901Y014,"1.5.1.2. 주식시장(월,년)",Group1,계정항목,2100000,KOSDAQ_평균,M,200312,202212,229
3904,901Y014,"1.5.1.2. 주식시장(월,년)",Group1,계정항목,2110000,KOSDAQ_상장주식 회전율,A,2004,2022,19
3905,901Y014,"1.5.1.2. 주식시장(월,년)",Group1,계정항목,2110000,KOSDAQ_상장주식 회전율,M,200401,202212,228
3906,901Y014,"1.5.1.2. 주식시장(월,년)",Group1,계정항목,1060200,KOSPI_거래대금 일평균,A,1984,2022,39
3907,901Y014,"1.5.1.2. 주식시장(월,년)",Group1,계정항목,1060200,KOSPI_거래대금 일평균,M,200501,202212,216
3908,901Y014,"1.5.1.2. 주식시장(월,년)",Group1,계정항목,1060100,KOSPI_거래량 일평균,A,1984,2022,39
3909,901Y014,"1.5.1.2. 주식시장(월,년)",Group1,계정항목,1060100,KOSPI_거래량 일평균,M,200501,202212,216
3910,901Y055,1.5.1.3. 투자자별 주식거래,Group1,계정항목,S22AF,기타법인(매도),A,2004,2022,38
3911,901Y055,1.5.1.3. 투자자별 주식거래,Group1,계정항목,S22AF,기타법인(매도),M,200401,202212,456
3912,901Y055,1.5.1.3. 투자자별 주식거래,Group1,계정항목,S22BF,기타법인(매수),A,2004,2022,38
3913,901Y055,1.5.1.3. 투자자별 주식거래,Group1,계정항목,S22BF,기타법인(매수),M,200401,202212,456
3914,901Y055,1.5.1.3. 투자자별 주식거래,Group1,계정항목,S22CF,기타법인(순매수),A,2004,2022,38
3915,901Y055,1.5.1.3. 투자자별 주식거래,Group1,계정항목,S22CF,기타법인(순매수),M,200401,202212,456
3916,901Y055,1.5.1.3. 투자자별 주식거래,Group1,계정항목,S22A,매도 1),A,2004,2022,38
3917,901Y055,1.5.1.3. 투자자별 주식거래,Group1,계정항목,S22A,매도 1),M,200401,202212,456
3918,901Y055,1.5.1.3. 투자자별 주식거래,Group1,계정항목,S22AA,기관투자자(매도),A,2004,2022,38
3919,901Y055,1.5.1.3. 투자자별 주식거래,Group1,계정항목,S22AA,기관투자자(매도),M,200401,202212,456
3920,901Y055,1.5.1.3. 투자자별 주식거래,Group1,계정항목,S22AB,개인(매도),A,2004,2022,38
3921,901Y055,1.5.1.3. 투자자별 주식거래,Group1,계정항목,S22AB,개인(매도),M,200401,202212,456
3922,901Y055,1.5.1.3. 투자자별 주식거래,Group1,계정항목,S22AC,외국인(매도) 3),A,2004,2022,38
3923,901Y055,1.5.1.3. 투자자별 주식거래,Group1,계정항목,S22AC,외국인(매도) 3),M,200401,202212,456
3924,901Y055,1.5.1.3. 투자자별 주식거래,Group1,계정항목,S22AD,기타외국인(매도) 4),A,2004,2022,38
3925,901Y055,1.5.1.3. 투자자별 주식거래,Group1,계정항목,S22AD,기타외국인(매도) 4),M,200401,202212,456
3926,901Y055,1.5.1.3. 투자자별 주식거래,Group1,계정항목,S22B,매수 1),A,2004,2022,38
3927,901Y055,1.5.1.3. 투자자별 주식거래,Group1,계정항목,S22B,매수 1),M,200401,202212,456
3928,901Y055,1.5.1.3. 투자자별 주식거래,Group1,계정항목,S22BA,기관투자자(매수),A,2004,2022,38
3929,901Y055,1.5.1.3. 투자자별 주식거래,Group1,계정항목,S22BA,기관투자자(매수),M,200401,202212,456
3930,901Y055,1.5.1.3. 투자자별 주식거래,Group1,계정항목,S22BB,개인(매수),A,2004,2022,38
3931,901Y055,1.5.1.3. 투자자별 주식거래,Group1,계정항목,S22BB,개인(매수),M,200401,202212,456
3932,901Y055,1.5.1.3. 투자자별 주식거래,Group1,계정항목,S22BC,외국인(매수) 3),A,2004,2022,38
3933,901Y055,1.5.1.3. 투자자별 주식거래,Group1,계정항목,S22BC,외국인(매수) 3),M,200401,202212,456
3934,901Y055,1.5.1.3. 투자자별 주식거래,Group1,계정항목,S22BD,기타외국인(매수) 4),A,2004,2022,38
3935,901Y055,1.5.1.3. 투자자별 주식거래,Group1,계정항목,S22BD,기타외국인(매수) 4),M,200401,202212,456
3936,901Y055,1.5.1.3. 투자자별 주식거래,Group1,계정항목,S22C,순매수 2),A,2004,2022,38
3937,901Y055,1.5.1.3. 투자자별 주식거래,Group1,계정항목,S22C,순매수 2),M,200401,202212,456
3938,901Y055,1.5.1.3. 투자자별 주식거래,Group1,계정항목,S22CA,기관투자자(순매수),A,2004,2022,38
3939,901Y055,1.5.1.3. 투자자별 주식거래,Group1,계정항목,S22CA,기관투자자(순매수),M,200401,202212,456
3940,901Y055,1.5.1.3. 투자자별 주식거래,Group1,계정항목,S22CB,개인(순매수),A,2004,2022,38
3941,901Y055,1.5.1.3. 투자자별 주식거래,Group1,계정항목,S22CB,개인(순매수),M,200401,202212,456
3942,901Y055,1.5.1.3. 투자자별 주식거래,Group1,계정항목,S22CC,외국인(순매수) 3),A,2004,2022,38
3943,901Y055,1.5.1.3. 투자자별 주식거래,Group1,계정항목,S22CC,외국인(순매수) 3),M,200401,202212,456
3944,901Y055,1.5.1.3. 투자자별 주식거래,Group1,계정항목,S22CD,기타외국인(순매수) 4),A,2004,2022,38
3945,901Y055,1.5.1.3. 투자자별 주식거래,Group1,계정항목,S22CD,기타외국인(순매수) 4),M,200401,202212,456
3946,901Y055,1.5.1.3. 투자자별 주식거래,Group2,구분코드,VO,거래량,A,2004,2022,384
3947,901Y055,1.5.1.3. 투자자별 주식거래,Group2,구분코드,VO,거래량,M,200401,202212,4638
3948,901Y055,1.5.1.3. 투자자별 주식거래,Group2,구분코드,VA,거래대금,A,2004,2022,384
3949,901Y055,1.5.1.3. 투자자별 주식거래,Group2,구분코드,VA,거래대금,M,200401,202212,4638
3950,901Y056,1.5.1.4. 증시주변자금동향,Group1,계정항목,S23A,투자자 예탁금,A,1998,2022,25
3951,901Y056,1.5.1.4. 증시주변자금동향,Group1,계정항목,S23A,투자자 예탁금,M,199806,202301,296
3952,901Y056,1.5.1.4. 증시주변자금동향,Group1,계정항목,S23B,파생상품거래 예수금 1),A,1998,2022,25
3953,901Y056,1.5.1.4. 증시주변자금동향,Group1,계정항목,S23B,파생상품거래 예수금 1),M,199806,202301,296
3954,901Y056,1.5.1.4. 증시주변자금동향,Group1,계정항목,S23C,RP,A,1998,2022,25
3955,901Y056,1.5.1.4. 증시주변자금동향,Group1,계정항목,S23C,RP,M,199806,202301,296
3956,901Y056,1.5.1.4. 증시주변자금동향,Group1,계정항목,S23D,위탁매매 미수금,A,1998,2022,25
3957,901Y056,1.5.1.4. 증시주변자금동향,Group1,계정항목,S23D,위탁매매 미수금,M,199806,202301,296
3958,901Y056,1.5.1.4. 증시주변자금동향,Group1,계정항목,S23E,신용융자 잔고 2),A,1998,2022,25
3959,901Y056,1.5.1.4. 증시주변자금동향,Group1,계정항목,S23E,신용융자 잔고 2),M,199806,202301,296
3960,901Y056,1.5.1.4. 증시주변자금동향,Group1,계정항목,S23F,신용대주 잔고 2),A,1998,2022,25
3961,901Y056,1.5.1.4. 증시주변자금동향,Group1,계정항목,S23F,신용대주 잔고 2),M,199806,202301,296
3962,901Y057,1.5.1.5. 주가지수선물거래,Group1,계정항목,S25A,계약수 1),A,2004,2022,19
3963,901Y057,1.5.1.5. 주가지수선물거래,Group1,계정항목,S25A,계약수 1),M,200401,202212,228
3964,901Y057,1.5.1.5. 주가지수선물거래,Group1,계정항목,S25B,계약수(일평균) 1),A,2004,2022,19
3965,901Y057,1.5.1.5. 주가지수선물거래,Group1,계정항목,S25B,계약수(일평균) 1),M,200401,202212,228
3966,901Y057,1.5.1.5. 주가지수선물거래,Group1,계정항목,S25C,계약금액 1),A,2004,2022,19
3967,901Y057,1.5.1.5. 주가지수선물거래,Group1,계정항목,S25C,계약금액 1),M,200401,202212,228
3968,901Y057,1.5.1.5. 주가지수선물거래,Group1,계정항목,S25D,계약금액(일평균) 1),A,2004,2022,19
3969,901Y057,1.5.1.5. 주가지수선물거래,Group1,계정항목,S25D,계약금액(일평균) 1),M,200401,202212,228
3970,901Y058,1.5.1.6. 주가지수옵션거래,Group1,계정항목,S26AA,거래량(총 옵션거래),A,2006,2022,17
3971,901Y058,1.5.1.6. 주가지수옵션거래,Group1,계정항목,S26AA,거래량(총 옵션거래),M,200601,202212,204
3972,901Y058,1.5.1.6. 주가지수옵션거래,Group1,계정항목,S26AB,거래량(일평균)(총 옵션거래),A,2006,2022,17
3973,901Y058,1.5.1.6. 주가지수옵션거래,Group1,계정항목,S26AB,거래량(일평균)(총 옵션거래),M,200601,202212,204
3974,901Y058,1.5.1.6. 주가지수옵션거래,Group1,계정항목,S26AC,거래대금(총 옵션거래),A,2006,2022,17
3975,901Y058,1.5.1.6. 주가지수옵션거래,Group1,계정항목,S26AC,거래대금(총 옵션거래),M,200601,202212,204
3976,901Y058,1.5.1.6. 주가지수옵션거래,Group1,계정항목,S26AD,거래대금(일평균)(총 옵션거래),A,2006,2022,17
3977,901Y058,1.5.1.6. 주가지수옵션거래,Group1,계정항목,S26AD,거래대금(일평균)(총 옵션거래),M,200601,202212,204
3978,901Y058,1.5.1.6. 주가지수옵션거래,Group1,계정항목,S26B,CALL 옵션,M,200812,200903,4
3979,901Y058,1.5.1.6. 주가지수옵션거래,Group1,계정항목,S26BA,거래량(CALL 옵션),A,2006,2022,17
3980,901Y058,1.5.1.6. 주가지수옵션거래,Group1,계정항목,S26BA,거래량(CALL 옵션),M,200601,202212,204
3981,901Y058,1.5.1.6. 주가지수옵션거래,Group1,계정항목,S26BB,거래량(일평균)(CALL 옵션),A,2006,2022,17
3982,901Y058,1.5.1.6. 주가지수옵션거래,Group1,계정항목,S26BB,거래량(일평균)(CALL 옵션),M,200601,202212,204
3983,901Y058,1.5.1.6. 주가지수옵션거래,Group1,계정항목,S26BC,거래대금(CALL 옵션),A,2006,2022,17
3984,901Y058,1.5.1.6. 주가지수옵션거래,Group1,계정항목,S26BC,거래대금(CALL 옵션),M,200601,202212,204
3985,901Y058,1.5.1.6. 주가지수옵션거래,Group1,계정항목,S26BD,거래대금(일평균)(CALL 옵션),A,2006,2022,17
3986,901Y058,1.5.1.6. 주가지수옵션거래,Group1,계정항목,S26BD,거래대금(일평균)(CALL 옵션),M,200601,202212,204
3987,901Y058,1.5.1.6. 주가지수옵션거래,Group1,계정항목,S26C,PUT 옵션,M,200812,200903,4
3988,901Y058,1.5.1.6. 주가지수옵션거래,Group1,계정항목,S26CA,거래량(PUT 옵션),A,2006,2022,17
3989,901Y058,1.5.1.6. 주가지수옵션거래,Group1,계정항목,S26CA,거래량(PUT 옵션),M,200601,202212,204
3990,901Y058,1.5.1.6. 주가지수옵션거래,Group1,계정항목,S26CB,거래량(일평균)(PUT 옵션),A,2006,2022,17
3991,901Y058,1.5.1.6. 주가지수옵션거래,Group1,계정항목,S26CB,거래량(일평균)(PUT 옵션),M,200601,202212,204
3992,901Y058,1.5.1.6. 주가지수옵션거래,Group1,계정항목,S26CC,거래대금(PUT 옵션),A,2006,2022,17
3993,901Y058,1.5.1.6. 주가지수옵션거래,Group1,계정항목,S26CC,거래대금(PUT 옵션),M,200601,202212,204
3994,901Y058,1.5.1.6. 주가지수옵션거래,Group1,계정항목,S26CD,거래대금(일평균)(PUT 옵션),A,2006,2022,17
3995,901Y058,1.5.1.6. 주가지수옵션거래,Group1,계정항목,S26CD,거래대금(일평균)(PUT 옵션),M,200601,202212,204
3996,901Y015,1.5.2. 채권거래,Group1,계정항목,1,전체,A,2007,2022,64
3997,901Y015,1.5.2. 채권거래,Group1,계정항목,1,전체,M,200701,202301,773
3998,901Y015,1.5.2. 채권거래,Group1,계정항목,4,국채,A,2007,2022,64
3999,901Y015,1.5.2. 채권거래,Group1,계정항목,4,국채,M,200701,202301,773
4000,901Y015,1.5.2. 채권거래,Group1,계정항목,5,지방채,A,2007,2022,64
4001,901Y015,1.5.2. 채권거래,Group1,계정항목,5,지방채,M,200701,202301,773
4002,901Y015,1.5.2. 채권거래,Group1,계정항목,6,특수채,A,2007,2022,64
4003,901Y015,1.5.2. 채권거래,Group1,계정항목,6,특수채,M,200701,202301,773
4004,901Y015,1.5.2. 채권거래,Group1,계정항목,7,회사채,A,2007,2022,64
4005,901Y015,1.5.2. 채권거래,Group1,계정항목,7,회사채,M,200701,202301,773
4006,901Y015,1.5.2. 채권거래,Group1,계정항목,8,외국채,A,2007,2022,64
4007,901Y015,1.5.2. 채권거래,Group1,계정항목,8,외국채,M,200701,202301,645
4008,901Y015,1.5.2. 채권거래,Group2,구분코드,2010000,상장종목수,A,2007,2022,120
4009,901Y015,1.5.2. 채권거래,Group2,구분코드,2010000,상장종목수,M,200701,202301,1420
4010,901Y015,1.5.2. 채권거래,Group2,구분코드,2020000,상장잔액,A,2007,2022,120
4011,901Y015,1.5.2. 채권거래,Group2,구분코드,2020000,상장잔액,M,200701,202301,1420
4012,901Y015,1.5.2. 채권거래,Group2,구분코드,2030000,거래량,A,2007,2022,120
4013,901Y015,1.5.2. 채권거래,Group2,구분코드,2030000,거래량,M,200701,202301,1420
4014,901Y015,1.5.2. 채권거래,Group2,구분코드,2040000,거래대금,A,2007,2022,120
4015,901Y015,1.5.2. 채권거래,Group2,구분코드,2040000,거래대금,M,200701,202301,1420
4016,191Y001,1.5.3. 주요 국공채 발행액/잔액,Group1,계정항목,0200000,국고채권,A,1989,2022,64
4017,191Y001,1.5.3. 주요 국공채 발행액/잔액,Group1,계정항목,0200000,국고채권,M,200010,202212,534
4018,191Y001,1.5.3. 주요 국공채 발행액/잔액,Group1,계정항목,0300000,양곡증권,A,1979,2022,53
4019,191Y001,1.5.3. 주요 국공채 발행액/잔액,Group1,계정항목,0300000,양곡증권,M,198501,202212,528
4020,191Y001,1.5.3. 주요 국공채 발행액/잔액,Group1,계정항목,0400000,국민주택채권,A,1979,2022,88
4021,191Y001,1.5.3. 주요 국공채 발행액/잔액,Group1,계정항목,0400000,국민주택채권,M,198501,202212,912
4022,191Y001,1.5.3. 주요 국공채 발행액/잔액,Group1,계정항목,0500000,산업금융채권,A,1979,2022,88
4023,191Y001,1.5.3. 주요 국공채 발행액/잔액,Group1,계정항목,0500000,산업금융채권,M,198501,202212,912
4024,191Y001,1.5.3. 주요 국공채 발행액/잔액,Group1,계정항목,0700000,외국환평형기금채권,A,1987,2022,39
4025,191Y001,1.5.3. 주요 국공채 발행액/잔액,Group1,계정항목,0700000,외국환평형기금채권,M,198701,202212,493
4026,191Y001,1.5.3. 주요 국공채 발행액/잔액,Group1,계정항목,0800000,통화안정증권,A,1972,2022,102
4027,191Y001,1.5.3. 주요 국공채 발행액/잔액,Group1,계정항목,0800000,통화안정증권,M,197201,202301,1226
4028,191Y001,1.5.3. 주요 국공채 발행액/잔액,Group1,계정항목,0800000,통화안정증권,Q,2003Q1,2004Q2,6
4029,191Y001,1.5.3. 주요 국공채 발행액/잔액,Group1,계정항목,0900000,서울지하철공채,A,1990,2022,66
4030,191Y001,1.5.3. 주요 국공채 발행액/잔액,Group1,계정항목,0900000,서울지하철공채,M,199501,202212,672
4031,191Y001,1.5.3. 주요 국공채 발행액/잔액,Group2,발행/잔액 구분,3,발행액,A,1972,2022,275
4032,191Y001,1.5.3. 주요 국공채 발행액/잔액,Group2,발행/잔액 구분,3,발행액,M,197201,202301,2808
4033,191Y001,1.5.3. 주요 국공채 발행액/잔액,Group2,발행/잔액 구분,4,잔액,A,1972,2022,276
4034,191Y001,1.5.3. 주요 국공채 발행액/잔액,Group2,발행/잔액 구분,4,잔액,M,197201,202301,2861
4035,191Y001,1.5.3. 주요 국공채 발행액/잔액,Group2,발행/잔액 구분,4,잔액,Q,2003Q1,2004Q2,6
4036,901Y013,1.5.4.1. 통합재정수지,Group1,계정항목,A,총수입,M,199912,202211,276
4037,901Y013,1.5.4.1. 통합재정수지,Group1,계정항목,A01,경상수입,M,199912,202211,276
4038,901Y013,1.5.4.1. 통합재정수지,Group1,계정항목,A0101,국세수입,M,199912,202211,276
4039,901Y013,1.5.4.1. 통합재정수지,Group1,계정항목,A010101,소득및이익세,M,199912,202211,276
4040,901Y013,1.5.4.1. 통합재정수지,Group1,계정항목,A010102,재산세,M,199912,202211,276
4041,901Y013,1.5.4.1. 통합재정수지,Group1,계정항목,A010103,재화및용역세,M,199912,202211,276
4042,901Y013,1.5.4.1. 통합재정수지,Group1,계정항목,A010104,관세,M,199912,202211,276
4043,901Y013,1.5.4.1. 통합재정수지,Group1,계정항목,A010105,기타,M,199912,202211,276
4044,901Y013,1.5.4.1. 통합재정수지,Group1,계정항목,A0102,사회보장기여금,M,199912,202211,276
4045,901Y013,1.5.4.1. 통합재정수지,Group1,계정항목,A0103,세외수입 1),M,199912,202211,276
4046,901Y013,1.5.4.1. 통합재정수지,Group1,계정항목,A02,자본수입 2),M,199912,202211,276
4047,901Y013,1.5.4.1. 통합재정수지,Group1,계정항목,B,총지출및순융자,M,199912,202211,276
4048,901Y013,1.5.4.1. 통합재정수지,Group1,계정항목,B01,총지출,M,199912,202211,276
4049,901Y013,1.5.4.1. 통합재정수지,Group1,계정항목,B0101,경상지출,M,199912,202211,276
4050,901Y013,1.5.4.1. 통합재정수지,Group1,계정항목,B010101,재화및용역,M,199912,202211,276
4051,901Y013,1.5.4.1. 통합재정수지,Group1,계정항목,B010102,이자지급,M,199912,202211,276
4052,901Y013,1.5.4.1. 통합재정수지,Group1,계정항목,B0101021,국내,M,199912,202211,276
4053,901Y013,1.5.4.1. 통합재정수지,Group1,계정항목,B0101022,국외,M,199912,202211,276
4054,901Y013,1.5.4.1. 통합재정수지,Group1,계정항목,B010103,보조금및경상이전,M,199912,202211,276
4055,901Y013,1.5.4.1. 통합재정수지,Group1,계정항목,B0101031,보조금,M,199912,202211,276
4056,901Y013,1.5.4.1. 통합재정수지,Group1,계정항목,B0101032,지방정부경상이전,M,199912,202211,276
4057,901Y013,1.5.4.1. 통합재정수지,Group1,계정항목,B0101033,비영리기구경상이전,M,199912,202211,276
4058,901Y013,1.5.4.1. 통합재정수지,Group1,계정항목,B0101034,가계경상이전,M,199912,202211,276
4059,901Y013,1.5.4.1. 통합재정수지,Group1,계정항목,B0101035,해외경상이전,M,199912,202211,276
4060,901Y013,1.5.4.1. 통합재정수지,Group1,계정항목,B010104,기업특별회계경상지출,M,199912,202211,276
4061,901Y013,1.5.4.1. 통합재정수지,Group1,계정항목,B0102,자본지출,M,199912,202211,276
4062,901Y013,1.5.4.1. 통합재정수지,Group1,계정항목,B010201,고정자산취득,M,199912,202211,276
4063,901Y013,1.5.4.1. 통합재정수지,Group1,계정항목,B010202,재고자산매입,M,199912,202211,276
4064,901Y013,1.5.4.1. 통합재정수지,Group1,계정항목,B010203,토지및무형자산매입,M,199912,202211,276
4065,901Y013,1.5.4.1. 통합재정수지,Group1,계정항목,B010204,기업특별회계자본지출,M,199912,202211,276
4066,901Y013,1.5.4.1. 통합재정수지,Group1,계정항목,B010205,자본이전,M,199912,202211,276
4067,901Y013,1.5.4.1. 통합재정수지,Group1,계정항목,B02,순융자 3),M,199912,202211,276
4068,901Y013,1.5.4.1. 통합재정수지,Group1,계정항목,C,통합재정수지,M,199912,202211,276
4069,901Y081,1.5.4.2. 조세징수액,Group1,계정항목,G2A,조세총액,A,1980,2021,42
4070,901Y081,1.5.4.2. 조세징수액,Group1,계정항목,G2AA,국세총액 1),A,1980,2021,42
4071,901Y081,1.5.4.2. 조세징수액,Group1,계정항목,G2AAA,내국세,A,1992,2021,30
4072,901Y081,1.5.4.2. 조세징수액,Group1,계정항목,G2AAAA,직접세,A,1992,2021,30
4073,901Y081,1.5.4.2. 조세징수액,Group1,계정항목,G2AAAAA,소득세,A,1992,2021,30
4074,901Y081,1.5.4.2. 조세징수액,Group1,계정항목,G2AAAAB,법인세,A,1992,2021,30
4075,901Y081,1.5.4.2. 조세징수액,Group1,계정항목,G2AAAB,간접세,A,1992,2021,30
4076,901Y081,1.5.4.2. 조세징수액,Group1,계정항목,G2AAABA,부가가치세,A,1992,2021,30
4077,901Y081,1.5.4.2. 조세징수액,Group1,계정항목,G2AAABB,특별소비세,A,1992,2021,30
4078,901Y081,1.5.4.2. 조세징수액,Group1,계정항목,G2AAABC,주세,A,1992,2021,30
4079,901Y081,1.5.4.2. 조세징수액,Group1,계정항목,G2AAAC,인지세,A,1992,2021,30
4080,901Y081,1.5.4.2. 조세징수액,Group1,계정항목,G2AAAD,과년도수입,A,1992,2021,30
4081,901Y081,1.5.4.2. 조세징수액,Group1,계정항목,G2AAB,교육세,A,1992,2021,30
4082,901Y081,1.5.4.2. 조세징수액,Group1,계정항목,G2AAC,교통세,A,1993,2021,29
4083,901Y081,1.5.4.2. 조세징수액,Group1,계정항목,G2AAD,관세,A,1992,2021,30
4084,901Y081,1.5.4.2. 조세징수액,Group1,계정항목,G2AAE,방위세,A,1992,2021,30
4085,901Y081,1.5.4.2. 조세징수액,Group1,계정항목,G2AAF,농어촌특별세,A,1994,2021,28
4086,901Y081,1.5.4.2. 조세징수액,Group1,계정항목,G2AB,지방세합계,A,1980,2021,42
4087,901Y081,1.5.4.2. 조세징수액,Group1,계정항목,G3AAAAC,상속세,A,1992,2021,30
4088,901Y081,1.5.4.2. 조세징수액,Group1,계정항목,G3AAAAD,자산재평가세,A,1992,2012,17
4089,901Y081,1.5.4.2. 조세징수액,Group1,계정항목,G3AAAAE,토지초과이득세,A,1992,2006,15
4090,901Y081,1.5.4.2. 조세징수액,Group1,계정항목,G3AAABD,전화세,A,1992,2007,16
4091,901Y081,1.5.4.2. 조세징수액,Group1,계정항목,G3AAABE,증권거래세,A,1992,2021,30
4092,901Y081,1.5.4.2. 조세징수액,Group1,계정항목,G2AAH,종합부동산세,A,2005,2021,17
4093,200Y001,2.1.1.1. 주요지표(연간지표),Group1,계정항목,10101,"국내총생산(명목, 원화표시)",A,1953,2021,69
4094,200Y001,2.1.1.1. 주요지표(연간지표),Group1,계정항목,1010101,"국내총생산(명목, 달러표시)",A,1953,2021,69
4095,200Y001,2.1.1.1. 주요지표(연간지표),Group1,계정항목,10102,"국민총소득(명목, 원화표시)",A,1953,2021,69
4096,200Y001,2.1.1.1. 주요지표(연간지표),Group1,계정항목,1010201,"국민총소득(명목, 달러표시)",A,1953,2021,69
4097,200Y001,2.1.1.1. 주요지표(연간지표),Group1,계정항목,10103,요소비용국민소득(명목),A,1953,2021,69
4098,200Y001,2.1.1.1. 주요지표(연간지표),Group1,계정항목,10104,국민처분가능소득(명목),A,1953,2021,69
4099,200Y001,2.1.1.1. 주요지표(연간지표),Group1,계정항목,10105,국민총처분가능소득(명목),A,1953,2021,69
4100,200Y001,2.1.1.1. 주요지표(연간지표),Group1,계정항목,101051,가계총처분가능소득(명목),A,1975,2021,47
4101,200Y001,2.1.1.1. 주요지표(연간지표),Group1,계정항목,10107,"1인당 국내총생산(명목, 원화표시)",A,1953,2021,69
4102,200Y001,2.1.1.1. 주요지표(연간지표),Group1,계정항목,1010701,"1인당 국내총생산(명목, 달러표시)",A,1953,2021,69
4103,200Y001,2.1.1.1. 주요지표(연간지표),Group1,계정항목,10106,"1인당 국민총소득(명목, 원화표시)",A,1953,2021,69
4104,200Y001,2.1.1.1. 주요지표(연간지표),Group1,계정항목,1010601,"1인당 국민총소득(명목, 달러표시)",A,1953,2021,69
4105,200Y001,2.1.1.1. 주요지표(연간지표),Group1,계정항목,1010602,"1인당 가계총처분가능소득(명목, 원화표시)",A,1975,2021,47
4106,200Y001,2.1.1.1. 주요지표(연간지표),Group1,계정항목,1010603,"1인당 가계총처분가능소득(명목, 달러표시)",A,1975,2021,47
4107,200Y001,2.1.1.1. 주요지표(연간지표),Group1,계정항목,20101,국내총생산(실질성장률),A,1954,2022,69
4108,200Y001,2.1.1.1. 주요지표(연간지표),Group1,계정항목,2010101,농림어업,A,1954,2022,69
4109,200Y001,2.1.1.1. 주요지표(연간지표),Group1,계정항목,2010102,광공업,A,1954,2022,69
4110,200Y001,2.1.1.1. 주요지표(연간지표),Group1,계정항목,2010103,(제조업),A,1954,2022,69
4111,200Y001,2.1.1.1. 주요지표(연간지표),Group1,계정항목,2010104,"전기, 가스 및 수도사업",A,1954,2022,69
4112,200Y001,2.1.1.1. 주요지표(연간지표),Group1,계정항목,2010105,건설업,A,1954,2022,69
4113,200Y001,2.1.1.1. 주요지표(연간지표),Group1,계정항목,2010106,서비스업,A,1954,2022,69
4114,200Y001,2.1.1.1. 주요지표(연간지표),Group1,계정항목,2010107,순생산물세,A,1954,2022,69
4115,200Y001,2.1.1.1. 주요지표(연간지표),Group1,계정항목,20102,국내총소득,A,1954,2022,69
4116,200Y001,2.1.1.1. 주요지표(연간지표),Group1,계정항목,20103,국민총소득,A,1954,2021,68
4117,200Y001,2.1.1.1. 주요지표(연간지표),Group1,계정항목,30101,최종소비지출(실질증감률),A,1954,2022,69
4118,200Y001,2.1.1.1. 주요지표(연간지표),Group1,계정항목,3010101,민간,A,1954,2022,69
4119,200Y001,2.1.1.1. 주요지표(연간지표),Group1,계정항목,3010102,정부,A,1954,2022,69
4120,200Y001,2.1.1.1. 주요지표(연간지표),Group1,계정항목,30102,총고정자본형성,A,1954,2022,69
4121,200Y001,2.1.1.1. 주요지표(연간지표),Group1,계정항목,3010207,총고정자본형성(민간),A,1971,2022,52
4122,200Y001,2.1.1.1. 주요지표(연간지표),Group1,계정항목,3010208,총고정자본형성(정부),A,1971,2022,52
4123,200Y001,2.1.1.1. 주요지표(연간지표),Group1,계정항목,3010201,건설투자,A,1954,2022,69
4124,200Y001,2.1.1.1. 주요지표(연간지표),Group1,계정항목,3010202,(건물건설),A,1971,2021,51
4125,200Y001,2.1.1.1. 주요지표(연간지표),Group1,계정항목,3010203,(토목건설),A,1971,2021,51
4126,200Y001,2.1.1.1. 주요지표(연간지표),Group1,계정항목,30103,설비투자,A,1954,2022,69
4127,200Y001,2.1.1.1. 주요지표(연간지표),Group1,계정항목,3010301,(기계류),A,1971,2021,51
4128,200Y001,2.1.1.1. 주요지표(연간지표),Group1,계정항목,3010302,(운송장비),A,1971,2021,51
4129,200Y001,2.1.1.1. 주요지표(연간지표),Group1,계정항목,30104,지식재산생산물투자,A,1954,2022,69
4130,200Y001,2.1.1.1. 주요지표(연간지표),Group1,계정항목,30105,재화와서비스의수출,A,1954,2022,69
4131,200Y001,2.1.1.1. 주요지표(연간지표),Group1,계정항목,3010501,(재화),A,1954,2022,69
4132,200Y001,2.1.1.1. 주요지표(연간지표),Group1,계정항목,30106,재화와서비스의수입,A,1954,2022,69
4133,200Y001,2.1.1.1. 주요지표(연간지표),Group1,계정항목,3010601,(재화),A,1954,2022,69
4134,200Y001,2.1.1.1. 주요지표(연간지표),Group1,계정항목,40101,농림어업(생산구조-명목),A,1953,2021,69
4135,200Y001,2.1.1.1. 주요지표(연간지표),Group1,계정항목,40102,광공업,A,1953,2021,69
4136,200Y001,2.1.1.1. 주요지표(연간지표),Group1,계정항목,4010201,(제조업),A,1953,2021,69
4137,200Y001,2.1.1.1. 주요지표(연간지표),Group1,계정항목,40103,"전기, 가스 및 수도사업",A,1953,2021,69
4138,200Y001,2.1.1.1. 주요지표(연간지표),Group1,계정항목,40104,건설업,A,1953,2021,69
4139,200Y001,2.1.1.1. 주요지표(연간지표),Group1,계정항목,40105,서비스업,A,1953,2021,69
4140,200Y001,2.1.1.1. 주요지표(연간지표),Group1,계정항목,60101,최종소비지출(지출구조-명목),A,1953,2021,69
4141,200Y001,2.1.1.1. 주요지표(연간지표),Group1,계정항목,6010101,민간,A,1953,2021,69
4142,200Y001,2.1.1.1. 주요지표(연간지표),Group1,계정항목,6010102,정부,A,1953,2021,69
4143,200Y001,2.1.1.1. 주요지표(연간지표),Group1,계정항목,60102,총고정자본형성,A,1953,2021,69
4144,200Y001,2.1.1.1. 주요지표(연간지표),Group1,계정항목,60103,재화와서비스의수출,A,1953,2021,69
4145,200Y001,2.1.1.1. 주요지표(연간지표),Group1,계정항목,60104,(공제)재화와서비스의수입,A,1953,2021,69
4146,200Y001,2.1.1.1. 주요지표(연간지표),Group1,계정항목,70104,총본원소득(GNI)의분배,A,2000,2020,21
4147,200Y001,2.1.1.1. 주요지표(연간지표),Group1,계정항목,7010401,요소소득별,A,2000,2020,21
4148,200Y001,2.1.1.1. 주요지표(연간지표),Group1,계정항목,701040101,피용자보수,A,1953,2021,69
4149,200Y001,2.1.1.1. 주요지표(연간지표),Group1,계정항목,701040102,기업 및 재산소득,A,1953,2021,69
4150,200Y001,2.1.1.1. 주요지표(연간지표),Group1,계정항목,701040103,고정자본소모,A,1953,2021,69
4151,200Y001,2.1.1.1. 주요지표(연간지표),Group1,계정항목,701040104,생산및수입세(공제)보조금,A,1953,2021,69
4152,200Y001,2.1.1.1. 주요지표(연간지표),Group1,계정항목,7010402,제도부문별,A,2000,2020,21
4153,200Y001,2.1.1.1. 주요지표(연간지표),Group1,계정항목,701040201,가계,A,1975,2021,47
4154,200Y001,2.1.1.1. 주요지표(연간지표),Group1,계정항목,701040202,기업,A,1975,2021,47
4155,200Y001,2.1.1.1. 주요지표(연간지표),Group1,계정항목,701040203,정부,A,1975,2021,47
4156,200Y001,2.1.1.1. 주요지표(연간지표),Group1,계정항목,7010101,피용자보수,A,1953,2021,69
4157,200Y001,2.1.1.1. 주요지표(연간지표),Group1,계정항목,7010102,기업 및 재산소득,A,1953,2021,69
4158,200Y001,2.1.1.1. 주요지표(연간지표),Group1,계정항목,7010103,고정자본소모,A,1953,2021,69
4159,200Y001,2.1.1.1. 주요지표(연간지표),Group1,계정항목,7010104,생산및수입세(공제)보조금,A,1953,2021,69
4160,200Y001,2.1.1.1. 주요지표(연간지표),Group1,계정항목,7010105,국외순수취경상이전,A,1953,2021,69
4161,200Y001,2.1.1.1. 주요지표(연간지표),Group1,계정항목,70102,요소소득별,A,2000,2020,21
4162,200Y001,2.1.1.1. 주요지표(연간지표),Group1,계정항목,70103,제도부문별,A,2000,2020,21
4163,200Y001,2.1.1.1. 주요지표(연간지표),Group1,계정항목,7010106,가계,A,1975,2021,47
4164,200Y001,2.1.1.1. 주요지표(연간지표),Group1,계정항목,7010107,기업,A,1975,2021,47
4165,200Y001,2.1.1.1. 주요지표(연간지표),Group1,계정항목,7010108,정부,A,1975,2021,47
4166,200Y001,2.1.1.1. 주요지표(연간지표),Group1,계정항목,70105,총조정처분가능소득의분배,A,2000,2020,21
4167,200Y001,2.1.1.1. 주요지표(연간지표),Group1,계정항목,7010501,제도부문별,A,2000,2020,21
4168,200Y001,2.1.1.1. 주요지표(연간지표),Group1,계정항목,701050101,가계,A,1975,2021,47
4169,200Y001,2.1.1.1. 주요지표(연간지표),Group1,계정항목,701050102,기업,A,1975,2021,47
4170,200Y001,2.1.1.1. 주요지표(연간지표),Group1,계정항목,701050103,정부,A,1975,2021,47
4171,200Y001,2.1.1.1. 주요지표(연간지표),Group1,계정항목,7010200,피용자보수비율,A,1953,2021,69
4172,200Y001,2.1.1.1. 주요지표(연간지표),Group1,계정항목,80101,총저축률,A,1953,2021,69
4173,200Y001,2.1.1.1. 주요지표(연간지표),Group1,계정항목,8010101,민간,A,1970,2021,52
4174,200Y001,2.1.1.1. 주요지표(연간지표),Group1,계정항목,8010102,(가계 및 비영리단체),A,1975,2021,47
4175,200Y001,2.1.1.1. 주요지표(연간지표),Group1,계정항목,8010103,(기업),A,1975,2021,47
4176,200Y001,2.1.1.1. 주요지표(연간지표),Group1,계정항목,8010104,정부,A,1970,2021,52
4177,200Y001,2.1.1.1. 주요지표(연간지표),Group1,계정항목,8010200,국내총투자율,A,1953,2021,69
4178,200Y001,2.1.1.1. 주요지표(연간지표),Group1,계정항목,8010201,(국내총고정투자율),A,1953,2021,69
4179,200Y001,2.1.1.1. 주요지표(연간지표),Group1,계정항목,8010400,(가계순저축률),A,1953,2021,69
4180,200Y001,2.1.1.1. 주요지표(연간지표),Group1,계정항목,901,수출입의 대 GNI 비율(명목),A,1953,2021,69
4181,200Y001,2.1.1.1. 주요지표(연간지표),Group1,계정항목,90101,총수출,A,1953,2021,69
4182,200Y001,2.1.1.1. 주요지표(연간지표),Group1,계정항목,9010101,(재화),A,1953,2021,69
4183,200Y001,2.1.1.1. 주요지표(연간지표),Group1,계정항목,9010102,(서비스),A,1953,2021,69
4184,200Y001,2.1.1.1. 주요지표(연간지표),Group1,계정항목,90102,총수입,A,1953,2021,69
4185,200Y001,2.1.1.1. 주요지표(연간지표),Group1,계정항목,9010201,(재화),A,1953,2021,69
4186,200Y001,2.1.1.1. 주요지표(연간지표),Group1,계정항목,9010202,(서비스),A,1953,2021,69
4187,200Y001,2.1.1.1. 주요지표(연간지표),Group1,계정항목,90103,GDP 디플레이터,A,1953,2021,69
4188,200Y001,2.1.1.1. 주요지표(연간지표),Group1,계정항목,9010301,(등락률),A,1954,2021,68
4189,200Y002,2.1.1.2. 주요지표(분기지표),Group1,계정항목,10111,"국내총생산(GDP)(실질, 계절조정, 전기비)",Q,1960Q2,2022Q4,251
4190,200Y002,2.1.1.2. 주요지표(분기지표),Group1,계정항목,10112,비농림어업GDP,Q,1960Q2,2022Q4,251
4191,200Y002,2.1.1.2. 주요지표(분기지표),Group1,계정항목,10113,농림어업,Q,1960Q2,2022Q4,251
4192,200Y002,2.1.1.2. 주요지표(분기지표),Group1,계정항목,10114,제조업,Q,1960Q2,2022Q4,251
4193,200Y002,2.1.1.2. 주요지표(분기지표),Group1,계정항목,10115,건설업,Q,1960Q2,2022Q4,251
4194,200Y002,2.1.1.2. 주요지표(분기지표),Group1,계정항목,10116,서비스업,Q,1960Q2,2022Q4,251
4195,200Y002,2.1.1.2. 주요지표(분기지표),Group1,계정항목,10117,ICT산업,Q,1995Q2,2022Q3,110
4196,200Y002,2.1.1.2. 주요지표(분기지표),Group1,계정항목,10118,비ICT산업,Q,1995Q2,2022Q3,110
4197,200Y002,2.1.1.2. 주요지표(분기지표),Group1,계정항목,10121,"국내총생산에 대한 지출(실질, 계절조정, 전기비)",Q,1960Q2,2022Q4,251
4198,200Y002,2.1.1.2. 주요지표(분기지표),Group1,계정항목,10122,민간소비,Q,1960Q2,2022Q4,251
4199,200Y002,2.1.1.2. 주요지표(분기지표),Group1,계정항목,10123,설비투자,Q,1960Q2,2022Q4,251
4200,200Y002,2.1.1.2. 주요지표(분기지표),Group1,계정항목,10124,건설투자,Q,1960Q2,2022Q4,251
4201,200Y002,2.1.1.2. 주요지표(분기지표),Group1,계정항목,10125,재화수출,Q,1960Q2,2022Q4,251
4202,200Y002,2.1.1.2. 주요지표(분기지표),Group1,계정항목,10126,재화수입,Q,1960Q2,2022Q4,251
4203,200Y002,2.1.1.2. 주요지표(분기지표),Group1,계정항목,10127,내수(재고제외),Q,1960Q2,2022Q4,251
4204,200Y002,2.1.1.2. 주요지표(분기지표),Group1,계정항목,10211,"국내총생산(GDP)(실질, 원계열, 전년동기비)",Q,1961Q1,2022Q4,248
4205,200Y002,2.1.1.2. 주요지표(분기지표),Group1,계정항목,10212,농림어업,Q,1961Q1,2022Q4,248
4206,200Y002,2.1.1.2. 주요지표(분기지표),Group1,계정항목,10213,제조업,Q,1961Q1,2022Q4,248
4207,200Y002,2.1.1.2. 주요지표(분기지표),Group1,계정항목,10214,"전기, 가스 및 수도사업",Q,1961Q1,2022Q4,248
4208,200Y002,2.1.1.2. 주요지표(분기지표),Group1,계정항목,10215,건설업,Q,1961Q1,2022Q4,248
4209,200Y002,2.1.1.2. 주요지표(분기지표),Group1,계정항목,10216,서비스업,Q,1961Q1,2022Q4,248
4210,200Y002,2.1.1.2. 주요지표(분기지표),Group1,계정항목,10221,"국내총생산에 대한 지출(실질, 원계열, 전년동기비)",Q,1961Q1,2022Q4,248
4211,200Y002,2.1.1.2. 주요지표(분기지표),Group1,계정항목,10222,민간소비,Q,1961Q1,2022Q4,248
4212,200Y002,2.1.1.2. 주요지표(분기지표),Group1,계정항목,10223,설비투자,Q,1961Q1,2022Q4,248
4213,200Y002,2.1.1.2. 주요지표(분기지표),Group1,계정항목,10224,건설투자,Q,1961Q1,2022Q4,248
4214,200Y002,2.1.1.2. 주요지표(분기지표),Group1,계정항목,10225,재화수출,Q,1961Q1,2022Q4,248
4215,200Y002,2.1.1.2. 주요지표(분기지표),Group1,계정항목,10226,재화수입,Q,1961Q1,2022Q4,248
4216,200Y002,2.1.1.2. 주요지표(분기지표),Group1,계정항목,10227,내수(재고제외),Q,1961Q1,2022Q4,248
4217,200Y002,2.1.1.2. 주요지표(분기지표),Group1,계정항목,20111,명목 GNI,Q,1960Q2,2022Q3,250
4218,200Y002,2.1.1.2. 주요지표(분기지표),Group1,계정항목,20112,실질 GNI,Q,1960Q2,2022Q3,250
4219,200Y002,2.1.1.2. 주요지표(분기지표),Group1,계정항목,20121,명목 GNI,Q,1961Q1,2022Q3,247
4220,200Y002,2.1.1.2. 주요지표(분기지표),Group1,계정항목,20122,실질 GNI,Q,1961Q1,2022Q3,247
4221,200Y002,2.1.1.2. 주요지표(분기지표),Group1,계정항목,301,"GDP 디플레이터 등락률(원계열, 전년동기비)",Q,1961Q1,2022Q3,247
4222,200Y002,2.1.1.2. 주요지표(분기지표),Group1,계정항목,40101,총저축률,Q,1970Q1,2022Q3,211
4223,200Y002,2.1.1.2. 주요지표(분기지표),Group1,계정항목,40102,국내총투자율,Q,1970Q1,2022Q3,211
4224,200Y002,2.1.1.2. 주요지표(분기지표),Group1,계정항목,501,"수출입의 대 GNI 비율(명목, 계절조정)",Q,1960Q1,2022Q3,251
4225,200Y003,"2.1.2.1.1. 경제활동별 GDP 및 GNI(계절조정, 명목, 분기)",Group1,계정항목,1101,농림어업,Q,1960Q1,2022Q3,251
4226,200Y003,"2.1.2.1.1. 경제활동별 GDP 및 GNI(계절조정, 명목, 분기)",Group1,계정항목,1102,광업,Q,1960Q1,2022Q3,251
4227,200Y003,"2.1.2.1.1. 경제활동별 GDP 및 GNI(계절조정, 명목, 분기)",Group1,계정항목,1103,제조업,Q,1960Q1,2022Q3,251
4228,200Y003,"2.1.2.1.1. 경제활동별 GDP 및 GNI(계절조정, 명목, 분기)",Group1,계정항목,110301,음식료품 제조업,Q,1970Q1,2022Q3,211
4229,200Y003,"2.1.2.1.1. 경제활동별 GDP 및 GNI(계절조정, 명목, 분기)",Group1,계정항목,110302,섬유 및 가죽제품 제조업,Q,1970Q1,2022Q3,211
4230,200Y003,"2.1.2.1.1. 경제활동별 GDP 및 GNI(계절조정, 명목, 분기)",Group1,계정항목,110303,"목재, 종이, 인쇄 및 복제업",Q,1970Q1,2022Q3,211
4231,200Y003,"2.1.2.1.1. 경제활동별 GDP 및 GNI(계절조정, 명목, 분기)",Group1,계정항목,110304,코크스 및 석유정제품 제조업,Q,1970Q1,2022Q3,211
4232,200Y003,"2.1.2.1.1. 경제활동별 GDP 및 GNI(계절조정, 명목, 분기)",Group1,계정항목,110305,화학물질 및 화학제품 제조업,Q,1970Q1,2022Q3,211
4233,200Y003,"2.1.2.1.1. 경제활동별 GDP 및 GNI(계절조정, 명목, 분기)",Group1,계정항목,110306,비금속광물제품 제조업,Q,1970Q1,2022Q3,211
4234,200Y003,"2.1.2.1.1. 경제활동별 GDP 및 GNI(계절조정, 명목, 분기)",Group1,계정항목,110307,1차금속 제조업,Q,1970Q1,2022Q3,211
4235,200Y003,"2.1.2.1.1. 경제활동별 GDP 및 GNI(계절조정, 명목, 분기)",Group1,계정항목,110308,금속가공제품 제조업,Q,1970Q1,2022Q3,211
4236,200Y003,"2.1.2.1.1. 경제활동별 GDP 및 GNI(계절조정, 명목, 분기)",Group1,계정항목,110309,"컴퓨터, 전자 및 광학기기 제조업",Q,1970Q1,2022Q3,211
4237,200Y003,"2.1.2.1.1. 경제활동별 GDP 및 GNI(계절조정, 명목, 분기)",Group1,계정항목,110310,전기장비 제조업,Q,1970Q1,2022Q3,211
4238,200Y003,"2.1.2.1.1. 경제활동별 GDP 및 GNI(계절조정, 명목, 분기)",Group1,계정항목,110311,기계 및 장비 제조업,Q,1970Q1,2022Q3,211
4239,200Y003,"2.1.2.1.1. 경제활동별 GDP 및 GNI(계절조정, 명목, 분기)",Group1,계정항목,110312,운송장비 제조업,Q,1970Q1,2022Q3,211
4240,200Y003,"2.1.2.1.1. 경제활동별 GDP 및 GNI(계절조정, 명목, 분기)",Group1,계정항목,110313,기타 제조업 및 산업용 장비 수리업,Q,1970Q1,2022Q3,211
4241,200Y003,"2.1.2.1.1. 경제활동별 GDP 및 GNI(계절조정, 명목, 분기)",Group1,계정항목,1104,"전기, 가스 및 수도사업",Q,1960Q1,2022Q3,251
4242,200Y003,"2.1.2.1.1. 경제활동별 GDP 및 GNI(계절조정, 명목, 분기)",Group1,계정항목,110401,전기업,Q,1970Q1,2022Q3,211
4243,200Y003,"2.1.2.1.1. 경제활동별 GDP 및 GNI(계절조정, 명목, 분기)",Group1,계정항목,110402,"가스, 증기 및 공기조절 공급업",Q,1970Q1,2022Q3,211
4244,200Y003,"2.1.2.1.1. 경제활동별 GDP 및 GNI(계절조정, 명목, 분기)",Group1,계정항목,110403,"수도, 하수 및 폐기물 처리, 원료 재생업",Q,1970Q1,2022Q3,211
4245,200Y003,"2.1.2.1.1. 경제활동별 GDP 및 GNI(계절조정, 명목, 분기)",Group1,계정항목,1105,건설업,Q,1960Q1,2022Q3,251
4246,200Y003,"2.1.2.1.1. 경제활동별 GDP 및 GNI(계절조정, 명목, 분기)",Group1,계정항목,11055,건물건설업,Q,1980Q1,2022Q3,171
4247,200Y003,"2.1.2.1.1. 경제활동별 GDP 및 GNI(계절조정, 명목, 분기)",Group1,계정항목,11051,주거용 건물건설업,Q,1980Q1,2022Q3,171
4248,200Y003,"2.1.2.1.1. 경제활동별 GDP 및 GNI(계절조정, 명목, 분기)",Group1,계정항목,11052,비주거용 건물건설업,Q,1980Q1,2022Q3,171
4249,200Y003,"2.1.2.1.1. 경제활동별 GDP 및 GNI(계절조정, 명목, 분기)",Group1,계정항목,11053,토목건설업,Q,1980Q1,2022Q3,171
4250,200Y003,"2.1.2.1.1. 경제활동별 GDP 및 GNI(계절조정, 명목, 분기)",Group1,계정항목,11054,전문건설업,Q,1980Q1,2022Q3,171
4251,200Y003,"2.1.2.1.1. 경제활동별 GDP 및 GNI(계절조정, 명목, 분기)",Group1,계정항목,1117,서비스업,Q,1960Q1,2022Q3,251
4252,200Y003,"2.1.2.1.1. 경제활동별 GDP 및 GNI(계절조정, 명목, 분기)",Group1,계정항목,1106,도소매 및 숙박음식업,Q,1960Q1,2022Q3,251
4253,200Y003,"2.1.2.1.1. 경제활동별 GDP 및 GNI(계절조정, 명목, 분기)",Group1,계정항목,110601,도소매업,Q,1970Q1,2022Q3,211
4254,200Y003,"2.1.2.1.1. 경제활동별 GDP 및 GNI(계절조정, 명목, 분기)",Group1,계정항목,110602,숙박 및 음식점업,Q,1970Q1,2022Q3,211
4255,200Y003,"2.1.2.1.1. 경제활동별 GDP 및 GNI(계절조정, 명목, 분기)",Group1,계정항목,1107,운수업,Q,1960Q1,2022Q3,251
4256,200Y003,"2.1.2.1.1. 경제활동별 GDP 및 GNI(계절조정, 명목, 분기)",Group1,계정항목,1108,금융 및 보험업,Q,1960Q1,2022Q3,251
4257,200Y003,"2.1.2.1.1. 경제활동별 GDP 및 GNI(계절조정, 명목, 분기)",Group1,계정항목,1109,부동산업,Q,1960Q1,2022Q3,251
4258,200Y003,"2.1.2.1.1. 경제활동별 GDP 및 GNI(계절조정, 명목, 분기)",Group1,계정항목,1114,정보통신업,Q,1960Q1,2022Q3,251
4259,200Y003,"2.1.2.1.1. 경제활동별 GDP 및 GNI(계절조정, 명목, 분기)",Group1,계정항목,11141,통신업,Q,1970Q1,2022Q3,211
4260,200Y003,"2.1.2.1.1. 경제활동별 GDP 및 GNI(계절조정, 명목, 분기)",Group1,계정항목,11142,"출판, 방송, 영상, 정보서비스",Q,1970Q1,2022Q3,211
4261,200Y003,"2.1.2.1.1. 경제활동별 GDP 및 GNI(계절조정, 명목, 분기)",Group1,계정항목,1115,사업서비스업,Q,1960Q1,2022Q3,251
4262,200Y003,"2.1.2.1.1. 경제활동별 GDP 및 GNI(계절조정, 명목, 분기)",Group1,계정항목,111501,"전문, 과학 및 기술관련 서비스업",Q,1970Q1,2022Q3,211
4263,200Y003,"2.1.2.1.1. 경제활동별 GDP 및 GNI(계절조정, 명목, 분기)",Group1,계정항목,111502,사업지원 서비스업,Q,1970Q1,2022Q3,211
4264,200Y003,"2.1.2.1.1. 경제활동별 GDP 및 GNI(계절조정, 명목, 분기)",Group1,계정항목,1110,"공공행정, 국방 및 사회보장",Q,1960Q1,2022Q3,251
4265,200Y003,"2.1.2.1.1. 경제활동별 GDP 및 GNI(계절조정, 명목, 분기)",Group1,계정항목,1111,교육서비스업,Q,1960Q1,2022Q3,251
4266,200Y003,"2.1.2.1.1. 경제활동별 GDP 및 GNI(계절조정, 명목, 분기)",Group1,계정항목,1112,"의료, 보건업 및 사회복지서비스업",Q,1960Q1,2022Q3,251
4267,200Y003,"2.1.2.1.1. 경제활동별 GDP 및 GNI(계절조정, 명목, 분기)",Group1,계정항목,1113,문화 및 기타 서비스업,Q,1960Q1,2022Q3,251
4268,200Y003,"2.1.2.1.1. 경제활동별 GDP 및 GNI(계절조정, 명목, 분기)",Group1,계정항목,11131,"예술, 스포츠 및 여가관련 서비스업",Q,1970Q1,2022Q3,211
4269,200Y003,"2.1.2.1.1. 경제활동별 GDP 및 GNI(계절조정, 명목, 분기)",Group1,계정항목,11132,기타 서비스업,Q,1970Q1,2022Q3,211
4270,200Y003,"2.1.2.1.1. 경제활동별 GDP 및 GNI(계절조정, 명목, 분기)",Group1,계정항목,1200,총부가가치(기초가격),Q,1960Q1,2022Q3,251
4271,200Y003,"2.1.2.1.1. 경제활동별 GDP 및 GNI(계절조정, 명목, 분기)",Group1,계정항목,1300,순생산물세,Q,1960Q1,2022Q3,251
4272,200Y003,"2.1.2.1.1. 경제활동별 GDP 및 GNI(계절조정, 명목, 분기)",Group1,계정항목,1400,"국내총생산(시장가격, GDP)",Q,1960Q1,2022Q3,251
4273,200Y003,"2.1.2.1.1. 경제활동별 GDP 및 GNI(계절조정, 명목, 분기)",Group1,계정항목,1500,국외순수취요소소득,Q,1960Q1,2022Q3,251
4274,200Y003,"2.1.2.1.1. 경제활동별 GDP 및 GNI(계절조정, 명목, 분기)",Group1,계정항목,1600,국민총소득(GNI),Q,1960Q1,2022Q3,251
4275,200Y004,"2.1.2.1.2. 경제활동별 GDP 및 GNI(계절조정, 실질, 분기)",Group1,계정항목,1101,농림어업,Q,1960Q1,2022Q4,252
4276,200Y004,"2.1.2.1.2. 경제활동별 GDP 및 GNI(계절조정, 실질, 분기)",Group1,계정항목,1102,광업,Q,1960Q1,2022Q4,252
4277,200Y004,"2.1.2.1.2. 경제활동별 GDP 및 GNI(계절조정, 실질, 분기)",Group1,계정항목,1103,제조업,Q,1960Q1,2022Q4,252
4278,200Y004,"2.1.2.1.2. 경제활동별 GDP 및 GNI(계절조정, 실질, 분기)",Group1,계정항목,110301,음식료품 제조업,Q,1970Q1,2022Q3,211
4279,200Y004,"2.1.2.1.2. 경제활동별 GDP 및 GNI(계절조정, 실질, 분기)",Group1,계정항목,110302,섬유 및 가죽제품 제조업,Q,1970Q1,2022Q3,211
4280,200Y004,"2.1.2.1.2. 경제활동별 GDP 및 GNI(계절조정, 실질, 분기)",Group1,계정항목,110303,"목재, 종이, 인쇄 및 복제업",Q,1970Q1,2022Q3,211
4281,200Y004,"2.1.2.1.2. 경제활동별 GDP 및 GNI(계절조정, 실질, 분기)",Group1,계정항목,110304,코크스 및 석유정제품 제조업,Q,1970Q1,2022Q3,211
4282,200Y004,"2.1.2.1.2. 경제활동별 GDP 및 GNI(계절조정, 실질, 분기)",Group1,계정항목,110305,화학물질 및 화학제품 제조업,Q,1970Q1,2022Q3,211
4283,200Y004,"2.1.2.1.2. 경제활동별 GDP 및 GNI(계절조정, 실질, 분기)",Group1,계정항목,110306,비금속광물제품 제조업,Q,1970Q1,2022Q3,211
4284,200Y004,"2.1.2.1.2. 경제활동별 GDP 및 GNI(계절조정, 실질, 분기)",Group1,계정항목,110307,1차금속 제조업,Q,1970Q1,2022Q3,211
4285,200Y004,"2.1.2.1.2. 경제활동별 GDP 및 GNI(계절조정, 실질, 분기)",Group1,계정항목,110308,금속가공제품 제조업,Q,1970Q1,2022Q3,211
4286,200Y004,"2.1.2.1.2. 경제활동별 GDP 및 GNI(계절조정, 실질, 분기)",Group1,계정항목,110309,"컴퓨터, 전자 및 광학기기 제조업",Q,1970Q1,2022Q3,211
4287,200Y004,"2.1.2.1.2. 경제활동별 GDP 및 GNI(계절조정, 실질, 분기)",Group1,계정항목,110310,전기장비 제조업,Q,1970Q1,2022Q3,211
4288,200Y004,"2.1.2.1.2. 경제활동별 GDP 및 GNI(계절조정, 실질, 분기)",Group1,계정항목,110311,기계 및 장비 제조업,Q,1970Q1,2022Q3,211
4289,200Y004,"2.1.2.1.2. 경제활동별 GDP 및 GNI(계절조정, 실질, 분기)",Group1,계정항목,110312,운송장비 제조업,Q,1970Q1,2022Q3,211
4290,200Y004,"2.1.2.1.2. 경제활동별 GDP 및 GNI(계절조정, 실질, 분기)",Group1,계정항목,110313,기타 제조업 및 산업용 장비 수리업,Q,1970Q1,2022Q3,211
4291,200Y004,"2.1.2.1.2. 경제활동별 GDP 및 GNI(계절조정, 실질, 분기)",Group1,계정항목,1104,"전기, 가스 및 수도사업",Q,1960Q1,2022Q4,252
4292,200Y004,"2.1.2.1.2. 경제활동별 GDP 및 GNI(계절조정, 실질, 분기)",Group1,계정항목,110401,전기업,Q,1970Q1,2022Q3,211
4293,200Y004,"2.1.2.1.2. 경제활동별 GDP 및 GNI(계절조정, 실질, 분기)",Group1,계정항목,110402,"가스, 증기 및 공기조절 공급업",Q,1972Q1,2022Q3,203
4294,200Y004,"2.1.2.1.2. 경제활동별 GDP 및 GNI(계절조정, 실질, 분기)",Group1,계정항목,110403,"수도, 하수 및 폐기물 처리, 원료 재생업",Q,1970Q1,2022Q3,211
4295,200Y004,"2.1.2.1.2. 경제활동별 GDP 및 GNI(계절조정, 실질, 분기)",Group1,계정항목,1105,건설업,Q,1960Q1,2022Q4,252
4296,200Y004,"2.1.2.1.2. 경제활동별 GDP 및 GNI(계절조정, 실질, 분기)",Group1,계정항목,11055,건물건설업,Q,1980Q1,2022Q3,171
4297,200Y004,"2.1.2.1.2. 경제활동별 GDP 및 GNI(계절조정, 실질, 분기)",Group1,계정항목,11051,주거용 건물건설업,Q,1980Q1,2022Q3,171
4298,200Y004,"2.1.2.1.2. 경제활동별 GDP 및 GNI(계절조정, 실질, 분기)",Group1,계정항목,11052,비주거용 건물건설업,Q,1980Q1,2022Q3,171
4299,200Y004,"2.1.2.1.2. 경제활동별 GDP 및 GNI(계절조정, 실질, 분기)",Group1,계정항목,11053,토목건설업,Q,1980Q1,2022Q3,171
4300,200Y004,"2.1.2.1.2. 경제활동별 GDP 및 GNI(계절조정, 실질, 분기)",Group1,계정항목,11054,전문건설업,Q,1980Q1,2022Q3,171
4301,200Y004,"2.1.2.1.2. 경제활동별 GDP 및 GNI(계절조정, 실질, 분기)",Group1,계정항목,1117,서비스업,Q,1960Q1,2022Q4,252
4302,200Y004,"2.1.2.1.2. 경제활동별 GDP 및 GNI(계절조정, 실질, 분기)",Group1,계정항목,1106,도소매 및 숙박음식업,Q,1960Q1,2022Q4,252
4303,200Y004,"2.1.2.1.2. 경제활동별 GDP 및 GNI(계절조정, 실질, 분기)",Group1,계정항목,110601,도소매업,Q,1970Q1,2022Q3,211
4304,200Y004,"2.1.2.1.2. 경제활동별 GDP 및 GNI(계절조정, 실질, 분기)",Group1,계정항목,110602,숙박 및 음식점업,Q,1970Q1,2022Q3,211
4305,200Y004,"2.1.2.1.2. 경제활동별 GDP 및 GNI(계절조정, 실질, 분기)",Group1,계정항목,1107,운수업,Q,1960Q1,2022Q4,252
4306,200Y004,"2.1.2.1.2. 경제활동별 GDP 및 GNI(계절조정, 실질, 분기)",Group1,계정항목,1108,금융 및 보험업,Q,1960Q1,2022Q4,252
4307,200Y004,"2.1.2.1.2. 경제활동별 GDP 및 GNI(계절조정, 실질, 분기)",Group1,계정항목,1109,부동산업,Q,1960Q1,2022Q4,252
4308,200Y004,"2.1.2.1.2. 경제활동별 GDP 및 GNI(계절조정, 실질, 분기)",Group1,계정항목,1114,정보통신업,Q,1960Q1,2022Q4,252
4309,200Y004,"2.1.2.1.2. 경제활동별 GDP 및 GNI(계절조정, 실질, 분기)",Group1,계정항목,11141,통신업,Q,1970Q1,2022Q3,211
4310,200Y004,"2.1.2.1.2. 경제활동별 GDP 및 GNI(계절조정, 실질, 분기)",Group1,계정항목,11142,"출판, 방송, 영상, 정보서비스",Q,1970Q1,2022Q3,211
4311,200Y004,"2.1.2.1.2. 경제활동별 GDP 및 GNI(계절조정, 실질, 분기)",Group1,계정항목,1115,사업서비스업,Q,1960Q1,2022Q4,252
4312,200Y004,"2.1.2.1.2. 경제활동별 GDP 및 GNI(계절조정, 실질, 분기)",Group1,계정항목,111501,"전문, 과학 및 기술관련 서비스업",Q,1970Q1,2022Q3,211
4313,200Y004,"2.1.2.1.2. 경제활동별 GDP 및 GNI(계절조정, 실질, 분기)",Group1,계정항목,111502,사업지원 서비스업,Q,1970Q1,2022Q3,211
4314,200Y004,"2.1.2.1.2. 경제활동별 GDP 및 GNI(계절조정, 실질, 분기)",Group1,계정항목,1110,"공공행정, 국방 및 사회보장",Q,1960Q1,2022Q4,252
4315,200Y004,"2.1.2.1.2. 경제활동별 GDP 및 GNI(계절조정, 실질, 분기)",Group1,계정항목,1111,교육서비스업,Q,1960Q1,2022Q4,252
4316,200Y004,"2.1.2.1.2. 경제활동별 GDP 및 GNI(계절조정, 실질, 분기)",Group1,계정항목,1112,"의료, 보건업 및 사회복지서비스업",Q,1960Q1,2022Q4,252
4317,200Y004,"2.1.2.1.2. 경제활동별 GDP 및 GNI(계절조정, 실질, 분기)",Group1,계정항목,1113,문화 및 기타 서비스업,Q,1960Q1,2022Q4,252
4318,200Y004,"2.1.2.1.2. 경제활동별 GDP 및 GNI(계절조정, 실질, 분기)",Group1,계정항목,11131,"예술, 스포츠 및 여가관련 서비스업",Q,1970Q1,2022Q3,211
4319,200Y004,"2.1.2.1.2. 경제활동별 GDP 및 GNI(계절조정, 실질, 분기)",Group1,계정항목,11132,기타 서비스업,Q,1970Q1,2022Q3,211
4320,200Y004,"2.1.2.1.2. 경제활동별 GDP 및 GNI(계절조정, 실질, 분기)",Group1,계정항목,1200,총부가가치(기초가격),Q,1960Q1,2022Q4,252
4321,200Y004,"2.1.2.1.2. 경제활동별 GDP 및 GNI(계절조정, 실질, 분기)",Group1,계정항목,1300,순생산물세,Q,1960Q1,2022Q4,252
4322,200Y004,"2.1.2.1.2. 경제활동별 GDP 및 GNI(계절조정, 실질, 분기)",Group1,계정항목,1400,"국내총생산(시장가격, GDP)",Q,1960Q1,2022Q4,252
4323,200Y004,"2.1.2.1.2. 경제활동별 GDP 및 GNI(계절조정, 실질, 분기)",Group1,계정항목,1500,교역조건 변화를 반영한 실질무역손익,Q,1960Q1,2022Q4,252
4324,200Y004,"2.1.2.1.2. 경제활동별 GDP 및 GNI(계절조정, 실질, 분기)",Group1,계정항목,1600,국내총소득(GDI),Q,1960Q1,2022Q4,252
4325,200Y004,"2.1.2.1.2. 경제활동별 GDP 및 GNI(계절조정, 실질, 분기)",Group1,계정항목,1700,국외순수취요소소득,Q,1960Q1,2022Q3,251
4326,200Y004,"2.1.2.1.2. 경제활동별 GDP 및 GNI(계절조정, 실질, 분기)",Group1,계정항목,1800,국민총소득(GNI),Q,1960Q1,2022Q3,251
4327,200Y005,"2.1.2.1.3. 경제활동별 GDP 및 GNI(원계열, 명목, 분기 및 연간)",Group1,계정항목,1101,농림어업,A,1953,2021,69
4328,200Y005,"2.1.2.1.3. 경제활동별 GDP 및 GNI(원계열, 명목, 분기 및 연간)",Group1,계정항목,1101,농림어업,Q,1960Q1,2022Q3,251
4329,200Y005,"2.1.2.1.3. 경제활동별 GDP 및 GNI(원계열, 명목, 분기 및 연간)",Group1,계정항목,110101,재배업,A,1970,2021,52
4330,200Y005,"2.1.2.1.3. 경제활동별 GDP 및 GNI(원계열, 명목, 분기 및 연간)",Group1,계정항목,110101,재배업,Q,1970Q1,2022Q3,211
4331,200Y005,"2.1.2.1.3. 경제활동별 GDP 및 GNI(원계열, 명목, 분기 및 연간)",Group1,계정항목,110102,축산업,A,1970,2021,52
4332,200Y005,"2.1.2.1.3. 경제활동별 GDP 및 GNI(원계열, 명목, 분기 및 연간)",Group1,계정항목,110102,축산업,Q,1970Q1,2022Q3,211
4333,200Y005,"2.1.2.1.3. 경제활동별 GDP 및 GNI(원계열, 명목, 분기 및 연간)",Group1,계정항목,110103,임업,A,1970,2021,52
4334,200Y005,"2.1.2.1.3. 경제활동별 GDP 및 GNI(원계열, 명목, 분기 및 연간)",Group1,계정항목,110103,임업,Q,1970Q1,2022Q3,211
4335,200Y005,"2.1.2.1.3. 경제활동별 GDP 및 GNI(원계열, 명목, 분기 및 연간)",Group1,계정항목,110104,어업,A,1970,2021,52
4336,200Y005,"2.1.2.1.3. 경제활동별 GDP 및 GNI(원계열, 명목, 분기 및 연간)",Group1,계정항목,110104,어업,Q,1970Q1,2022Q3,211
4337,200Y005,"2.1.2.1.3. 경제활동별 GDP 및 GNI(원계열, 명목, 분기 및 연간)",Group1,계정항목,1102,광업,A,1953,2021,69
4338,200Y005,"2.1.2.1.3. 경제활동별 GDP 및 GNI(원계열, 명목, 분기 및 연간)",Group1,계정항목,1102,광업,Q,1960Q1,2022Q3,251
4339,200Y005,"2.1.2.1.3. 경제활동별 GDP 및 GNI(원계열, 명목, 분기 및 연간)",Group1,계정항목,1103,제조업,A,1953,2021,69
4340,200Y005,"2.1.2.1.3. 경제활동별 GDP 및 GNI(원계열, 명목, 분기 및 연간)",Group1,계정항목,1103,제조업,Q,1960Q1,2022Q3,251
4341,200Y005,"2.1.2.1.3. 경제활동별 GDP 및 GNI(원계열, 명목, 분기 및 연간)",Group1,계정항목,110301,음식료품 제조업,A,1970,2021,52
4342,200Y005,"2.1.2.1.3. 경제활동별 GDP 및 GNI(원계열, 명목, 분기 및 연간)",Group1,계정항목,110301,음식료품 제조업,Q,1970Q1,2022Q3,211
4343,200Y005,"2.1.2.1.3. 경제활동별 GDP 및 GNI(원계열, 명목, 분기 및 연간)",Group1,계정항목,110302,섬유 및 가죽제품 제조업,A,1970,2021,52
4344,200Y005,"2.1.2.1.3. 경제활동별 GDP 및 GNI(원계열, 명목, 분기 및 연간)",Group1,계정항목,110302,섬유 및 가죽제품 제조업,Q,1970Q1,2022Q3,211
4345,200Y005,"2.1.2.1.3. 경제활동별 GDP 및 GNI(원계열, 명목, 분기 및 연간)",Group1,계정항목,110303,"목재, 종이, 인쇄 및 복제업",A,1970,2021,52
4346,200Y005,"2.1.2.1.3. 경제활동별 GDP 및 GNI(원계열, 명목, 분기 및 연간)",Group1,계정항목,110303,"목재, 종이, 인쇄 및 복제업",Q,1970Q1,2022Q3,211
4347,200Y005,"2.1.2.1.3. 경제활동별 GDP 및 GNI(원계열, 명목, 분기 및 연간)",Group1,계정항목,110304,코크스 및 석유정제품 제조업,A,1970,2021,52
4348,200Y005,"2.1.2.1.3. 경제활동별 GDP 및 GNI(원계열, 명목, 분기 및 연간)",Group1,계정항목,110304,코크스 및 석유정제품 제조업,Q,1970Q1,2022Q3,211
4349,200Y005,"2.1.2.1.3. 경제활동별 GDP 및 GNI(원계열, 명목, 분기 및 연간)",Group1,계정항목,110305,화학물질 및 화학제품 제조업,A,1970,2021,52
4350,200Y005,"2.1.2.1.3. 경제활동별 GDP 및 GNI(원계열, 명목, 분기 및 연간)",Group1,계정항목,110305,화학물질 및 화학제품 제조업,Q,1970Q1,2022Q3,211
4351,200Y005,"2.1.2.1.3. 경제활동별 GDP 및 GNI(원계열, 명목, 분기 및 연간)",Group1,계정항목,110306,비금속광물제품 제조업,A,1970,2021,52
4352,200Y005,"2.1.2.1.3. 경제활동별 GDP 및 GNI(원계열, 명목, 분기 및 연간)",Group1,계정항목,110306,비금속광물제품 제조업,Q,1970Q1,2022Q3,211
4353,200Y005,"2.1.2.1.3. 경제활동별 GDP 및 GNI(원계열, 명목, 분기 및 연간)",Group1,계정항목,110307,1차금속 제조업,A,1970,2021,52
4354,200Y005,"2.1.2.1.3. 경제활동별 GDP 및 GNI(원계열, 명목, 분기 및 연간)",Group1,계정항목,110307,1차금속 제조업,Q,1970Q1,2022Q3,211
4355,200Y005,"2.1.2.1.3. 경제활동별 GDP 및 GNI(원계열, 명목, 분기 및 연간)",Group1,계정항목,110308,금속가공제품 제조업,A,1970,2021,52
4356,200Y005,"2.1.2.1.3. 경제활동별 GDP 및 GNI(원계열, 명목, 분기 및 연간)",Group1,계정항목,110308,금속가공제품 제조업,Q,1970Q1,2022Q3,211
4357,200Y005,"2.1.2.1.3. 경제활동별 GDP 및 GNI(원계열, 명목, 분기 및 연간)",Group1,계정항목,110309,"컴퓨터, 전자 및 광학기기 제조업",A,1970,2021,52
4358,200Y005,"2.1.2.1.3. 경제활동별 GDP 및 GNI(원계열, 명목, 분기 및 연간)",Group1,계정항목,110309,"컴퓨터, 전자 및 광학기기 제조업",Q,1970Q1,2022Q3,211
4359,200Y005,"2.1.2.1.3. 경제활동별 GDP 및 GNI(원계열, 명목, 분기 및 연간)",Group1,계정항목,110310,전기장비 제조업,A,1970,2021,52
4360,200Y005,"2.1.2.1.3. 경제활동별 GDP 및 GNI(원계열, 명목, 분기 및 연간)",Group1,계정항목,110310,전기장비 제조업,Q,1970Q1,2022Q3,211
4361,200Y005,"2.1.2.1.3. 경제활동별 GDP 및 GNI(원계열, 명목, 분기 및 연간)",Group1,계정항목,110311,기계 및 장비 제조업,A,1970,2021,52
4362,200Y005,"2.1.2.1.3. 경제활동별 GDP 및 GNI(원계열, 명목, 분기 및 연간)",Group1,계정항목,110311,기계 및 장비 제조업,Q,1970Q1,2022Q3,211
4363,200Y005,"2.1.2.1.3. 경제활동별 GDP 및 GNI(원계열, 명목, 분기 및 연간)",Group1,계정항목,110312,운송장비 제조업,A,1970,2021,52
4364,200Y005,"2.1.2.1.3. 경제활동별 GDP 및 GNI(원계열, 명목, 분기 및 연간)",Group1,계정항목,110312,운송장비 제조업,Q,1970Q1,2022Q3,211
4365,200Y005,"2.1.2.1.3. 경제활동별 GDP 및 GNI(원계열, 명목, 분기 및 연간)",Group1,계정항목,110313,기타 제조업 및 산업용 장비 수리업,A,1970,2021,52
4366,200Y005,"2.1.2.1.3. 경제활동별 GDP 및 GNI(원계열, 명목, 분기 및 연간)",Group1,계정항목,110313,기타 제조업 및 산업용 장비 수리업,Q,1970Q1,2022Q3,211
4367,200Y005,"2.1.2.1.3. 경제활동별 GDP 및 GNI(원계열, 명목, 분기 및 연간)",Group1,계정항목,1104,"전기, 가스 및 수도사업",A,1953,2021,69
4368,200Y005,"2.1.2.1.3. 경제활동별 GDP 및 GNI(원계열, 명목, 분기 및 연간)",Group1,계정항목,1104,"전기, 가스 및 수도사업",Q,1960Q1,2022Q3,251
4369,200Y005,"2.1.2.1.3. 경제활동별 GDP 및 GNI(원계열, 명목, 분기 및 연간)",Group1,계정항목,110401,전기업,A,1970,2021,52
4370,200Y005,"2.1.2.1.3. 경제활동별 GDP 및 GNI(원계열, 명목, 분기 및 연간)",Group1,계정항목,110401,전기업,Q,1970Q1,2022Q3,211
4371,200Y005,"2.1.2.1.3. 경제활동별 GDP 및 GNI(원계열, 명목, 분기 및 연간)",Group1,계정항목,110402,"가스, 증기 및 공기조절 공급업",A,1972,2021,50
4372,200Y005,"2.1.2.1.3. 경제활동별 GDP 및 GNI(원계열, 명목, 분기 및 연간)",Group1,계정항목,110402,"가스, 증기 및 공기조절 공급업",Q,1972Q1,2022Q3,203
4373,200Y005,"2.1.2.1.3. 경제활동별 GDP 및 GNI(원계열, 명목, 분기 및 연간)",Group1,계정항목,110403,"수도, 하수 및 폐기물 처리, 원료 재생업",A,1970,2021,52
4374,200Y005,"2.1.2.1.3. 경제활동별 GDP 및 GNI(원계열, 명목, 분기 및 연간)",Group1,계정항목,110403,"수도, 하수 및 폐기물 처리, 원료 재생업",Q,1970Q1,2022Q3,211
4375,200Y005,"2.1.2.1.3. 경제활동별 GDP 및 GNI(원계열, 명목, 분기 및 연간)",Group1,계정항목,1105,건설업,A,1953,2021,69
4376,200Y005,"2.1.2.1.3. 경제활동별 GDP 및 GNI(원계열, 명목, 분기 및 연간)",Group1,계정항목,1105,건설업,Q,1960Q1,2022Q3,251
4377,200Y005,"2.1.2.1.3. 경제활동별 GDP 및 GNI(원계열, 명목, 분기 및 연간)",Group1,계정항목,11055,건물건설업,A,1980,2021,42
4378,200Y005,"2.1.2.1.3. 경제활동별 GDP 및 GNI(원계열, 명목, 분기 및 연간)",Group1,계정항목,11055,건물건설업,Q,1980Q1,2022Q3,171
4379,200Y005,"2.1.2.1.3. 경제활동별 GDP 및 GNI(원계열, 명목, 분기 및 연간)",Group1,계정항목,11051,주거용 건물건설업,A,1980,2021,42
4380,200Y005,"2.1.2.1.3. 경제활동별 GDP 및 GNI(원계열, 명목, 분기 및 연간)",Group1,계정항목,11051,주거용 건물건설업,Q,1980Q1,2022Q3,171
4381,200Y005,"2.1.2.1.3. 경제활동별 GDP 및 GNI(원계열, 명목, 분기 및 연간)",Group1,계정항목,11052,비주거용 건물건설업,A,1980,2021,42
4382,200Y005,"2.1.2.1.3. 경제활동별 GDP 및 GNI(원계열, 명목, 분기 및 연간)",Group1,계정항목,11052,비주거용 건물건설업,Q,1980Q1,2022Q3,171
4383,200Y005,"2.1.2.1.3. 경제활동별 GDP 및 GNI(원계열, 명목, 분기 및 연간)",Group1,계정항목,11053,토목건설업,A,1980,2021,42
4384,200Y005,"2.1.2.1.3. 경제활동별 GDP 및 GNI(원계열, 명목, 분기 및 연간)",Group1,계정항목,11053,토목건설업,Q,1980Q1,2022Q3,171
4385,200Y005,"2.1.2.1.3. 경제활동별 GDP 및 GNI(원계열, 명목, 분기 및 연간)",Group1,계정항목,11054,전문건설업,A,1980,2021,42
4386,200Y005,"2.1.2.1.3. 경제활동별 GDP 및 GNI(원계열, 명목, 분기 및 연간)",Group1,계정항목,11054,전문건설업,Q,1980Q1,2022Q3,171
4387,200Y005,"2.1.2.1.3. 경제활동별 GDP 및 GNI(원계열, 명목, 분기 및 연간)",Group1,계정항목,1117,서비스업,A,1953,2021,69
4388,200Y005,"2.1.2.1.3. 경제활동별 GDP 및 GNI(원계열, 명목, 분기 및 연간)",Group1,계정항목,1117,서비스업,Q,1960Q1,2022Q3,251
4389,200Y005,"2.1.2.1.3. 경제활동별 GDP 및 GNI(원계열, 명목, 분기 및 연간)",Group1,계정항목,1106,도소매 및 숙박음식업,A,1953,2021,69
4390,200Y005,"2.1.2.1.3. 경제활동별 GDP 및 GNI(원계열, 명목, 분기 및 연간)",Group1,계정항목,1106,도소매 및 숙박음식업,Q,1960Q1,2022Q3,251
4391,200Y005,"2.1.2.1.3. 경제활동별 GDP 및 GNI(원계열, 명목, 분기 및 연간)",Group1,계정항목,110601,도소매업,A,1970,2021,52
4392,200Y005,"2.1.2.1.3. 경제활동별 GDP 및 GNI(원계열, 명목, 분기 및 연간)",Group1,계정항목,110601,도소매업,Q,1970Q1,2022Q3,211
4393,200Y005,"2.1.2.1.3. 경제활동별 GDP 및 GNI(원계열, 명목, 분기 및 연간)",Group1,계정항목,110602,숙박 및 음식점업,A,1970,2021,52
4394,200Y005,"2.1.2.1.3. 경제활동별 GDP 및 GNI(원계열, 명목, 분기 및 연간)",Group1,계정항목,110602,숙박 및 음식점업,Q,1970Q1,2022Q3,211
4395,200Y005,"2.1.2.1.3. 경제활동별 GDP 및 GNI(원계열, 명목, 분기 및 연간)",Group1,계정항목,1107,운수업,A,1953,2021,69
4396,200Y005,"2.1.2.1.3. 경제활동별 GDP 및 GNI(원계열, 명목, 분기 및 연간)",Group1,계정항목,1107,운수업,Q,1960Q1,2022Q3,251
4397,200Y005,"2.1.2.1.3. 경제활동별 GDP 및 GNI(원계열, 명목, 분기 및 연간)",Group1,계정항목,1108,금융 및 보험업,A,1953,2021,69
4398,200Y005,"2.1.2.1.3. 경제활동별 GDP 및 GNI(원계열, 명목, 분기 및 연간)",Group1,계정항목,1108,금융 및 보험업,Q,1960Q1,2022Q3,251
4399,200Y005,"2.1.2.1.3. 경제활동별 GDP 및 GNI(원계열, 명목, 분기 및 연간)",Group1,계정항목,1109,부동산업,A,1953,2021,69
4400,200Y005,"2.1.2.1.3. 경제활동별 GDP 및 GNI(원계열, 명목, 분기 및 연간)",Group1,계정항목,1109,부동산업,Q,1960Q1,2022Q3,251
4401,200Y005,"2.1.2.1.3. 경제활동별 GDP 및 GNI(원계열, 명목, 분기 및 연간)",Group1,계정항목,1114,정보통신업,A,1953,2021,69
4402,200Y005,"2.1.2.1.3. 경제활동별 GDP 및 GNI(원계열, 명목, 분기 및 연간)",Group1,계정항목,1114,정보통신업,Q,1960Q1,2022Q3,251
4403,200Y005,"2.1.2.1.3. 경제활동별 GDP 및 GNI(원계열, 명목, 분기 및 연간)",Group1,계정항목,11141,통신업,A,1970,2021,52
4404,200Y005,"2.1.2.1.3. 경제활동별 GDP 및 GNI(원계열, 명목, 분기 및 연간)",Group1,계정항목,11141,통신업,Q,1970Q1,2022Q3,211
4405,200Y005,"2.1.2.1.3. 경제활동별 GDP 및 GNI(원계열, 명목, 분기 및 연간)",Group1,계정항목,11142,"출판, 방송, 영상, 정보서비스",A,1970,2021,52
4406,200Y005,"2.1.2.1.3. 경제활동별 GDP 및 GNI(원계열, 명목, 분기 및 연간)",Group1,계정항목,11142,"출판, 방송, 영상, 정보서비스",Q,1970Q1,2022Q3,211
4407,200Y005,"2.1.2.1.3. 경제활동별 GDP 및 GNI(원계열, 명목, 분기 및 연간)",Group1,계정항목,1115,사업서비스업,A,1953,2021,69
4408,200Y005,"2.1.2.1.3. 경제활동별 GDP 및 GNI(원계열, 명목, 분기 및 연간)",Group1,계정항목,1115,사업서비스업,Q,1960Q1,2022Q3,251
4409,200Y005,"2.1.2.1.3. 경제활동별 GDP 및 GNI(원계열, 명목, 분기 및 연간)",Group1,계정항목,111501,"전문, 과학 및 기술관련 서비스업",A,1970,2021,52
4410,200Y005,"2.1.2.1.3. 경제활동별 GDP 및 GNI(원계열, 명목, 분기 및 연간)",Group1,계정항목,111501,"전문, 과학 및 기술관련 서비스업",Q,1970Q1,2022Q3,211
4411,200Y005,"2.1.2.1.3. 경제활동별 GDP 및 GNI(원계열, 명목, 분기 및 연간)",Group1,계정항목,111502,사업지원 서비스업,A,1970,2021,52
4412,200Y005,"2.1.2.1.3. 경제활동별 GDP 및 GNI(원계열, 명목, 분기 및 연간)",Group1,계정항목,111502,사업지원 서비스업,Q,1970Q1,2022Q3,211
4413,200Y005,"2.1.2.1.3. 경제활동별 GDP 및 GNI(원계열, 명목, 분기 및 연간)",Group1,계정항목,1110,"공공행정, 국방 및 사회보장",A,1953,2021,69
4414,200Y005,"2.1.2.1.3. 경제활동별 GDP 및 GNI(원계열, 명목, 분기 및 연간)",Group1,계정항목,1110,"공공행정, 국방 및 사회보장",Q,1960Q1,2022Q3,251
4415,200Y005,"2.1.2.1.3. 경제활동별 GDP 및 GNI(원계열, 명목, 분기 및 연간)",Group1,계정항목,1111,교육서비스업,A,1953,2021,69
4416,200Y005,"2.1.2.1.3. 경제활동별 GDP 및 GNI(원계열, 명목, 분기 및 연간)",Group1,계정항목,1111,교육서비스업,Q,1960Q1,2022Q3,251
4417,200Y005,"2.1.2.1.3. 경제활동별 GDP 및 GNI(원계열, 명목, 분기 및 연간)",Group1,계정항목,1112,"의료, 보건업 및 사회복지서비스업",A,1953,2021,69
4418,200Y005,"2.1.2.1.3. 경제활동별 GDP 및 GNI(원계열, 명목, 분기 및 연간)",Group1,계정항목,1112,"의료, 보건업 및 사회복지서비스업",Q,1960Q1,2022Q3,251
4419,200Y005,"2.1.2.1.3. 경제활동별 GDP 및 GNI(원계열, 명목, 분기 및 연간)",Group1,계정항목,1113,문화 및 기타 서비스업,A,1953,2021,69
4420,200Y005,"2.1.2.1.3. 경제활동별 GDP 및 GNI(원계열, 명목, 분기 및 연간)",Group1,계정항목,1113,문화 및 기타 서비스업,Q,1960Q1,2022Q3,251
4421,200Y005,"2.1.2.1.3. 경제활동별 GDP 및 GNI(원계열, 명목, 분기 및 연간)",Group1,계정항목,11131,"예술, 스포츠 및 여가관련 서비스업",A,1970,2021,52
4422,200Y005,"2.1.2.1.3. 경제활동별 GDP 및 GNI(원계열, 명목, 분기 및 연간)",Group1,계정항목,11131,"예술, 스포츠 및 여가관련 서비스업",Q,1970Q1,2022Q3,211
4423,200Y005,"2.1.2.1.3. 경제활동별 GDP 및 GNI(원계열, 명목, 분기 및 연간)",Group1,계정항목,11132,기타 서비스업,A,1970,2021,52
4424,200Y005,"2.1.2.1.3. 경제활동별 GDP 및 GNI(원계열, 명목, 분기 및 연간)",Group1,계정항목,11132,기타 서비스업,Q,1970Q1,2022Q3,211
4425,200Y005,"2.1.2.1.3. 경제활동별 GDP 및 GNI(원계열, 명목, 분기 및 연간)",Group1,계정항목,1200,총부가가치(기초가격),A,1953,2021,69
4426,200Y005,"2.1.2.1.3. 경제활동별 GDP 및 GNI(원계열, 명목, 분기 및 연간)",Group1,계정항목,1200,총부가가치(기초가격),Q,1960Q1,2022Q3,251
4427,200Y006,"2.1.2.1.4. 경제활동별 GDP 및 GNI(원계열, 실질, 분기 및 연간)",Group1,계정항목,1101,농림어업,A,1953,2022,70
4428,200Y006,"2.1.2.1.4. 경제활동별 GDP 및 GNI(원계열, 실질, 분기 및 연간)",Group1,계정항목,1101,농림어업,Q,1960Q1,2022Q4,252
4429,200Y006,"2.1.2.1.4. 경제활동별 GDP 및 GNI(원계열, 실질, 분기 및 연간)",Group1,계정항목,110101,재배업,A,1970,2021,52
4430,200Y006,"2.1.2.1.4. 경제활동별 GDP 및 GNI(원계열, 실질, 분기 및 연간)",Group1,계정항목,110101,재배업,Q,1970Q1,2022Q3,211
4431,200Y006,"2.1.2.1.4. 경제활동별 GDP 및 GNI(원계열, 실질, 분기 및 연간)",Group1,계정항목,110102,축산업,A,1970,2021,52
4432,200Y006,"2.1.2.1.4. 경제활동별 GDP 및 GNI(원계열, 실질, 분기 및 연간)",Group1,계정항목,110102,축산업,Q,1970Q1,2022Q3,211
4433,200Y006,"2.1.2.1.4. 경제활동별 GDP 및 GNI(원계열, 실질, 분기 및 연간)",Group1,계정항목,110103,임업,A,1970,2021,52
4434,200Y006,"2.1.2.1.4. 경제활동별 GDP 및 GNI(원계열, 실질, 분기 및 연간)",Group1,계정항목,110103,임업,Q,1970Q1,2022Q3,211
4435,200Y006,"2.1.2.1.4. 경제활동별 GDP 및 GNI(원계열, 실질, 분기 및 연간)",Group1,계정항목,110104,어업,A,1970,2021,52
4436,200Y006,"2.1.2.1.4. 경제활동별 GDP 및 GNI(원계열, 실질, 분기 및 연간)",Group1,계정항목,110104,어업,Q,1970Q1,2022Q3,211
4437,200Y006,"2.1.2.1.4. 경제활동별 GDP 및 GNI(원계열, 실질, 분기 및 연간)",Group1,계정항목,1102,광업,A,1953,2022,70
4438,200Y006,"2.1.2.1.4. 경제활동별 GDP 및 GNI(원계열, 실질, 분기 및 연간)",Group1,계정항목,1102,광업,Q,1960Q1,2022Q4,252
4439,200Y006,"2.1.2.1.4. 경제활동별 GDP 및 GNI(원계열, 실질, 분기 및 연간)",Group1,계정항목,1103,제조업,A,1953,2022,70
4440,200Y006,"2.1.2.1.4. 경제활동별 GDP 및 GNI(원계열, 실질, 분기 및 연간)",Group1,계정항목,1103,제조업,Q,1960Q1,2022Q4,252
4441,200Y006,"2.1.2.1.4. 경제활동별 GDP 및 GNI(원계열, 실질, 분기 및 연간)",Group1,계정항목,110301,음식료품 제조업,A,1970,2021,52
4442,200Y006,"2.1.2.1.4. 경제활동별 GDP 및 GNI(원계열, 실질, 분기 및 연간)",Group1,계정항목,110301,음식료품 제조업,Q,1970Q1,2022Q3,211
4443,200Y006,"2.1.2.1.4. 경제활동별 GDP 및 GNI(원계열, 실질, 분기 및 연간)",Group1,계정항목,110302,섬유 및 가죽제품 제조업,A,1970,2021,52
4444,200Y006,"2.1.2.1.4. 경제활동별 GDP 및 GNI(원계열, 실질, 분기 및 연간)",Group1,계정항목,110302,섬유 및 가죽제품 제조업,Q,1970Q1,2022Q3,211
4445,200Y006,"2.1.2.1.4. 경제활동별 GDP 및 GNI(원계열, 실질, 분기 및 연간)",Group1,계정항목,110303,"목재, 종이, 인쇄 및 복제업",A,1970,2021,52
4446,200Y006,"2.1.2.1.4. 경제활동별 GDP 및 GNI(원계열, 실질, 분기 및 연간)",Group1,계정항목,110303,"목재, 종이, 인쇄 및 복제업",Q,1970Q1,2022Q3,211
4447,200Y006,"2.1.2.1.4. 경제활동별 GDP 및 GNI(원계열, 실질, 분기 및 연간)",Group1,계정항목,110304,코크스 및 석유정제품 제조업,A,1970,2021,52
4448,200Y006,"2.1.2.1.4. 경제활동별 GDP 및 GNI(원계열, 실질, 분기 및 연간)",Group1,계정항목,110304,코크스 및 석유정제품 제조업,Q,1970Q1,2022Q3,211
4449,200Y006,"2.1.2.1.4. 경제활동별 GDP 및 GNI(원계열, 실질, 분기 및 연간)",Group1,계정항목,110305,화학물질 및 화학제품 제조업,A,1970,2021,52
4450,200Y006,"2.1.2.1.4. 경제활동별 GDP 및 GNI(원계열, 실질, 분기 및 연간)",Group1,계정항목,110305,화학물질 및 화학제품 제조업,Q,1970Q1,2022Q3,211
4451,200Y006,"2.1.2.1.4. 경제활동별 GDP 및 GNI(원계열, 실질, 분기 및 연간)",Group1,계정항목,110306,비금속광물제품 제조업,A,1970,2021,52
4452,200Y006,"2.1.2.1.4. 경제활동별 GDP 및 GNI(원계열, 실질, 분기 및 연간)",Group1,계정항목,110306,비금속광물제품 제조업,Q,1970Q1,2022Q3,211
4453,200Y006,"2.1.2.1.4. 경제활동별 GDP 및 GNI(원계열, 실질, 분기 및 연간)",Group1,계정항목,110307,1차금속 제조업,A,1970,2021,52
4454,200Y006,"2.1.2.1.4. 경제활동별 GDP 및 GNI(원계열, 실질, 분기 및 연간)",Group1,계정항목,110307,1차금속 제조업,Q,1970Q1,2022Q3,211
4455,200Y006,"2.1.2.1.4. 경제활동별 GDP 및 GNI(원계열, 실질, 분기 및 연간)",Group1,계정항목,110308,금속가공제품 제조업,A,1970,2021,52
4456,200Y006,"2.1.2.1.4. 경제활동별 GDP 및 GNI(원계열, 실질, 분기 및 연간)",Group1,계정항목,110308,금속가공제품 제조업,Q,1970Q1,2022Q3,211
4457,200Y006,"2.1.2.1.4. 경제활동별 GDP 및 GNI(원계열, 실질, 분기 및 연간)",Group1,계정항목,110309,"컴퓨터, 전자 및 광학기기 제조업",A,1970,2021,52
4458,200Y006,"2.1.2.1.4. 경제활동별 GDP 및 GNI(원계열, 실질, 분기 및 연간)",Group1,계정항목,110309,"컴퓨터, 전자 및 광학기기 제조업",Q,1970Q1,2022Q3,211
4459,200Y006,"2.1.2.1.4. 경제활동별 GDP 및 GNI(원계열, 실질, 분기 및 연간)",Group1,계정항목,110310,전기장비 제조업,A,1970,2021,52
4460,200Y006,"2.1.2.1.4. 경제활동별 GDP 및 GNI(원계열, 실질, 분기 및 연간)",Group1,계정항목,110310,전기장비 제조업,Q,1970Q1,2022Q3,211
4461,200Y006,"2.1.2.1.4. 경제활동별 GDP 및 GNI(원계열, 실질, 분기 및 연간)",Group1,계정항목,110311,기계 및 장비 제조업,A,1970,2021,52
4462,200Y006,"2.1.2.1.4. 경제활동별 GDP 및 GNI(원계열, 실질, 분기 및 연간)",Group1,계정항목,110311,기계 및 장비 제조업,Q,1970Q1,2022Q3,211
4463,200Y006,"2.1.2.1.4. 경제활동별 GDP 및 GNI(원계열, 실질, 분기 및 연간)",Group1,계정항목,110312,운송장비 제조업,A,1970,2021,52
4464,200Y006,"2.1.2.1.4. 경제활동별 GDP 및 GNI(원계열, 실질, 분기 및 연간)",Group1,계정항목,110312,운송장비 제조업,Q,1970Q1,2022Q3,211
4465,200Y006,"2.1.2.1.4. 경제활동별 GDP 및 GNI(원계열, 실질, 분기 및 연간)",Group1,계정항목,110313,기타 제조업 및 산업용 장비 수리업,A,1970,2021,52
4466,200Y006,"2.1.2.1.4. 경제활동별 GDP 및 GNI(원계열, 실질, 분기 및 연간)",Group1,계정항목,110313,기타 제조업 및 산업용 장비 수리업,Q,1970Q1,2022Q3,211
4467,200Y006,"2.1.2.1.4. 경제활동별 GDP 및 GNI(원계열, 실질, 분기 및 연간)",Group1,계정항목,1104,"전기, 가스 및 수도사업",A,1953,2022,70
4468,200Y006,"2.1.2.1.4. 경제활동별 GDP 및 GNI(원계열, 실질, 분기 및 연간)",Group1,계정항목,1104,"전기, 가스 및 수도사업",Q,1960Q1,2022Q4,252
4469,200Y006,"2.1.2.1.4. 경제활동별 GDP 및 GNI(원계열, 실질, 분기 및 연간)",Group1,계정항목,110401,전기업,A,1970,2021,52
4470,200Y006,"2.1.2.1.4. 경제활동별 GDP 및 GNI(원계열, 실질, 분기 및 연간)",Group1,계정항목,110401,전기업,Q,1970Q1,2022Q3,211
4471,200Y006,"2.1.2.1.4. 경제활동별 GDP 및 GNI(원계열, 실질, 분기 및 연간)",Group1,계정항목,110402,"가스, 증기 및 공기조절 공급업",A,1972,2021,50
4472,200Y006,"2.1.2.1.4. 경제활동별 GDP 및 GNI(원계열, 실질, 분기 및 연간)",Group1,계정항목,110402,"가스, 증기 및 공기조절 공급업",Q,1972Q1,2022Q3,203
4473,200Y006,"2.1.2.1.4. 경제활동별 GDP 및 GNI(원계열, 실질, 분기 및 연간)",Group1,계정항목,110403,"수도, 하수 및 폐기물 처리, 원료 재생업",A,1970,2021,52
4474,200Y006,"2.1.2.1.4. 경제활동별 GDP 및 GNI(원계열, 실질, 분기 및 연간)",Group1,계정항목,110403,"수도, 하수 및 폐기물 처리, 원료 재생업",Q,1970Q1,2022Q3,211
4475,200Y006,"2.1.2.1.4. 경제활동별 GDP 및 GNI(원계열, 실질, 분기 및 연간)",Group1,계정항목,1105,건설업,A,1953,2022,70
4476,200Y006,"2.1.2.1.4. 경제활동별 GDP 및 GNI(원계열, 실질, 분기 및 연간)",Group1,계정항목,1105,건설업,Q,1960Q1,2022Q4,252
4477,200Y006,"2.1.2.1.4. 경제활동별 GDP 및 GNI(원계열, 실질, 분기 및 연간)",Group1,계정항목,11055,건물건설업,A,1980,2021,42
4478,200Y006,"2.1.2.1.4. 경제활동별 GDP 및 GNI(원계열, 실질, 분기 및 연간)",Group1,계정항목,11055,건물건설업,Q,1980Q1,2022Q3,171
4479,200Y006,"2.1.2.1.4. 경제활동별 GDP 및 GNI(원계열, 실질, 분기 및 연간)",Group1,계정항목,11051,주거용 건물건설업,A,1980,2021,42
4480,200Y006,"2.1.2.1.4. 경제활동별 GDP 및 GNI(원계열, 실질, 분기 및 연간)",Group1,계정항목,11051,주거용 건물건설업,Q,1980Q1,2022Q3,171
4481,200Y006,"2.1.2.1.4. 경제활동별 GDP 및 GNI(원계열, 실질, 분기 및 연간)",Group1,계정항목,11052,비주거용 건물건설업,A,1980,2021,42
4482,200Y006,"2.1.2.1.4. 경제활동별 GDP 및 GNI(원계열, 실질, 분기 및 연간)",Group1,계정항목,11052,비주거용 건물건설업,Q,1980Q1,2022Q3,171
4483,200Y006,"2.1.2.1.4. 경제활동별 GDP 및 GNI(원계열, 실질, 분기 및 연간)",Group1,계정항목,11053,토목건설업,A,1980,2021,42
4484,200Y006,"2.1.2.1.4. 경제활동별 GDP 및 GNI(원계열, 실질, 분기 및 연간)",Group1,계정항목,11053,토목건설업,Q,1980Q1,2022Q3,171
4485,200Y006,"2.1.2.1.4. 경제활동별 GDP 및 GNI(원계열, 실질, 분기 및 연간)",Group1,계정항목,11054,전문건설업,A,1980,2021,42
4486,200Y006,"2.1.2.1.4. 경제활동별 GDP 및 GNI(원계열, 실질, 분기 및 연간)",Group1,계정항목,11054,전문건설업,Q,1980Q1,2022Q3,171
4487,200Y006,"2.1.2.1.4. 경제활동별 GDP 및 GNI(원계열, 실질, 분기 및 연간)",Group1,계정항목,1117,서비스업,A,1953,2022,70
4488,200Y006,"2.1.2.1.4. 경제활동별 GDP 및 GNI(원계열, 실질, 분기 및 연간)",Group1,계정항목,1117,서비스업,Q,1960Q1,2022Q4,252
4489,200Y006,"2.1.2.1.4. 경제활동별 GDP 및 GNI(원계열, 실질, 분기 및 연간)",Group1,계정항목,1106,도소매 및 숙박음식업,A,1953,2022,70
4490,200Y006,"2.1.2.1.4. 경제활동별 GDP 및 GNI(원계열, 실질, 분기 및 연간)",Group1,계정항목,1106,도소매 및 숙박음식업,Q,1960Q1,2022Q4,252
4491,200Y006,"2.1.2.1.4. 경제활동별 GDP 및 GNI(원계열, 실질, 분기 및 연간)",Group1,계정항목,110601,도소매업,A,1970,2021,52
4492,200Y006,"2.1.2.1.4. 경제활동별 GDP 및 GNI(원계열, 실질, 분기 및 연간)",Group1,계정항목,110601,도소매업,Q,1970Q1,2022Q3,211
4493,200Y006,"2.1.2.1.4. 경제활동별 GDP 및 GNI(원계열, 실질, 분기 및 연간)",Group1,계정항목,110602,숙박 및 음식점업,A,1970,2021,52
4494,200Y006,"2.1.2.1.4. 경제활동별 GDP 및 GNI(원계열, 실질, 분기 및 연간)",Group1,계정항목,110602,숙박 및 음식점업,Q,1970Q1,2022Q3,211
4495,200Y006,"2.1.2.1.4. 경제활동별 GDP 및 GNI(원계열, 실질, 분기 및 연간)",Group1,계정항목,1107,운수업,A,1953,2022,70
4496,200Y006,"2.1.2.1.4. 경제활동별 GDP 및 GNI(원계열, 실질, 분기 및 연간)",Group1,계정항목,1107,운수업,Q,1960Q1,2022Q4,252
4497,200Y006,"2.1.2.1.4. 경제활동별 GDP 및 GNI(원계열, 실질, 분기 및 연간)",Group1,계정항목,1108,금융 및 보험업,A,1953,2022,70
4498,200Y006,"2.1.2.1.4. 경제활동별 GDP 및 GNI(원계열, 실질, 분기 및 연간)",Group1,계정항목,1108,금융 및 보험업,Q,1960Q1,2022Q4,252
4499,200Y006,"2.1.2.1.4. 경제활동별 GDP 및 GNI(원계열, 실질, 분기 및 연간)",Group1,계정항목,1109,부동산업,A,1953,2022,70
4500,200Y006,"2.1.2.1.4. 경제활동별 GDP 및 GNI(원계열, 실질, 분기 및 연간)",Group1,계정항목,1109,부동산업,Q,1960Q1,2022Q4,252
4501,200Y006,"2.1.2.1.4. 경제활동별 GDP 및 GNI(원계열, 실질, 분기 및 연간)",Group1,계정항목,1114,정보통신업,A,1953,2022,70
4502,200Y006,"2.1.2.1.4. 경제활동별 GDP 및 GNI(원계열, 실질, 분기 및 연간)",Group1,계정항목,1114,정보통신업,Q,1960Q1,2022Q4,252
4503,200Y006,"2.1.2.1.4. 경제활동별 GDP 및 GNI(원계열, 실질, 분기 및 연간)",Group1,계정항목,11141,통신업,A,1970,2021,52
4504,200Y006,"2.1.2.1.4. 경제활동별 GDP 및 GNI(원계열, 실질, 분기 및 연간)",Group1,계정항목,11141,통신업,Q,1970Q1,2022Q3,211
4505,200Y006,"2.1.2.1.4. 경제활동별 GDP 및 GNI(원계열, 실질, 분기 및 연간)",Group1,계정항목,11142,"출판, 방송, 영상, 정보서비스",A,1970,2021,52
4506,200Y006,"2.1.2.1.4. 경제활동별 GDP 및 GNI(원계열, 실질, 분기 및 연간)",Group1,계정항목,11142,"출판, 방송, 영상, 정보서비스",Q,1970Q1,2022Q3,211
4507,200Y006,"2.1.2.1.4. 경제활동별 GDP 및 GNI(원계열, 실질, 분기 및 연간)",Group1,계정항목,1115,사업서비스업,A,1953,2022,70
4508,200Y006,"2.1.2.1.4. 경제활동별 GDP 및 GNI(원계열, 실질, 분기 및 연간)",Group1,계정항목,1115,사업서비스업,Q,1960Q1,2022Q4,252
4509,200Y006,"2.1.2.1.4. 경제활동별 GDP 및 GNI(원계열, 실질, 분기 및 연간)",Group1,계정항목,11501,"전문, 과학 및 기술관련 서비스업",A,1970,2021,52
4510,200Y006,"2.1.2.1.4. 경제활동별 GDP 및 GNI(원계열, 실질, 분기 및 연간)",Group1,계정항목,11501,"전문, 과학 및 기술관련 서비스업",Q,1970Q1,2022Q3,211
4511,200Y006,"2.1.2.1.4. 경제활동별 GDP 및 GNI(원계열, 실질, 분기 및 연간)",Group1,계정항목,11502,사업지원 서비스업,A,1970,2021,52
4512,200Y006,"2.1.2.1.4. 경제활동별 GDP 및 GNI(원계열, 실질, 분기 및 연간)",Group1,계정항목,11502,사업지원 서비스업,Q,1970Q1,2022Q3,211
4513,200Y006,"2.1.2.1.4. 경제활동별 GDP 및 GNI(원계열, 실질, 분기 및 연간)",Group1,계정항목,1110,"공공행정, 국방 및 사회보장",A,1953,2022,70
4514,200Y006,"2.1.2.1.4. 경제활동별 GDP 및 GNI(원계열, 실질, 분기 및 연간)",Group1,계정항목,1110,"공공행정, 국방 및 사회보장",Q,1960Q1,2022Q4,252
4515,200Y006,"2.1.2.1.4. 경제활동별 GDP 및 GNI(원계열, 실질, 분기 및 연간)",Group1,계정항목,1111,교육서비스업,A,1953,2022,70
4516,200Y006,"2.1.2.1.4. 경제활동별 GDP 및 GNI(원계열, 실질, 분기 및 연간)",Group1,계정항목,1111,교육서비스업,Q,1960Q1,2022Q4,252
4517,200Y006,"2.1.2.1.4. 경제활동별 GDP 및 GNI(원계열, 실질, 분기 및 연간)",Group1,계정항목,1112,"의료, 보건업 및 사회복지서비스업",A,1953,2022,70
4518,200Y006,"2.1.2.1.4. 경제활동별 GDP 및 GNI(원계열, 실질, 분기 및 연간)",Group1,계정항목,1112,"의료, 보건업 및 사회복지서비스업",Q,1960Q1,2022Q4,252
4519,200Y006,"2.1.2.1.4. 경제활동별 GDP 및 GNI(원계열, 실질, 분기 및 연간)",Group1,계정항목,1113,문화 및 기타 서비스업,A,1953,2022,70
4520,200Y006,"2.1.2.1.4. 경제활동별 GDP 및 GNI(원계열, 실질, 분기 및 연간)",Group1,계정항목,1113,문화 및 기타 서비스업,Q,1960Q1,2022Q4,252
4521,200Y006,"2.1.2.1.4. 경제활동별 GDP 및 GNI(원계열, 실질, 분기 및 연간)",Group1,계정항목,11131,"예술, 스포츠 및 여가관련 서비스업",A,1970,2021,52
4522,200Y006,"2.1.2.1.4. 경제활동별 GDP 및 GNI(원계열, 실질, 분기 및 연간)",Group1,계정항목,11131,"예술, 스포츠 및 여가관련 서비스업",Q,1970Q1,2022Q3,211
4523,200Y006,"2.1.2.1.4. 경제활동별 GDP 및 GNI(원계열, 실질, 분기 및 연간)",Group1,계정항목,11132,기타 서비스업,A,1970,2021,52
4524,200Y006,"2.1.2.1.4. 경제활동별 GDP 및 GNI(원계열, 실질, 분기 및 연간)",Group1,계정항목,11132,기타 서비스업,Q,1970Q1,2022Q3,211
4525,200Y006,"2.1.2.1.4. 경제활동별 GDP 및 GNI(원계열, 실질, 분기 및 연간)",Group1,계정항목,1200,총부가가치(기초가격),A,1953,2022,70
4526,200Y006,"2.1.2.1.4. 경제활동별 GDP 및 GNI(원계열, 실질, 분기 및 연간)",Group1,계정항목,1200,총부가가치(기초가격),Q,1960Q1,2022Q4,252
4527,200Y007,"2.1.2.2.1. 국내총생산에 대한 지출(계절조정, 명목, 분기)",Group1,계정항목,10101,최종소비지출,Q,1960Q1,2022Q3,251
4528,200Y007,"2.1.2.2.1. 국내총생산에 대한 지출(계절조정, 명목, 분기)",Group1,계정항목,1010110,민간,Q,1960Q1,2022Q3,251
4529,200Y007,"2.1.2.2.1. 국내총생산에 대한 지출(계절조정, 명목, 분기)",Group1,계정항목,1010111,가계,Q,1970Q1,2022Q3,211
4530,200Y007,"2.1.2.2.1. 국내총생산에 대한 지출(계절조정, 명목, 분기)",Group1,계정항목,1010112,가계에 봉사하는 비영리단체,Q,1970Q1,2022Q3,211
4531,200Y007,"2.1.2.2.1. 국내총생산에 대한 지출(계절조정, 명목, 분기)",Group1,계정항목,1010120,정부,Q,1960Q1,2022Q3,251
4532,200Y007,"2.1.2.2.1. 국내총생산에 대한 지출(계절조정, 명목, 분기)",Group1,계정항목,10201,총자본형성,Q,1960Q1,2022Q3,251
4533,200Y007,"2.1.2.2.1. 국내총생산에 대한 지출(계절조정, 명목, 분기)",Group1,계정항목,1020110,총고정자본형성,Q,1960Q1,2022Q3,251
4534,200Y007,"2.1.2.2.1. 국내총생산에 대한 지출(계절조정, 명목, 분기)",Group1,계정항목,1020114,총고정자본형성(민간),Q,2000Q1,2022Q3,91
4535,200Y007,"2.1.2.2.1. 국내총생산에 대한 지출(계절조정, 명목, 분기)",Group1,계정항목,1020115,총고정자본형성(정부),Q,2000Q1,2022Q3,91
4536,200Y007,"2.1.2.2.1. 국내총생산에 대한 지출(계절조정, 명목, 분기)",Group1,계정항목,1020111,건설투자,Q,1960Q1,2022Q3,251
4537,200Y007,"2.1.2.2.1. 국내총생산에 대한 지출(계절조정, 명목, 분기)",Group1,계정항목,1020112,설비투자,Q,1960Q1,2022Q3,251
4538,200Y007,"2.1.2.2.1. 국내총생산에 대한 지출(계절조정, 명목, 분기)",Group1,계정항목,1020113,지식재산생산물투자,Q,1960Q1,2022Q3,251
4539,200Y007,"2.1.2.2.1. 국내총생산에 대한 지출(계절조정, 명목, 분기)",Group1,계정항목,1020120,재고증감 및 귀중품 순취득,Q,1960Q1,2022Q3,251
4540,200Y007,"2.1.2.2.1. 국내총생산에 대한 지출(계절조정, 명목, 분기)",Group1,계정항목,10301,재화와 서비스의 수출,Q,1960Q1,2022Q3,251
4541,200Y007,"2.1.2.2.1. 국내총생산에 대한 지출(계절조정, 명목, 분기)",Group1,계정항목,1030110,(재화)F.O.B. 기준,Q,1960Q1,2022Q3,251
4542,200Y007,"2.1.2.2.1. 국내총생산에 대한 지출(계절조정, 명목, 분기)",Group1,계정항목,1030120,(서비스),Q,1960Q1,2022Q3,251
4543,200Y007,"2.1.2.2.1. 국내총생산에 대한 지출(계절조정, 명목, 분기)",Group1,계정항목,10401,(공제)재화와 서비스의 수입,Q,1960Q1,2022Q3,251
4544,200Y007,"2.1.2.2.1. 국내총생산에 대한 지출(계절조정, 명목, 분기)",Group1,계정항목,1040110,(재화)F.O.B. 기준,Q,1960Q1,2022Q3,251
4545,200Y007,"2.1.2.2.1. 국내총생산에 대한 지출(계절조정, 명목, 분기)",Group1,계정항목,1040120,(서비스),Q,1960Q1,2022Q3,251
4546,200Y007,"2.1.2.2.1. 국내총생산에 대한 지출(계절조정, 명목, 분기)",Group1,계정항목,10501,통계상불일치,Q,1960Q1,2022Q3,251
4547,200Y007,"2.1.2.2.1. 국내총생산에 대한 지출(계절조정, 명목, 분기)",Group1,계정항목,10601,국내총생산에 대한 지출,Q,1960Q1,2022Q3,251
4548,200Y008,"2.1.2.2.2. 국내총생산에 대한 지출(계절조정, 실질, 분기)",Group1,계정항목,10101,최종소비지출,Q,1960Q1,2022Q4,252
4549,200Y008,"2.1.2.2.2. 국내총생산에 대한 지출(계절조정, 실질, 분기)",Group1,계정항목,1010110,민간,Q,1960Q1,2022Q4,252
4550,200Y008,"2.1.2.2.2. 국내총생산에 대한 지출(계절조정, 실질, 분기)",Group1,계정항목,1010111,가계,Q,1970Q1,2022Q4,212
4551,200Y008,"2.1.2.2.2. 국내총생산에 대한 지출(계절조정, 실질, 분기)",Group1,계정항목,1010112,가계에 봉사하는 비영리단체,Q,1970Q1,2022Q4,212
4552,200Y008,"2.1.2.2.2. 국내총생산에 대한 지출(계절조정, 실질, 분기)",Group1,계정항목,1010120,정부,Q,1960Q1,2022Q4,252
4553,200Y008,"2.1.2.2.2. 국내총생산에 대한 지출(계절조정, 실질, 분기)",Group1,계정항목,10201,총자본형성,Q,1960Q1,2022Q4,252
4554,200Y008,"2.1.2.2.2. 국내총생산에 대한 지출(계절조정, 실질, 분기)",Group1,계정항목,1020110,총고정자본형성,Q,1960Q1,2022Q4,252
4555,200Y008,"2.1.2.2.2. 국내총생산에 대한 지출(계절조정, 실질, 분기)",Group1,계정항목,1020114,총고정자본형성(민간),Q,2000Q1,2022Q4,92
4556,200Y008,"2.1.2.2.2. 국내총생산에 대한 지출(계절조정, 실질, 분기)",Group1,계정항목,1020115,총고정자본형성(정부),Q,2000Q1,2022Q4,92
4557,200Y008,"2.1.2.2.2. 국내총생산에 대한 지출(계절조정, 실질, 분기)",Group1,계정항목,1020111,건설투자,Q,1960Q1,2022Q4,252
4558,200Y008,"2.1.2.2.2. 국내총생산에 대한 지출(계절조정, 실질, 분기)",Group1,계정항목,1020112,설비투자,Q,1960Q1,2022Q4,252
4559,200Y008,"2.1.2.2.2. 국내총생산에 대한 지출(계절조정, 실질, 분기)",Group1,계정항목,1020113,지식재산생산물투자,Q,1960Q1,2022Q4,252
4560,200Y008,"2.1.2.2.2. 국내총생산에 대한 지출(계절조정, 실질, 분기)",Group1,계정항목,1020120,재고증감 및 귀중품 순취득,Q,1960Q1,2022Q4,252
4561,200Y008,"2.1.2.2.2. 국내총생산에 대한 지출(계절조정, 실질, 분기)",Group1,계정항목,10301,재화와 서비스의 수출,Q,1960Q1,2022Q4,252
4562,200Y008,"2.1.2.2.2. 국내총생산에 대한 지출(계절조정, 실질, 분기)",Group1,계정항목,1030110,(재화)F.O.B 기준,Q,1960Q1,2022Q4,252
4563,200Y008,"2.1.2.2.2. 국내총생산에 대한 지출(계절조정, 실질, 분기)",Group1,계정항목,1030120,(서비스),Q,1960Q1,2022Q4,252
4564,200Y008,"2.1.2.2.2. 국내총생산에 대한 지출(계절조정, 실질, 분기)",Group1,계정항목,10401,(공제)재화와 서비스의 수입,Q,1960Q1,2022Q4,252
4565,200Y008,"2.1.2.2.2. 국내총생산에 대한 지출(계절조정, 실질, 분기)",Group1,계정항목,1040110,(재화)F.O.B 기준,Q,1960Q1,2022Q4,252
4566,200Y008,"2.1.2.2.2. 국내총생산에 대한 지출(계절조정, 실질, 분기)",Group1,계정항목,1040120,(서비스),Q,1960Q1,2022Q4,252
4567,200Y008,"2.1.2.2.2. 국내총생산에 대한 지출(계절조정, 실질, 분기)",Group1,계정항목,10501,통계상불일치,Q,1960Q1,2022Q4,252
4568,200Y008,"2.1.2.2.2. 국내총생산에 대한 지출(계절조정, 실질, 분기)",Group1,계정항목,10601,국내총생산에 대한 지출,Q,1960Q1,2022Q4,252
4569,200Y009,"2.1.2.2.3. 국내총생산에 대한 지출(원계열, 명목, 분기 및 연간)",Group1,계정항목,10101,최종소비지출,A,1953,2021,69
4570,200Y009,"2.1.2.2.3. 국내총생산에 대한 지출(원계열, 명목, 분기 및 연간)",Group1,계정항목,10101,최종소비지출,Q,1960Q1,2022Q3,251
4571,200Y009,"2.1.2.2.3. 국내총생산에 대한 지출(원계열, 명목, 분기 및 연간)",Group1,계정항목,1010110,민간,A,1953,2021,69
4572,200Y009,"2.1.2.2.3. 국내총생산에 대한 지출(원계열, 명목, 분기 및 연간)",Group1,계정항목,1010110,민간,Q,1960Q1,2022Q3,251
4573,200Y009,"2.1.2.2.3. 국내총생산에 대한 지출(원계열, 명목, 분기 및 연간)",Group1,계정항목,1010111,가계,A,1970,2021,52
4574,200Y009,"2.1.2.2.3. 국내총생산에 대한 지출(원계열, 명목, 분기 및 연간)",Group1,계정항목,1010111,가계,Q,1970Q1,2022Q3,211
4575,200Y009,"2.1.2.2.3. 국내총생산에 대한 지출(원계열, 명목, 분기 및 연간)",Group1,계정항목,1010112,가계에 봉사하는 비영리단체,A,1970,2021,52
4576,200Y009,"2.1.2.2.3. 국내총생산에 대한 지출(원계열, 명목, 분기 및 연간)",Group1,계정항목,1010112,가계에 봉사하는 비영리단체,Q,1970Q1,2022Q3,211
4577,200Y009,"2.1.2.2.3. 국내총생산에 대한 지출(원계열, 명목, 분기 및 연간)",Group1,계정항목,1010120,정부,A,1953,2021,69
4578,200Y009,"2.1.2.2.3. 국내총생산에 대한 지출(원계열, 명목, 분기 및 연간)",Group1,계정항목,1010120,정부,Q,1960Q1,2022Q3,251
4579,200Y009,"2.1.2.2.3. 국내총생산에 대한 지출(원계열, 명목, 분기 및 연간)",Group1,계정항목,10201,총자본형성,A,1953,2021,69
4580,200Y009,"2.1.2.2.3. 국내총생산에 대한 지출(원계열, 명목, 분기 및 연간)",Group1,계정항목,10201,총자본형성,Q,1960Q1,2022Q3,251
4581,200Y009,"2.1.2.2.3. 국내총생산에 대한 지출(원계열, 명목, 분기 및 연간)",Group1,계정항목,1020110,총고정자본형성,A,1953,2021,69
4582,200Y009,"2.1.2.2.3. 국내총생산에 대한 지출(원계열, 명목, 분기 및 연간)",Group1,계정항목,1020110,총고정자본형성,Q,1960Q1,2022Q3,251
4583,200Y009,"2.1.2.2.3. 국내총생산에 대한 지출(원계열, 명목, 분기 및 연간)",Group1,계정항목,1020114,총고정자본형성(민간),A,1970,2021,52
4584,200Y009,"2.1.2.2.3. 국내총생산에 대한 지출(원계열, 명목, 분기 및 연간)",Group1,계정항목,1020114,총고정자본형성(민간),Q,2000Q1,2022Q3,91
4585,200Y009,"2.1.2.2.3. 국내총생산에 대한 지출(원계열, 명목, 분기 및 연간)",Group1,계정항목,1020115,총고정자본형성(정부),A,1970,2021,52
4586,200Y009,"2.1.2.2.3. 국내총생산에 대한 지출(원계열, 명목, 분기 및 연간)",Group1,계정항목,1020115,총고정자본형성(정부),Q,2000Q1,2022Q3,91
4587,200Y009,"2.1.2.2.3. 국내총생산에 대한 지출(원계열, 명목, 분기 및 연간)",Group1,계정항목,1020111,건설투자,A,1953,2021,69
4588,200Y009,"2.1.2.2.3. 국내총생산에 대한 지출(원계열, 명목, 분기 및 연간)",Group1,계정항목,1020111,건설투자,Q,1960Q1,2022Q3,251
4589,200Y009,"2.1.2.2.3. 국내총생산에 대한 지출(원계열, 명목, 분기 및 연간)",Group1,계정항목,1020112,설비투자,A,1953,2021,69
4590,200Y009,"2.1.2.2.3. 국내총생산에 대한 지출(원계열, 명목, 분기 및 연간)",Group1,계정항목,1020112,설비투자,Q,1960Q1,2022Q3,251
4591,200Y009,"2.1.2.2.3. 국내총생산에 대한 지출(원계열, 명목, 분기 및 연간)",Group1,계정항목,1020113,지식재산생산물투자,A,1953,2021,69
4592,200Y009,"2.1.2.2.3. 국내총생산에 대한 지출(원계열, 명목, 분기 및 연간)",Group1,계정항목,1020113,지식재산생산물투자,Q,1960Q1,2022Q3,251
4593,200Y009,"2.1.2.2.3. 국내총생산에 대한 지출(원계열, 명목, 분기 및 연간)",Group1,계정항목,1020120,재고증감 및 귀중품 순취득,A,1953,2021,69
4594,200Y009,"2.1.2.2.3. 국내총생산에 대한 지출(원계열, 명목, 분기 및 연간)",Group1,계정항목,1020120,재고증감 및 귀중품 순취득,Q,1960Q1,2022Q3,251
4595,200Y009,"2.1.2.2.3. 국내총생산에 대한 지출(원계열, 명목, 분기 및 연간)",Group1,계정항목,10301,재화와 서비스의 수출,A,1953,2021,69
4596,200Y009,"2.1.2.2.3. 국내총생산에 대한 지출(원계열, 명목, 분기 및 연간)",Group1,계정항목,10301,재화와 서비스의 수출,Q,1960Q1,2022Q3,251
4597,200Y009,"2.1.2.2.3. 국내총생산에 대한 지출(원계열, 명목, 분기 및 연간)",Group1,계정항목,1030110,(재화)F.O.B. 기준,A,1953,2021,69
4598,200Y009,"2.1.2.2.3. 국내총생산에 대한 지출(원계열, 명목, 분기 및 연간)",Group1,계정항목,1030110,(재화)F.O.B. 기준,Q,1960Q1,2022Q3,251
4599,200Y009,"2.1.2.2.3. 국내총생산에 대한 지출(원계열, 명목, 분기 및 연간)",Group1,계정항목,1030120,(서비스),A,1953,2021,69
4600,200Y009,"2.1.2.2.3. 국내총생산에 대한 지출(원계열, 명목, 분기 및 연간)",Group1,계정항목,1030120,(서비스),Q,1960Q1,2022Q3,251
4601,200Y009,"2.1.2.2.3. 국내총생산에 대한 지출(원계열, 명목, 분기 및 연간)",Group1,계정항목,10401,(공제)재화와 서비스의 수입,A,1953,2021,69
4602,200Y009,"2.1.2.2.3. 국내총생산에 대한 지출(원계열, 명목, 분기 및 연간)",Group1,계정항목,10401,(공제)재화와 서비스의 수입,Q,1960Q1,2022Q3,251
4603,200Y009,"2.1.2.2.3. 국내총생산에 대한 지출(원계열, 명목, 분기 및 연간)",Group1,계정항목,1040110,(재화)F.O.B. 기준,A,1953,2021,69
4604,200Y009,"2.1.2.2.3. 국내총생산에 대한 지출(원계열, 명목, 분기 및 연간)",Group1,계정항목,1040110,(재화)F.O.B. 기준,Q,1960Q1,2022Q3,251
4605,200Y009,"2.1.2.2.3. 국내총생산에 대한 지출(원계열, 명목, 분기 및 연간)",Group1,계정항목,1040120,(서비스),A,1953,2021,69
4606,200Y009,"2.1.2.2.3. 국내총생산에 대한 지출(원계열, 명목, 분기 및 연간)",Group1,계정항목,1040120,(서비스),Q,1960Q1,2022Q3,251
4607,200Y009,"2.1.2.2.3. 국내총생산에 대한 지출(원계열, 명목, 분기 및 연간)",Group1,계정항목,10501,통계상불일치,A,1953,2021,69
4608,200Y009,"2.1.2.2.3. 국내총생산에 대한 지출(원계열, 명목, 분기 및 연간)",Group1,계정항목,10501,통계상불일치,Q,1960Q1,2022Q3,251
4609,200Y009,"2.1.2.2.3. 국내총생산에 대한 지출(원계열, 명목, 분기 및 연간)",Group1,계정항목,10601,국내총생산에 대한 지출,A,1953,2021,69
4610,200Y009,"2.1.2.2.3. 국내총생산에 대한 지출(원계열, 명목, 분기 및 연간)",Group1,계정항목,10601,국내총생산에 대한 지출,Q,1960Q1,2022Q3,251
4611,200Y010,"2.1.2.2.4. 국내총생산에 대한 지출(원계열, 실질, 분기 및 연간)",Group1,계정항목,10101,최종소비지출,A,1953,2022,70
4612,200Y010,"2.1.2.2.4. 국내총생산에 대한 지출(원계열, 실질, 분기 및 연간)",Group1,계정항목,10101,최종소비지출,Q,1960Q1,2022Q4,252
4613,200Y010,"2.1.2.2.4. 국내총생산에 대한 지출(원계열, 실질, 분기 및 연간)",Group1,계정항목,1010110,민간,A,1953,2022,70
4614,200Y010,"2.1.2.2.4. 국내총생산에 대한 지출(원계열, 실질, 분기 및 연간)",Group1,계정항목,1010110,민간,Q,1960Q1,2022Q4,252
4615,200Y010,"2.1.2.2.4. 국내총생산에 대한 지출(원계열, 실질, 분기 및 연간)",Group1,계정항목,1010111,가계,A,1970,2022,53
4616,200Y010,"2.1.2.2.4. 국내총생산에 대한 지출(원계열, 실질, 분기 및 연간)",Group1,계정항목,1010111,가계,Q,1970Q1,2022Q4,212
4617,200Y010,"2.1.2.2.4. 국내총생산에 대한 지출(원계열, 실질, 분기 및 연간)",Group1,계정항목,1010112,가계에 봉사하는 비영리단체,A,1970,2022,53
4618,200Y010,"2.1.2.2.4. 국내총생산에 대한 지출(원계열, 실질, 분기 및 연간)",Group1,계정항목,1010112,가계에 봉사하는 비영리단체,Q,1970Q1,2022Q4,212
4619,200Y010,"2.1.2.2.4. 국내총생산에 대한 지출(원계열, 실질, 분기 및 연간)",Group1,계정항목,1010120,정부,A,1953,2022,70
4620,200Y010,"2.1.2.2.4. 국내총생산에 대한 지출(원계열, 실질, 분기 및 연간)",Group1,계정항목,1010120,정부,Q,1960Q1,2022Q4,252
4621,200Y010,"2.1.2.2.4. 국내총생산에 대한 지출(원계열, 실질, 분기 및 연간)",Group1,계정항목,10201,총자본형성,A,1953,2022,70
4622,200Y010,"2.1.2.2.4. 국내총생산에 대한 지출(원계열, 실질, 분기 및 연간)",Group1,계정항목,10201,총자본형성,Q,1960Q1,2022Q4,252
4623,200Y010,"2.1.2.2.4. 국내총생산에 대한 지출(원계열, 실질, 분기 및 연간)",Group1,계정항목,1020110,총고정자본형성,A,1953,2022,70
4624,200Y010,"2.1.2.2.4. 국내총생산에 대한 지출(원계열, 실질, 분기 및 연간)",Group1,계정항목,1020110,총고정자본형성,Q,1960Q1,2022Q4,252
4625,200Y010,"2.1.2.2.4. 국내총생산에 대한 지출(원계열, 실질, 분기 및 연간)",Group1,계정항목,1020114,총고정자본형성(민간),A,1970,2022,53
4626,200Y010,"2.1.2.2.4. 국내총생산에 대한 지출(원계열, 실질, 분기 및 연간)",Group1,계정항목,1020114,총고정자본형성(민간),Q,2000Q1,2022Q4,92
4627,200Y010,"2.1.2.2.4. 국내총생산에 대한 지출(원계열, 실질, 분기 및 연간)",Group1,계정항목,1020115,총고정자본형성(정부),A,1970,2022,53
4628,200Y010,"2.1.2.2.4. 국내총생산에 대한 지출(원계열, 실질, 분기 및 연간)",Group1,계정항목,1020115,총고정자본형성(정부),Q,2000Q1,2022Q4,92
4629,200Y010,"2.1.2.2.4. 국내총생산에 대한 지출(원계열, 실질, 분기 및 연간)",Group1,계정항목,1020111,건설투자,A,1953,2022,70
4630,200Y010,"2.1.2.2.4. 국내총생산에 대한 지출(원계열, 실질, 분기 및 연간)",Group1,계정항목,1020111,건설투자,Q,1960Q1,2022Q4,252
4631,200Y010,"2.1.2.2.4. 국내총생산에 대한 지출(원계열, 실질, 분기 및 연간)",Group1,계정항목,1020112,설비투자,A,1953,2022,70
4632,200Y010,"2.1.2.2.4. 국내총생산에 대한 지출(원계열, 실질, 분기 및 연간)",Group1,계정항목,1020112,설비투자,Q,1960Q1,2022Q4,252
4633,200Y010,"2.1.2.2.4. 국내총생산에 대한 지출(원계열, 실질, 분기 및 연간)",Group1,계정항목,1020113,지식재산생산물투자,A,1953,2022,70
4634,200Y010,"2.1.2.2.4. 국내총생산에 대한 지출(원계열, 실질, 분기 및 연간)",Group1,계정항목,1020113,지식재산생산물투자,Q,1960Q1,2022Q4,252
4635,200Y010,"2.1.2.2.4. 국내총생산에 대한 지출(원계열, 실질, 분기 및 연간)",Group1,계정항목,1020120,재고증감 및 귀중품 순취득,A,1953,2022,70
4636,200Y010,"2.1.2.2.4. 국내총생산에 대한 지출(원계열, 실질, 분기 및 연간)",Group1,계정항목,1020120,재고증감 및 귀중품 순취득,Q,1960Q1,2022Q4,252
4637,200Y010,"2.1.2.2.4. 국내총생산에 대한 지출(원계열, 실질, 분기 및 연간)",Group1,계정항목,10301,재화와 서비스의 수출,A,1953,2022,70
4638,200Y010,"2.1.2.2.4. 국내총생산에 대한 지출(원계열, 실질, 분기 및 연간)",Group1,계정항목,10301,재화와 서비스의 수출,Q,1960Q1,2022Q4,252
4639,200Y010,"2.1.2.2.4. 국내총생산에 대한 지출(원계열, 실질, 분기 및 연간)",Group1,계정항목,1030110,(재화)F.O.B 기준,A,1953,2022,70
4640,200Y010,"2.1.2.2.4. 국내총생산에 대한 지출(원계열, 실질, 분기 및 연간)",Group1,계정항목,1030110,(재화)F.O.B 기준,Q,1960Q1,2022Q4,252
4641,200Y010,"2.1.2.2.4. 국내총생산에 대한 지출(원계열, 실질, 분기 및 연간)",Group1,계정항목,1030120,(서비스),A,1953,2022,70
4642,200Y010,"2.1.2.2.4. 국내총생산에 대한 지출(원계열, 실질, 분기 및 연간)",Group1,계정항목,1030120,(서비스),Q,1960Q1,2022Q4,252
4643,200Y010,"2.1.2.2.4. 국내총생산에 대한 지출(원계열, 실질, 분기 및 연간)",Group1,계정항목,10401,(공제)재화와 서비스의 수입,A,1953,2022,70
4644,200Y010,"2.1.2.2.4. 국내총생산에 대한 지출(원계열, 실질, 분기 및 연간)",Group1,계정항목,10401,(공제)재화와 서비스의 수입,Q,1960Q1,2022Q4,252
4645,200Y010,"2.1.2.2.4. 국내총생산에 대한 지출(원계열, 실질, 분기 및 연간)",Group1,계정항목,1040110,(재화)F.O.B 기준,A,1953,2022,70
4646,200Y010,"2.1.2.2.4. 국내총생산에 대한 지출(원계열, 실질, 분기 및 연간)",Group1,계정항목,1040110,(재화)F.O.B 기준,Q,1960Q1,2022Q4,252
4647,200Y010,"2.1.2.2.4. 국내총생산에 대한 지출(원계열, 실질, 분기 및 연간)",Group1,계정항목,1040120,(서비스),A,1953,2022,70
4648,200Y010,"2.1.2.2.4. 국내총생산에 대한 지출(원계열, 실질, 분기 및 연간)",Group1,계정항목,1040120,(서비스),Q,1960Q1,2022Q4,252
4649,200Y010,"2.1.2.2.4. 국내총생산에 대한 지출(원계열, 실질, 분기 및 연간)",Group1,계정항목,10501,통계상불일치,A,1953,2022,70
4650,200Y010,"2.1.2.2.4. 국내총생산에 대한 지출(원계열, 실질, 분기 및 연간)",Group1,계정항목,10501,통계상불일치,Q,1960Q1,2022Q4,252
4651,200Y010,"2.1.2.2.4. 국내총생산에 대한 지출(원계열, 실질, 분기 및 연간)",Group1,계정항목,10601,국내총생산에 대한 지출,A,1953,2022,70
4652,200Y010,"2.1.2.2.4. 국내총생산에 대한 지출(원계열, 실질, 분기 및 연간)",Group1,계정항목,10601,국내총생산에 대한 지출,Q,1960Q1,2022Q4,252
4653,200Y011,2.1.2.3.1. 경제활동별 국내총생산 디플레이터(분기 및 연간),Group1,계정항목,1101,농림어업,A,1953,2021,69
4654,200Y011,2.1.2.3.1. 경제활동별 국내총생산 디플레이터(분기 및 연간),Group1,계정항목,1101,농림어업,Q,1960Q1,2022Q3,251
4655,200Y011,2.1.2.3.1. 경제활동별 국내총생산 디플레이터(분기 및 연간),Group1,계정항목,1102,광업,A,1953,2021,69
4656,200Y011,2.1.2.3.1. 경제활동별 국내총생산 디플레이터(분기 및 연간),Group1,계정항목,1102,광업,Q,1960Q1,2022Q3,251
4657,200Y011,2.1.2.3.1. 경제활동별 국내총생산 디플레이터(분기 및 연간),Group1,계정항목,1103,제조업,A,1953,2021,69
4658,200Y011,2.1.2.3.1. 경제활동별 국내총생산 디플레이터(분기 및 연간),Group1,계정항목,1103,제조업,Q,1960Q1,2022Q3,251
4659,200Y011,2.1.2.3.1. 경제활동별 국내총생산 디플레이터(분기 및 연간),Group1,계정항목,1104,"전기, 가스 및 수도사업",A,1953,2021,69
4660,200Y011,2.1.2.3.1. 경제활동별 국내총생산 디플레이터(분기 및 연간),Group1,계정항목,1104,"전기, 가스 및 수도사업",Q,1960Q1,2022Q3,251
4661,200Y011,2.1.2.3.1. 경제활동별 국내총생산 디플레이터(분기 및 연간),Group1,계정항목,1105,건설업,A,1953,2021,69
4662,200Y011,2.1.2.3.1. 경제활동별 국내총생산 디플레이터(분기 및 연간),Group1,계정항목,1105,건설업,Q,1960Q1,2022Q3,251
4663,200Y011,2.1.2.3.1. 경제활동별 국내총생산 디플레이터(분기 및 연간),Group1,계정항목,1106,도소매 및 숙박음식업,A,1953,2021,69
4664,200Y011,2.1.2.3.1. 경제활동별 국내총생산 디플레이터(분기 및 연간),Group1,계정항목,1106,도소매 및 숙박음식업,Q,1960Q1,2022Q3,251
4665,200Y011,2.1.2.3.1. 경제활동별 국내총생산 디플레이터(분기 및 연간),Group1,계정항목,1107,운수업,A,1953,2021,69
4666,200Y011,2.1.2.3.1. 경제활동별 국내총생산 디플레이터(분기 및 연간),Group1,계정항목,1107,운수업,Q,1960Q1,2022Q3,251
4667,200Y011,2.1.2.3.1. 경제활동별 국내총생산 디플레이터(분기 및 연간),Group1,계정항목,1108,금융 및 보험업,A,1953,2021,69
4668,200Y011,2.1.2.3.1. 경제활동별 국내총생산 디플레이터(분기 및 연간),Group1,계정항목,1108,금융 및 보험업,Q,1960Q1,2022Q3,251
4669,200Y011,2.1.2.3.1. 경제활동별 국내총생산 디플레이터(분기 및 연간),Group1,계정항목,1109,부동산업,A,1953,2021,69
4670,200Y011,2.1.2.3.1. 경제활동별 국내총생산 디플레이터(분기 및 연간),Group1,계정항목,1109,부동산업,Q,1960Q1,2022Q3,251
4671,200Y011,2.1.2.3.1. 경제활동별 국내총생산 디플레이터(분기 및 연간),Group1,계정항목,1114,정보통신업,A,1953,2021,69
4672,200Y011,2.1.2.3.1. 경제활동별 국내총생산 디플레이터(분기 및 연간),Group1,계정항목,1114,정보통신업,Q,1960Q1,2022Q3,251
4673,200Y011,2.1.2.3.1. 경제활동별 국내총생산 디플레이터(분기 및 연간),Group1,계정항목,1115,사업서비스업,A,1953,2021,69
4674,200Y011,2.1.2.3.1. 경제활동별 국내총생산 디플레이터(분기 및 연간),Group1,계정항목,1115,사업서비스업,Q,1960Q1,2022Q3,251
4675,200Y011,2.1.2.3.1. 경제활동별 국내총생산 디플레이터(분기 및 연간),Group1,계정항목,1110,"공공행정, 국방 및 사회보장",A,1953,2021,69
4676,200Y011,2.1.2.3.1. 경제활동별 국내총생산 디플레이터(분기 및 연간),Group1,계정항목,1110,"공공행정, 국방 및 사회보장",Q,1960Q1,2022Q3,251
4677,200Y011,2.1.2.3.1. 경제활동별 국내총생산 디플레이터(분기 및 연간),Group1,계정항목,1111,교육서비스업,A,1953,2021,69
4678,200Y011,2.1.2.3.1. 경제활동별 국내총생산 디플레이터(분기 및 연간),Group1,계정항목,1111,교육서비스업,Q,1960Q1,2022Q3,251
4679,200Y011,2.1.2.3.1. 경제활동별 국내총생산 디플레이터(분기 및 연간),Group1,계정항목,1112,"의료, 보건업 및 사회복지서비스업",A,1953,2021,69
4680,200Y011,2.1.2.3.1. 경제활동별 국내총생산 디플레이터(분기 및 연간),Group1,계정항목,1112,"의료, 보건업 및 사회복지서비스업",Q,1960Q1,2022Q3,251
4681,200Y011,2.1.2.3.1. 경제활동별 국내총생산 디플레이터(분기 및 연간),Group1,계정항목,1113,문화 및 기타 서비스업,A,1953,2021,69
4682,200Y011,2.1.2.3.1. 경제활동별 국내총생산 디플레이터(분기 및 연간),Group1,계정항목,1113,문화 및 기타 서비스업,Q,1960Q1,2022Q3,251
4683,200Y011,2.1.2.3.1. 경제활동별 국내총생산 디플레이터(분기 및 연간),Group1,계정항목,1200,총부가가치(기초가격),A,1953,2021,69
4684,200Y011,2.1.2.3.1. 경제활동별 국내총생산 디플레이터(분기 및 연간),Group1,계정항목,1200,총부가가치(기초가격),Q,1960Q1,2022Q3,251
4685,200Y011,2.1.2.3.1. 경제활동별 국내총생산 디플레이터(분기 및 연간),Group1,계정항목,1300,순생산물세,A,1953,2021,69
4686,200Y011,2.1.2.3.1. 경제활동별 국내총생산 디플레이터(분기 및 연간),Group1,계정항목,1300,순생산물세,Q,1960Q1,2022Q3,251
4687,200Y011,2.1.2.3.1. 경제활동별 국내총생산 디플레이터(분기 및 연간),Group1,계정항목,1400,국내총생산(시장가격),A,1953,2021,69
4688,200Y011,2.1.2.3.1. 경제활동별 국내총생산 디플레이터(분기 및 연간),Group1,계정항목,1400,국내총생산(시장가격),Q,1960Q1,2022Q3,251
4689,200Y012,2.1.2.3.2. 국내총생산에 대한 지출 디플레이터(분기 및 연간),Group1,계정항목,10101,최종소비지출,A,1953,2021,69
4690,200Y012,2.1.2.3.2. 국내총생산에 대한 지출 디플레이터(분기 및 연간),Group1,계정항목,10101,최종소비지출,Q,1960Q1,2022Q3,251
4691,200Y012,2.1.2.3.2. 국내총생산에 대한 지출 디플레이터(분기 및 연간),Group1,계정항목,1010110,민간,A,1953,2021,69
4692,200Y012,2.1.2.3.2. 국내총생산에 대한 지출 디플레이터(분기 및 연간),Group1,계정항목,1010110,민간,Q,1960Q1,2022Q3,251
4693,200Y012,2.1.2.3.2. 국내총생산에 대한 지출 디플레이터(분기 및 연간),Group1,계정항목,1010111,가계,A,1970,2021,52
4694,200Y012,2.1.2.3.2. 국내총생산에 대한 지출 디플레이터(분기 및 연간),Group1,계정항목,1010111,가계,Q,1970Q1,2022Q3,211
4695,200Y012,2.1.2.3.2. 국내총생산에 대한 지출 디플레이터(분기 및 연간),Group1,계정항목,1010112,가계에 봉사하는 비영리단체,A,1970,2021,52
4696,200Y012,2.1.2.3.2. 국내총생산에 대한 지출 디플레이터(분기 및 연간),Group1,계정항목,1010112,가계에 봉사하는 비영리단체,Q,1970Q1,2022Q3,211
4697,200Y012,2.1.2.3.2. 국내총생산에 대한 지출 디플레이터(분기 및 연간),Group1,계정항목,1010120,정부,A,1953,2021,69
4698,200Y012,2.1.2.3.2. 국내총생산에 대한 지출 디플레이터(분기 및 연간),Group1,계정항목,1010120,정부,Q,1960Q1,2022Q3,251
4699,200Y012,2.1.2.3.2. 국내총생산에 대한 지출 디플레이터(분기 및 연간),Group1,계정항목,10201,총자본형성,A,1953,2021,69
4700,200Y012,2.1.2.3.2. 국내총생산에 대한 지출 디플레이터(분기 및 연간),Group1,계정항목,10201,총자본형성,Q,1960Q1,2022Q3,251
4701,200Y012,2.1.2.3.2. 국내총생산에 대한 지출 디플레이터(분기 및 연간),Group1,계정항목,1020110,총고정자본형성,A,1953,2021,69
4702,200Y012,2.1.2.3.2. 국내총생산에 대한 지출 디플레이터(분기 및 연간),Group1,계정항목,1020110,총고정자본형성,Q,1960Q1,2022Q3,251
4703,200Y012,2.1.2.3.2. 국내총생산에 대한 지출 디플레이터(분기 및 연간),Group1,계정항목,1020114,총고정자본형성(민간),A,1970,2021,52
4704,200Y012,2.1.2.3.2. 국내총생산에 대한 지출 디플레이터(분기 및 연간),Group1,계정항목,1020114,총고정자본형성(민간),Q,2000Q1,2022Q3,91
4705,200Y012,2.1.2.3.2. 국내총생산에 대한 지출 디플레이터(분기 및 연간),Group1,계정항목,1020115,총고정자본형성(정부),A,1970,2021,52
4706,200Y012,2.1.2.3.2. 국내총생산에 대한 지출 디플레이터(분기 및 연간),Group1,계정항목,1020115,총고정자본형성(정부),Q,2000Q1,2022Q3,91
4707,200Y012,2.1.2.3.2. 국내총생산에 대한 지출 디플레이터(분기 및 연간),Group1,계정항목,1020111,건설투자,A,1953,2021,69
4708,200Y012,2.1.2.3.2. 국내총생산에 대한 지출 디플레이터(분기 및 연간),Group1,계정항목,1020111,건설투자,Q,1960Q1,2022Q3,251
4709,200Y012,2.1.2.3.2. 국내총생산에 대한 지출 디플레이터(분기 및 연간),Group1,계정항목,1020112,설비투자,A,1953,2021,69
4710,200Y012,2.1.2.3.2. 국내총생산에 대한 지출 디플레이터(분기 및 연간),Group1,계정항목,1020112,설비투자,Q,1960Q1,2022Q3,251
4711,200Y012,2.1.2.3.2. 국내총생산에 대한 지출 디플레이터(분기 및 연간),Group1,계정항목,1020113,지식재산생산물투자,A,1953,2021,69
4712,200Y012,2.1.2.3.2. 국내총생산에 대한 지출 디플레이터(분기 및 연간),Group1,계정항목,1020113,지식재산생산물투자,Q,1960Q1,2022Q3,251
4713,200Y012,2.1.2.3.2. 국내총생산에 대한 지출 디플레이터(분기 및 연간),Group1,계정항목,10301,재화와 서비스의 수출,A,1953,2021,69
4714,200Y012,2.1.2.3.2. 국내총생산에 대한 지출 디플레이터(분기 및 연간),Group1,계정항목,10301,재화와 서비스의 수출,Q,1960Q1,2022Q3,251
4715,200Y012,2.1.2.3.2. 국내총생산에 대한 지출 디플레이터(분기 및 연간),Group1,계정항목,1030110,(재화)F.O.B 기준,A,1953,2021,69
4716,200Y012,2.1.2.3.2. 국내총생산에 대한 지출 디플레이터(분기 및 연간),Group1,계정항목,1030110,(재화)F.O.B 기준,Q,1960Q1,2022Q3,251
4717,200Y012,2.1.2.3.2. 국내총생산에 대한 지출 디플레이터(분기 및 연간),Group1,계정항목,1030120,(서비스),A,1953,2021,69
4718,200Y012,2.1.2.3.2. 국내총생산에 대한 지출 디플레이터(분기 및 연간),Group1,계정항목,1030120,(서비스),Q,1960Q1,2022Q3,251
4719,200Y012,2.1.2.3.2. 국내총생산에 대한 지출 디플레이터(분기 및 연간),Group1,계정항목,10401,(공제)재화와 서비스의 수입,A,1953,2021,69
4720,200Y012,2.1.2.3.2. 국내총생산에 대한 지출 디플레이터(분기 및 연간),Group1,계정항목,10401,(공제)재화와 서비스의 수입,Q,1960Q1,2022Q3,251
4721,200Y012,2.1.2.3.2. 국내총생산에 대한 지출 디플레이터(분기 및 연간),Group1,계정항목,1040110,(재화)F.O.B 기준,A,1953,2021,69
4722,200Y012,2.1.2.3.2. 국내총생산에 대한 지출 디플레이터(분기 및 연간),Group1,계정항목,1040110,(재화)F.O.B 기준,Q,1960Q1,2022Q3,251
4723,200Y012,2.1.2.3.2. 국내총생산에 대한 지출 디플레이터(분기 및 연간),Group1,계정항목,1040120,(서비스),A,1953,2021,69
4724,200Y012,2.1.2.3.2. 국내총생산에 대한 지출 디플레이터(분기 및 연간),Group1,계정항목,1040120,(서비스),Q,1960Q1,2022Q3,251
4725,200Y012,2.1.2.3.2. 국내총생산에 대한 지출 디플레이터(분기 및 연간),Group1,계정항목,10601,국내총생산에 대한 지출,A,1953,2021,69
4726,200Y012,2.1.2.3.2. 국내총생산에 대한 지출 디플레이터(분기 및 연간),Group1,계정항목,10601,국내총생산에 대한 지출,Q,1960Q1,2022Q3,251
4727,200Y013,"2.1.3.1.1. 국내총생산과 지출(명목, 연간)",Group1,계정항목,10106,국내총생산,A,1970,2021,52
4728,200Y013,"2.1.3.1.1. 국내총생산과 지출(명목, 연간)",Group1,계정항목,10101,피용자보수,A,1970,2021,52
4729,200Y013,"2.1.3.1.1. 국내총생산과 지출(명목, 연간)",Group1,계정항목,10102,영업잉여,A,1970,2021,52
4730,200Y013,"2.1.3.1.1. 국내총생산과 지출(명목, 연간)",Group1,계정항목,10103,고정자본소모,A,1970,2021,52
4731,200Y013,"2.1.3.1.1. 국내총생산과 지출(명목, 연간)",Group1,계정항목,10104,생산 및 수입세,A,1970,2021,52
4732,200Y013,"2.1.3.1.1. 국내총생산과 지출(명목, 연간)",Group1,계정항목,10105,(공제)보조금,A,1970,2021,52
4733,200Y013,"2.1.3.1.1. 국내총생산과 지출(명목, 연간)",Group1,계정항목,10114,국내총생산에대한지출,A,1970,2021,52
4734,200Y013,"2.1.3.1.1. 국내총생산과 지출(명목, 연간)",Group1,계정항목,10107,민간최종소비지출,A,1970,2021,52
4735,200Y013,"2.1.3.1.1. 국내총생산과 지출(명목, 연간)",Group1,계정항목,10108,정부최종소비지출,A,1970,2021,52
4736,200Y013,"2.1.3.1.1. 국내총생산과 지출(명목, 연간)",Group1,계정항목,10109,총고정자본형성,A,1970,2021,52
4737,200Y013,"2.1.3.1.1. 국내총생산과 지출(명목, 연간)",Group1,계정항목,10110,재고증감및귀중품순취득,A,1970,2021,52
4738,200Y013,"2.1.3.1.1. 국내총생산과 지출(명목, 연간)",Group1,계정항목,10111,재화와서비스의수출,A,1970,2021,52
4739,200Y013,"2.1.3.1.1. 국내총생산과 지출(명목, 연간)",Group1,계정항목,10112,(공제)재화와서비스의수입,A,1970,2021,52
4740,200Y013,"2.1.3.1.1. 국내총생산과 지출(명목, 연간)",Group1,계정항목,10113,통계상불일치,A,1970,2021,52
4741,200Y013,"2.1.3.1.1. 국내총생산과 지출(명목, 연간)",Group1,계정항목,10115,국외순수취요소소득,A,1970,2021,52
4742,200Y013,"2.1.3.1.1. 국내총생산과 지출(명목, 연간)",Group1,계정항목,10116,국민총소득,A,1970,2021,52
4743,200Y014,"2.1.3.1.2. 경제활동별 국내총부가가치와 요소소득(명목, 연간)",Group1,금액구분코드,1,총산출,A,1970,2020,1479
4744,200Y014,"2.1.3.1.2. 경제활동별 국내총부가가치와 요소소득(명목, 연간)",Group1,금액구분코드,2,중간소비,A,1970,2020,1479
4745,200Y014,"2.1.3.1.2. 경제활동별 국내총부가가치와 요소소득(명목, 연간)",Group1,금액구분코드,3,국내총부가가치,A,1970,2020,1479
4746,200Y014,"2.1.3.1.2. 경제활동별 국내총부가가치와 요소소득(명목, 연간)",Group1,금액구분코드,4,기타생산세 (공제)기타생산보조금,A,1970,2020,1479
4747,200Y014,"2.1.3.1.2. 경제활동별 국내총부가가치와 요소소득(명목, 연간)",Group1,금액구분코드,5,고정자본소모,A,1970,2020,1479
4748,200Y014,"2.1.3.1.2. 경제활동별 국내총부가가치와 요소소득(명목, 연간)",Group1,금액구분코드,6,국내요소소득,A,1970,2020,1479
4749,200Y014,"2.1.3.1.2. 경제활동별 국내총부가가치와 요소소득(명목, 연간)",Group1,금액구분코드,7,피용자보수,A,1970,2020,1479
4750,200Y014,"2.1.3.1.2. 경제활동별 국내총부가가치와 요소소득(명목, 연간)",Group1,금액구분코드,8,영업잉여,A,1970,2020,1479
4751,200Y014,"2.1.3.1.2. 경제활동별 국내총부가가치와 요소소득(명목, 연간)",Group2,계정항목,1101,농림어업,A,1970,2020,408
4752,200Y014,"2.1.3.1.2. 경제활동별 국내총부가가치와 요소소득(명목, 연간)",Group2,계정항목,1201,광업,A,1970,2020,408
4753,200Y014,"2.1.3.1.2. 경제활동별 국내총부가가치와 요소소득(명목, 연간)",Group2,계정항목,1301,제조업,A,1970,2020,408
4754,200Y014,"2.1.3.1.2. 경제활동별 국내총부가가치와 요소소득(명목, 연간)",Group2,계정항목,1302,음식료품 제조업,A,1970,2020,408
4755,200Y014,"2.1.3.1.2. 경제활동별 국내총부가가치와 요소소득(명목, 연간)",Group2,계정항목,1303,섬유 및 가죽제품 제조업,A,1970,2020,408
4756,200Y014,"2.1.3.1.2. 경제활동별 국내총부가가치와 요소소득(명목, 연간)",Group2,계정항목,1304,"목재, 종이, 인쇄 및 복제업",A,1970,2020,408
4757,200Y014,"2.1.3.1.2. 경제활동별 국내총부가가치와 요소소득(명목, 연간)",Group2,계정항목,1305,코크스 및 석유정제품 제조업,A,1970,2020,408
4758,200Y014,"2.1.3.1.2. 경제활동별 국내총부가가치와 요소소득(명목, 연간)",Group2,계정항목,1306,화학물질 및 화학제품 제조업,A,1970,2020,408
4759,200Y014,"2.1.3.1.2. 경제활동별 국내총부가가치와 요소소득(명목, 연간)",Group2,계정항목,1307,비금속광물제품 제조업,A,1970,2020,408
4760,200Y014,"2.1.3.1.2. 경제활동별 국내총부가가치와 요소소득(명목, 연간)",Group2,계정항목,1308,1차금속 제조업,A,1970,2020,408
4761,200Y014,"2.1.3.1.2. 경제활동별 국내총부가가치와 요소소득(명목, 연간)",Group2,계정항목,1309,금속가공제품 제조업,A,1970,2020,408
4762,200Y014,"2.1.3.1.2. 경제활동별 국내총부가가치와 요소소득(명목, 연간)",Group2,계정항목,1310,"컴퓨터, 전자 및 광학기기 제조업",A,1970,2020,408
4763,200Y014,"2.1.3.1.2. 경제활동별 국내총부가가치와 요소소득(명목, 연간)",Group2,계정항목,1311,전기장비 제조업,A,1970,2020,408
4764,200Y014,"2.1.3.1.2. 경제활동별 국내총부가가치와 요소소득(명목, 연간)",Group2,계정항목,1312,기계 및 장비 제조업,A,1970,2020,408
4765,200Y014,"2.1.3.1.2. 경제활동별 국내총부가가치와 요소소득(명목, 연간)",Group2,계정항목,1313,운송장비 제조업,A,1970,2020,408
4766,200Y014,"2.1.3.1.2. 경제활동별 국내총부가가치와 요소소득(명목, 연간)",Group2,계정항목,1314,기타 제조업  및 산업용 장비 수리업,A,1970,2020,408
4767,200Y014,"2.1.3.1.2. 경제활동별 국내총부가가치와 요소소득(명목, 연간)",Group2,계정항목,1401,"전기, 가스 및 수도사업",A,1970,2020,408
4768,200Y014,"2.1.3.1.2. 경제활동별 국내총부가가치와 요소소득(명목, 연간)",Group2,계정항목,1501,건설업,A,1970,2020,408
4769,200Y014,"2.1.3.1.2. 경제활동별 국내총부가가치와 요소소득(명목, 연간)",Group2,계정항목,1601,도소매 및 숙박음식업,A,1970,2020,408
4770,200Y014,"2.1.3.1.2. 경제활동별 국내총부가가치와 요소소득(명목, 연간)",Group2,계정항목,1701,운수업,A,1970,2020,408
4771,200Y014,"2.1.3.1.2. 경제활동별 국내총부가가치와 요소소득(명목, 연간)",Group2,계정항목,1801,금융 및 보험업,A,1970,2020,408
4772,200Y014,"2.1.3.1.2. 경제활동별 국내총부가가치와 요소소득(명목, 연간)",Group2,계정항목,1901,부동산업,A,1970,2020,408
4773,200Y014,"2.1.3.1.2. 경제활동별 국내총부가가치와 요소소득(명목, 연간)",Group2,계정항목,2601,정보통신업,A,1970,2020,408
4774,200Y014,"2.1.3.1.2. 경제활동별 국내총부가가치와 요소소득(명목, 연간)",Group2,계정항목,2701,사업서비스업,A,1970,2020,408
4775,200Y014,"2.1.3.1.2. 경제활동별 국내총부가가치와 요소소득(명목, 연간)",Group2,계정항목,2101,"공공행정, 국방 및 사회보장",A,1970,2020,408
4776,200Y014,"2.1.3.1.2. 경제활동별 국내총부가가치와 요소소득(명목, 연간)",Group2,계정항목,2201,교육서비스업,A,1970,2020,408
4777,200Y014,"2.1.3.1.2. 경제활동별 국내총부가가치와 요소소득(명목, 연간)",Group2,계정항목,2301,"의료, 보건업 및 사회복지서비스업",A,1970,2020,408
4778,200Y014,"2.1.3.1.2. 경제활동별 국내총부가가치와 요소소득(명목, 연간)",Group2,계정항목,2401,문화 및 기타서비스업,A,1970,2020,408
4779,200Y014,"2.1.3.1.2. 경제활동별 국내총부가가치와 요소소득(명목, 연간)",Group2,계정항목,201,합계,A,1970,2020,408
4780,200Y015,"2.1.3.2.1. 국민처분가능소득과 처분(명목, 연간)",Group1,계정항목,10104,국민처분가능소득의 처분,A,1970,2021,52
4781,200Y015,"2.1.3.2.1. 국민처분가능소득과 처분(명목, 연간)",Group1,계정항목,10101,민간최종소비지출,A,1970,2021,52
4782,200Y015,"2.1.3.2.1. 국민처분가능소득과 처분(명목, 연간)",Group1,계정항목,10102,정부최종소비지출,A,1970,2021,52
4783,200Y015,"2.1.3.2.1. 국민처분가능소득과 처분(명목, 연간)",Group1,계정항목,10103,순저축,A,1970,2021,52
4784,200Y015,"2.1.3.2.1. 국민처분가능소득과 처분(명목, 연간)",Group1,계정항목,10112,국민처분가능소득,A,1970,2021,52
4785,200Y015,"2.1.3.2.1. 국민처분가능소득과 처분(명목, 연간)",Group1,계정항목,10105,피용자보수,A,1970,2021,52
4786,200Y015,"2.1.3.2.1. 국민처분가능소득과 처분(명목, 연간)",Group1,계정항목,10106,국외순수취피용자보수,A,1970,2021,52
4787,200Y015,"2.1.3.2.1. 국민처분가능소득과 처분(명목, 연간)",Group1,계정항목,10107,영업잉여,A,1970,2021,52
4788,200Y015,"2.1.3.2.1. 국민처분가능소득과 처분(명목, 연간)",Group1,계정항목,10108,국외순수취기업 및 재산소득,A,1970,2021,52
4789,200Y015,"2.1.3.2.1. 국민처분가능소득과 처분(명목, 연간)",Group1,계정항목,10109,생산 및 수입세,A,1970,2021,52
4790,200Y015,"2.1.3.2.1. 국민처분가능소득과 처분(명목, 연간)",Group1,계정항목,10110,(공제)보조금,A,1970,2021,52
4791,200Y015,"2.1.3.2.1. 국민처분가능소득과 처분(명목, 연간)",Group1,계정항목,10111,국외순수취경상이전,A,1970,2021,52
4792,200Y015,"2.1.3.2.1. 국민처분가능소득과 처분(명목, 연간)",Group1,계정항목,10113,고정자본소모,A,1970,2021,52
4793,200Y015,"2.1.3.2.1. 국민처분가능소득과 처분(명목, 연간)",Group1,계정항목,10114,국민총처분가능소득,A,1970,2021,52
4794,200Y015,"2.1.3.2.1. 국민처분가능소득과 처분(명목, 연간)",Group1,계정항목,10115,요소비용에의한 국민소득,A,1970,2021,52
4795,200Y015,"2.1.3.2.1. 국민처분가능소득과 처분(명목, 연간)",Group1,계정항목,10116,시장가격에의한 국민소득,A,1970,2021,52
4796,200Y016,"2.1.3.2.2. 국민소득과 부문별 국민처분가능소득(명목, 연간)",Group1,계정항목,10301,요소비용국민소득,A,1970,2021,52
4797,200Y016,"2.1.3.2.2. 국민소득과 부문별 국민처분가능소득(명목, 연간)",Group1,계정항목,10101,피용자보수,A,1970,2021,52
4798,200Y016,"2.1.3.2.2. 국민소득과 부문별 국민처분가능소득(명목, 연간)",Group1,계정항목,10201,기업 및 재산소득,A,1970,2021,52
4799,200Y016,"2.1.3.2.2. 국민소득과 부문별 국민처분가능소득(명목, 연간)",Group1,계정항목,1020110,a.법인(금융기관포함),A,1975,2021,47
4800,200Y016,"2.1.3.2.2. 국민소득과 부문별 국민처분가능소득(명목, 연간)",Group1,계정항목,1020120,a.일반정부,A,1970,2021,52
4801,200Y016,"2.1.3.2.2. 국민소득과 부문별 국민처분가능소득(명목, 연간)",Group1,계정항목,1020130,a.가계 및 비영리단체,A,1975,2021,47
4802,200Y016,"2.1.3.2.2. 국민소득과 부문별 국민처분가능소득(명목, 연간)",Group1,계정항목,10302,(＋) 생산 및 수입세 (공제)보조금,A,1970,2021,52
4803,200Y016,"2.1.3.2.2. 국민소득과 부문별 국민처분가능소득(명목, 연간)",Group1,계정항목,10401,시장가격국민소득,A,1970,2021,52
4804,200Y016,"2.1.3.2.2. 국민소득과 부문별 국민처분가능소득(명목, 연간)",Group1,계정항목,10402,(+)순수취경상이전,A,1970,2021,52
4805,200Y016,"2.1.3.2.2. 국민소득과 부문별 국민처분가능소득(명목, 연간)",Group1,계정항목,10501,b.법인(금융기관포함),A,1975,2021,47
4806,200Y016,"2.1.3.2.2. 국민소득과 부문별 국민처분가능소득(명목, 연간)",Group1,계정항목,10502,b.일반정부,A,1970,2021,52
4807,200Y016,"2.1.3.2.2. 국민소득과 부문별 국민처분가능소득(명목, 연간)",Group1,계정항목,10503,b.가계 및 비영리단체,A,1975,2021,47
4808,200Y016,"2.1.3.2.2. 국민소득과 부문별 국민처분가능소득(명목, 연간)",Group1,계정항목,10601,국민처분가능소득,A,1970,2021,52
4809,200Y016,"2.1.3.2.2. 국민소득과 부문별 국민처분가능소득(명목, 연간)",Group1,계정항목,1060110,c.법인(금융기관포함),A,1975,2021,47
4810,200Y016,"2.1.3.2.2. 국민소득과 부문별 국민처분가능소득(명목, 연간)",Group1,계정항목,1060120,c.일반정부,A,1970,2021,52
4811,200Y016,"2.1.3.2.2. 국민소득과 부문별 국민처분가능소득(명목, 연간)",Group1,계정항목,1060130,c.가계 및 비영리단체,A,1975,2021,47
4812,200Y017,"2.1.3.3.1. 자본거래(명목, 연간)",Group1,계정항목,10105,총자본축적,A,1970,2021,52
4813,200Y017,"2.1.3.3.1. 자본거래(명목, 연간)",Group1,계정항목,10101,총고정자본형성,A,1970,2021,52
4814,200Y017,"2.1.3.3.1. 자본거래(명목, 연간)",Group1,계정항목,10102,재고증감,A,1970,2021,52
4815,200Y017,"2.1.3.3.1. 자본거래(명목, 연간)",Group1,계정항목,10110,귀중품순취득,A,2000,2021,22
4816,200Y017,"2.1.3.3.1. 자본거래(명목, 연간)",Group1,계정항목,101021,비생산비금융자산의 순취득,A,1998,2021,24
4817,200Y017,"2.1.3.3.1. 자본거래(명목, 연간)",Group1,계정항목,10103,순대출,A,1970,2021,52
4818,200Y017,"2.1.3.3.1. 자본거래(명목, 연간)",Group1,계정항목,10104,통계상 불일치,A,1970,2021,52
4819,200Y017,"2.1.3.3.1. 자본거래(명목, 연간)",Group1,계정항목,10109,총자본조달,A,1970,2021,52
4820,200Y017,"2.1.3.3.1. 자본거래(명목, 연간)",Group1,계정항목,10106,순저축,A,1970,2021,52
4821,200Y017,"2.1.3.3.1. 자본거래(명목, 연간)",Group1,계정항목,10107,고정자본소모,A,1970,2021,52
4822,200Y017,"2.1.3.3.1. 자본거래(명목, 연간)",Group1,계정항목,10108,순자본이전,A,1998,2021,24
4823,200Y018,"2.1.3.4.1. 경상거래(명목, 연간)",Group1,계정항목,10101,재화와 서비스의 수출,A,1970,2021,52
4824,200Y018,"2.1.3.4.1. 경상거래(명목, 연간)",Group1,계정항목,1010110,재화(f.o.b),A,1970,2021,52
4825,200Y018,"2.1.3.4.1. 경상거래(명목, 연간)",Group1,계정항목,1010120,서비스,A,1970,2021,52
4826,200Y018,"2.1.3.4.1. 경상거래(명목, 연간)",Group1,계정항목,10201,국외수취요소소득,A,1970,2021,52
4827,200Y018,"2.1.3.4.1. 경상거래(명목, 연간)",Group1,계정항목,1020110,국외로부터의 피용자보수,A,1970,2021,52
4828,200Y018,"2.1.3.4.1. 경상거래(명목, 연간)",Group1,계정항목,1020120,국외로부터의 기업 및 재산소득,A,1970,2021,52
4829,200Y018,"2.1.3.4.1. 경상거래(명목, 연간)",Group1,계정항목,10301,국외로부터의 경상이전,A,1970,2021,52
4830,200Y018,"2.1.3.4.1. 경상거래(명목, 연간)",Group1,계정항목,10401,수취(A),A,1970,2021,52
4831,200Y018,"2.1.3.4.1. 경상거래(명목, 연간)",Group1,계정항목,10501,재화와 서비스의 수입,A,1970,2021,52
4832,200Y018,"2.1.3.4.1. 경상거래(명목, 연간)",Group1,계정항목,1050110,재화(f.o.b),A,1970,2021,52
4833,200Y018,"2.1.3.4.1. 경상거래(명목, 연간)",Group1,계정항목,1050120,서비스,A,1970,2021,52
4834,200Y018,"2.1.3.4.1. 경상거래(명목, 연간)",Group1,계정항목,10601,국외지급요소소득,A,1970,2021,52
4835,200Y018,"2.1.3.4.1. 경상거래(명목, 연간)",Group1,계정항목,1060110,국외에 대한 피용자보수,A,1970,2021,52
4836,200Y018,"2.1.3.4.1. 경상거래(명목, 연간)",Group1,계정항목,1060120,국외에 대한 기업 및 재산소득,A,1970,2021,52
4837,200Y018,"2.1.3.4.1. 경상거래(명목, 연간)",Group1,계정항목,10701,국외에 대한 경상이전,A,1970,2021,52
4838,200Y018,"2.1.3.4.1. 경상거래(명목, 연간)",Group1,계정항목,10801,지급(B),A,1970,2021,52
4839,200Y018,"2.1.3.4.1. 경상거래(명목, 연간)",Group1,계정항목,10901,경상계정잉여(C=A-B),A,1970,2021,52
4840,200Y019,"2.1.3.4.2. 자본거래(명목, 연간)",Group1,계정항목,11101,경상계정잉여(A),A,1970,2021,52
4841,200Y019,"2.1.3.4.2. 자본거래(명목, 연간)",Group1,계정항목,12101,순자본이전(B),A,1998,2021,24
4842,200Y019,"2.1.3.4.2. 자본거래(명목, 연간)",Group1,계정항목,121011,(-)비생산 비금융자산의 순취득(C),A,1998,2021,24
4843,200Y019,"2.1.3.4.2. 자본거래(명목, 연간)",Group1,계정항목,13101,오차 및 누락(D=E-(A+B-C)),A,1970,2021,52
4844,200Y019,"2.1.3.4.2. 자본거래(명목, 연간)",Group1,계정항목,14101,자금과부족(E=F-G),A,1970,2021,52
4845,200Y019,"2.1.3.4.2. 자본거래(명목, 연간)",Group1,계정항목,15101,국외금융자산순증(F),A,1970,2021,52
4846,200Y019,"2.1.3.4.2. 자본거래(명목, 연간)",Group1,계정항목,16101,국외부채순증(G),A,1970,2021,52
4847,200Y020,"2.1.4.1. 제도부문별 생산계정(명목, 연간)",Group1,금액구분코드,111,비금융법인(사용),A,2000,2020,189
4848,200Y020,"2.1.4.1. 제도부문별 생산계정(명목, 연간)",Group1,금액구분코드,112,비금융법인(원천),A,2000,2020,189
4849,200Y020,"2.1.4.1. 제도부문별 생산계정(명목, 연간)",Group1,금액구분코드,121,금융법인(사용),A,2000,2020,189
4850,200Y020,"2.1.4.1. 제도부문별 생산계정(명목, 연간)",Group1,금액구분코드,122,금융법인(원천),A,2000,2020,189
4851,200Y020,"2.1.4.1. 제도부문별 생산계정(명목, 연간)",Group1,금액구분코드,131,일반정부(사용),A,2000,2020,189
4852,200Y020,"2.1.4.1. 제도부문별 생산계정(명목, 연간)",Group1,금액구분코드,132,일반정부(원천),A,2000,2020,189
4853,200Y020,"2.1.4.1. 제도부문별 생산계정(명목, 연간)",Group1,금액구분코드,141,가계 및 비영리단체(사용),A,2000,2020,189
4854,200Y020,"2.1.4.1. 제도부문별 생산계정(명목, 연간)",Group1,금액구분코드,142,가계 및 비영리단체(원천),A,2000,2020,189
4855,200Y020,"2.1.4.1. 제도부문별 생산계정(명목, 연간)",Group1,금액구분코드,151,국내(사용),A,2000,2020,189
4856,200Y020,"2.1.4.1. 제도부문별 생산계정(명목, 연간)",Group1,금액구분코드,152,국내(원천),A,2000,2020,189
4857,200Y020,"2.1.4.1. 제도부문별 생산계정(명목, 연간)",Group1,금액구분코드,161,국외(사용),A,2000,2020,189
4858,200Y020,"2.1.4.1. 제도부문별 생산계정(명목, 연간)",Group1,금액구분코드,162,국외(원천),A,2000,2020,189
4859,200Y020,"2.1.4.1. 제도부문별 생산계정(명목, 연간)",Group2,계정항목,101,산출액,A,2000,2020,252
4860,200Y020,"2.1.4.1. 제도부문별 생산계정(명목, 연간)",Group2,계정항목,111,시장산출,A,2000,2020,252
4861,200Y020,"2.1.4.1. 제도부문별 생산계정(명목, 연간)",Group2,계정항목,112,자가최종사용목적산출,A,2000,2020,252
4862,200Y020,"2.1.4.1. 제도부문별 생산계정(명목, 연간)",Group2,계정항목,113,기타 비시장산출,A,2000,2020,252
4863,200Y020,"2.1.4.1. 제도부문별 생산계정(명목, 연간)",Group2,계정항목,102,중간소비,A,2000,2020,252
4864,200Y020,"2.1.4.1. 제도부문별 생산계정(명목, 연간)",Group2,계정항목,103,순생산물세,A,2000,2020,252
4865,200Y020,"2.1.4.1. 제도부문별 생산계정(명목, 연간)",Group2,계정항목,201,총부가가치(기초가격),A,2000,2020,252
4866,200Y020,"2.1.4.1. 제도부문별 생산계정(명목, 연간)",Group2,계정항목,202,고정자본소모,A,2000,2020,252
4867,200Y020,"2.1.4.1. 제도부문별 생산계정(명목, 연간)",Group2,계정항목,203,순부가가치,A,2000,2020,252
4868,200Y021,"2.1.4.2. 제도부문별 소득계정(명목, 연간)",Group1,계정항목,501,피용자보수(a),A,2010,2021,88
4869,200Y021,"2.1.4.2. 제도부문별 소득계정(명목, 연간)",Group1,계정항목,5011,영업잉여(a),A,2010,2021,88
4870,200Y021,"2.1.4.2. 제도부문별 소득계정(명목, 연간)",Group1,계정항목,5012,기타생산세(a),A,2010,2021,88
4871,200Y021,"2.1.4.2. 제도부문별 소득계정(명목, 연간)",Group1,계정항목,5013,기타생산보조금(a),A,2010,2021,88
4872,200Y021,"2.1.4.2. 제도부문별 소득계정(명목, 연간)",Group1,계정항목,5014,고정자본소모,A,2010,2021,88
4873,200Y021,"2.1.4.2. 제도부문별 소득계정(명목, 연간)",Group1,계정항목,5015,총부가가치(기초가격),A,2010,2021,128
4874,200Y021,"2.1.4.2. 제도부문별 소득계정(명목, 연간)",Group1,계정항목,5016,순생산물세,A,2010,2021,56
4875,200Y021,"2.1.4.2. 제도부문별 소득계정(명목, 연간)",Group1,계정항목,5017,국내총생산(GDP),A,2010,2021,56
4876,200Y021,"2.1.4.2. 제도부문별 소득계정(명목, 연간)",Group1,계정항목,5018,국내순생산(NDP),A,2010,2021,56
4877,200Y021,"2.1.4.2. 제도부문별 소득계정(명목, 연간)",Group1,계정항목,101,피용자보수(b),A,1975,2021,220
4878,200Y021,"2.1.4.2. 제도부문별 소득계정(명목, 연간)",Group1,계정항목,1011,임금및급여,A,1975,2021,220
4879,200Y021,"2.1.4.2. 제도부문별 소득계정(명목, 연간)",Group1,계정항목,1012,고용주의사회부담금,A,1975,2021,134
4880,200Y021,"2.1.4.2. 제도부문별 소득계정(명목, 연간)",Group1,계정항목,10121,고용주의실제사회부담금(a),A,1975,2021,134
4881,200Y021,"2.1.4.2. 제도부문별 소득계정(명목, 연간)",Group1,계정항목,10122,고용주의의제사회부담금(a),A,1975,2021,134
4882,200Y021,"2.1.4.2. 제도부문별 소득계정(명목, 연간)",Group1,계정항목,102,영업잉여(b),A,1975,2021,263
4883,200Y021,"2.1.4.2. 제도부문별 소득계정(명목, 연간)",Group1,계정항목,1021,(혼합소득),A,2010,2021,64
4884,200Y021,"2.1.4.2. 제도부문별 소득계정(명목, 연간)",Group1,계정항목,103,생산및수입세,A,1975,2021,134
4885,200Y021,"2.1.4.2. 제도부문별 소득계정(명목, 연간)",Group1,계정항목,1031,생산물세,A,1975,2021,134
4886,200Y021,"2.1.4.2. 제도부문별 소득계정(명목, 연간)",Group1,계정항목,1032,기타생산세(b),A,1975,2021,134
4887,200Y021,"2.1.4.2. 제도부문별 소득계정(명목, 연간)",Group1,계정항목,104,보조금,A,1975,2021,134
4888,200Y021,"2.1.4.2. 제도부문별 소득계정(명목, 연간)",Group1,계정항목,1041,생산물보조금,A,1975,2021,134
4889,200Y021,"2.1.4.2. 제도부문별 소득계정(명목, 연간)",Group1,계정항목,1042,기타생산보조금(b),A,1975,2021,134
4890,200Y021,"2.1.4.2. 제도부문별 소득계정(명목, 연간)",Group1,계정항목,105,재산소득,A,1975,2021,564
4891,200Y021,"2.1.4.2. 제도부문별 소득계정(명목, 연간)",Group1,계정항목,1051,이자,A,1975,2021,564
4892,200Y021,"2.1.4.2. 제도부문별 소득계정(명목, 연간)",Group1,계정항목,1052,법인기업분배소득,A,1975,2021,478
4893,200Y021,"2.1.4.2. 제도부문별 소득계정(명목, 연간)",Group1,계정항목,10521,배당금,A,1975,2021,478
4894,200Y021,"2.1.4.2. 제도부문별 소득계정(명목, 연간)",Group1,계정항목,10522,준법인기업소득인출,A,1975,2021,220
4895,200Y021,"2.1.4.2. 제도부문별 소득계정(명목, 연간)",Group1,계정항목,10523,국외직접투자에대한재투자수익,A,1975,2021,392
4896,200Y021,"2.1.4.2. 제도부문별 소득계정(명목, 연간)",Group1,계정항목,10524,투자소득지급,A,1975,2021,349
4897,200Y021,"2.1.4.2. 제도부문별 소득계정(명목, 연간)",Group1,계정항목,1053,임료,A,1975,2021,392
4898,200Y021,"2.1.4.2. 제도부문별 소득계정(명목, 연간)",Group1,계정항목,106,순본원소득잔액(NNI),A,1975,2021,478
4899,200Y021,"2.1.4.2. 제도부문별 소득계정(명목, 연간)",Group1,계정항목,107,총본원소득잔액(GNI),A,1975,2021,478
4900,200Y021,"2.1.4.2. 제도부문별 소득계정(명목, 연간)",Group1,계정항목,201,"소득,부등에대한경상세",A,1975,2021,306
4901,200Y021,"2.1.4.2. 제도부문별 소득계정(명목, 연간)",Group1,계정항목,2011,소득세,A,1975,2021,306
4902,200Y021,"2.1.4.2. 제도부문별 소득계정(명목, 연간)",Group1,계정항목,2012,기타경상세,A,1975,2021,306
4903,200Y021,"2.1.4.2. 제도부문별 소득계정(명목, 연간)",Group1,계정항목,202,사회부담금,A,1975,2021,306
4904,200Y021,"2.1.4.2. 제도부문별 소득계정(명목, 연간)",Group1,계정항목,20201,고용주의실제사회부담금(b),A,1975,2021,233
4905,200Y021,"2.1.4.2. 제도부문별 소득계정(명목, 연간)",Group1,계정항목,20202,고용주의의제사회부담금(b),A,1975,2021,306
4906,200Y021,"2.1.4.2. 제도부문별 소득계정(명목, 연간)",Group1,계정항목,20203,가계의사회부담금,A,1975,2021,233
4907,200Y021,"2.1.4.2. 제도부문별 소득계정(명목, 연간)",Group1,계정항목,203,사회수혜금,A,1975,2021,306
4908,200Y021,"2.1.4.2. 제도부문별 소득계정(명목, 연간)",Group1,계정항목,2031,사회보장수혜금,A,1975,2021,220
4909,200Y021,"2.1.4.2. 제도부문별 소득계정(명목, 연간)",Group1,계정항목,2032,기타사회보험수혜금,A,1975,2021,306
4910,200Y021,"2.1.4.2. 제도부문별 소득계정(명목, 연간)",Group1,계정항목,2034,사회부조수혜금,A,1975,2021,220
4911,200Y021,"2.1.4.2. 제도부문별 소득계정(명목, 연간)",Group1,계정항목,204,기타경상이전(a),A,1975,2021,564
4912,200Y021,"2.1.4.2. 제도부문별 소득계정(명목, 연간)",Group1,계정항목,2041,비생명보험의순보험료,A,1975,2021,435
4913,200Y021,"2.1.4.2. 제도부문별 소득계정(명목, 연간)",Group1,계정항목,2042,비생명보험의보험금,A,1975,2021,435
4914,200Y021,"2.1.4.2. 제도부문별 소득계정(명목, 연간)",Group1,계정항목,2043,그외기타경상이전(b),A,1975,2021,564
4915,200Y021,"2.1.4.2. 제도부문별 소득계정(명목, 연간)",Group1,계정항목,20431,거주자,A,1975,2021,478
4916,200Y021,"2.1.4.2. 제도부문별 소득계정(명목, 연간)",Group1,계정항목,20432,국외,A,1975,2021,478
4917,200Y021,"2.1.4.2. 제도부문별 소득계정(명목, 연간)",Group1,계정항목,205,순처분가능소득(NDI),A,1975,2021,478
4918,200Y021,"2.1.4.2. 제도부문별 소득계정(명목, 연간)",Group1,계정항목,206,총처분가능소득(GNDI),A,1975,2021,478
4919,200Y021,"2.1.4.2. 제도부문별 소득계정(명목, 연간)",Group1,계정항목,301,사회적현물이전,A,1975,2021,263
4920,200Y021,"2.1.4.2. 제도부문별 소득계정(명목, 연간)",Group1,계정항목,302,순조정처분가능소득,A,1975,2021,478
4921,200Y021,"2.1.4.2. 제도부문별 소득계정(명목, 연간)",Group1,계정항목,303,총조정처분가능소득,A,1975,2021,478
4922,200Y021,"2.1.4.2. 제도부문별 소득계정(명목, 연간)",Group1,계정항목,401,최종소비지출,A,1975,2021,177
4923,200Y021,"2.1.4.2. 제도부문별 소득계정(명목, 연간)",Group1,계정항목,402,실제최종소비,A,1975,2021,177
4924,200Y021,"2.1.4.2. 제도부문별 소득계정(명목, 연간)",Group1,계정항목,403,연금기금의가계순지분증감조정,A,2005,2021,100
4925,200Y021,"2.1.4.2. 제도부문별 소득계정(명목, 연간)",Group1,계정항목,404,순저축,A,1975,2021,263
4926,200Y021,"2.1.4.2. 제도부문별 소득계정(명목, 연간)",Group1,계정항목,405,총저축,A,1975,2021,263
4927,200Y021,"2.1.4.2. 제도부문별 소득계정(명목, 연간)",Group2,금액구분코드,111,비금융법인(사용),A,1975,2021,1359
4928,200Y021,"2.1.4.2. 제도부문별 소득계정(명목, 연간)",Group2,금액구분코드,112,비금융법인(원천),A,1975,2021,1147
4929,200Y021,"2.1.4.2. 제도부문별 소득계정(명목, 연간)",Group2,금액구분코드,121,금융법인(사용),A,1975,2021,1372
4930,200Y021,"2.1.4.2. 제도부문별 소득계정(명목, 연간)",Group2,금액구분코드,122,금융법인(원천),A,1975,2021,1130
4931,200Y021,"2.1.4.2. 제도부문별 소득계정(명목, 연간)",Group2,금액구분코드,131,일반정부(사용),A,1975,2021,1230
4932,200Y021,"2.1.4.2. 제도부문별 소득계정(명목, 연간)",Group2,금액구분코드,132,일반정부(원천),A,1975,2021,1577
4933,200Y021,"2.1.4.2. 제도부문별 소득계정(명목, 연간)",Group2,금액구분코드,141,가계 및 비영리단체(사용),A,1975,2021,1402
4934,200Y021,"2.1.4.2. 제도부문별 소득계정(명목, 연간)",Group2,금액구분코드,142,가계 및 비영리단체(원천),A,1975,2021,1512
4935,200Y021,"2.1.4.2. 제도부문별 소득계정(명목, 연간)",Group2,금액구분코드,151,국내(사용),A,1975,2021,1845
4936,200Y021,"2.1.4.2. 제도부문별 소득계정(명목, 연간)",Group2,금액구분코드,152,국내(원천),A,1975,2021,2181
4937,200Y021,"2.1.4.2. 제도부문별 소득계정(명목, 연간)",Group2,금액구분코드,161,국외(사용),A,1975,2021,752
4938,200Y021,"2.1.4.2. 제도부문별 소득계정(명목, 연간)",Group2,금액구분코드,162,국외(원천),A,1975,2021,752
4939,200Y022,"2.1.4.3. 제도부문별 자본계정(명목, 연간)",Group1,금액구분코드,110,비금융법인 (자산증감),A,1975,2020,460
4940,200Y022,"2.1.4.3. 제도부문별 자본계정(명목, 연간)",Group1,금액구분코드,111,비금융법인 (부채및순자산증감),A,1975,2020,460
4941,200Y022,"2.1.4.3. 제도부문별 자본계정(명목, 연간)",Group1,금액구분코드,120,금융법인 (자산증감),A,1975,2020,460
4942,200Y022,"2.1.4.3. 제도부문별 자본계정(명목, 연간)",Group1,금액구분코드,121,금융법인 (부채및순자산증감),A,1975,2020,460
4943,200Y022,"2.1.4.3. 제도부문별 자본계정(명목, 연간)",Group1,금액구분코드,130,일반정부 (자산증감),A,1975,2020,460
4944,200Y022,"2.1.4.3. 제도부문별 자본계정(명목, 연간)",Group1,금액구분코드,131,일반정부 (부채및순자산증감),A,1975,2020,460
4945,200Y022,"2.1.4.3. 제도부문별 자본계정(명목, 연간)",Group1,금액구분코드,140,가계 및 비영리단체 (자산증감),A,1975,2020,460
4946,200Y022,"2.1.4.3. 제도부문별 자본계정(명목, 연간)",Group1,금액구분코드,141,가계 및 비영리단체 (부채및순자산증감),A,1975,2020,460
4947,200Y022,"2.1.4.3. 제도부문별 자본계정(명목, 연간)",Group1,금액구분코드,150,국내 (자산증감),A,1975,2020,460
4948,200Y022,"2.1.4.3. 제도부문별 자본계정(명목, 연간)",Group1,금액구분코드,151,국내 (부채및순자산증감),A,1975,2020,460
4949,200Y022,"2.1.4.3. 제도부문별 자본계정(명목, 연간)",Group1,금액구분코드,160,국외 (자산증감),A,1975,2020,460
4950,200Y022,"2.1.4.3. 제도부문별 자본계정(명목, 연간)",Group1,금액구분코드,161,국외 (부채및순자산증감),A,1975,2020,460
4951,200Y022,"2.1.4.3. 제도부문별 자본계정(명목, 연간)",Group2,계정항목,11,순저축,A,1975,2020,552
4952,200Y022,"2.1.4.3. 제도부문별 자본계정(명목, 연간)",Group2,계정항목,12,국외경상수지,A,1975,2020,552
4953,200Y022,"2.1.4.3. 제도부문별 자본계정(명목, 연간)",Group2,계정항목,131,순자본이전,A,1975,2020,552
4954,200Y022,"2.1.4.3. 제도부문별 자본계정(명목, 연간)",Group2,계정항목,15,총고정자본형성,A,1975,2020,552
4955,200Y022,"2.1.4.3. 제도부문별 자본계정(명목, 연간)",Group2,계정항목,16,고정자본소모(-),A,1975,2020,552
4956,200Y022,"2.1.4.3. 제도부문별 자본계정(명목, 연간)",Group2,계정항목,17,재고증감,A,1975,2020,552
4957,200Y022,"2.1.4.3. 제도부문별 자본계정(명목, 연간)",Group2,계정항목,20,귀중품순취득,A,1975,2020,552
4958,200Y022,"2.1.4.3. 제도부문별 자본계정(명목, 연간)",Group2,계정항목,18,비생산 비금융자산 순구입,A,1975,2020,552
4959,200Y022,"2.1.4.3. 제도부문별 자본계정(명목, 연간)",Group2,계정항목,19,저축 투자 차액,A,1975,2020,552
4960,200Y022,"2.1.4.3. 제도부문별 자본계정(명목, 연간)",Group2,계정항목,1910,저축 및 자본이전에 의한 순자산 증감,A,1975,2020,552
4961,200Y023,"2.1.5.1. 경제활동별 성장기여도(계절조정, 실질, 분기)",Group1,계정항목,1101,농림어업,Q,1960Q2,2022Q4,251
4962,200Y023,"2.1.5.1. 경제활동별 성장기여도(계절조정, 실질, 분기)",Group1,계정항목,1102,광업,Q,1960Q2,2022Q4,251
4963,200Y023,"2.1.5.1. 경제활동별 성장기여도(계절조정, 실질, 분기)",Group1,계정항목,1103,제조업,Q,1960Q2,2022Q4,251
4964,200Y023,"2.1.5.1. 경제활동별 성장기여도(계절조정, 실질, 분기)",Group1,계정항목,110301,음식료품 제조업,Q,1970Q2,2022Q3,210
4965,200Y023,"2.1.5.1. 경제활동별 성장기여도(계절조정, 실질, 분기)",Group1,계정항목,110302,섬유 및 가죽제품 제조업,Q,1970Q2,2022Q3,210
4966,200Y023,"2.1.5.1. 경제활동별 성장기여도(계절조정, 실질, 분기)",Group1,계정항목,110303,"목재, 종이, 인쇄 및 복제업",Q,1970Q2,2022Q3,210
4967,200Y023,"2.1.5.1. 경제활동별 성장기여도(계절조정, 실질, 분기)",Group1,계정항목,110304,코크스 및 석유정제품 제조업,Q,1970Q2,2022Q3,210
4968,200Y023,"2.1.5.1. 경제활동별 성장기여도(계절조정, 실질, 분기)",Group1,계정항목,110305,화학물질 및 화학제품 제조업,Q,1970Q2,2022Q3,210
4969,200Y023,"2.1.5.1. 경제활동별 성장기여도(계절조정, 실질, 분기)",Group1,계정항목,110306,비금속광물제품 제조업,Q,1970Q2,2022Q3,210
4970,200Y023,"2.1.5.1. 경제활동별 성장기여도(계절조정, 실질, 분기)",Group1,계정항목,110307,1차금속 제조업,Q,1970Q2,2022Q3,210
4971,200Y023,"2.1.5.1. 경제활동별 성장기여도(계절조정, 실질, 분기)",Group1,계정항목,110308,금속가공제품 제조업,Q,1970Q2,2022Q3,210
4972,200Y023,"2.1.5.1. 경제활동별 성장기여도(계절조정, 실질, 분기)",Group1,계정항목,110309,"컴퓨터, 전자 및 광학기기 제조업",Q,1970Q2,2022Q3,210
4973,200Y023,"2.1.5.1. 경제활동별 성장기여도(계절조정, 실질, 분기)",Group1,계정항목,110310,전기장비 제조업,Q,1970Q2,2022Q3,210
4974,200Y023,"2.1.5.1. 경제활동별 성장기여도(계절조정, 실질, 분기)",Group1,계정항목,110311,기계 및 장비 제조업,Q,1970Q2,2022Q3,210
4975,200Y023,"2.1.5.1. 경제활동별 성장기여도(계절조정, 실질, 분기)",Group1,계정항목,110312,운송장비 제조업,Q,1970Q2,2022Q3,210
4976,200Y023,"2.1.5.1. 경제활동별 성장기여도(계절조정, 실질, 분기)",Group1,계정항목,110313,기타 제조업 및 산업용 장비 수리업,Q,1970Q2,2022Q3,210
4977,200Y023,"2.1.5.1. 경제활동별 성장기여도(계절조정, 실질, 분기)",Group1,계정항목,1104,"전기, 가스 및 수도사업",Q,1960Q2,2022Q4,251
4978,200Y023,"2.1.5.1. 경제활동별 성장기여도(계절조정, 실질, 분기)",Group1,계정항목,110401,전기업,Q,1970Q2,2022Q3,210
4979,200Y023,"2.1.5.1. 경제활동별 성장기여도(계절조정, 실질, 분기)",Group1,계정항목,110402,"가스, 증기 및 공기조절 공급업",Q,1972Q2,2022Q3,202
4980,200Y023,"2.1.5.1. 경제활동별 성장기여도(계절조정, 실질, 분기)",Group1,계정항목,110403,"수도, 하수 및 폐기물 처리, 원료 재생업",Q,1970Q2,2022Q3,210
4981,200Y023,"2.1.5.1. 경제활동별 성장기여도(계절조정, 실질, 분기)",Group1,계정항목,1105,건설업,Q,1960Q2,2022Q4,251
4982,200Y023,"2.1.5.1. 경제활동별 성장기여도(계절조정, 실질, 분기)",Group1,계정항목,11055,건물건설업,Q,1980Q2,2022Q3,170
4983,200Y023,"2.1.5.1. 경제활동별 성장기여도(계절조정, 실질, 분기)",Group1,계정항목,11051,주거용 건물건설업,Q,1980Q2,2022Q3,170
4984,200Y023,"2.1.5.1. 경제활동별 성장기여도(계절조정, 실질, 분기)",Group1,계정항목,11052,비주거용 건물건설업,Q,1980Q2,2022Q3,170
4985,200Y023,"2.1.5.1. 경제활동별 성장기여도(계절조정, 실질, 분기)",Group1,계정항목,11053,토목건설업,Q,1980Q2,2022Q3,170
4986,200Y023,"2.1.5.1. 경제활동별 성장기여도(계절조정, 실질, 분기)",Group1,계정항목,11054,전문건설업,Q,1980Q2,2022Q3,170
4987,200Y023,"2.1.5.1. 경제활동별 성장기여도(계절조정, 실질, 분기)",Group1,계정항목,1117,서비스업,Q,1960Q2,2022Q4,251
4988,200Y023,"2.1.5.1. 경제활동별 성장기여도(계절조정, 실질, 분기)",Group1,계정항목,1106,도소매 및 숙박음식업,Q,1960Q2,2022Q4,251
4989,200Y023,"2.1.5.1. 경제활동별 성장기여도(계절조정, 실질, 분기)",Group1,계정항목,110601,도소매업,Q,1970Q2,2022Q3,210
4990,200Y023,"2.1.5.1. 경제활동별 성장기여도(계절조정, 실질, 분기)",Group1,계정항목,110602,숙박 및 음식점업,Q,1970Q2,2022Q3,210
4991,200Y023,"2.1.5.1. 경제활동별 성장기여도(계절조정, 실질, 분기)",Group1,계정항목,1107,운수업,Q,1960Q2,2022Q4,251
4992,200Y023,"2.1.5.1. 경제활동별 성장기여도(계절조정, 실질, 분기)",Group1,계정항목,1108,금융 및 보험업,Q,1960Q2,2022Q4,251
4993,200Y023,"2.1.5.1. 경제활동별 성장기여도(계절조정, 실질, 분기)",Group1,계정항목,1109,부동산업,Q,1960Q2,2022Q4,251
4994,200Y023,"2.1.5.1. 경제활동별 성장기여도(계절조정, 실질, 분기)",Group1,계정항목,1114,정보통신업,Q,1960Q2,2022Q4,251
4995,200Y023,"2.1.5.1. 경제활동별 성장기여도(계절조정, 실질, 분기)",Group1,계정항목,11141,통신업,Q,1970Q2,2022Q3,210
4996,200Y023,"2.1.5.1. 경제활동별 성장기여도(계절조정, 실질, 분기)",Group1,계정항목,11142,"출판, 방송, 영상, 정보서비스",Q,1970Q2,2022Q3,210
4997,200Y023,"2.1.5.1. 경제활동별 성장기여도(계절조정, 실질, 분기)",Group1,계정항목,1115,사업서비스업,Q,1960Q2,2022Q4,251
4998,200Y023,"2.1.5.1. 경제활동별 성장기여도(계절조정, 실질, 분기)",Group1,계정항목,111501,"전문, 과학 및 기술관련 서비스업",Q,1970Q2,2022Q3,210
4999,200Y023,"2.1.5.1. 경제활동별 성장기여도(계절조정, 실질, 분기)",Group1,계정항목,111502,사업지원 서비스업,Q,1970Q2,2022Q3,210
5000,200Y023,"2.1.5.1. 경제활동별 성장기여도(계절조정, 실질, 분기)",Group1,계정항목,1110,"공공행정, 국방 및 사회보장",Q,1960Q2,2022Q4,251
5001,200Y023,"2.1.5.1. 경제활동별 성장기여도(계절조정, 실질, 분기)",Group1,계정항목,1111,교육서비스업,Q,1960Q2,2022Q4,251
5002,200Y023,"2.1.5.1. 경제활동별 성장기여도(계절조정, 실질, 분기)",Group1,계정항목,1112,"의료, 보건업 및 사회복지서비스업",Q,1960Q2,2022Q4,251
5003,200Y023,"2.1.5.1. 경제활동별 성장기여도(계절조정, 실질, 분기)",Group1,계정항목,1113,문화 및 기타서비스업,Q,1960Q2,2022Q4,251
5004,200Y023,"2.1.5.1. 경제활동별 성장기여도(계절조정, 실질, 분기)",Group1,계정항목,11131,"예술, 스포츠 및 여가관련 서비스업",Q,1970Q2,2022Q3,210
5005,200Y023,"2.1.5.1. 경제활동별 성장기여도(계절조정, 실질, 분기)",Group1,계정항목,11132,기타 서비스업,Q,1970Q2,2022Q3,210
5006,200Y023,"2.1.5.1. 경제활동별 성장기여도(계절조정, 실질, 분기)",Group1,계정항목,1200,총부가가치(기초가격),Q,1960Q2,2022Q4,251
5007,200Y023,"2.1.5.1. 경제활동별 성장기여도(계절조정, 실질, 분기)",Group1,계정항목,1300,순생산물세,Q,1960Q2,2022Q4,251
5008,200Y023,"2.1.5.1. 경제활동별 성장기여도(계절조정, 실질, 분기)",Group1,계정항목,1400,국내총생산(시장가격),Q,1960Q2,2022Q4,251
5009,200Y024,"2.1.5.2. 경제활동별 성장기여도(원계열, 실질, 분기 및 연간)",Group1,계정항목,1101,농림어업,A,1954,2022,69
5010,200Y024,"2.1.5.2. 경제활동별 성장기여도(원계열, 실질, 분기 및 연간)",Group1,계정항목,1101,농림어업,Q,1961Q1,2022Q4,248
5011,200Y024,"2.1.5.2. 경제활동별 성장기여도(원계열, 실질, 분기 및 연간)",Group1,계정항목,110101,재배업,A,1971,2021,51
5012,200Y024,"2.1.5.2. 경제활동별 성장기여도(원계열, 실질, 분기 및 연간)",Group1,계정항목,110101,재배업,Q,1971Q1,2022Q3,207
5013,200Y024,"2.1.5.2. 경제활동별 성장기여도(원계열, 실질, 분기 및 연간)",Group1,계정항목,110102,축산업,A,1971,2021,51
5014,200Y024,"2.1.5.2. 경제활동별 성장기여도(원계열, 실질, 분기 및 연간)",Group1,계정항목,110102,축산업,Q,1971Q1,2022Q3,207
5015,200Y024,"2.1.5.2. 경제활동별 성장기여도(원계열, 실질, 분기 및 연간)",Group1,계정항목,110103,임업,A,1971,2021,51
5016,200Y024,"2.1.5.2. 경제활동별 성장기여도(원계열, 실질, 분기 및 연간)",Group1,계정항목,110103,임업,Q,1971Q1,2022Q3,207
5017,200Y024,"2.1.5.2. 경제활동별 성장기여도(원계열, 실질, 분기 및 연간)",Group1,계정항목,110104,어업,A,1971,2021,51
5018,200Y024,"2.1.5.2. 경제활동별 성장기여도(원계열, 실질, 분기 및 연간)",Group1,계정항목,110104,어업,Q,1971Q1,2022Q3,207
5019,200Y024,"2.1.5.2. 경제활동별 성장기여도(원계열, 실질, 분기 및 연간)",Group1,계정항목,1102,광업,A,1954,2022,69
5020,200Y024,"2.1.5.2. 경제활동별 성장기여도(원계열, 실질, 분기 및 연간)",Group1,계정항목,1102,광업,Q,1961Q1,2022Q4,248
5021,200Y024,"2.1.5.2. 경제활동별 성장기여도(원계열, 실질, 분기 및 연간)",Group1,계정항목,1103,제조업,A,1954,2022,69
5022,200Y024,"2.1.5.2. 경제활동별 성장기여도(원계열, 실질, 분기 및 연간)",Group1,계정항목,1103,제조업,Q,1961Q1,2022Q4,248
5023,200Y024,"2.1.5.2. 경제활동별 성장기여도(원계열, 실질, 분기 및 연간)",Group1,계정항목,110301,음식료품 제조업,A,1971,2021,51
5024,200Y024,"2.1.5.2. 경제활동별 성장기여도(원계열, 실질, 분기 및 연간)",Group1,계정항목,110301,음식료품 제조업,Q,1971Q1,2022Q3,207
5025,200Y024,"2.1.5.2. 경제활동별 성장기여도(원계열, 실질, 분기 및 연간)",Group1,계정항목,110302,섬유 및 가죽제품 제조업,A,1971,2021,51
5026,200Y024,"2.1.5.2. 경제활동별 성장기여도(원계열, 실질, 분기 및 연간)",Group1,계정항목,110302,섬유 및 가죽제품 제조업,Q,1971Q1,2022Q3,207
5027,200Y024,"2.1.5.2. 경제활동별 성장기여도(원계열, 실질, 분기 및 연간)",Group1,계정항목,110303,"목재, 종이, 인쇄 및 복제업",A,1971,2021,51
5028,200Y024,"2.1.5.2. 경제활동별 성장기여도(원계열, 실질, 분기 및 연간)",Group1,계정항목,110303,"목재, 종이, 인쇄 및 복제업",Q,1971Q1,2022Q3,207
5029,200Y024,"2.1.5.2. 경제활동별 성장기여도(원계열, 실질, 분기 및 연간)",Group1,계정항목,110304,코크스 및 석유정제품 제조업,A,1971,2021,51
5030,200Y024,"2.1.5.2. 경제활동별 성장기여도(원계열, 실질, 분기 및 연간)",Group1,계정항목,110304,코크스 및 석유정제품 제조업,Q,1971Q1,2022Q3,207
5031,200Y024,"2.1.5.2. 경제활동별 성장기여도(원계열, 실질, 분기 및 연간)",Group1,계정항목,110305,화학물질 및 화학제품 제조업,A,1971,2021,51
5032,200Y024,"2.1.5.2. 경제활동별 성장기여도(원계열, 실질, 분기 및 연간)",Group1,계정항목,110305,화학물질 및 화학제품 제조업,Q,1971Q1,2022Q3,207
5033,200Y024,"2.1.5.2. 경제활동별 성장기여도(원계열, 실질, 분기 및 연간)",Group1,계정항목,110306,비금속광물제품 제조업,A,1971,2021,51
5034,200Y024,"2.1.5.2. 경제활동별 성장기여도(원계열, 실질, 분기 및 연간)",Group1,계정항목,110306,비금속광물제품 제조업,Q,1971Q1,2022Q3,207
5035,200Y024,"2.1.5.2. 경제활동별 성장기여도(원계열, 실질, 분기 및 연간)",Group1,계정항목,110307,1차금속 제조업,A,1971,2021,51
5036,200Y024,"2.1.5.2. 경제활동별 성장기여도(원계열, 실질, 분기 및 연간)",Group1,계정항목,110307,1차금속 제조업,Q,1971Q1,2022Q3,207
5037,200Y024,"2.1.5.2. 경제활동별 성장기여도(원계열, 실질, 분기 및 연간)",Group1,계정항목,110308,금속가공제품 제조업,A,1971,2021,51
5038,200Y024,"2.1.5.2. 경제활동별 성장기여도(원계열, 실질, 분기 및 연간)",Group1,계정항목,110308,금속가공제품 제조업,Q,1971Q1,2022Q3,207
5039,200Y024,"2.1.5.2. 경제활동별 성장기여도(원계열, 실질, 분기 및 연간)",Group1,계정항목,110309,"컴퓨터, 전자 및 광학기기 제조업",A,1971,2021,51
5040,200Y024,"2.1.5.2. 경제활동별 성장기여도(원계열, 실질, 분기 및 연간)",Group1,계정항목,110309,"컴퓨터, 전자 및 광학기기 제조업",Q,1971Q1,2022Q3,207
5041,200Y024,"2.1.5.2. 경제활동별 성장기여도(원계열, 실질, 분기 및 연간)",Group1,계정항목,110310,전기장비 제조업,A,1971,2021,51
5042,200Y024,"2.1.5.2. 경제활동별 성장기여도(원계열, 실질, 분기 및 연간)",Group1,계정항목,110310,전기장비 제조업,Q,1971Q1,2022Q3,207
5043,200Y024,"2.1.5.2. 경제활동별 성장기여도(원계열, 실질, 분기 및 연간)",Group1,계정항목,110311,기계 및 장비 제조업,A,1971,2021,51
5044,200Y024,"2.1.5.2. 경제활동별 성장기여도(원계열, 실질, 분기 및 연간)",Group1,계정항목,110311,기계 및 장비 제조업,Q,1971Q1,2022Q3,207
5045,200Y024,"2.1.5.2. 경제활동별 성장기여도(원계열, 실질, 분기 및 연간)",Group1,계정항목,110312,운송장비 제조업,A,1971,2021,51
5046,200Y024,"2.1.5.2. 경제활동별 성장기여도(원계열, 실질, 분기 및 연간)",Group1,계정항목,110312,운송장비 제조업,Q,1971Q1,2022Q3,207
5047,200Y024,"2.1.5.2. 경제활동별 성장기여도(원계열, 실질, 분기 및 연간)",Group1,계정항목,110313,기타 제조업 및 산업용 장비 수리업,A,1971,2021,51
5048,200Y024,"2.1.5.2. 경제활동별 성장기여도(원계열, 실질, 분기 및 연간)",Group1,계정항목,110313,기타 제조업 및 산업용 장비 수리업,Q,1971Q1,2022Q3,207
5049,200Y024,"2.1.5.2. 경제활동별 성장기여도(원계열, 실질, 분기 및 연간)",Group1,계정항목,1104,"전기, 가스 및 수도사업",A,1954,2022,69
5050,200Y024,"2.1.5.2. 경제활동별 성장기여도(원계열, 실질, 분기 및 연간)",Group1,계정항목,1104,"전기, 가스 및 수도사업",Q,1961Q1,2022Q4,248
5051,200Y024,"2.1.5.2. 경제활동별 성장기여도(원계열, 실질, 분기 및 연간)",Group1,계정항목,110401,전기업,A,1971,2021,51
5052,200Y024,"2.1.5.2. 경제활동별 성장기여도(원계열, 실질, 분기 및 연간)",Group1,계정항목,110401,전기업,Q,1971Q1,2022Q3,207
5053,200Y024,"2.1.5.2. 경제활동별 성장기여도(원계열, 실질, 분기 및 연간)",Group1,계정항목,110402,"가스, 증기 및 공기조절 공급업",A,1973,2021,49
5054,200Y024,"2.1.5.2. 경제활동별 성장기여도(원계열, 실질, 분기 및 연간)",Group1,계정항목,110402,"가스, 증기 및 공기조절 공급업",Q,1973Q1,2022Q3,199
5055,200Y024,"2.1.5.2. 경제활동별 성장기여도(원계열, 실질, 분기 및 연간)",Group1,계정항목,110403,"수도, 하수 및 폐기물 처리, 원료 재생업",A,1971,2021,51
5056,200Y024,"2.1.5.2. 경제활동별 성장기여도(원계열, 실질, 분기 및 연간)",Group1,계정항목,110403,"수도, 하수 및 폐기물 처리, 원료 재생업",Q,1971Q1,2022Q3,207
5057,200Y024,"2.1.5.2. 경제활동별 성장기여도(원계열, 실질, 분기 및 연간)",Group1,계정항목,1105,건설업,A,1954,2022,69
5058,200Y024,"2.1.5.2. 경제활동별 성장기여도(원계열, 실질, 분기 및 연간)",Group1,계정항목,1105,건설업,Q,1961Q1,2022Q4,248
5059,200Y024,"2.1.5.2. 경제활동별 성장기여도(원계열, 실질, 분기 및 연간)",Group1,계정항목,11055,건물건설업,A,1981,2021,41
5060,200Y024,"2.1.5.2. 경제활동별 성장기여도(원계열, 실질, 분기 및 연간)",Group1,계정항목,11055,건물건설업,Q,1981Q1,2022Q3,167
5061,200Y024,"2.1.5.2. 경제활동별 성장기여도(원계열, 실질, 분기 및 연간)",Group1,계정항목,11051,주거용 건물건설업,A,1981,2021,41
5062,200Y024,"2.1.5.2. 경제활동별 성장기여도(원계열, 실질, 분기 및 연간)",Group1,계정항목,11051,주거용 건물건설업,Q,1981Q1,2022Q3,167
5063,200Y024,"2.1.5.2. 경제활동별 성장기여도(원계열, 실질, 분기 및 연간)",Group1,계정항목,11052,비주거용 건물건설업,A,1981,2021,41
5064,200Y024,"2.1.5.2. 경제활동별 성장기여도(원계열, 실질, 분기 및 연간)",Group1,계정항목,11052,비주거용 건물건설업,Q,1981Q1,2022Q3,167
5065,200Y024,"2.1.5.2. 경제활동별 성장기여도(원계열, 실질, 분기 및 연간)",Group1,계정항목,11053,토목건설업,A,1981,2021,41
5066,200Y024,"2.1.5.2. 경제활동별 성장기여도(원계열, 실질, 분기 및 연간)",Group1,계정항목,11053,토목건설업,Q,1981Q1,2022Q3,167
5067,200Y024,"2.1.5.2. 경제활동별 성장기여도(원계열, 실질, 분기 및 연간)",Group1,계정항목,11054,전문건설업,A,1981,2021,41
5068,200Y024,"2.1.5.2. 경제활동별 성장기여도(원계열, 실질, 분기 및 연간)",Group1,계정항목,11054,전문건설업,Q,1981Q1,2022Q3,167
5069,200Y024,"2.1.5.2. 경제활동별 성장기여도(원계열, 실질, 분기 및 연간)",Group1,계정항목,1117,서비스업,A,1954,2022,69
5070,200Y024,"2.1.5.2. 경제활동별 성장기여도(원계열, 실질, 분기 및 연간)",Group1,계정항목,1117,서비스업,Q,1961Q1,2022Q4,248
5071,200Y024,"2.1.5.2. 경제활동별 성장기여도(원계열, 실질, 분기 및 연간)",Group1,계정항목,1106,도소매 및 숙박음식업,A,1954,2022,69
5072,200Y024,"2.1.5.2. 경제활동별 성장기여도(원계열, 실질, 분기 및 연간)",Group1,계정항목,1106,도소매 및 숙박음식업,Q,1961Q1,2022Q4,248
5073,200Y024,"2.1.5.2. 경제활동별 성장기여도(원계열, 실질, 분기 및 연간)",Group1,계정항목,110601,도소매업,A,1971,2021,51
5074,200Y024,"2.1.5.2. 경제활동별 성장기여도(원계열, 실질, 분기 및 연간)",Group1,계정항목,110601,도소매업,Q,1971Q1,2022Q3,207
5075,200Y024,"2.1.5.2. 경제활동별 성장기여도(원계열, 실질, 분기 및 연간)",Group1,계정항목,110602,숙박 및 음식점업,A,1971,2021,51
5076,200Y024,"2.1.5.2. 경제활동별 성장기여도(원계열, 실질, 분기 및 연간)",Group1,계정항목,110602,숙박 및 음식점업,Q,1971Q1,2022Q3,207
5077,200Y024,"2.1.5.2. 경제활동별 성장기여도(원계열, 실질, 분기 및 연간)",Group1,계정항목,1107,운수업,A,1954,2022,69
5078,200Y024,"2.1.5.2. 경제활동별 성장기여도(원계열, 실질, 분기 및 연간)",Group1,계정항목,1107,운수업,Q,1961Q1,2022Q4,248
5079,200Y024,"2.1.5.2. 경제활동별 성장기여도(원계열, 실질, 분기 및 연간)",Group1,계정항목,1108,금융 및 보험업,A,1954,2022,69
5080,200Y024,"2.1.5.2. 경제활동별 성장기여도(원계열, 실질, 분기 및 연간)",Group1,계정항목,1108,금융 및 보험업,Q,1961Q1,2022Q4,248
5081,200Y024,"2.1.5.2. 경제활동별 성장기여도(원계열, 실질, 분기 및 연간)",Group1,계정항목,1109,부동산업,A,1954,2022,69
5082,200Y024,"2.1.5.2. 경제활동별 성장기여도(원계열, 실질, 분기 및 연간)",Group1,계정항목,1109,부동산업,Q,1961Q1,2022Q4,248
5083,200Y024,"2.1.5.2. 경제활동별 성장기여도(원계열, 실질, 분기 및 연간)",Group1,계정항목,1114,정보통신업,A,1954,2022,69
5084,200Y024,"2.1.5.2. 경제활동별 성장기여도(원계열, 실질, 분기 및 연간)",Group1,계정항목,1114,정보통신업,Q,1961Q1,2022Q4,248
5085,200Y024,"2.1.5.2. 경제활동별 성장기여도(원계열, 실질, 분기 및 연간)",Group1,계정항목,11141,통신업,A,1971,2021,51
5086,200Y024,"2.1.5.2. 경제활동별 성장기여도(원계열, 실질, 분기 및 연간)",Group1,계정항목,11141,통신업,Q,1971Q1,2022Q3,207
5087,200Y024,"2.1.5.2. 경제활동별 성장기여도(원계열, 실질, 분기 및 연간)",Group1,계정항목,11142,"출판, 방송, 영상, 정보서비스",A,1971,2021,51
5088,200Y024,"2.1.5.2. 경제활동별 성장기여도(원계열, 실질, 분기 및 연간)",Group1,계정항목,11142,"출판, 방송, 영상, 정보서비스",Q,1971Q1,2022Q3,207
5089,200Y024,"2.1.5.2. 경제활동별 성장기여도(원계열, 실질, 분기 및 연간)",Group1,계정항목,1115,사업서비스업,A,1954,2022,69
5090,200Y024,"2.1.5.2. 경제활동별 성장기여도(원계열, 실질, 분기 및 연간)",Group1,계정항목,1115,사업서비스업,Q,1961Q1,2022Q4,248
5091,200Y024,"2.1.5.2. 경제활동별 성장기여도(원계열, 실질, 분기 및 연간)",Group1,계정항목,111501,"전문, 과학 및 기술관련 서비스업",A,1971,2021,51
5092,200Y024,"2.1.5.2. 경제활동별 성장기여도(원계열, 실질, 분기 및 연간)",Group1,계정항목,111501,"전문, 과학 및 기술관련 서비스업",Q,1971Q1,2022Q3,207
5093,200Y024,"2.1.5.2. 경제활동별 성장기여도(원계열, 실질, 분기 및 연간)",Group1,계정항목,111502,사업지원 서비스업,A,1971,2021,51
5094,200Y024,"2.1.5.2. 경제활동별 성장기여도(원계열, 실질, 분기 및 연간)",Group1,계정항목,111502,사업지원 서비스업,Q,1971Q1,2022Q3,207
5095,200Y024,"2.1.5.2. 경제활동별 성장기여도(원계열, 실질, 분기 및 연간)",Group1,계정항목,1110,"공공행정, 국방 및 사회보장",A,1954,2022,69
5096,200Y024,"2.1.5.2. 경제활동별 성장기여도(원계열, 실질, 분기 및 연간)",Group1,계정항목,1110,"공공행정, 국방 및 사회보장",Q,1961Q1,2022Q4,248
5097,200Y024,"2.1.5.2. 경제활동별 성장기여도(원계열, 실질, 분기 및 연간)",Group1,계정항목,1111,교육서비스업,A,1954,2022,69
5098,200Y024,"2.1.5.2. 경제활동별 성장기여도(원계열, 실질, 분기 및 연간)",Group1,계정항목,1111,교육서비스업,Q,1961Q1,2022Q4,248
5099,200Y024,"2.1.5.2. 경제활동별 성장기여도(원계열, 실질, 분기 및 연간)",Group1,계정항목,1112,"의료, 보건업 및 사회복지서비스업",A,1954,2022,69
5100,200Y024,"2.1.5.2. 경제활동별 성장기여도(원계열, 실질, 분기 및 연간)",Group1,계정항목,1112,"의료, 보건업 및 사회복지서비스업",Q,1961Q1,2022Q4,248
5101,200Y024,"2.1.5.2. 경제활동별 성장기여도(원계열, 실질, 분기 및 연간)",Group1,계정항목,1113,문화 및 기타서비스업,A,1954,2022,69
5102,200Y024,"2.1.5.2. 경제활동별 성장기여도(원계열, 실질, 분기 및 연간)",Group1,계정항목,1113,문화 및 기타서비스업,Q,1961Q1,2022Q4,248
5103,200Y024,"2.1.5.2. 경제활동별 성장기여도(원계열, 실질, 분기 및 연간)",Group1,계정항목,11131,"예술, 스포츠 및 여가관련 서비스업",A,1971,2021,51
5104,200Y024,"2.1.5.2. 경제활동별 성장기여도(원계열, 실질, 분기 및 연간)",Group1,계정항목,11131,"예술, 스포츠 및 여가관련 서비스업",Q,1971Q1,2022Q3,207
5105,200Y024,"2.1.5.2. 경제활동별 성장기여도(원계열, 실질, 분기 및 연간)",Group1,계정항목,11132,기타 서비스업,A,1971,2021,51
5106,200Y024,"2.1.5.2. 경제활동별 성장기여도(원계열, 실질, 분기 및 연간)",Group1,계정항목,11132,기타 서비스업,Q,1971Q1,2022Q3,207
5107,200Y024,"2.1.5.2. 경제활동별 성장기여도(원계열, 실질, 분기 및 연간)",Group1,계정항목,1200,총부가가치(기초가격),A,1954,2022,69
5108,200Y024,"2.1.5.2. 경제활동별 성장기여도(원계열, 실질, 분기 및 연간)",Group1,계정항목,1200,총부가가치(기초가격),Q,1961Q1,2022Q4,248
5109,200Y025,"2.1.5.3. 지출항목별 성장기여도(계절조정, 실질, 분기)",Group1,계정항목,10101,최종소비지출,Q,1960Q2,2022Q4,251
5110,200Y025,"2.1.5.3. 지출항목별 성장기여도(계절조정, 실질, 분기)",Group1,계정항목,1010110,민간,Q,1960Q2,2022Q4,251
5111,200Y025,"2.1.5.3. 지출항목별 성장기여도(계절조정, 실질, 분기)",Group1,계정항목,1010111,가계,Q,1970Q2,2022Q4,211
5112,200Y025,"2.1.5.3. 지출항목별 성장기여도(계절조정, 실질, 분기)",Group1,계정항목,1010112,가계에 봉사하는 비영리단체,Q,1970Q2,2022Q4,211
5113,200Y025,"2.1.5.3. 지출항목별 성장기여도(계절조정, 실질, 분기)",Group1,계정항목,1010120,정부,Q,1960Q2,2022Q4,251
5114,200Y025,"2.1.5.3. 지출항목별 성장기여도(계절조정, 실질, 분기)",Group1,계정항목,10201,총자본형성,Q,1960Q2,2022Q4,251
5115,200Y025,"2.1.5.3. 지출항목별 성장기여도(계절조정, 실질, 분기)",Group1,계정항목,1020110,총고정자본형성,Q,1960Q2,2022Q4,251
5116,200Y025,"2.1.5.3. 지출항목별 성장기여도(계절조정, 실질, 분기)",Group1,계정항목,1020114,총고정자본형성(민간),Q,2000Q2,2022Q4,91
5117,200Y025,"2.1.5.3. 지출항목별 성장기여도(계절조정, 실질, 분기)",Group1,계정항목,1020115,총고정자본형성(정부),Q,2000Q2,2022Q4,91
5118,200Y025,"2.1.5.3. 지출항목별 성장기여도(계절조정, 실질, 분기)",Group1,계정항목,1020111,건설투자,Q,1960Q2,2022Q4,251
5119,200Y025,"2.1.5.3. 지출항목별 성장기여도(계절조정, 실질, 분기)",Group1,계정항목,1020112,설비투자,Q,1960Q2,2022Q4,251
5120,200Y025,"2.1.5.3. 지출항목별 성장기여도(계절조정, 실질, 분기)",Group1,계정항목,1020113,지식재산생산물투자,Q,1960Q2,2022Q4,251
5121,200Y025,"2.1.5.3. 지출항목별 성장기여도(계절조정, 실질, 분기)",Group1,계정항목,1020120,재고증감 및 귀중품 순취득,Q,1960Q2,2022Q4,251
5122,200Y025,"2.1.5.3. 지출항목별 성장기여도(계절조정, 실질, 분기)",Group1,계정항목,10301,재화와 서비스의 수출,Q,1960Q2,2022Q4,251
5123,200Y025,"2.1.5.3. 지출항목별 성장기여도(계절조정, 실질, 분기)",Group1,계정항목,1030110,(재화)F.O.B. 기준,Q,1960Q2,2022Q4,251
5124,200Y025,"2.1.5.3. 지출항목별 성장기여도(계절조정, 실질, 분기)",Group1,계정항목,1030120,(서비스),Q,1960Q2,2022Q4,251
5125,200Y025,"2.1.5.3. 지출항목별 성장기여도(계절조정, 실질, 분기)",Group1,계정항목,10401,(공제)재화와 서비스의 수입,Q,1960Q2,2022Q4,251
5126,200Y025,"2.1.5.3. 지출항목별 성장기여도(계절조정, 실질, 분기)",Group1,계정항목,1040110,(재화)F.O.B. 기준,Q,1960Q2,2022Q4,251
5127,200Y025,"2.1.5.3. 지출항목별 성장기여도(계절조정, 실질, 분기)",Group1,계정항목,1040120,(서비스),Q,1960Q2,2022Q4,251
5128,200Y025,"2.1.5.3. 지출항목별 성장기여도(계절조정, 실질, 분기)",Group1,계정항목,10501,통계상불일치,Q,1960Q2,2022Q4,251
5129,200Y025,"2.1.5.3. 지출항목별 성장기여도(계절조정, 실질, 분기)",Group1,계정항목,10601,국내총생산에 대한 지출,Q,1960Q2,2022Q4,251
5130,200Y025,"2.1.5.3. 지출항목별 성장기여도(계절조정, 실질, 분기)",Group1,계정항목,1060110,민간,Q,2000Q2,2022Q4,91
5131,200Y025,"2.1.5.3. 지출항목별 성장기여도(계절조정, 실질, 분기)",Group1,계정항목,1060120,정부,Q,2000Q2,2022Q4,91
5132,200Y025,"2.1.5.3. 지출항목별 성장기여도(계절조정, 실질, 분기)",Group1,계정항목,1060140,내수,Q,1960Q2,2022Q4,251
5133,200Y025,"2.1.5.3. 지출항목별 성장기여도(계절조정, 실질, 분기)",Group1,계정항목,1060150,순수출,Q,1960Q2,2022Q4,251
5134,200Y025,"2.1.5.3. 지출항목별 성장기여도(계절조정, 실질, 분기)",Group1,계정항목,1060130,통계상불일치,Q,1960Q2,2022Q4,251
5135,200Y026,"2.1.5.4. 지출항목별 성장기여도(원계열, 실질, 분기 및 연간)",Group1,계정항목,10101,최종소비지출,A,1954,2022,69
5136,200Y026,"2.1.5.4. 지출항목별 성장기여도(원계열, 실질, 분기 및 연간)",Group1,계정항목,10101,최종소비지출,Q,1961Q1,2022Q4,248
5137,200Y026,"2.1.5.4. 지출항목별 성장기여도(원계열, 실질, 분기 및 연간)",Group1,계정항목,1010110,민간,A,1954,2022,69
5138,200Y026,"2.1.5.4. 지출항목별 성장기여도(원계열, 실질, 분기 및 연간)",Group1,계정항목,1010110,민간,Q,1961Q1,2022Q4,248
5139,200Y026,"2.1.5.4. 지출항목별 성장기여도(원계열, 실질, 분기 및 연간)",Group1,계정항목,1010111,가계,A,1971,2022,52
5140,200Y026,"2.1.5.4. 지출항목별 성장기여도(원계열, 실질, 분기 및 연간)",Group1,계정항목,1010111,가계,Q,1971Q1,2022Q4,208
5141,200Y026,"2.1.5.4. 지출항목별 성장기여도(원계열, 실질, 분기 및 연간)",Group1,계정항목,1010112,가계에 봉사하는 비영리단체,A,1971,2022,52
5142,200Y026,"2.1.5.4. 지출항목별 성장기여도(원계열, 실질, 분기 및 연간)",Group1,계정항목,1010112,가계에 봉사하는 비영리단체,Q,1971Q1,2022Q4,208
5143,200Y026,"2.1.5.4. 지출항목별 성장기여도(원계열, 실질, 분기 및 연간)",Group1,계정항목,1010120,정부,A,1954,2022,69
5144,200Y026,"2.1.5.4. 지출항목별 성장기여도(원계열, 실질, 분기 및 연간)",Group1,계정항목,1010120,정부,Q,1961Q1,2022Q4,248
5145,200Y026,"2.1.5.4. 지출항목별 성장기여도(원계열, 실질, 분기 및 연간)",Group1,계정항목,10201,총자본형성,A,1954,2022,69
5146,200Y026,"2.1.5.4. 지출항목별 성장기여도(원계열, 실질, 분기 및 연간)",Group1,계정항목,10201,총자본형성,Q,1961Q1,2022Q4,248
5147,200Y026,"2.1.5.4. 지출항목별 성장기여도(원계열, 실질, 분기 및 연간)",Group1,계정항목,1020110,총고정자본형성,A,1954,2022,69
5148,200Y026,"2.1.5.4. 지출항목별 성장기여도(원계열, 실질, 분기 및 연간)",Group1,계정항목,1020110,총고정자본형성,Q,1961Q1,2022Q4,248
5149,200Y026,"2.1.5.4. 지출항목별 성장기여도(원계열, 실질, 분기 및 연간)",Group1,계정항목,1020114,총고정자본형성(민간),A,1971,2022,52
5150,200Y026,"2.1.5.4. 지출항목별 성장기여도(원계열, 실질, 분기 및 연간)",Group1,계정항목,1020114,총고정자본형성(민간),Q,2001Q1,2022Q4,88
5151,200Y026,"2.1.5.4. 지출항목별 성장기여도(원계열, 실질, 분기 및 연간)",Group1,계정항목,1020115,총고정자본형성(정부),A,1971,2022,52
5152,200Y026,"2.1.5.4. 지출항목별 성장기여도(원계열, 실질, 분기 및 연간)",Group1,계정항목,1020115,총고정자본형성(정부),Q,2001Q1,2022Q4,88
5153,200Y026,"2.1.5.4. 지출항목별 성장기여도(원계열, 실질, 분기 및 연간)",Group1,계정항목,1020111,건설투자,A,1954,2022,69
5154,200Y026,"2.1.5.4. 지출항목별 성장기여도(원계열, 실질, 분기 및 연간)",Group1,계정항목,1020111,건설투자,Q,1961Q1,2022Q4,248
5155,200Y026,"2.1.5.4. 지출항목별 성장기여도(원계열, 실질, 분기 및 연간)",Group1,계정항목,1020112,설비투자,A,1954,2022,69
5156,200Y026,"2.1.5.4. 지출항목별 성장기여도(원계열, 실질, 분기 및 연간)",Group1,계정항목,1020112,설비투자,Q,1961Q1,2022Q4,248
5157,200Y026,"2.1.5.4. 지출항목별 성장기여도(원계열, 실질, 분기 및 연간)",Group1,계정항목,1020113,지식재산생산물투자,A,1954,2022,69
5158,200Y026,"2.1.5.4. 지출항목별 성장기여도(원계열, 실질, 분기 및 연간)",Group1,계정항목,1020113,지식재산생산물투자,Q,1961Q1,2022Q4,248
5159,200Y026,"2.1.5.4. 지출항목별 성장기여도(원계열, 실질, 분기 및 연간)",Group1,계정항목,1020120,재고증감 및 귀중품 순취득,A,1954,2022,69
5160,200Y026,"2.1.5.4. 지출항목별 성장기여도(원계열, 실질, 분기 및 연간)",Group1,계정항목,1020120,재고증감 및 귀중품 순취득,Q,1961Q1,2022Q4,248
5161,200Y026,"2.1.5.4. 지출항목별 성장기여도(원계열, 실질, 분기 및 연간)",Group1,계정항목,10301,재화와 서비스의 수출,A,1954,2022,69
5162,200Y026,"2.1.5.4. 지출항목별 성장기여도(원계열, 실질, 분기 및 연간)",Group1,계정항목,10301,재화와 서비스의 수출,Q,1961Q1,2022Q4,248
5163,200Y026,"2.1.5.4. 지출항목별 성장기여도(원계열, 실질, 분기 및 연간)",Group1,계정항목,1030110,(재화)F.O.B. 기준,A,1954,2022,69
5164,200Y026,"2.1.5.4. 지출항목별 성장기여도(원계열, 실질, 분기 및 연간)",Group1,계정항목,1030110,(재화)F.O.B. 기준,Q,1961Q1,2022Q4,248
5165,200Y026,"2.1.5.4. 지출항목별 성장기여도(원계열, 실질, 분기 및 연간)",Group1,계정항목,1030120,(서비스),A,1954,2022,69
5166,200Y026,"2.1.5.4. 지출항목별 성장기여도(원계열, 실질, 분기 및 연간)",Group1,계정항목,1030120,(서비스),Q,1961Q1,2022Q4,248
5167,200Y026,"2.1.5.4. 지출항목별 성장기여도(원계열, 실질, 분기 및 연간)",Group1,계정항목,10401,(공제)재화와 서비스의 수입,A,1954,2022,69
5168,200Y026,"2.1.5.4. 지출항목별 성장기여도(원계열, 실질, 분기 및 연간)",Group1,계정항목,10401,(공제)재화와 서비스의 수입,Q,1961Q1,2022Q4,248
5169,200Y026,"2.1.5.4. 지출항목별 성장기여도(원계열, 실질, 분기 및 연간)",Group1,계정항목,1040110,(재화)F.O.B. 기준,A,1954,2022,69
5170,200Y026,"2.1.5.4. 지출항목별 성장기여도(원계열, 실질, 분기 및 연간)",Group1,계정항목,1040110,(재화)F.O.B. 기준,Q,1961Q1,2022Q4,248
5171,200Y026,"2.1.5.4. 지출항목별 성장기여도(원계열, 실질, 분기 및 연간)",Group1,계정항목,1040120,(서비스),A,1954,2022,69
5172,200Y026,"2.1.5.4. 지출항목별 성장기여도(원계열, 실질, 분기 및 연간)",Group1,계정항목,1040120,(서비스),Q,1961Q1,2022Q4,248
5173,200Y026,"2.1.5.4. 지출항목별 성장기여도(원계열, 실질, 분기 및 연간)",Group1,계정항목,10501,통계상불일치,A,1954,2022,69
5174,200Y026,"2.1.5.4. 지출항목별 성장기여도(원계열, 실질, 분기 및 연간)",Group1,계정항목,10501,통계상불일치,Q,1961Q1,2022Q4,248
5175,200Y026,"2.1.5.4. 지출항목별 성장기여도(원계열, 실질, 분기 및 연간)",Group1,계정항목,10601,국내총생산에 대한 지출,A,1954,2022,69
5176,200Y026,"2.1.5.4. 지출항목별 성장기여도(원계열, 실질, 분기 및 연간)",Group1,계정항목,10601,국내총생산에 대한 지출,Q,1961Q1,2022Q4,248
5177,200Y026,"2.1.5.4. 지출항목별 성장기여도(원계열, 실질, 분기 및 연간)",Group1,계정항목,1060110,민간,A,1971,2022,52
5178,200Y026,"2.1.5.4. 지출항목별 성장기여도(원계열, 실질, 분기 및 연간)",Group1,계정항목,1060110,민간,Q,2001Q1,2022Q4,88
5179,200Y026,"2.1.5.4. 지출항목별 성장기여도(원계열, 실질, 분기 및 연간)",Group1,계정항목,1060120,정부,A,1971,2022,52
5180,200Y026,"2.1.5.4. 지출항목별 성장기여도(원계열, 실질, 분기 및 연간)",Group1,계정항목,1060120,정부,Q,2001Q1,2022Q4,88
5181,200Y026,"2.1.5.4. 지출항목별 성장기여도(원계열, 실질, 분기 및 연간)",Group1,계정항목,1060140,내수,A,1954,2022,69
5182,200Y026,"2.1.5.4. 지출항목별 성장기여도(원계열, 실질, 분기 및 연간)",Group1,계정항목,1060140,내수,Q,1961Q1,2022Q4,248
5183,200Y026,"2.1.5.4. 지출항목별 성장기여도(원계열, 실질, 분기 및 연간)",Group1,계정항목,1060150,순수출,A,1954,2022,69
5184,200Y026,"2.1.5.4. 지출항목별 성장기여도(원계열, 실질, 분기 및 연간)",Group1,계정항목,1060150,순수출,Q,1961Q1,2022Q4,248
5185,200Y026,"2.1.5.4. 지출항목별 성장기여도(원계열, 실질, 분기 및 연간)",Group1,계정항목,1060130,통계상불일치,A,1954,2022,69
5186,200Y026,"2.1.5.4. 지출항목별 성장기여도(원계열, 실질, 분기 및 연간)",Group1,계정항목,1060130,통계상불일치,Q,1961Q1,2022Q4,248
5187,200Y027,"2.1.6.1.1. 자본재형태별 총자본형성(계절조정, 명목, 분기)",Group1,계정항목,10101,총고정자본형성,Q,1970Q1,2022Q3,211
5188,200Y027,"2.1.6.1.1. 자본재형태별 총자본형성(계절조정, 명목, 분기)",Group1,계정항목,10102,건설투자,Q,1970Q1,2022Q3,211
5189,200Y027,"2.1.6.1.1. 자본재형태별 총자본형성(계절조정, 명목, 분기)",Group1,계정항목,10103,건물건설,Q,1970Q1,2022Q3,211
5190,200Y027,"2.1.6.1.1. 자본재형태별 총자본형성(계절조정, 명목, 분기)",Group1,계정항목,1010310,주거용 건물,Q,1970Q1,2022Q3,211
5191,200Y027,"2.1.6.1.1. 자본재형태별 총자본형성(계절조정, 명목, 분기)",Group1,계정항목,1010320,비주거용 건물,Q,1970Q1,2022Q3,211
5192,200Y027,"2.1.6.1.1. 자본재형태별 총자본형성(계절조정, 명목, 분기)",Group1,계정항목,10104,토목건설,Q,1970Q1,2022Q3,211
5193,200Y027,"2.1.6.1.1. 자본재형태별 총자본형성(계절조정, 명목, 분기)",Group1,계정항목,10105,설비투자,Q,1970Q1,2022Q3,211
5194,200Y027,"2.1.6.1.1. 자본재형태별 총자본형성(계절조정, 명목, 분기)",Group1,계정항목,1010510,운송장비,Q,1970Q1,2022Q3,211
5195,200Y027,"2.1.6.1.1. 자본재형태별 총자본형성(계절조정, 명목, 분기)",Group1,계정항목,1010520,기계류,Q,1970Q1,2022Q3,211
5196,200Y027,"2.1.6.1.1. 자본재형태별 총자본형성(계절조정, 명목, 분기)",Group1,계정항목,1010530,지식재산생산물투자,Q,1970Q1,2022Q3,211
5197,200Y027,"2.1.6.1.1. 자본재형태별 총자본형성(계절조정, 명목, 분기)",Group1,계정항목,1010531,연구개발,Q,1970Q1,2022Q3,211
5198,200Y027,"2.1.6.1.1. 자본재형태별 총자본형성(계절조정, 명목, 분기)",Group1,계정항목,1010532,기타지식재산생산물,Q,1970Q1,2022Q3,211
5199,200Y027,"2.1.6.1.1. 자본재형태별 총자본형성(계절조정, 명목, 분기)",Group1,계정항목,10201,재고증감 및 귀중품 순취득,Q,1970Q1,2022Q3,211
5200,200Y027,"2.1.6.1.1. 자본재형태별 총자본형성(계절조정, 명목, 분기)",Group1,계정항목,10301,총자본형성,Q,1970Q1,2022Q3,211
5201,200Y028,"2.1.6.1.2. 자본재형태별 총자본형성(계절조정, 실질, 분기)",Group1,계정항목,10101,총고정자본형성,Q,1970Q1,2022Q3,211
5202,200Y028,"2.1.6.1.2. 자본재형태별 총자본형성(계절조정, 실질, 분기)",Group1,계정항목,10102,건설투자,Q,1970Q1,2022Q3,211
5203,200Y028,"2.1.6.1.2. 자본재형태별 총자본형성(계절조정, 실질, 분기)",Group1,계정항목,10103,건물건설,Q,1970Q1,2022Q3,211
5204,200Y028,"2.1.6.1.2. 자본재형태별 총자본형성(계절조정, 실질, 분기)",Group1,계정항목,1010310,주거용 건물,Q,1970Q1,2022Q3,211
5205,200Y028,"2.1.6.1.2. 자본재형태별 총자본형성(계절조정, 실질, 분기)",Group1,계정항목,1010320,비주거용 건물,Q,1970Q1,2022Q3,211
5206,200Y028,"2.1.6.1.2. 자본재형태별 총자본형성(계절조정, 실질, 분기)",Group1,계정항목,10104,토목건설,Q,1970Q1,2022Q3,211
5207,200Y028,"2.1.6.1.2. 자본재형태별 총자본형성(계절조정, 실질, 분기)",Group1,계정항목,10105,설비투자,Q,1970Q1,2022Q3,211
5208,200Y028,"2.1.6.1.2. 자본재형태별 총자본형성(계절조정, 실질, 분기)",Group1,계정항목,1010510,운송장비,Q,1970Q1,2022Q3,211
5209,200Y028,"2.1.6.1.2. 자본재형태별 총자본형성(계절조정, 실질, 분기)",Group1,계정항목,1010520,기계류,Q,1970Q1,2022Q3,211
5210,200Y028,"2.1.6.1.2. 자본재형태별 총자본형성(계절조정, 실질, 분기)",Group1,계정항목,1010530,지식재산생산물투자,Q,1970Q1,2022Q3,211
5211,200Y028,"2.1.6.1.2. 자본재형태별 총자본형성(계절조정, 실질, 분기)",Group1,계정항목,1010531,연구개발,Q,1970Q1,2022Q3,211
5212,200Y028,"2.1.6.1.2. 자본재형태별 총자본형성(계절조정, 실질, 분기)",Group1,계정항목,1010532,기타지식재산생산물,Q,1970Q1,2022Q3,211
5213,200Y028,"2.1.6.1.2. 자본재형태별 총자본형성(계절조정, 실질, 분기)",Group1,계정항목,10201,재고증감 및 귀중품 순취득,Q,1970Q1,2022Q3,211
5214,200Y028,"2.1.6.1.2. 자본재형태별 총자본형성(계절조정, 실질, 분기)",Group1,계정항목,10301,총자본형성,Q,1970Q1,2022Q3,211
5215,200Y029,"2.1.6.1.3. 자본재형태별 총자본형성(원계열, 명목, 분기 및 연간)",Group1,계정항목,10101,총고정자본형성,A,1970,2021,52
5216,200Y029,"2.1.6.1.3. 자본재형태별 총자본형성(원계열, 명목, 분기 및 연간)",Group1,계정항목,10101,총고정자본형성,Q,1970Q1,2022Q3,211
5217,200Y029,"2.1.6.1.3. 자본재형태별 총자본형성(원계열, 명목, 분기 및 연간)",Group1,계정항목,10102,건설투자,A,1970,2021,52
5218,200Y029,"2.1.6.1.3. 자본재형태별 총자본형성(원계열, 명목, 분기 및 연간)",Group1,계정항목,10102,건설투자,Q,1970Q1,2022Q3,211
5219,200Y029,"2.1.6.1.3. 자본재형태별 총자본형성(원계열, 명목, 분기 및 연간)",Group1,계정항목,10103,건물건설,A,1970,2021,52
5220,200Y029,"2.1.6.1.3. 자본재형태별 총자본형성(원계열, 명목, 분기 및 연간)",Group1,계정항목,10103,건물건설,Q,1970Q1,2022Q3,211
5221,200Y029,"2.1.6.1.3. 자본재형태별 총자본형성(원계열, 명목, 분기 및 연간)",Group1,계정항목,1010310,주거용 건물,A,1970,2021,52
5222,200Y029,"2.1.6.1.3. 자본재형태별 총자본형성(원계열, 명목, 분기 및 연간)",Group1,계정항목,1010310,주거용 건물,Q,1970Q1,2022Q3,211
5223,200Y029,"2.1.6.1.3. 자본재형태별 총자본형성(원계열, 명목, 분기 및 연간)",Group1,계정항목,1010320,비주거용 건물,A,1970,2021,52
5224,200Y029,"2.1.6.1.3. 자본재형태별 총자본형성(원계열, 명목, 분기 및 연간)",Group1,계정항목,1010320,비주거용 건물,Q,1970Q1,2022Q3,211
5225,200Y029,"2.1.6.1.3. 자본재형태별 총자본형성(원계열, 명목, 분기 및 연간)",Group1,계정항목,10104,토목건설,A,1970,2021,52
5226,200Y029,"2.1.6.1.3. 자본재형태별 총자본형성(원계열, 명목, 분기 및 연간)",Group1,계정항목,10104,토목건설,Q,1970Q1,2022Q3,211
5227,200Y029,"2.1.6.1.3. 자본재형태별 총자본형성(원계열, 명목, 분기 및 연간)",Group1,계정항목,10105,설비투자,A,1970,2021,52
5228,200Y029,"2.1.6.1.3. 자본재형태별 총자본형성(원계열, 명목, 분기 및 연간)",Group1,계정항목,10105,설비투자,Q,1970Q1,2022Q3,211
5229,200Y029,"2.1.6.1.3. 자본재형태별 총자본형성(원계열, 명목, 분기 및 연간)",Group1,계정항목,1010510,운송장비,A,1970,2021,52
5230,200Y029,"2.1.6.1.3. 자본재형태별 총자본형성(원계열, 명목, 분기 및 연간)",Group1,계정항목,1010510,운송장비,Q,1970Q1,2022Q3,211
5231,200Y029,"2.1.6.1.3. 자본재형태별 총자본형성(원계열, 명목, 분기 및 연간)",Group1,계정항목,1010520,기계류,A,1970,2021,52
5232,200Y029,"2.1.6.1.3. 자본재형태별 총자본형성(원계열, 명목, 분기 및 연간)",Group1,계정항목,1010520,기계류,Q,1970Q1,2022Q3,211
5233,200Y029,"2.1.6.1.3. 자본재형태별 총자본형성(원계열, 명목, 분기 및 연간)",Group1,계정항목,1010530,지식재산생산물투자,A,1970,2021,52
5234,200Y029,"2.1.6.1.3. 자본재형태별 총자본형성(원계열, 명목, 분기 및 연간)",Group1,계정항목,1010530,지식재산생산물투자,Q,1970Q1,2022Q3,211
5235,200Y029,"2.1.6.1.3. 자본재형태별 총자본형성(원계열, 명목, 분기 및 연간)",Group1,계정항목,1010531,연구개발,A,1970,2021,52
5236,200Y029,"2.1.6.1.3. 자본재형태별 총자본형성(원계열, 명목, 분기 및 연간)",Group1,계정항목,1010531,연구개발,Q,1970Q1,2022Q3,211
5237,200Y029,"2.1.6.1.3. 자본재형태별 총자본형성(원계열, 명목, 분기 및 연간)",Group1,계정항목,1010532,기타지식재산생산물,A,1970,2021,52
5238,200Y029,"2.1.6.1.3. 자본재형태별 총자본형성(원계열, 명목, 분기 및 연간)",Group1,계정항목,1010532,기타지식재산생산물,Q,1970Q1,2022Q3,211
5239,200Y029,"2.1.6.1.3. 자본재형태별 총자본형성(원계열, 명목, 분기 및 연간)",Group1,계정항목,10201,재고증감 및 귀중품 순취득,A,1970,2021,52
5240,200Y029,"2.1.6.1.3. 자본재형태별 총자본형성(원계열, 명목, 분기 및 연간)",Group1,계정항목,10201,재고증감 및 귀중품 순취득,Q,1970Q1,2022Q3,211
5241,200Y029,"2.1.6.1.3. 자본재형태별 총자본형성(원계열, 명목, 분기 및 연간)",Group1,계정항목,10301,총자본형성,A,1970,2021,52
5242,200Y029,"2.1.6.1.3. 자본재형태별 총자본형성(원계열, 명목, 분기 및 연간)",Group1,계정항목,10301,총자본형성,Q,1970Q1,2022Q3,211
5243,200Y030,"2.1.6.1.4. 자본재형태별 총자본형성(원계열, 실질, 분기 및 연간)",Group1,계정항목,10101,총고정자본형성,A,1970,2021,52
5244,200Y030,"2.1.6.1.4. 자본재형태별 총자본형성(원계열, 실질, 분기 및 연간)",Group1,계정항목,10101,총고정자본형성,Q,1970Q1,2022Q3,211
5245,200Y030,"2.1.6.1.4. 자본재형태별 총자본형성(원계열, 실질, 분기 및 연간)",Group1,계정항목,10102,건설투자,A,1970,2021,52
5246,200Y030,"2.1.6.1.4. 자본재형태별 총자본형성(원계열, 실질, 분기 및 연간)",Group1,계정항목,10102,건설투자,Q,1970Q1,2022Q3,211
5247,200Y030,"2.1.6.1.4. 자본재형태별 총자본형성(원계열, 실질, 분기 및 연간)",Group1,계정항목,10103,건물건설,A,1970,2021,52
5248,200Y030,"2.1.6.1.4. 자본재형태별 총자본형성(원계열, 실질, 분기 및 연간)",Group1,계정항목,10103,건물건설,Q,1970Q1,2022Q3,211
5249,200Y030,"2.1.6.1.4. 자본재형태별 총자본형성(원계열, 실질, 분기 및 연간)",Group1,계정항목,1010310,주거용 건물,A,1970,2021,52
5250,200Y030,"2.1.6.1.4. 자본재형태별 총자본형성(원계열, 실질, 분기 및 연간)",Group1,계정항목,1010310,주거용 건물,Q,1970Q1,2022Q3,211
5251,200Y030,"2.1.6.1.4. 자본재형태별 총자본형성(원계열, 실질, 분기 및 연간)",Group1,계정항목,1010320,비주거용 건물,A,1970,2021,52
5252,200Y030,"2.1.6.1.4. 자본재형태별 총자본형성(원계열, 실질, 분기 및 연간)",Group1,계정항목,1010320,비주거용 건물,Q,1970Q1,2022Q3,211
5253,200Y030,"2.1.6.1.4. 자본재형태별 총자본형성(원계열, 실질, 분기 및 연간)",Group1,계정항목,10104,토목건설,A,1970,2021,52
5254,200Y030,"2.1.6.1.4. 자본재형태별 총자본형성(원계열, 실질, 분기 및 연간)",Group1,계정항목,10104,토목건설,Q,1970Q1,2022Q3,211
5255,200Y030,"2.1.6.1.4. 자본재형태별 총자본형성(원계열, 실질, 분기 및 연간)",Group1,계정항목,10105,설비투자,A,1970,2021,52
5256,200Y030,"2.1.6.1.4. 자본재형태별 총자본형성(원계열, 실질, 분기 및 연간)",Group1,계정항목,10105,설비투자,Q,1970Q1,2022Q3,211
5257,200Y030,"2.1.6.1.4. 자본재형태별 총자본형성(원계열, 실질, 분기 및 연간)",Group1,계정항목,1010510,운송장비,A,1970,2021,52
5258,200Y030,"2.1.6.1.4. 자본재형태별 총자본형성(원계열, 실질, 분기 및 연간)",Group1,계정항목,1010510,운송장비,Q,1970Q1,2022Q3,211
5259,200Y030,"2.1.6.1.4. 자본재형태별 총자본형성(원계열, 실질, 분기 및 연간)",Group1,계정항목,1010520,기계류,A,1970,2021,52
5260,200Y030,"2.1.6.1.4. 자본재형태별 총자본형성(원계열, 실질, 분기 및 연간)",Group1,계정항목,1010520,기계류,Q,1970Q1,2022Q3,211
5261,200Y030,"2.1.6.1.4. 자본재형태별 총자본형성(원계열, 실질, 분기 및 연간)",Group1,계정항목,1010530,지식재산생산물투자,A,1970,2021,52
5262,200Y030,"2.1.6.1.4. 자본재형태별 총자본형성(원계열, 실질, 분기 및 연간)",Group1,계정항목,1010530,지식재산생산물투자,Q,1970Q1,2022Q3,211
5263,200Y030,"2.1.6.1.4. 자본재형태별 총자본형성(원계열, 실질, 분기 및 연간)",Group1,계정항목,1010531,연구개발,A,1970,2021,52
5264,200Y030,"2.1.6.1.4. 자본재형태별 총자본형성(원계열, 실질, 분기 및 연간)",Group1,계정항목,1010531,연구개발,Q,1970Q1,2022Q3,211
5265,200Y030,"2.1.6.1.4. 자본재형태별 총자본형성(원계열, 실질, 분기 및 연간)",Group1,계정항목,1010532,기타지식재산생산물,A,1970,2021,52
5266,200Y030,"2.1.6.1.4. 자본재형태별 총자본형성(원계열, 실질, 분기 및 연간)",Group1,계정항목,1010532,기타지식재산생산물,Q,1970Q1,2022Q3,211
5267,200Y030,"2.1.6.1.4. 자본재형태별 총자본형성(원계열, 실질, 분기 및 연간)",Group1,계정항목,10201,재고증감 및 귀중품 순취득,A,1970,2021,52
5268,200Y030,"2.1.6.1.4. 자본재형태별 총자본형성(원계열, 실질, 분기 및 연간)",Group1,계정항목,10201,재고증감 및 귀중품 순취득,Q,1970Q1,2022Q3,211
5269,200Y030,"2.1.6.1.4. 자본재형태별 총자본형성(원계열, 실질, 분기 및 연간)",Group1,계정항목,10301,총자본형성,A,1970,2021,52
5270,200Y030,"2.1.6.1.4. 자본재형태별 총자본형성(원계열, 실질, 분기 및 연간)",Group1,계정항목,10301,총자본형성,Q,1970Q1,2022Q3,211
5271,200Y031,"2.1.6.2.1. 주체별 총자본형성(원계열, 명목, 분기 및 연간)",Group1,계정항목,10101,총고정자본형성,A,1970,2021,52
5272,200Y031,"2.1.6.2.1. 주체별 총자본형성(원계열, 명목, 분기 및 연간)",Group1,계정항목,10101,총고정자본형성,Q,2000Q1,2022Q3,91
5273,200Y031,"2.1.6.2.1. 주체별 총자본형성(원계열, 명목, 분기 및 연간)",Group1,계정항목,1010101,민간,A,1970,2021,52
5274,200Y031,"2.1.6.2.1. 주체별 총자본형성(원계열, 명목, 분기 및 연간)",Group1,계정항목,1010101,민간,Q,2000Q1,2022Q3,91
5275,200Y031,"2.1.6.2.1. 주체별 총자본형성(원계열, 명목, 분기 및 연간)",Group1,계정항목,1010102,정부,A,1970,2021,52
5276,200Y031,"2.1.6.2.1. 주체별 총자본형성(원계열, 명목, 분기 및 연간)",Group1,계정항목,1010102,정부,Q,2000Q1,2022Q3,91
5277,200Y031,"2.1.6.2.1. 주체별 총자본형성(원계열, 명목, 분기 및 연간)",Group1,계정항목,101011,건설투자,A,1970,2021,52
5278,200Y031,"2.1.6.2.1. 주체별 총자본형성(원계열, 명목, 분기 및 연간)",Group1,계정항목,101011,건설투자,Q,2000Q1,2022Q3,91
5279,200Y031,"2.1.6.2.1. 주체별 총자본형성(원계열, 명목, 분기 및 연간)",Group1,계정항목,1010111,민간,A,1970,2021,52
5280,200Y031,"2.1.6.2.1. 주체별 총자본형성(원계열, 명목, 분기 및 연간)",Group1,계정항목,1010111,민간,Q,2000Q1,2022Q3,91
5281,200Y031,"2.1.6.2.1. 주체별 총자본형성(원계열, 명목, 분기 및 연간)",Group1,계정항목,1010112,정부,A,1970,2021,52
5282,200Y031,"2.1.6.2.1. 주체별 총자본형성(원계열, 명목, 분기 및 연간)",Group1,계정항목,1010112,정부,Q,2000Q1,2022Q3,91
5283,200Y031,"2.1.6.2.1. 주체별 총자본형성(원계열, 명목, 분기 및 연간)",Group1,계정항목,101012,설비투자,A,1970,2021,52
5284,200Y031,"2.1.6.2.1. 주체별 총자본형성(원계열, 명목, 분기 및 연간)",Group1,계정항목,101012,설비투자,Q,2000Q1,2022Q3,91
5285,200Y031,"2.1.6.2.1. 주체별 총자본형성(원계열, 명목, 분기 및 연간)",Group1,계정항목,1010121,민간,A,1970,2021,52
5286,200Y031,"2.1.6.2.1. 주체별 총자본형성(원계열, 명목, 분기 및 연간)",Group1,계정항목,1010121,민간,Q,2000Q1,2022Q3,91
5287,200Y031,"2.1.6.2.1. 주체별 총자본형성(원계열, 명목, 분기 및 연간)",Group1,계정항목,1010122,정부,A,1970,2021,52
5288,200Y031,"2.1.6.2.1. 주체별 총자본형성(원계열, 명목, 분기 및 연간)",Group1,계정항목,1010122,정부,Q,2000Q1,2022Q3,91
5289,200Y031,"2.1.6.2.1. 주체별 총자본형성(원계열, 명목, 분기 및 연간)",Group1,계정항목,101013,지식재산생산물투자,A,1970,2021,52
5290,200Y031,"2.1.6.2.1. 주체별 총자본형성(원계열, 명목, 분기 및 연간)",Group1,계정항목,101013,지식재산생산물투자,Q,2000Q1,2022Q3,91
5291,200Y031,"2.1.6.2.1. 주체별 총자본형성(원계열, 명목, 분기 및 연간)",Group1,계정항목,1010131,민간,A,1970,2021,52
5292,200Y031,"2.1.6.2.1. 주체별 총자본형성(원계열, 명목, 분기 및 연간)",Group1,계정항목,1010131,민간,Q,2000Q1,2022Q3,91
5293,200Y031,"2.1.6.2.1. 주체별 총자본형성(원계열, 명목, 분기 및 연간)",Group1,계정항목,1010132,정부,A,1970,2021,52
5294,200Y031,"2.1.6.2.1. 주체별 총자본형성(원계열, 명목, 분기 및 연간)",Group1,계정항목,1010132,정부,Q,2000Q1,2022Q3,91
5295,200Y031,"2.1.6.2.1. 주체별 총자본형성(원계열, 명목, 분기 및 연간)",Group1,계정항목,10102,재고증감 및 귀중품 순취득,A,1970,2021,52
5296,200Y031,"2.1.6.2.1. 주체별 총자본형성(원계열, 명목, 분기 및 연간)",Group1,계정항목,10102,재고증감 및 귀중품 순취득,Q,2000Q1,2022Q3,91
5297,200Y031,"2.1.6.2.1. 주체별 총자본형성(원계열, 명목, 분기 및 연간)",Group1,계정항목,1010201,민간,A,1970,2021,52
5298,200Y031,"2.1.6.2.1. 주체별 총자본형성(원계열, 명목, 분기 및 연간)",Group1,계정항목,1010201,민간,Q,2015Q1,2022Q2,30
5299,200Y031,"2.1.6.2.1. 주체별 총자본형성(원계열, 명목, 분기 및 연간)",Group1,계정항목,1010202,정부,A,1970,2021,52
5300,200Y031,"2.1.6.2.1. 주체별 총자본형성(원계열, 명목, 분기 및 연간)",Group1,계정항목,1010202,정부,Q,2015Q1,2022Q2,30
5301,200Y031,"2.1.6.2.1. 주체별 총자본형성(원계열, 명목, 분기 및 연간)",Group1,계정항목,10103,총자본형성,A,1970,2021,52
5302,200Y031,"2.1.6.2.1. 주체별 총자본형성(원계열, 명목, 분기 및 연간)",Group1,계정항목,10103,총자본형성,Q,2000Q1,2022Q3,91
5303,200Y031,"2.1.6.2.1. 주체별 총자본형성(원계열, 명목, 분기 및 연간)",Group1,계정항목,1010301,민간,A,1970,2021,52
5304,200Y031,"2.1.6.2.1. 주체별 총자본형성(원계열, 명목, 분기 및 연간)",Group1,계정항목,1010301,민간,Q,2015Q1,2022Q2,30
5305,200Y031,"2.1.6.2.1. 주체별 총자본형성(원계열, 명목, 분기 및 연간)",Group1,계정항목,1010302,정부,A,1970,2021,52
5306,200Y031,"2.1.6.2.1. 주체별 총자본형성(원계열, 명목, 분기 및 연간)",Group1,계정항목,1010302,정부,Q,2015Q1,2022Q2,30
5307,200Y032,"2.1.6.2.2. 주체별 총자본형성(원계열, 실질, 분기 및 연간)",Group1,계정항목,10101,총고정자본형성,A,1970,2021,52
5308,200Y032,"2.1.6.2.2. 주체별 총자본형성(원계열, 실질, 분기 및 연간)",Group1,계정항목,10101,총고정자본형성,Q,2000Q1,2022Q3,91
5309,200Y032,"2.1.6.2.2. 주체별 총자본형성(원계열, 실질, 분기 및 연간)",Group1,계정항목,1010101,민간,A,1970,2021,52
5310,200Y032,"2.1.6.2.2. 주체별 총자본형성(원계열, 실질, 분기 및 연간)",Group1,계정항목,1010101,민간,Q,2000Q1,2022Q3,91
5311,200Y032,"2.1.6.2.2. 주체별 총자본형성(원계열, 실질, 분기 및 연간)",Group1,계정항목,1010102,정부,A,1970,2021,52
5312,200Y032,"2.1.6.2.2. 주체별 총자본형성(원계열, 실질, 분기 및 연간)",Group1,계정항목,1010102,정부,Q,2000Q1,2022Q3,91
5313,200Y032,"2.1.6.2.2. 주체별 총자본형성(원계열, 실질, 분기 및 연간)",Group1,계정항목,101011,건설투자,A,1970,2021,52
5314,200Y032,"2.1.6.2.2. 주체별 총자본형성(원계열, 실질, 분기 및 연간)",Group1,계정항목,101011,건설투자,Q,2000Q1,2022Q3,91
5315,200Y032,"2.1.6.2.2. 주체별 총자본형성(원계열, 실질, 분기 및 연간)",Group1,계정항목,1010111,민간,A,1970,2021,52
5316,200Y032,"2.1.6.2.2. 주체별 총자본형성(원계열, 실질, 분기 및 연간)",Group1,계정항목,1010111,민간,Q,2000Q1,2022Q3,91
5317,200Y032,"2.1.6.2.2. 주체별 총자본형성(원계열, 실질, 분기 및 연간)",Group1,계정항목,1010112,정부,A,1970,2021,52
5318,200Y032,"2.1.6.2.2. 주체별 총자본형성(원계열, 실질, 분기 및 연간)",Group1,계정항목,1010112,정부,Q,2000Q1,2022Q3,91
5319,200Y032,"2.1.6.2.2. 주체별 총자본형성(원계열, 실질, 분기 및 연간)",Group1,계정항목,101012,설비투자,A,1970,2021,52
5320,200Y032,"2.1.6.2.2. 주체별 총자본형성(원계열, 실질, 분기 및 연간)",Group1,계정항목,101012,설비투자,Q,2000Q1,2022Q3,91
5321,200Y032,"2.1.6.2.2. 주체별 총자본형성(원계열, 실질, 분기 및 연간)",Group1,계정항목,1010121,민간,A,1970,2021,52
5322,200Y032,"2.1.6.2.2. 주체별 총자본형성(원계열, 실질, 분기 및 연간)",Group1,계정항목,1010121,민간,Q,2000Q1,2022Q3,91
5323,200Y032,"2.1.6.2.2. 주체별 총자본형성(원계열, 실질, 분기 및 연간)",Group1,계정항목,1010122,정부,A,1970,2021,52
5324,200Y032,"2.1.6.2.2. 주체별 총자본형성(원계열, 실질, 분기 및 연간)",Group1,계정항목,1010122,정부,Q,2000Q1,2022Q3,91
5325,200Y032,"2.1.6.2.2. 주체별 총자본형성(원계열, 실질, 분기 및 연간)",Group1,계정항목,101013,지식재산생산물투자,A,1970,2021,52
5326,200Y032,"2.1.6.2.2. 주체별 총자본형성(원계열, 실질, 분기 및 연간)",Group1,계정항목,101013,지식재산생산물투자,Q,2000Q1,2022Q3,91
5327,200Y032,"2.1.6.2.2. 주체별 총자본형성(원계열, 실질, 분기 및 연간)",Group1,계정항목,1010131,민간,A,1970,2021,52
5328,200Y032,"2.1.6.2.2. 주체별 총자본형성(원계열, 실질, 분기 및 연간)",Group1,계정항목,1010131,민간,Q,2000Q1,2022Q3,91
5329,200Y032,"2.1.6.2.2. 주체별 총자본형성(원계열, 실질, 분기 및 연간)",Group1,계정항목,1010132,정부,A,1970,2021,52
5330,200Y032,"2.1.6.2.2. 주체별 총자본형성(원계열, 실질, 분기 및 연간)",Group1,계정항목,1010132,정부,Q,2000Q1,2022Q3,91
5331,200Y032,"2.1.6.2.2. 주체별 총자본형성(원계열, 실질, 분기 및 연간)",Group1,계정항목,10102,재고증감 및 귀중품 순취득,A,1970,2021,52
5332,200Y032,"2.1.6.2.2. 주체별 총자본형성(원계열, 실질, 분기 및 연간)",Group1,계정항목,10102,재고증감 및 귀중품 순취득,Q,2000Q1,2022Q3,91
5333,200Y032,"2.1.6.2.2. 주체별 총자본형성(원계열, 실질, 분기 및 연간)",Group1,계정항목,1010201,민간,A,1970,2021,52
5334,200Y032,"2.1.6.2.2. 주체별 총자본형성(원계열, 실질, 분기 및 연간)",Group1,계정항목,1010201,민간,Q,2015Q1,2022Q2,30
5335,200Y032,"2.1.6.2.2. 주체별 총자본형성(원계열, 실질, 분기 및 연간)",Group1,계정항목,1010202,정부,A,1970,2021,52
5336,200Y032,"2.1.6.2.2. 주체별 총자본형성(원계열, 실질, 분기 및 연간)",Group1,계정항목,1010202,정부,Q,2015Q1,2022Q2,30
5337,200Y032,"2.1.6.2.2. 주체별 총자본형성(원계열, 실질, 분기 및 연간)",Group1,계정항목,10103,총자본형성,A,1970,2021,52
5338,200Y032,"2.1.6.2.2. 주체별 총자본형성(원계열, 실질, 분기 및 연간)",Group1,계정항목,10103,총자본형성,Q,2000Q1,2022Q3,91
5339,200Y032,"2.1.6.2.2. 주체별 총자본형성(원계열, 실질, 분기 및 연간)",Group1,계정항목,1010301,민간,A,1970,2021,52
5340,200Y032,"2.1.6.2.2. 주체별 총자본형성(원계열, 실질, 분기 및 연간)",Group1,계정항목,1010301,민간,Q,2015Q1,2022Q2,30
5341,200Y032,"2.1.6.2.2. 주체별 총자본형성(원계열, 실질, 분기 및 연간)",Group1,계정항목,1010302,정부,A,1970,2021,52
5342,200Y032,"2.1.6.2.2. 주체별 총자본형성(원계열, 실질, 분기 및 연간)",Group1,계정항목,1010302,정부,Q,2015Q1,2022Q2,30
5343,200Y033,"2.1.6.2.3. 주체별 총고정자본형성(계절조정, 명목, 분기)",Group1,계정항목,10101,총고정자본형성,Q,2000Q1,2022Q3,91
5344,200Y033,"2.1.6.2.3. 주체별 총고정자본형성(계절조정, 명목, 분기)",Group1,계정항목,1010101,민간,Q,2000Q1,2022Q3,91
5345,200Y033,"2.1.6.2.3. 주체별 총고정자본형성(계절조정, 명목, 분기)",Group1,계정항목,1010102,정부,Q,2000Q1,2022Q3,91
5346,200Y033,"2.1.6.2.3. 주체별 총고정자본형성(계절조정, 명목, 분기)",Group1,계정항목,101011,건설투자,Q,2000Q1,2022Q3,91
5347,200Y033,"2.1.6.2.3. 주체별 총고정자본형성(계절조정, 명목, 분기)",Group1,계정항목,1010111,민간,Q,2000Q1,2022Q3,91
5348,200Y033,"2.1.6.2.3. 주체별 총고정자본형성(계절조정, 명목, 분기)",Group1,계정항목,1010112,정부,Q,2000Q1,2022Q3,91
5349,200Y033,"2.1.6.2.3. 주체별 총고정자본형성(계절조정, 명목, 분기)",Group1,계정항목,101012,설비투자,Q,2000Q1,2022Q3,91
5350,200Y033,"2.1.6.2.3. 주체별 총고정자본형성(계절조정, 명목, 분기)",Group1,계정항목,1010121,민간,Q,2000Q1,2022Q3,91
5351,200Y033,"2.1.6.2.3. 주체별 총고정자본형성(계절조정, 명목, 분기)",Group1,계정항목,1010122,정부,Q,2000Q1,2022Q3,91
5352,200Y033,"2.1.6.2.3. 주체별 총고정자본형성(계절조정, 명목, 분기)",Group1,계정항목,101013,지식재산생산물투자,Q,2000Q1,2022Q3,91
5353,200Y033,"2.1.6.2.3. 주체별 총고정자본형성(계절조정, 명목, 분기)",Group1,계정항목,1010131,민간,Q,2000Q1,2022Q3,91
5354,200Y033,"2.1.6.2.3. 주체별 총고정자본형성(계절조정, 명목, 분기)",Group1,계정항목,1010132,정부,Q,2000Q1,2022Q3,91
5355,200Y034,"2.1.6.2.4. 주체별 총고정자본형성(계절조정, 실질, 분기)",Group1,계정항목,10101,총고정자본형성,Q,2000Q1,2022Q3,91
5356,200Y034,"2.1.6.2.4. 주체별 총고정자본형성(계절조정, 실질, 분기)",Group1,계정항목,1010101,민간,Q,2000Q1,2022Q3,91
5357,200Y034,"2.1.6.2.4. 주체별 총고정자본형성(계절조정, 실질, 분기)",Group1,계정항목,1010102,정부,Q,2000Q1,2022Q3,91
5358,200Y034,"2.1.6.2.4. 주체별 총고정자본형성(계절조정, 실질, 분기)",Group1,계정항목,101011,건설투자,Q,2000Q1,2022Q3,91
5359,200Y034,"2.1.6.2.4. 주체별 총고정자본형성(계절조정, 실질, 분기)",Group1,계정항목,1010111,민간,Q,2000Q1,2022Q3,91
5360,200Y034,"2.1.6.2.4. 주체별 총고정자본형성(계절조정, 실질, 분기)",Group1,계정항목,1010112,정부,Q,2000Q1,2022Q3,91
5361,200Y034,"2.1.6.2.4. 주체별 총고정자본형성(계절조정, 실질, 분기)",Group1,계정항목,101012,설비투자,Q,2000Q1,2022Q3,91
5362,200Y034,"2.1.6.2.4. 주체별 총고정자본형성(계절조정, 실질, 분기)",Group1,계정항목,1010121,민간,Q,2000Q1,2022Q3,91
5363,200Y034,"2.1.6.2.4. 주체별 총고정자본형성(계절조정, 실질, 분기)",Group1,계정항목,1010122,정부,Q,2000Q1,2022Q3,91
5364,200Y034,"2.1.6.2.4. 주체별 총고정자본형성(계절조정, 실질, 분기)",Group1,계정항목,101013,지식재산생산물투자,Q,2000Q1,2022Q3,91
5365,200Y034,"2.1.6.2.4. 주체별 총고정자본형성(계절조정, 실질, 분기)",Group1,계정항목,1010131,민간,Q,2000Q1,2022Q3,91
5366,200Y034,"2.1.6.2.4. 주체별 총고정자본형성(계절조정, 실질, 분기)",Group1,계정항목,1010132,정부,Q,2000Q1,2022Q3,91
5367,200Y035,"2.1.6.3.1. 경제활동별 총고정자본형성(명목, 연간)",Group1,계정항목,110,총고정자본형성,A,1970,2020,51
5368,200Y035,"2.1.6.3.1. 경제활동별 총고정자본형성(명목, 연간)",Group1,계정항목,1100101,농림어업,A,1970,2020,51
5369,200Y035,"2.1.6.3.1. 경제활동별 총고정자본형성(명목, 연간)",Group1,계정항목,1100102,광업,A,1970,2020,51
5370,200Y035,"2.1.6.3.1. 경제활동별 총고정자본형성(명목, 연간)",Group1,계정항목,1100103,제조업,A,1970,2020,51
5371,200Y035,"2.1.6.3.1. 경제활동별 총고정자본형성(명목, 연간)",Group1,계정항목,1100104,"전기, 가스 및 수도사업",A,1970,2020,51
5372,200Y035,"2.1.6.3.1. 경제활동별 총고정자본형성(명목, 연간)",Group1,계정항목,1100105,건설업,A,1970,2020,51
5373,200Y035,"2.1.6.3.1. 경제활동별 총고정자본형성(명목, 연간)",Group1,계정항목,1100117,서비스업,A,1970,2020,51
5374,200Y035,"2.1.6.3.1. 경제활동별 총고정자본형성(명목, 연간)",Group1,계정항목,1100106,도소매 및 숙박음식업,A,1970,2020,51
5375,200Y035,"2.1.6.3.1. 경제활동별 총고정자본형성(명목, 연간)",Group1,계정항목,1100107,운수업,A,1970,2020,51
5376,200Y035,"2.1.6.3.1. 경제활동별 총고정자본형성(명목, 연간)",Group1,계정항목,1100108,금융 및 보험업,A,1970,2020,51
5377,200Y035,"2.1.6.3.1. 경제활동별 총고정자본형성(명목, 연간)",Group1,계정항목,1100109,부동산업,A,1970,2020,51
5378,200Y035,"2.1.6.3.1. 경제활동별 총고정자본형성(명목, 연간)",Group1,계정항목,1100114,정보통신업,A,1970,2020,51
5379,200Y035,"2.1.6.3.1. 경제활동별 총고정자본형성(명목, 연간)",Group1,계정항목,1100115,사업서비스업,A,1970,2020,51
5380,200Y035,"2.1.6.3.1. 경제활동별 총고정자본형성(명목, 연간)",Group1,계정항목,1100110,"공공행정, 국방 및 사회보장",A,1970,2020,51
5381,200Y035,"2.1.6.3.1. 경제활동별 총고정자본형성(명목, 연간)",Group1,계정항목,1100111,교육서비스업,A,1970,2020,51
5382,200Y035,"2.1.6.3.1. 경제활동별 총고정자본형성(명목, 연간)",Group1,계정항목,1100112,의료보건 및 사회복지서비스업,A,1970,2020,51
5383,200Y035,"2.1.6.3.1. 경제활동별 총고정자본형성(명목, 연간)",Group1,계정항목,1100113,문화 및 기타서비스업,A,1970,2020,51
5384,200Y036,"2.1.6.3.2. 경제활동별 총고정자본형성(실질, 연간)",Group1,계정항목,110,총고정자본형성,A,1970,2020,51
5385,200Y036,"2.1.6.3.2. 경제활동별 총고정자본형성(실질, 연간)",Group1,계정항목,1100101,농림어업,A,1970,2020,51
5386,200Y036,"2.1.6.3.2. 경제활동별 총고정자본형성(실질, 연간)",Group1,계정항목,1100102,광업,A,1970,2020,51
5387,200Y036,"2.1.6.3.2. 경제활동별 총고정자본형성(실질, 연간)",Group1,계정항목,1100103,제조업,A,1970,2020,51
5388,200Y036,"2.1.6.3.2. 경제활동별 총고정자본형성(실질, 연간)",Group1,계정항목,1100104,"전기, 가스 및 수도사업",A,1970,2020,51
5389,200Y036,"2.1.6.3.2. 경제활동별 총고정자본형성(실질, 연간)",Group1,계정항목,1100105,건설업,A,1970,2020,51
5390,200Y036,"2.1.6.3.2. 경제활동별 총고정자본형성(실질, 연간)",Group1,계정항목,1100117,서비스업,A,1970,2020,51
5391,200Y036,"2.1.6.3.2. 경제활동별 총고정자본형성(실질, 연간)",Group1,계정항목,1100106,도소매 및 숙박음식업,A,1970,2020,51
5392,200Y036,"2.1.6.3.2. 경제활동별 총고정자본형성(실질, 연간)",Group1,계정항목,1100107,운수업,A,1970,2020,51
5393,200Y036,"2.1.6.3.2. 경제활동별 총고정자본형성(실질, 연간)",Group1,계정항목,1100108,금융 및 보험업,A,1970,2020,51
5394,200Y036,"2.1.6.3.2. 경제활동별 총고정자본형성(실질, 연간)",Group1,계정항목,1100109,부동산업,A,1970,2020,51
5395,200Y036,"2.1.6.3.2. 경제활동별 총고정자본형성(실질, 연간)",Group1,계정항목,1100114,정보통신업,A,1970,2020,51
5396,200Y036,"2.1.6.3.2. 경제활동별 총고정자본형성(실질, 연간)",Group1,계정항목,1100115,사업서비스업,A,1970,2020,51
5397,200Y036,"2.1.6.3.2. 경제활동별 총고정자본형성(실질, 연간)",Group1,계정항목,1100110,"공공행정, 국방 및 사회보장",A,1970,2020,51
5398,200Y036,"2.1.6.3.2. 경제활동별 총고정자본형성(실질, 연간)",Group1,계정항목,1100111,교육서비스업,A,1970,2020,51
5399,200Y036,"2.1.6.3.2. 경제활동별 총고정자본형성(실질, 연간)",Group1,계정항목,1100112,의료보건 및 사회복지서비스업,A,1970,2020,51
5400,200Y036,"2.1.6.3.2. 경제활동별 총고정자본형성(실질, 연간)",Group1,계정항목,1100113,문화 및 기타서비스업,A,1970,2020,51
5401,200Y037,"2.1.6.3.3. 경제활동별 자본재형태별 총고정자본형성(명목, 연간)",Group1,자본재형태별,11,총고정자본형성,A,2005,2020,272
5402,200Y037,"2.1.6.3.3. 경제활동별 자본재형태별 총고정자본형성(명목, 연간)",Group1,자본재형태별,111,건설투자,A,2005,2020,272
5403,200Y037,"2.1.6.3.3. 경제활동별 자본재형태별 총고정자본형성(명목, 연간)",Group1,자본재형태별,112,설비투자,A,2005,2020,272
5404,200Y037,"2.1.6.3.3. 경제활동별 자본재형태별 총고정자본형성(명목, 연간)",Group1,자본재형태별,1121,운송장비,A,2005,2020,272
5405,200Y037,"2.1.6.3.3. 경제활동별 자본재형태별 총고정자본형성(명목, 연간)",Group1,자본재형태별,1122,기계류,A,2005,2020,272
5406,200Y037,"2.1.6.3.3. 경제활동별 자본재형태별 총고정자본형성(명목, 연간)",Group1,자본재형태별,113,지식재산생산물투자,A,2005,2020,272
5407,200Y037,"2.1.6.3.3. 경제활동별 자본재형태별 총고정자본형성(명목, 연간)",Group1,자본재형태별,1131,연구개발,A,2005,2020,272
5408,200Y037,"2.1.6.3.3. 경제활동별 자본재형태별 총고정자본형성(명목, 연간)",Group2,경제활동별,10101,농림어업,A,2005,2020,112
5409,200Y037,"2.1.6.3.3. 경제활동별 자본재형태별 총고정자본형성(명목, 연간)",Group2,경제활동별,10102,광업,A,2005,2020,112
5410,200Y037,"2.1.6.3.3. 경제활동별 자본재형태별 총고정자본형성(명목, 연간)",Group2,경제활동별,10103,제조업,A,2005,2020,112
5411,200Y037,"2.1.6.3.3. 경제활동별 자본재형태별 총고정자본형성(명목, 연간)",Group2,경제활동별,10104,"전기, 가스 및 수도사업",A,2005,2020,112
5412,200Y037,"2.1.6.3.3. 경제활동별 자본재형태별 총고정자본형성(명목, 연간)",Group2,경제활동별,10105,건설업,A,2005,2020,112
5413,200Y037,"2.1.6.3.3. 경제활동별 자본재형태별 총고정자본형성(명목, 연간)",Group2,경제활동별,10118,서비스업,A,2005,2020,112
5414,200Y037,"2.1.6.3.3. 경제활동별 자본재형태별 총고정자본형성(명목, 연간)",Group2,경제활동별,10106,도소매 및 숙박음식업,A,2005,2020,112
5415,200Y037,"2.1.6.3.3. 경제활동별 자본재형태별 총고정자본형성(명목, 연간)",Group2,경제활동별,10107,운수업,A,2005,2020,112
5416,200Y037,"2.1.6.3.3. 경제활동별 자본재형태별 총고정자본형성(명목, 연간)",Group2,경제활동별,10108,금융 및 보험업,A,2005,2020,112
5417,200Y037,"2.1.6.3.3. 경제활동별 자본재형태별 총고정자본형성(명목, 연간)",Group2,경제활동별,10109,부동산업,A,2005,2020,112
5418,200Y037,"2.1.6.3.3. 경제활동별 자본재형태별 총고정자본형성(명목, 연간)",Group2,경제활동별,10110,정보통신업,A,2005,2020,112
5419,200Y037,"2.1.6.3.3. 경제활동별 자본재형태별 총고정자본형성(명목, 연간)",Group2,경제활동별,10111,사업서비스업,A,2005,2020,112
5420,200Y037,"2.1.6.3.3. 경제활동별 자본재형태별 총고정자본형성(명목, 연간)",Group2,경제활동별,10112,"공공행정, 국방 및 사회보장",A,2005,2020,112
5421,200Y037,"2.1.6.3.3. 경제활동별 자본재형태별 총고정자본형성(명목, 연간)",Group2,경제활동별,10113,교육서비스업,A,2005,2020,112
5422,200Y037,"2.1.6.3.3. 경제활동별 자본재형태별 총고정자본형성(명목, 연간)",Group2,경제활동별,10114,의료보건 및 사회복지서비스업,A,2005,2020,112
5423,200Y037,"2.1.6.3.3. 경제활동별 자본재형태별 총고정자본형성(명목, 연간)",Group2,경제활동별,10115,문화 및 기타서비스업,A,2005,2020,112
5424,200Y037,"2.1.6.3.3. 경제활동별 자본재형태별 총고정자본형성(명목, 연간)",Group2,경제활동별,10117,전산업,A,2005,2020,112
5425,200Y038,"2.1.6.4.1. 경제활동별 설비투자(명목, 연간)",Group1,계정항목,700,총설비투자,A,2005,2021,17
5426,200Y038,"2.1.6.4.1. 경제활동별 설비투자(명목, 연간)",Group1,계정항목,100,농림어업,A,2005,2021,17
5427,200Y038,"2.1.6.4.1. 경제활동별 설비투자(명목, 연간)",Group1,계정항목,200,광업,A,2005,2021,17
5428,200Y038,"2.1.6.4.1. 경제활동별 설비투자(명목, 연간)",Group1,계정항목,300,제조업,A,2005,2021,17
5429,200Y038,"2.1.6.4.1. 경제활동별 설비투자(명목, 연간)",Group1,계정항목,301,음식료품 제조업,A,2005,2021,17
5430,200Y038,"2.1.6.4.1. 경제활동별 설비투자(명목, 연간)",Group1,계정항목,302,섬유 및 가죽제품 제조업,A,2005,2021,17
5431,200Y038,"2.1.6.4.1. 경제활동별 설비투자(명목, 연간)",Group1,계정항목,303,"목재, 종이, 인쇄 및 복제업",A,2005,2021,17
5432,200Y038,"2.1.6.4.1. 경제활동별 설비투자(명목, 연간)",Group1,계정항목,304,"코크스, 석유 및 화학제품 제조업",A,2005,2021,17
5433,200Y038,"2.1.6.4.1. 경제활동별 설비투자(명목, 연간)",Group1,계정항목,306,비금속광물제품 제조업,A,2005,2021,17
5434,200Y038,"2.1.6.4.1. 경제활동별 설비투자(명목, 연간)",Group1,계정항목,307,금속제품 제조업,A,2005,2021,17
5435,200Y038,"2.1.6.4.1. 경제활동별 설비투자(명목, 연간)",Group1,계정항목,309,"컴퓨터, 전자 및 광학기기 제조업",A,2005,2021,17
5436,200Y038,"2.1.6.4.1. 경제활동별 설비투자(명목, 연간)",Group1,계정항목,310,전기장비 제조업,A,2005,2021,17
5437,200Y038,"2.1.6.4.1. 경제활동별 설비투자(명목, 연간)",Group1,계정항목,311,기계 및 장비 제조업,A,2005,2021,17
5438,200Y038,"2.1.6.4.1. 경제활동별 설비투자(명목, 연간)",Group1,계정항목,312,운송장비 제조업,A,2005,2021,17
5439,200Y038,"2.1.6.4.1. 경제활동별 설비투자(명목, 연간)",Group1,계정항목,313,기타 제조업 및 산업용 장비 수리업,A,2005,2021,17
5440,200Y038,"2.1.6.4.1. 경제활동별 설비투자(명목, 연간)",Group1,계정항목,400,"전기, 가스 및 수도사업",A,2005,2021,17
5441,200Y038,"2.1.6.4.1. 경제활동별 설비투자(명목, 연간)",Group1,계정항목,500,건설업,A,2005,2021,17
5442,200Y038,"2.1.6.4.1. 경제활동별 설비투자(명목, 연간)",Group1,계정항목,600,서비스업,A,2005,2021,17
5443,200Y038,"2.1.6.4.1. 경제활동별 설비투자(명목, 연간)",Group1,계정항목,601,도소매 및 숙박음식업,A,2005,2021,17
5444,200Y038,"2.1.6.4.1. 경제활동별 설비투자(명목, 연간)",Group1,계정항목,603,운수업,A,2005,2021,17
5445,200Y038,"2.1.6.4.1. 경제활동별 설비투자(명목, 연간)",Group1,계정항목,605,금융 및 보험업,A,2005,2021,17
5446,200Y038,"2.1.6.4.1. 경제활동별 설비투자(명목, 연간)",Group1,계정항목,606,부동산업,A,2005,2021,17
5447,200Y038,"2.1.6.4.1. 경제활동별 설비투자(명목, 연간)",Group1,계정항목,611,정보통신업,A,2005,2021,17
5448,200Y038,"2.1.6.4.1. 경제활동별 설비투자(명목, 연간)",Group1,계정항목,612,사업서비스업,A,2005,2021,17
5449,200Y038,"2.1.6.4.1. 경제활동별 설비투자(명목, 연간)",Group1,계정항목,607,"공공행정, 국방 및 사회보장",A,2005,2021,17
5450,200Y038,"2.1.6.4.1. 경제활동별 설비투자(명목, 연간)",Group1,계정항목,608,교육서비스업,A,2005,2021,17
5451,200Y038,"2.1.6.4.1. 경제활동별 설비투자(명목, 연간)",Group1,계정항목,609,의료보건 및 사회복지서비스업,A,2005,2021,17
5452,200Y038,"2.1.6.4.1. 경제활동별 설비투자(명목, 연간)",Group1,계정항목,610,문화 및 기타서비스업,A,2005,2021,17
5453,200Y039,"2.1.6.4.2. 경제활동별 설비투자(실질, 연간)",Group1,계정항목,700,총설비투자,A,2005,2021,17
5454,200Y039,"2.1.6.4.2. 경제활동별 설비투자(실질, 연간)",Group1,계정항목,100,농림어업,A,2005,2021,17
5455,200Y039,"2.1.6.4.2. 경제활동별 설비투자(실질, 연간)",Group1,계정항목,200,광업,A,2005,2021,17
5456,200Y039,"2.1.6.4.2. 경제활동별 설비투자(실질, 연간)",Group1,계정항목,300,제조업,A,2005,2021,17
5457,200Y039,"2.1.6.4.2. 경제활동별 설비투자(실질, 연간)",Group1,계정항목,301,음식료품 제조업,A,2005,2021,17
5458,200Y039,"2.1.6.4.2. 경제활동별 설비투자(실질, 연간)",Group1,계정항목,302,섬유 및 가죽제품 제조업,A,2005,2021,17
5459,200Y039,"2.1.6.4.2. 경제활동별 설비투자(실질, 연간)",Group1,계정항목,303,"목재, 종이, 인쇄 및 복제업",A,2005,2021,17
5460,200Y039,"2.1.6.4.2. 경제활동별 설비투자(실질, 연간)",Group1,계정항목,304,"코크스, 석유 및 화학제품 제조업",A,2005,2021,17
5461,200Y039,"2.1.6.4.2. 경제활동별 설비투자(실질, 연간)",Group1,계정항목,306,비금속광물제품 제조업,A,2005,2021,17
5462,200Y039,"2.1.6.4.2. 경제활동별 설비투자(실질, 연간)",Group1,계정항목,307,금속제품 제조업,A,2005,2021,17
5463,200Y039,"2.1.6.4.2. 경제활동별 설비투자(실질, 연간)",Group1,계정항목,309,"컴퓨터, 전자 및 광학기기 제조업",A,2005,2021,17
5464,200Y039,"2.1.6.4.2. 경제활동별 설비투자(실질, 연간)",Group1,계정항목,310,전기장비 제조업,A,2005,2021,17
5465,200Y039,"2.1.6.4.2. 경제활동별 설비투자(실질, 연간)",Group1,계정항목,311,기계 및 장비 제조업,A,2005,2021,17
5466,200Y039,"2.1.6.4.2. 경제활동별 설비투자(실질, 연간)",Group1,계정항목,312,운송장비 제조업,A,2005,2021,17
5467,200Y039,"2.1.6.4.2. 경제활동별 설비투자(실질, 연간)",Group1,계정항목,313,기타 제조업 및 산업용 장비 수리업,A,2005,2021,17
5468,200Y039,"2.1.6.4.2. 경제활동별 설비투자(실질, 연간)",Group1,계정항목,400,"전기, 가스 및 수도사업",A,2005,2021,17
5469,200Y039,"2.1.6.4.2. 경제활동별 설비투자(실질, 연간)",Group1,계정항목,500,건설업,A,2005,2021,17
5470,200Y039,"2.1.6.4.2. 경제활동별 설비투자(실질, 연간)",Group1,계정항목,600,서비스업,A,2005,2021,17
5471,200Y039,"2.1.6.4.2. 경제활동별 설비투자(실질, 연간)",Group1,계정항목,601,도소매 및 숙박음식업,A,2005,2021,17
5472,200Y039,"2.1.6.4.2. 경제활동별 설비투자(실질, 연간)",Group1,계정항목,603,운수업,A,2005,2021,17
5473,200Y039,"2.1.6.4.2. 경제활동별 설비투자(실질, 연간)",Group1,계정항목,605,금융 및 보험업,A,2005,2021,17
5474,200Y039,"2.1.6.4.2. 경제활동별 설비투자(실질, 연간)",Group1,계정항목,606,부동산업,A,2005,2021,17
5475,200Y039,"2.1.6.4.2. 경제활동별 설비투자(실질, 연간)",Group1,계정항목,611,정보통신업,A,2005,2021,17
5476,200Y039,"2.1.6.4.2. 경제활동별 설비투자(실질, 연간)",Group1,계정항목,612,사업서비스업,A,2005,2021,17
5477,200Y039,"2.1.6.4.2. 경제활동별 설비투자(실질, 연간)",Group1,계정항목,607,"공공행정, 국방 및 사회보장",A,2005,2021,17
5478,200Y039,"2.1.6.4.2. 경제활동별 설비투자(실질, 연간)",Group1,계정항목,608,교육서비스업,A,2005,2021,17
5479,200Y039,"2.1.6.4.2. 경제활동별 설비투자(실질, 연간)",Group1,계정항목,609,의료보건 및 사회복지서비스업,A,2005,2021,17
5480,200Y039,"2.1.6.4.2. 경제활동별 설비투자(실질, 연간)",Group1,계정항목,610,문화 및 기타서비스업,A,2005,2021,17
5481,200Y040,"2.1.7.1.1. 가계의 목적별 최종소비지출(계절조정, 명목, 분기)",Group1,계정항목,10113,국내 소비지출,Q,1970Q1,2022Q3,211
5482,200Y040,"2.1.7.1.1. 가계의 목적별 최종소비지출(계절조정, 명목, 분기)",Group1,계정항목,10101,식료품 및 비주류음료품,Q,1970Q1,2022Q3,211
5483,200Y040,"2.1.7.1.1. 가계의 목적별 최종소비지출(계절조정, 명목, 분기)",Group1,계정항목,10102,주류 및 담배,Q,1970Q1,2022Q3,211
5484,200Y040,"2.1.7.1.1. 가계의 목적별 최종소비지출(계절조정, 명목, 분기)",Group1,계정항목,10103,의류 및 신발,Q,1970Q1,2022Q3,211
5485,200Y040,"2.1.7.1.1. 가계의 목적별 최종소비지출(계절조정, 명목, 분기)",Group1,계정항목,10104,임대료 및 수도광열,Q,1970Q1,2022Q3,211
5486,200Y040,"2.1.7.1.1. 가계의 목적별 최종소비지출(계절조정, 명목, 분기)",Group1,계정항목,10105,가계시설 및 운영,Q,1970Q1,2022Q3,211
5487,200Y040,"2.1.7.1.1. 가계의 목적별 최종소비지출(계절조정, 명목, 분기)",Group1,계정항목,10106,의료보건,Q,1970Q1,2022Q3,211
5488,200Y040,"2.1.7.1.1. 가계의 목적별 최종소비지출(계절조정, 명목, 분기)",Group1,계정항목,10107,교통,Q,1970Q1,2022Q3,211
5489,200Y040,"2.1.7.1.1. 가계의 목적별 최종소비지출(계절조정, 명목, 분기)",Group1,계정항목,10108,정보 통신,Q,1970Q1,2022Q3,211
5490,200Y040,"2.1.7.1.1. 가계의 목적별 최종소비지출(계절조정, 명목, 분기)",Group1,계정항목,10109,"오락, 스포츠 및 문화",Q,1970Q1,2022Q3,211
5491,200Y040,"2.1.7.1.1. 가계의 목적별 최종소비지출(계절조정, 명목, 분기)",Group1,계정항목,10110,교육 서비스,Q,1970Q1,2022Q3,211
5492,200Y040,"2.1.7.1.1. 가계의 목적별 최종소비지출(계절조정, 명목, 분기)",Group1,계정항목,10111,음식점 및 숙박 서비스,Q,1970Q1,2022Q3,211
5493,200Y040,"2.1.7.1.1. 가계의 목적별 최종소비지출(계절조정, 명목, 분기)",Group1,계정항목,10112,기타,Q,1970Q1,2022Q3,211
5494,200Y040,"2.1.7.1.1. 가계의 목적별 최종소비지출(계절조정, 명목, 분기)",Group1,계정항목,10114,거주자 국외소비지출,Q,1970Q1,2022Q3,211
5495,200Y040,"2.1.7.1.1. 가계의 목적별 최종소비지출(계절조정, 명목, 분기)",Group1,계정항목,10115,(공제)비거주자 국내소비지출,Q,1970Q1,2022Q3,211
5496,200Y040,"2.1.7.1.1. 가계의 목적별 최종소비지출(계절조정, 명목, 분기)",Group1,계정항목,10116,가계 최종소비지출,Q,1970Q1,2022Q3,211
