YYM1,CITY,CITY_CODE,GU_NAME,GU_CODE2,API_TT0,BaseRate,MoRate,FREQ,A_PSUM,SEOUL,METRO,LTV,DTI,MV_APT,JAEGO,BUNYANG,N_BUNYANG,IND_INDEX,JTP,LOAN_T,MON
200603,서울특별시,11,종로중구,1111,75.245607991,4.00,5.4600,71,2.5590286416,1,1,42.912677374,93.255606673,4.891421,110,0,277,109.907,48.372,104.381241,3
200606,서울특별시,11,종로중구,1111,81.009182952,4.25,5.4800,58,1.774481,1,1,43.944172322,94.827586207,4.891421,0,0,277,99.469,47.454,107.564252,6
200609,서울특별시,11,종로중구,1111,81.2086397,4.50,5.7700,90,2.8988393228,1,1,44.42562142,94,4.891421,0,0,14,123.203,47.67,110.66641,9
200612,서울특별시,11,종로중구,1111,88.06893967,4.50,5.8800,99,3.1811620238,1,1,50.340130518,95.151515152,4.891421,0,136,6,128.718,43.811,101.84374245,12
200703,서울특별시,11,종로중구,1111,86.507761918,4.50,6.2000,68,1.9556222222,1,1,50.951451066,48.890836463,6.083816,0,112,0,110.893,42.987,107.877226,3
200706,서울특별시,11,종로중구,1111,91.769298622,4.50,6.1300,48,1.5525091667,1,1,51.251564876,48.351863213,6.083816,0,0,93,102.227,43.14,110.307341,6
200709,서울특별시,11,종로중구,1111,92.079846894,5.00,6.5200,55,1.6641445833,1,1,52.053269699,48.05533917,6.083816,0,0,89,108.332,42.811,112.626114,9
200712,서울특별시,11,종로중구,1111,87.52919873,5.00,6.8500,57,1.8342523333,1,1,51.403700667,47.425722451,6.083816,744,0,183,113.158,42.165,116.409487,12
200803,서울특별시,11,종로중구,1111,96.397714955,5.00,6.7000,95,3.4827390531,1,1,51.298453495,46.561394674,6.265835,0,112,147,113.158,41.163,118.919127,3
200806,서울특별시,11,종로중구,1111,103.00174039,5.00,6.7700,66,3.0796969048,1,1,50.246913224,44.314696547,6.265835,470,0,111,91.984,39.312,124.125424,6
200809,서울특별시,11,종로중구,1111,105.2119796,5.25,7.2500,31,1.394238,1,1,49.991077709,45.496664085,6.265835,0,0,103,113.355,38.94,128.216878,9
200812,서울특별시,11,종로중구,1111,91.897007677,3.00,6.8100,23,0.905129,1,1,61.760953925,100,6.265835,0,0,291,94.249,38.67,129.852736,12
200903,서울특별시,11,종로중구,1111,95.388827534,2.00,5.4300,59,2.3621255303,1,1,61.718987772,100,8.221371,0,0,277,88.832,38.61226547,130.541711,3
200906,서울특별시,11,종로중구,1111,100.68465175,2.00,5.2500,71,2.9529466944,1,1,61.713666856,100,8.221371,0,0,265,85.09,38.886481048,132.995958,6
200909,서울특별시,11,종로중구,1111,110.61439526,2.00,5.7700,52,2.5344577273,1,1,55.148839759,61.180411425,8.221371,0,0,231,101.241,39.73417782,136.885476,9
200912,서울특별시,11,종로중구,1111,100.78354018,2.00,5.9000,38,1.8461533333,1,1,55.320300157,53.11851005,8.221371,233,0,229,104.097,40.563106195,139.556317,12
201003,서울특별시,11,종로중구,1111,103.67106981,2.00,5.4700,50,2.2352238333,1,1,55.596127461,53.190838519,9.118323,263,0,122,95.757,41.29149696,140.959729,3
201006,서울특별시,11,종로중구,1111,95.309283522,2.00,4.6200,22,1.046567,1,1,55.43251414,53.111730316,9.118323,136,0,140,97.3,42.057047881,147.444443,6
201009,서울특별시,11,종로중구,1111,96.728174202,2.25,4.8000,31,1.358265,1,1,55.784597967,100,9.118323,0,0,142,100.096,42.968426109,149.638557,9
201012,서울특별시,11,종로중구,1111,98.717627222,2.50,4.6700,60,2.8203208333,1,1,55.590532974,100,9.118323,0,0,136,107.329,44.371215491,152.647694,12
201103,서울특별시,11,종로중구,1111,101.89553779,3.00,4.8900,76,3.6037966667,1,1,55.812281077,100,9.36481,0,0,137,104.918,46.39717639,157.61353872,3
201106,서울특별시,11,종로중구,1111,104.27132337,3.25,4.8700,45,2.1177663333,1,1,55.993864562,53.038152801,9.36481,0,0,134,89.103,47.409686468,160.14337943,6
201109,서울특별시,11,종로중구,1111,102.27566515,3.25,5.0000,36,1.56214,1,1,56.248687459,53.065856775,9.36481,0,0,131,106.268,49.947337842,162.5033919,9
201112,서울특별시,11,종로중구,1111,101.02722894,3.25,4.9500,38,1.7480566667,1,1,56.128965682,53.137443114,9.36481,895,295,130,108.968,50.829309685,164.60183642,12
201203,서울특별시,11,종로중구,1111,102.21919366,3.25,5.0000,56,2.9916803333,1,1,55.859838853,53.178759754,9.848474,0,0,113,107.715,51.405824695,167.23806073,3
201206,서울특별시,11,종로중구,1111,101.1125217,3.25,4.7600,41,2.278563,1,1,55.828625136,53.24275895,9.848474,0,0,103,93.732,52.080110853,168.5365483,6
201209,서울특별시,11,종로중구,1111,98.975738957,3.00,4.2900,39,2.0851273333,1,1,55.971053869,53.311428579,9.848474,0,0,104,102.411,53.270940687,169.36900072,9
201212,서울특별시,11,종로중구,1111,96.864551942,2.75,4.1600,53,2.5720146667,1,1,56.430676135,53.394459982,9.848474,0,0,79,100.771,54.810220654,170.93930064,12
201303,서울특별시,11,종로중구,1111,99.897724837,2.75,3.9700,72,3.9430502381,1,1,55.956988334,53.403887887,9.592756,0,0,81,101.446,56.153232883,169.77717703,3
201306,서울특별시,11,종로중구,1111,94.882570817,2.50,3.7300,77,5.0379340143,1,1,55.532953701,53.490051717,9.592756,0,167,50,86.885,56.726654406,170.9829411,6
201309,서울특별시,11,종로중구,1111,98.573193555,2.50,3.8200,66,3.0440413333,1,1,56.571064262,53.488836018,9.592756,0,0,96,99.614,59.142058043,171.30661788,9
201312,서울특별시,11,종로중구,1111,96.4739186,2.50,3.7400,74,3.3833630278,1,1,56.779882905,53.529596904,9.592756,0,0,59,100.675,61.461036445,170.75531388,12
201403,서울특별시,11,종로중구,1111,98.950936285,2.50,3.6900,83,3.9416101667,1,1,56.325139886,53.552546961,9.956235,0,0,42,107.329,63.228155915,171.18644986,3
201406,서울특별시,11,종로중구,1111,100.57666041,2.50,3.5800,44,2.0242533333,1,1,56.800961518,53.596892672,9.956235,0,0,15,96.914,63.999129453,175.72446231,6
201409,서울특별시,11,종로중구,1111,101.5785391,2.25,3.5000,83,4.1390658889,1,1,70,63.656833808,9.956235,0,0,6,107.715,64.646119402,178.23760677,9
201412,서울특별시,11,종로중구,1111,102.60073856,2.00,3.3300,67,3.4558325,1,1,70,63.693839689,9.956235,295,0,3,112.44,65.705433586,180.9134017,12
201503,서울특별시,11,종로중구,1111,104.32180134,1.75,2.9700,127,6.766259627,1,1,70,63.714155438,,0,0,151,98.5,67.631557386,266.63883286,3
201506,서울특별시,11,종로중구,1111,105.5430899,1.50,3.0100,100,5.2729765198,1,1,70,63.685182237,,0,0,53,91.6,69.570769984,274.52190625,6
201509,서울특별시,11,종로중구,1111,109.07596129,1.50,2.9200,101,5.48661725,1,1,70,63.665258787,,0,0,15,110.8,71.808672278,282.5676313,9
201512,서울특별시,11,종로중구,1111,106.93779272,1.50,3.1200,73,3.711134,1,1,70,63.67308636,,0,0,5,117.2,73.424723726,287.68694048,12
201603,서울특별시,11,종로중구,1111,108.76600645,1.50,2.9700,108,6.4925045513,1,1,70,63.630899873,10.466666,0,0,5,120.4,74.577835467,285.20501337,3
201606,서울특별시,11,종로중구,1111,110.03074699,1.25,2.7700,105,6.1769381872,1,1,70,63.603553751,10.466666,0,0,5,96.1,75.069395239,291.87419077,6
201609,서울특별시,11,종로중구,1111,111.99714869,1.25,2.8000,113,6.7536889048,1,1,70,63.615202732,10.466666,0,0,5,109.4,74.178229776,303.98293878,9
201612,서울특별시,11,종로중구,1111,114.55922022,1.25,3.1300,55,2.847366,1,1,70,63.61131715,10.466666,0,195,1,120.4,73.233544849,305.47632673,12
201703,서울특별시,11,종로중구,1111,112.80605182,1.25,3.2100,116,6.334225,1,1,70,63.61611894,10.466666,0,61,1,113.7,73.220091035,308.50237967,3
201706,서울특별시,11,종로중구,1111,116.72614566,1.25,3.2200,149,9.4317765714,1,1,70,63.613382342,10.466666,1402,0,1,98.4,72.379698282,315.17031311,6
201709,서울특별시,11,종로중구,1111,120.34787806,1.25,3.2400,89,5.2773682738,1,1,46.516853933,43.483146067,10.466666,0,0,1,129,71.199623675,319.1024339,9
201712,서울특별시,11,종로중구,1111,120.51869054,1.50,3.4200,34,1.8248066667,1,1,46.176470588,43.823529412,10.466666,0,0,1,111.5,70.058967027,319.56180264,12
200603,서울특별시,11,용산구,1117,79.451380811,4.00,5.4600,142,9.4493369841,1,1,42.912677374,77.518688909,12.204299,0,0,0,109.907,48.372,104.381241,3
200606,서울특별시,11,용산구,1117,76.904926346,4.25,5.4800,75,3.6962618611,1,1,43.944172322,83.2,12.204299,102,0,0,99.469,47.454,107.564252,6
200609,서울특별시,11,용산구,1117,87.712090645,4.50,5.7700,128,7.5025293333,1,1,44.42562142,77.96875,12.204299,144,0,0,123.203,47.67,110.66641,9
200612,서울특별시,11,용산구,1117,98.594260931,4.50,5.8800,98,5.693517,1,1,47.824245756,79.795918367,12.204299,0,0,0,128.718,43.811,101.84374245,12
200703,서울특별시,11,용산구,1117,94.107291761,4.50,6.2000,53,2.6952616667,1,1,49.048533308,44.791547929,16.144834,0,0,0,110.893,42.987,107.877226,3
200706,서울특별시,11,용산구,1117,88.66800142,4.50,6.1300,62,4.5772916667,1,1,46.843297668,43.10134375,16.144834,202,260,0,102.227,43.14,110.307341,6
200709,서울특별시,11,용산구,1117,94.347582051,5.00,6.5200,65,4.1511333333,1,1,47.293141798,43.780943358,16.144834,0,129,0,108.332,42.811,112.626114,9
200712,서울특별시,11,용산구,1117,94.353874586,5.00,6.8500,57,4.6847833333,1,1,45.535973295,43.093082761,16.144834,24,0,0,113.158,42.165,116.409487,12
200803,서울특별시,11,용산구,1117,98.251583884,5.00,6.7000,77,5.2418785714,1,1,47.650690756,43.230998005,18.274879,0,0,0,113.158,41.163,118.919127,3
200806,서울특별시,11,용산구,1117,101.122764,5.00,6.7700,59,4.420315,1,1,46.562504269,43.466041625,18.274879,0,0,0,91.984,39.312,124.125424,6
200809,서울특별시,11,용산구,1117,91.377499539,5.25,7.2500,24,1.776125,1,1,46.841035573,43.339940211,18.274879,110,0,0,113.355,38.94,128.216878,9
200812,서울특별시,11,용산구,1117,78.938344894,3.00,6.8100,18,1.706981,1,1,61.760953925,100,18.274879,80,0,53,94.249,38.67,129.852736,12
200903,서울특별시,11,용산구,1117,84.945163775,2.00,5.4300,71,6.2377586667,1,1,61.718987772,100,18.93121,0,307,19,88.832,38.61226547,130.541711,3
200906,서울특별시,11,용산구,1117,92.772787777,2.00,5.2500,92,8.613009,1,1,61.713666856,100,18.93121,0,0,0,85.09,38.886481048,132.995958,6
200909,서울특별시,11,용산구,1117,101.53120808,2.00,5.7700,103,9.0915065,1,1,53.113724857,61.180411425,18.93121,0,0,0,101.241,39.73417782,136.885476,9
200912,서울특별시,11,용산구,1117,96.947311812,2.00,5.9000,65,5.8223958333,1,1,53.652113422,52.939612439,18.93121,0,0,0,104.097,40.563106195,139.556317,12
201003,서울특별시,11,용산구,1117,98.479120073,2.00,5.4700,71,6.379875,1,1,53.325857432,52.910970781,19.445823,0,0,0,95.757,41.29149696,140.959729,3
201006,서울특별시,11,용산구,1117,91.363086677,2.00,4.6200,28,2.62115,1,1,53.336515909,52.93514383,19.445823,0,0,104,97.3,42.057047881,147.444443,6
201009,서울특별시,11,용산구,1117,90.626391445,2.25,4.8000,33,3.065538,1,1,53.293105862,100,19.445823,0,0,104,100.096,42.968426109,149.638557,9
201012,서울특별시,11,용산구,1117,92.175372724,2.50,4.6700,75,6.136865,1,1,53.79394985,100,19.445823,0,0,598,107.329,44.371215491,152.647694,12
201103,서울특별시,11,용산구,1117,94.796031571,3.00,4.8900,65,6.2780516667,1,1,53.197341845,100,20.510532,0,0,260,104.918,46.39717639,157.61353872,3
201106,서울특별시,11,용산구,1117,91.707567672,3.25,4.8700,41,3.3997166667,1,1,53.965104407,53.038152801,20.510532,0,0,142,89.103,47.409686468,160.14337943,6
201109,서울특별시,11,용산구,1117,89.892935865,3.25,5.0000,44,3.3752,1,1,54.095368654,53.065856775,20.510532,0,0,93,106.268,49.947337842,162.5033919,9
201112,서울특별시,11,용산구,1117,93.73054245,3.25,4.9500,54,3.930975,1,1,54.499955853,53.137443114,20.510532,0,0,84,108.968,50.829309685,164.60183642,12
201203,서울특별시,11,용산구,1117,85.502870379,3.25,5.0000,50,3.549275,1,1,54.682692937,53.178759754,19.938769,0,0,140,107.715,51.405824695,167.23806073,3
201206,서울특별시,11,용산구,1117,85.475589374,3.25,4.7600,37,2.5918333333,1,1,54.543117727,53.26325457,19.938769,0,0,83,93.732,52.080110853,168.5365483,6
201209,서울특별시,11,용산구,1117,81.811270219,3.00,4.2900,35,2.710651,1,1,54.448811148,53.336519521,19.938769,0,0,83,102.411,53.270940687,170.30362485,9
201212,서울특별시,11,용산구,1117,79.997414059,2.75,4.1600,46,3.4837158095,1,1,54.465479502,53.394459982,19.938769,0,0,83,100.771,54.810220654,170.93930064,12
201303,서울특별시,11,용산구,1117,82.593816838,2.75,3.9700,50,3.714903,1,1,54.120687762,53.410239336,19.022937,0,0,83,101.446,56.153232883,169.34191893,3
201306,서울특별시,11,용산구,1117,81.960072729,2.50,3.7300,73,5.5228566667,1,1,54.534218171,53.485247196,19.022937,0,0,83,86.885,56.726654406,170.10341347,6
201309,서울특별시,11,용산구,1117,81.36508816,2.50,3.8200,64,4.1199833333,1,1,55.203615907,53.495327099,19.022937,0,0,83,99.614,59.142058043,172.03377341,9
201312,서울특별시,11,용산구,1117,81.822741354,2.50,3.7400,76,5.1379441667,1,1,55.507487302,53.529596904,19.022937,0,0,83,100.675,61.461036445,170.75531388,12
201403,서울특별시,11,용산구,1117,84.053208913,2.50,3.6900,125,7.9029948333,1,1,55.130270308,53.562856004,18.285106,0,0,95,107.329,63.228155915,171.68830682,3
201406,서울특별시,11,용산구,1117,83.844315897,2.50,3.5800,64,4.8075801667,1,1,54.638209297,53.606772424,18.285106,0,0,54,96.914,63.999129453,171.68830682,6
201409,서울특별시,11,용산구,1117,85.839831861,2.25,3.5000,97,7.6350711667,1,1,70,63.681522748,18.285106,0,0,51,107.715,64.646119402,179.57457831,9
201412,서울특별시,11,용산구,1117,87.171064998,2.00,3.3300,80,5.5265836667,1,1,70,63.693839689,18.285106,0,0,207,112.44,65.705433586,180.9134017,12
201503,서울특별시,11,용산구,1117,87.732743765,1.75,2.9700,152,11.547293452,1,1,70,63.764399686,,232,0,169,98.5,67.631557386,268.85851396,3
201506,서울특별시,11,용산구,1117,90.196396174,1.50,3.0100,136,10.113268833,1,1,70,63.668705114,,0,0,120,91.6,69.570769984,277.01958529,6
201509,서울특별시,11,용산구,1117,92.90101629,1.50,2.9200,119,9.9084046667,1,1,70,63.670536519,,0,0,41,110.8,71.808672278,284.97710897,9
201512,서울특별시,11,용산구,1117,93.483186665,1.50,3.1200,83,6.5374306667,1,1,70,63.67308636,,0,0,9,117.2,73.424723726,287.68694048,12
201603,서울특별시,11,용산구,1117,92.834759772,1.50,2.9700,115,9.322004,1,1,70,63.61872358,18.643302,0,0,8,120.4,74.577835467,292.6149979,3
201606,서울특별시,11,용산구,1117,95.134155357,1.25,2.7700,174,16.414464231,1,1,70,63.606717854,18.643302,0,0,7,96.1,75.069395239,296.04091152,6
201609,서울특별시,11,용산구,1117,99.472838511,1.25,2.8000,146,13.865559112,1,1,70,63.612199778,18.643302,0,0,3,109.4,74.178229776,303.98293878,9
201612,서울특별시,11,용산구,1117,100.06260156,1.25,3.1300,38,3.505937,1,1,70,63.61131715,18.643302,0,0,0,120.4,73.233544849,305.47632673,12
201703,서울특별시,11,용산구,1117,102.40100889,1.25,3.2100,143,13.609129881,1,1,70,63.614511173,18.643302,0,0,0,113.7,73.220091035,308.50237967,3
201706,서울특별시,11,용산구,1117,107.6755374,1.25,3.2200,177,19.402587786,1,1,70,63.603700135,18.643302,151,1140,0,98.4,72.379698282,312.60006936,6
201709,서울특별시,11,용산구,1117,107.80140285,1.25,3.2400,97,11.991422651,1,1,48.969072165,41.030927835,18.643302,0,0,0,129,71.199623675,317.67243623,9
201712,서울특별시,11,용산구,1117,109.12335923,1.50,3.4200,34,3.465,1,1,49.117647059,40.882352941,18.643302,0,0,0,111.5,70.058967027,319.56180264,12
200603,서울특별시,11,성동구,1120,74.51998379,4.00,5.4600,177,7.0002897706,1,1,42.912677374,94.288646203,10.996155,221,0,0,109.907,48.372,104.381241,3
200606,서울특별시,11,성동구,1120,77.197900067,4.25,5.4800,112,4.3003052381,1,1,43.944172322,94.642857143,10.996155,157,0,0,99.469,47.454,107.564252,6
200609,서울특별시,11,성동구,1120,83.904293766,4.50,5.7700,172,6.7133500581,1,1,44.42562142,93.023255814,10.996155,342,0,0,123.203,47.67,110.66641,9
200612,서울특별시,11,성동구,1120,94.619556165,4.50,5.8800,140,5.9791336093,1,1,49.519504231,90.142857143,10.996155,0,0,0,128.718,43.811,101.84374245,12
200703,서울특별시,11,성동구,1120,97.613069515,4.50,6.2000,85,3.76043625,1,1,49.510670478,44.641618953,13.587104,217,0,0,110.893,42.987,107.877226,3
200706,서울특별시,11,성동구,1120,96.187526219,4.50,6.1300,71,3.0690125,1,1,50.873985011,44.45133932,13.587104,0,465,0,102.227,43.14,110.307341,6
200709,서울특별시,11,성동구,1120,95.690235808,5.00,6.5200,72,3.2647933333,1,1,50.45905231,44.494265488,13.587104,0,0,0,108.332,42.811,112.626114,9
200712,서울특별시,11,성동구,1120,95.847860113,5.00,6.8500,90,4.0204904444,1,1,50.432055489,44.259261882,13.587104,0,0,0,113.158,42.165,116.409487,12
200803,서울특별시,11,성동구,1120,104.26231494,5.00,6.7000,144,6.2584358513,1,1,51.15872303,44.032923283,14.652932,0,508,0,113.158,41.163,118.919127,3
200806,서울특별시,11,성동구,1120,96.663039168,5.00,6.7700,116,5.3921133333,1,1,50.95128119,42.813711622,14.652932,0,0,0,91.984,39.312,124.125424,6
200809,서울특별시,11,성동구,1120,89.587718562,5.25,7.2500,35,1.66145,1,1,51.588065896,43.044291107,14.652932,0,0,0,113.355,38.94,128.216878,9
200812,서울특별시,11,성동구,1120,80.549382618,3.00,6.8100,22,1.0868983333,1,1,61.760953925,100,14.652932,241,0,73,94.249,38.67,129.852736,12
200903,서울특별시,11,성동구,1120,101.90733044,2.00,5.4300,89,4.2386078333,1,1,61.718987772,100,13.972703,0,0,67,88.832,38.61226547,130.541711,3
200906,서울특별시,11,성동구,1120,99.017755738,2.00,5.2500,157,7.6163864286,1,1,61.713666856,100,13.972703,445,0,82,85.09,38.886481048,132.995958,6
200909,서울특별시,11,성동구,1120,105.60517938,2.00,5.7700,140,6.9030177381,1,1,55.237886842,61.180411425,13.972703,0,0,87,101.241,39.73417782,136.885476,9
200912,서울특별시,11,성동구,1120,98.231514454,2.00,5.9000,76,3.609096619,1,1,55.56206635,52.891673756,13.972703,534,0,87,104.097,40.563106195,139.556317,12
201003,서울특별시,11,성동구,1120,98.449086326,2.00,5.4700,90,4.3566101667,1,1,55.708000822,52.879528209,14.720278,0,497,87,95.757,41.29149696,140.959729,3
201006,서울특별시,11,성동구,1120,97.190775269,2.00,4.6200,62,3.0923216667,1,1,55.58914246,52.976562967,14.720278,0,0,85,97.3,42.057047881,147.444443,6
201009,서울특별시,11,성동구,1120,95.274216717,2.25,4.8000,57,2.5350833333,1,1,55.96358722,100,14.720278,0,0,80,100.096,42.968426109,149.638557,9
201012,서울특별시,11,성동구,1120,97.827185592,2.50,4.6700,101,4.7037273352,1,1,55.909942716,100,14.720278,0,0,79,107.329,44.371215491,152.647694,12
201103,서울특별시,11,성동구,1120,99.749960505,3.00,4.8900,96,4.4355464286,1,1,55.94419798,100,14.206248,0,0,79,104.918,46.39717639,157.61353872,3
201106,서울특별시,11,성동구,1120,96.758336945,3.25,4.8700,76,3.37522,1,1,56.231251179,53.038152801,14.206248,0,0,79,89.103,47.409686468,160.14337943,6
201109,서울특별시,11,성동구,1120,95.74012044,3.25,5.0000,90,3.8940433333,1,1,56.30103333,53.065856775,14.206248,0,0,79,106.268,49.947337842,162.5033919,9
201112,서울특별시,11,성동구,1120,93.82928564,3.25,4.9500,58,2.6833166667,1,1,56.141928625,53.137443114,14.206248,0,1148,79,108.968,50.829309685,164.60183642,12
201203,서울특별시,11,성동구,1120,92.963257189,3.25,5.0000,81,5.0397141667,1,1,56.317387475,53.178759754,16.362915,0,0,79,107.715,51.405824695,167.23806073,3
201206,서울특별시,11,성동구,1120,91.145115803,3.25,4.7600,47,2.5502503333,1,1,56.348216807,53.288198585,16.362915,0,0,79,93.732,52.080110853,168.0988424,6
201209,서울특별시,11,성동구,1120,89.8571553,3.00,4.2900,62,2.71787,1,1,56.742622762,53.34801545,16.362915,0,0,502,102.411,53.270940687,169.56891325,9
201212,서울특별시,11,성동구,1120,88.207657232,2.75,4.1600,67,2.9187422381,1,1,56.812749175,53.394459982,16.362915,1821,0,285,100.771,54.810220654,170.93930064,12
201303,서울특별시,11,성동구,1120,89.09643769,2.75,3.9700,132,6.3948433095,1,1,56.41218916,53.434200386,15.659092,0,0,192,101.446,56.153232883,169.34191893,3
201306,서울특별시,11,성동구,1120,88.559437957,2.50,3.7300,115,5.9169403,1,1,56.844871638,53.485995787,15.659092,0,0,131,86.885,56.726654406,170.54034361,6
201309,서울특별시,11,성동구,1120,91.354518885,2.50,3.8200,121,6.1457716667,1,1,56.874893376,53.511773765,15.659092,0,0,565,99.614,59.142058043,171.30661788,9
201312,서울특별시,11,성동구,1120,91.382816897,2.50,3.7400,119,6.4102398333,1,1,56.800374104,53.529596904,15.659092,0,0,203,100.675,61.461036445,170.75531388,12
201403,서울특별시,11,성동구,1120,91.652963808,2.50,3.6900,154,8.0962754762,1,1,56.884352599,53.582267835,16.545068,0,688,111,107.329,63.228155915,171.93290707,3
201406,서울특별시,11,성동구,1120,90.730885514,2.50,3.5800,113,5.1564333333,1,1,56.946787225,53.631921717,16.545068,0,0,93,96.914,63.999129453,175.72446231,6
201409,서울특별시,11,성동구,1120,93.261448661,2.25,3.5000,182,8.7725798268,1,1,70,63.696996182,16.545068,495,0,47,107.715,64.646119402,178.23760677,9
201412,서울특별시,11,성동구,1120,94.606545524,2.00,3.3300,138,6.754902619,1,1,70,63.693839689,16.545068,0,0,6,112.44,65.705433586,180.9134017,12
201503,서울특별시,11,성동구,1120,94.951530415,1.75,2.9700,238,12.463194305,1,1,70,63.746776916,,0,2529,0,98.5,67.631557386,268.85851396,3
201506,서울특별시,11,성동구,1120,97.748766129,1.50,3.0100,193,10.561715635,1,1,70,63.672078482,,0,0,0,91.6,69.570769984,274.52190625,6
201509,서울특별시,11,성동구,1120,101.04661157,1.50,2.9200,178,9.5952478333,1,1,70,63.673898686,,0,3912,0,110.8,71.808672278,282.5676313,9
201512,서울특별시,11,성동구,1120,102.03448257,1.50,3.1200,105,5.67067,1,1,70,63.67308636,,0,0,266,117.2,73.424723726,287.68694048,12
201603,서울특별시,11,성동구,1120,101.7080513,1.50,2.9700,171,9.7404589683,1,1,70,63.605538529,17.436475,0,0,245,120.4,74.577835467,287.07989545,3
201606,서울특별시,11,성동구,1120,106.13881239,1.25,2.7700,216,12.626260952,1,1,70,63.615598583,17.436475,0,0,184,96.1,75.069395239,291.87419077,6
201609,서울특별시,11,성동구,1120,110.09694842,1.25,2.8000,203,11.629777579,1,1,70,63.612273332,17.436475,0,0,112,109.4,74.178229776,303.98293878,9
201612,서울특별시,11,성동구,1120,112.0848872,1.25,3.1300,59,3.528734,1,1,70,63.61131715,17.436475,0,0,80,120.4,73.233544849,305.47632673,12
201703,서울특별시,11,성동구,1120,113.53561468,1.25,3.2100,188,11.285454444,1,1,70,63.602880978,17.436475,0,0,71,113.7,73.220091035,308.50237967,3
201706,서울특별시,11,성동구,1120,119.16533851,1.25,3.2200,222,14.767317618,1,1,70,63.611486173,17.436475,0,0,8,98.4,72.379698282,312.60006936,6
201709,서울특별시,11,성동구,1120,125.81704632,1.25,3.2400,137,9.7795662857,1,1,48.613138686,41.386861314,17.436475,0,0,0,129,71.199623675,319.1024339,9
201712,서울특별시,11,성동구,1120,126.22585762,1.50,3.4200,51,3.8679441667,1,1,48.62745098,41.37254902,17.436475,0,0,0,111.5,70.058967027,319.56180264,12
200603,서울특별시,11,광진구,1121,71.215101494,4.00,5.4600,125,5.2459070678,1,1,64.529486945,100,7.940726,369,0,0,109.907,48.372,104.381241,3
200606,서울특별시,11,광진구,1121,76.472065411,4.25,5.4800,88,3.6850146667,1,1,43.944172322,95.227272727,7.940726,0,0,21,99.469,47.454,107.564252,6
200609,서울특별시,11,광진구,1121,78.088675382,4.50,5.7700,155,6.0903498562,1,1,44.42562142,95.741935484,7.940726,0,0,21,123.203,47.67,110.66641,9
200612,서울특별시,11,광진구,1121,92.259384444,4.50,5.8800,76,3.2659733333,1,1,48.935587734,86.578947368,7.940726,0,0,21,128.718,43.811,101.84374245,12
200703,서울특별시,11,광진구,1121,88.603253488,4.50,6.2000,58,2.5186833333,1,1,49.616244917,45.402952337,11.988925,1177,0,187,110.893,42.987,107.877226,3
200706,서울특별시,11,광진구,1121,88.689182857,4.50,6.1300,59,2.5527,1,1,49.954931581,46.332774091,11.988925,0,83,187,102.227,43.14,110.307341,6
200709,서울특별시,11,광진구,1121,91.205550662,5.00,6.5200,48,2.3865375,1,1,49.56433847,44.683735868,11.988925,0,0,187,108.332,42.811,112.626114,9
200712,서울특별시,11,광진구,1121,91.584448544,5.00,6.8500,60,3.0056555,1,1,50.192298887,43.983846186,11.988925,0,52,32,113.158,42.165,116.409487,12
200803,서울특별시,11,광진구,1121,98.10741,5.00,6.7000,112,5.0914169048,1,1,51.213849252,44.169113777,12.120673,0,0,32,113.158,41.163,118.919127,3
200806,서울특별시,11,광진구,1121,97.041212529,5.00,6.7700,69,3.3990625,1,1,50.517368342,43.106623668,12.120673,0,0,22,91.984,39.312,124.125424,6
200809,서울특별시,11,광진구,1121,91.977828564,5.25,7.2500,26,1.26905,1,1,51.148657904,42.91257046,12.120673,90,0,22,113.355,38.94,128.216878,9
200812,서울특별시,11,광진구,1121,83.854855702,3.00,6.8100,25,1.27395,1,1,61.760953925,100,12.120673,122,0,18,94.249,38.67,129.852736,12
200903,서울특별시,11,광진구,1121,98.065604566,2.00,5.4300,75,4.0553929167,1,1,61.718987772,100,11.675025,0,0,10,88.832,38.61226547,130.541711,3
200906,서울특별시,11,광진구,1121,99.300609396,2.00,5.2500,130,7.0292514524,1,1,61.713666856,100,11.675025,0,0,22,85.09,38.886481048,132.995958,6
200909,서울특별시,11,광진구,1121,104.15980825,2.00,5.7700,98,5.7984617857,1,1,54.883515795,61.180411425,11.675025,279,0,21,101.241,39.73417782,136.885476,9
200912,서울특별시,11,광진구,1121,99.689220364,2.00,5.9000,60,3.1022083333,1,1,55.642655081,52.931469598,11.675025,0,0,4,104.097,40.563106195,139.556317,12
201003,서울특별시,11,광진구,1121,101.6662735,2.00,5.4700,75,4.690067,1,1,54.955398214,52.920490092,12.209752,0,0,3,95.757,41.29149696,140.959729,3
201006,서울특별시,11,광진구,1121,97.574095368,2.00,4.6200,37,1.8740111111,1,1,55.734911708,52.976964816,12.209752,0,0,3,97.3,42.057047881,147.444443,6
201009,서울특별시,11,광진구,1121,98.928799084,2.25,4.8000,40,2.1181666667,1,1,55.372001419,100,12.209752,0,0,3,100.096,42.968426109,149.638557,9
201012,서울특별시,11,광진구,1121,97.571283087,2.50,4.6700,88,4.9940686667,1,1,55.327791568,100,12.209752,0,0,2,107.329,44.371215491,152.647694,12
201103,서울특별시,11,광진구,1121,98.83790202,3.00,4.8900,82,4.52715,1,1,55.358047837,100,12.016781,0,0,2,104.918,46.39717639,157.61353872,3
201106,서울특별시,11,광진구,1121,99.722611545,3.25,4.8700,54,2.7223186111,1,1,55.854008881,53.038152801,12.016781,0,0,2,89.103,47.409686468,160.14337943,6
201109,서울특별시,11,광진구,1121,98.72720074,3.25,5.0000,55,2.683675,1,1,55.658606726,53.065856775,12.016781,0,0,2,106.268,49.947337842,162.5033919,9
201112,서울특별시,11,광진구,1121,95.744711228,3.25,4.9500,49,2.5119666667,1,1,56.006214549,53.137443114,12.016781,0,0,2,108.968,50.829309685,164.60183642,12
201203,서울특별시,11,광진구,1121,93.527056141,3.25,5.0000,44,2.484825,1,1,55.775030069,53.178759754,12.391615,453,0,19,107.715,51.405824695,167.23806073,3
201206,서울특별시,11,광진구,1121,93.052732994,3.25,4.7600,43,2.359425,1,1,56.052530813,53.288198585,12.391615,0,0,19,93.732,52.080110853,168.0988424,6
201209,서울특별시,11,광진구,1121,90.487830762,3.00,4.2900,49,2.2327876667,1,1,56.433888287,53.34801545,12.391615,0,0,19,102.411,53.270940687,169.36900072,9
201212,서울특별시,11,광진구,1121,88.171620789,2.75,4.1600,45,2.7206305,1,1,55.183792754,53.394459982,12.391615,0,0,19,100.771,54.810220654,170.93930064,12
201303,서울특별시,11,광진구,1121,89.992547435,2.75,3.9700,83,4.1321239167,1,1,56.098766212,53.434200386,11.605616,0,0,20,101.446,56.153232883,169.77717703,3
201306,서울특별시,11,광진구,1121,89.491075526,2.50,3.7300,76,3.7980282381,1,1,56.326457258,53.485995787,11.605616,0,0,16,86.885,56.726654406,170.9829411,6
201309,서울특별시,11,광진구,1121,90.112813656,2.50,3.8200,70,3.36938,1,1,56.430998835,53.511773765,11.605616,0,0,10,99.614,59.142058043,172.75299191,9
201312,서울특별시,11,광진구,1121,90.771045299,2.50,3.7400,83,4.3850305714,1,1,56.226719287,53.529596904,11.605616,0,0,7,100.675,61.461036445,170.75531388,12
201403,서울특별시,11,광진구,1121,92.632269284,2.50,3.6900,95,5.019415,1,1,56.393215646,53.582267835,11.579631,48,0,6,107.329,63.228155915,171.68830682,3
201406,서울특별시,11,광진구,1121,91.007726218,2.50,3.5800,72,3.7040583333,1,1,56.449758061,53.631921717,11.579631,0,0,16,96.914,63.999129453,171.68830682,6
201409,서울특별시,11,광진구,1121,93.569014338,2.25,3.5000,116,6.225645,1,1,70,63.696996182,11.579631,0,0,8,107.715,64.646119402,179.57457831,9
201412,서울특별시,11,광진구,1121,93.591438872,2.00,3.3300,82,4.5419186667,1,1,70,63.693839689,11.579631,0,0,5,112.44,65.705433586,180.9134017,12
201503,서울특별시,11,광진구,1121,96.997627222,1.75,2.9700,154,8.8757073333,1,1,70,63.746776916,,43,43,0,98.5,67.631557386,266.63883286,3
201506,서울특별시,11,광진구,1121,97.97335252,1.50,3.0100,114,6.42478,1,1,70,63.672078482,,0,0,3,91.6,69.570769984,274.52190625,6
201509,서울특별시,11,광진구,1121,98.286709798,1.50,2.9200,106,6.025477,1,1,70,63.673898686,,0,0,0,110.8,71.808672278,284.97710897,9
201512,서울특별시,11,광진구,1121,100.65155869,1.50,3.1200,77,4.8489925,1,1,70,63.67308636,,28,28,22,117.2,73.424723726,287.68694048,12
201603,서울특별시,11,광진구,1121,99.571415097,1.50,2.9700,103,5.2448369848,1,1,70,63.605538529,11.93686,0,854,9,120.4,74.577835467,292.6149979,3
201606,서울특별시,11,광진구,1121,102.57088668,1.25,2.7700,149,8.691543254,1,1,70,63.615598583,11.93686,0,0,0,96.1,75.069395239,293.71253016,6
201609,서울특별시,11,광진구,1121,105.2126944,1.25,2.8000,129,7.9232766667,1,1,70,63.612273332,11.93686,0,0,0,109.4,74.178229776,301.19151583,9
201612,서울특별시,11,광진구,1121,106.87770812,1.25,3.1300,49,2.9836666667,1,1,70,63.61131715,11.93686,0,0,0,120.4,73.233544849,305.47632673,12
201703,서울특별시,11,광진구,1121,106.17760908,1.25,3.2100,120,7.33177625,1,1,70,63.602880978,11.93686,0,0,0,113.7,73.220091035,306.60869096,3
201706,서울특별시,11,광진구,1121,110.54798095,1.25,3.2200,171,10.752800476,1,1,70,63.611486173,11.93686,0,0,0,98.4,72.379698282,315.17031311,6
201709,서울특별시,11,광진구,1121,114.68145423,1.25,3.2400,116,7.9904392308,1,1,47.413793103,42.586206897,11.93686,0,0,0,129,71.199623675,317.67243623,9
201712,서울특별시,11,광진구,1121,120.93647177,1.50,3.4200,30,1.9806833333,1,1,46.666666667,43.333333333,11.93686,0,0,0,111.5,70.058967027,319.56180264,12
200603,서울특별시,11,동대문구,1123,78.080179095,4.00,5.4600,162,4.1292439048,1,1,64.529486945,100,7.440038,0,0,0,109.907,48.372,104.381241,3
200606,서울특별시,11,동대문구,1123,73.523981397,4.25,5.4800,103,2.699545,1,1,64.510468654,100,7.440038,658,0,0,99.469,47.454,107.564252,6
200609,서울특별시,11,동대문구,1123,77.438605929,4.50,5.7700,192,4.9614763921,1,1,64.651042606,100,7.440038,41,0,0,123.203,47.67,110.66641,9
200612,서울특별시,11,동대문구,1123,83.588640121,4.50,5.8800,186,4.9884655,1,1,51.134513785,100,7.440038,0,0,0,128.718,43.811,101.84374245,12
200703,서울특별시,11,동대문구,1123,83.734088827,4.50,6.2000,168,4.4989217417,1,1,51.430281916,48.373056883,7.995495,0,0,0,110.893,42.987,107.877226,3
200706,서울특별시,11,동대문구,1123,87.270150598,4.50,6.1300,107,3.2165564286,1,1,51.709876429,47.646114772,7.995495,275,67,0,102.227,43.14,110.307341,6
200709,서울특별시,11,동대문구,1123,90.636545993,5.00,6.5200,118,3.4877948333,1,1,52.248479991,47.506364785,7.995495,16,0,0,108.332,42.811,112.626114,9
200712,서울특별시,11,동대문구,1123,90.169950465,5.00,6.8500,125,3.7887898333,1,1,52.177483554,47.856920712,7.995495,0,0,0,113.158,42.165,116.409487,12
200803,서울특별시,11,동대문구,1123,95.392803099,5.00,6.7000,213,6.8553027778,1,1,52.545729819,47.088034801,9.709303,48,157,0,113.158,41.163,118.919127,3
200806,서울특별시,11,동대문구,1123,102.65788314,5.00,6.7700,131,4.6302563889,1,1,52.514618288,45.601286345,9.709303,0,0,0,91.984,39.312,124.125424,6
200809,서울특별시,11,동대문구,1123,84.652562874,5.25,7.2500,26,0.8949,1,1,52.430264548,47.040203467,9.709303,107,0,0,113.355,38.94,128.216878,9
200812,서울특별시,11,동대문구,1123,89.636101673,3.00,6.8100,13,0.4244833333,1,1,61.760953925,100,9.709303,959,0,0,94.249,38.67,129.852736,12
200903,서울특별시,11,동대문구,1123,101.60374527,2.00,5.4300,45,1.6378003333,1,1,61.718987772,100,10.096756,433,0,27,88.832,38.61226547,130.541711,3
200906,서울특별시,11,동대문구,1123,95.675140086,2.00,5.2500,70,2.3837066667,1,1,61.713666856,100,10.096756,72,0,24,85.09,38.886481048,132.995958,6
200909,서울특별시,11,동대문구,1123,104.42762316,2.00,5.7700,85,3.1530741667,1,1,56.286547204,61.180411425,10.096756,0,0,60,101.241,39.73417782,136.885476,9
200912,서울특별시,11,동대문구,1123,97.236108215,2.00,5.9000,89,3.0283625,1,1,56.305022012,53.222873526,10.096756,0,0,60,104.097,40.563106195,139.556317,12
201003,서울특별시,11,동대문구,1123,100.99308874,2.00,5.4700,95,3.3898866667,1,1,56.323571945,53.169495222,10.446629,0,725,60,95.757,41.29149696,140.959729,3
201006,서울특별시,11,동대문구,1123,98.367013582,2.00,4.6200,49,1.6300666667,1,1,56.393269753,53.334921952,10.446629,0,0,112,97.3,42.057047881,147.444443,6
201009,서울특별시,11,동대문구,1123,99.29418422,2.25,4.8000,53,1.918975,1,1,56.53477351,100,10.446629,0,0,112,100.096,42.968426109,149.638557,9
201012,서울특별시,11,동대문구,1123,97.710735355,2.50,4.6700,93,3.298875,1,1,56.505202923,100,10.446629,1164,0,105,107.329,44.371215491,152.647694,12
201103,서울특별시,11,동대문구,1123,99.848177328,3.00,4.8900,131,4.5583240833,1,1,56.537320546,100,10.757686,157,336,101,104.918,46.39717639,157.61353872,3
201106,서울특별시,11,동대문구,1123,98.975942854,3.25,4.8700,91,3.3047818333,1,1,56.572498232,53.038152801,10.757686,116,0,76,89.103,47.409686468,160.14337943,6
201109,서울특별시,11,동대문구,1123,100.59397641,3.25,5.0000,96,3.5547641667,1,1,56.526774901,53.065856775,10.757686,0,0,72,106.268,49.947337842,162.5033919,9
201112,서울특별시,11,동대문구,1123,97.614245292,3.25,4.9500,72,2.517911,1,1,56.814681358,53.137443114,10.757686,451,2652,72,108.968,50.829309685,164.60183642,12
201203,서울특별시,11,동대문구,1123,97.267691032,3.25,5.0000,105,3.51665,1,1,56.962353039,53.178759754,11.627981,0,0,72,107.715,51.405824695,167.23806073,3
201206,서울특별시,11,동대문구,1123,96.453388554,3.25,4.7600,75,2.4460156667,1,1,57.012427729,53.288198585,11.627981,0,0,31,93.732,52.080110853,168.0988424,6
201209,서울특별시,11,동대문구,1123,93.891345613,3.00,4.2900,86,2.9016981667,1,1,57.142834119,53.34801545,11.627981,0,0,26,102.411,53.270940687,169.56891325,9
201212,서울특별시,11,동대문구,1123,91.280968943,2.75,4.1600,66,2.3760951667,1,1,57.110508098,53.394459982,11.627981,0,0,26,100.771,54.810220654,170.93930064,12
201303,서울특별시,11,동대문구,1123,92.079913946,2.75,3.9700,108,3.5565898571,1,1,57.204733566,53.434200386,11.441665,0,0,26,101.446,56.153232883,169.77717703,3
201306,서울특별시,11,동대문구,1123,91.924255109,2.50,3.7300,110,3.5615478571,1,1,57.332379425,53.485995787,11.441665,0,0,4,86.885,56.726654406,170.10341347,6
201309,서울특별시,11,동대문구,1123,93.52596834,2.50,3.8200,129,4.3113031061,1,1,57.383585618,53.511773765,11.441665,0,0,4,99.614,59.142058043,172.03377341,9
201312,서울특별시,11,동대문구,1123,94.058213519,2.50,3.7400,122,4.1515602778,1,1,57.406913591,53.529596904,11.441665,132,0,2,100.675,61.461036445,170.75531388,12
201403,서울특별시,11,동대문구,1123,95.929619504,2.50,3.6900,181,6.4645975397,1,1,57.468400929,53.582267835,12.086026,0,0,0,107.329,63.228155915,171.68830682,3
201406,서울특별시,11,동대문구,1123,95.821636988,2.50,3.5800,120,4.1365433333,1,1,57.559724377,53.631921717,12.086026,0,0,11,96.914,63.999129453,171.68830682,6
201409,서울특별시,11,동대문구,1123,97.194750063,2.25,3.5000,178,6.1386061499,1,1,70,63.696996182,12.086026,0,0,0,107.715,64.646119402,176.63674073,9
201412,서울특별시,11,동대문구,1123,96.997961685,2.00,3.3300,127,4.5536991667,1,1,70,63.693839689,12.086026,0,0,0,112.44,65.705433586,180.9134017,12
201503,서울특별시,11,동대문구,1123,100.07454517,1.75,2.9700,229,8.2605798874,1,1,70,63.746776916,,0,0,0,98.5,67.631557386,266.63883286,3
201506,서울특별시,11,동대문구,1123,102.76981403,1.50,3.0100,191,6.9849522937,1,1,70,63.672078482,,0,0,0,91.6,69.570769984,271.7657338,6
201509,서울특별시,11,동대문구,1123,105.88315836,1.50,2.9200,187,7.2650371786,1,1,70,63.673898686,,0,1348,0,110.8,71.808672278,284.97710897,9
201512,서울특별시,11,동대문구,1123,105.83494568,1.50,3.1200,108,4.5586306667,1,1,70,63.67308636,,0,999,0,117.2,73.424723726,287.68694048,12
201603,서울특별시,11,동대문구,1123,106.55511524,1.50,2.9700,181,7.2903490952,1,1,70,63.605538529,12.398735,0,36,64,120.4,74.577835467,285.20501337,3
201606,서울특별시,11,동대문구,1123,108.02165081,1.25,2.7700,213,8.2671580649,1,1,70,63.615598583,12.398735,0,802,0,96.1,75.069395239,296.04091152,6
201609,서울특별시,11,동대문구,1123,111.20685618,1.25,2.8000,180,7.5109631995,1,1,70,63.612273332,12.398735,0,0,0,109.4,74.178229776,301.19151583,9
201612,서울특별시,11,동대문구,1123,113.36058036,1.25,3.1300,67,2.77155,1,1,70,63.61131715,12.398735,0,0,0,120.4,73.233544849,305.47632673,12
201703,서울특별시,11,동대문구,1123,113.13690058,1.25,3.2100,172,7.1450602381,1,1,70,63.602880978,12.398735,0,0,0,113.7,73.220091035,306.60869096,3
201706,서울특별시,11,동대문구,1123,116.39147605,1.25,3.2200,198,8.5851954804,1,1,70,63.611486173,12.398735,0,0,0,98.4,72.379698282,312.60006936,6
201709,서울특별시,11,동대문구,1123,119.17886667,1.25,3.2400,160,6.6390333333,1,1,42.1875,47.8125,12.398735,0,299,0,129,71.199623675,316.45983742,9
201712,서울특별시,11,동대문구,1123,120.33262236,1.50,3.4200,53,2.495125,1,1,44.339622642,45.660377358,12.398735,0,0,0,111.5,70.058967027,319.56180264,12
200603,서울특별시,11,중랑구,1126,68.08706092,4.00,5.4600,162,3.0997260714,1,1,64.529486945,100,5.450059,0,264,0,109.907,48.372,104.381241,3
200606,서울특별시,11,중랑구,1126,81.625861082,4.25,5.4800,118,2.4747816667,1,1,64.510468654,100,5.450059,165,0,0,99.469,47.454,107.564252,6
200609,서울특별시,11,중랑구,1126,65.61805676,4.50,5.7700,177,3.555003961,1,1,64.651042606,100,5.450059,0,199,0,123.203,47.67,110.66641,9
200612,서울특별시,11,중랑구,1126,67.032302208,4.50,5.8800,175,3.7554513687,1,1,51.07833954,99.657142857,5.450059,0,0,0,128.718,43.811,101.84374245,12
200703,서울특별시,11,중랑구,1126,75.933568529,4.50,6.2000,140,2.9237606111,1,1,51.478879674,51.214555659,6.855805,199,0,0,110.893,42.987,107.877226,3
200706,서울특별시,11,중랑구,1126,78.083948455,4.50,6.1300,116,2.5765091905,1,1,51.815235407,50.756469088,6.855805,0,141,0,102.227,43.14,110.307341,6
200709,서울특별시,11,중랑구,1126,93.391629739,5.00,6.5200,119,3.0334620833,1,1,52.068033502,49.631650109,6.855805,0,0,0,108.332,42.811,112.626114,9
200712,서울특별시,11,중랑구,1126,84.008451257,5.00,6.8500,110,2.7339575,1,1,52.350108307,50.124378394,6.855805,111,0,0,113.158,42.165,116.409487,12
200803,서울특별시,11,중랑구,1126,90.006893756,5.00,6.7000,245,6.826133732,1,1,52.611535221,49.32600788,7.620491,0,80,0,113.158,41.163,118.919127,3
200806,서울특별시,11,중랑구,1126,100.64278232,5.00,6.7700,118,3.9366566667,1,1,52.674690819,46.550042216,7.620491,18,0,0,91.984,39.312,124.125424,6
200809,서울특별시,11,중랑구,1126,101.55546494,5.25,7.2500,32,0.9043,1,1,52.857466762,48.639468405,7.620491,31,0,0,113.355,38.94,128.216878,9
200812,서울특별시,11,중랑구,1126,89.729868747,3.00,6.8100,17,0.4618,1,1,61.760953925,100,7.620491,0,0,0,94.249,38.67,129.852736,12
200903,서울특별시,11,중랑구,1126,85.913863705,2.00,5.4300,67,2.0215083333,1,1,61.718987772,100,7.96423,141,0,0,88.832,38.61226547,130.541711,3
200906,서울특별시,11,중랑구,1126,95.925268901,2.00,5.2500,114,3.3267466905,1,1,61.713666856,100,7.96423,0,0,0,85.09,38.886481048,132.995958,6
200909,서울특별시,11,중랑구,1126,97.968427149,2.00,5.7700,145,4.6169391667,1,1,56.267762423,61.180411425,7.96423,0,1326,0,101.241,39.73417782,136.885476,9
200912,서울특별시,11,중랑구,1126,96.278999038,2.00,5.9000,58,1.753225,1,1,56.329048757,53.419037264,7.96423,0,878,0,104.097,40.563106195,139.556317,12
201003,서울특별시,11,중랑구,1126,99.881844531,2.00,5.4700,106,3.2343343333,1,1,56.419922208,53.345952668,8.480192,0,0,0,95.757,41.29149696,140.959729,3
201006,서울특별시,11,중랑구,1126,97.575945062,2.00,4.6200,50,1.4495444167,1,1,56.302278011,53.43688889,8.480192,18,0,0,97.3,42.057047881,147.444443,6
201009,서울특별시,11,중랑구,1126,97.196363142,2.25,4.8000,51,1.5166276667,1,1,56.53477351,100,8.480192,0,0,140,100.096,42.968426109,149.638557,9
201012,서울특별시,11,중랑구,1126,96.132435106,2.50,4.6700,94,2.7718595833,1,1,56.605993,100,8.480192,411,0,108,107.329,44.371215491,152.647694,12
201103,서울특별시,11,중랑구,1126,98.391390185,3.00,4.8900,131,4.1066445,1,1,56.573335578,100,8.499358,0,0,92,104.918,46.39717639,157.61353872,3
201106,서울특별시,11,중랑구,1126,97.270241128,3.25,4.8700,87,2.5326191667,1,1,56.673852529,53.038152801,8.499358,0,0,78,89.103,47.409686468,160.14337943,6
201109,서울특별시,11,중랑구,1126,98.2204716,3.25,5.0000,99,2.865175,1,1,56.772146174,53.065856775,8.499358,0,0,129,106.268,49.947337842,162.5033919,9
201112,서울특별시,11,중랑구,1126,95.242111295,3.25,4.9500,81,2.563744381,1,1,56.704456334,53.137443114,8.499358,0,0,119,108.968,50.829309685,164.60183642,12
201203,서울특별시,11,중랑구,1126,94.217170939,3.25,5.0000,122,3.6261375,1,1,56.962353039,53.178759754,8.905431,0,0,81,107.715,51.405824695,167.23806073,3
201206,서울특별시,11,중랑구,1126,94.084719812,3.25,4.7600,77,2.1129828333,1,1,57.077737171,53.288198585,8.905431,0,0,73,93.732,52.080110853,168.5365483,6
201209,서울특별시,11,중랑구,1126,91.875904346,3.00,4.2900,67,1.8871183333,1,1,57.142834119,53.34801545,8.905431,0,0,76,102.411,53.270940687,169.56891325,9
201212,서울특별시,11,중랑구,1126,89.831454857,2.75,4.1600,78,2.1252996667,1,1,57.186363032,53.394459982,8.905431,118,0,69,100.771,54.810220654,170.93930064,12
201303,서울특별시,11,중랑구,1126,90.565738561,2.75,3.9700,101,2.8668871429,1,1,57.251353825,53.434200386,8.757612,0,0,55,101.446,56.153232883,169.34191893,3
201306,서울특별시,11,중랑구,1126,90.619573395,2.50,3.7300,106,2.8761758333,1,1,57.332379425,53.485995787,8.757612,0,0,43,86.885,56.726654406,170.54034361,6
201309,서울특별시,11,중랑구,1126,92.366346893,2.50,3.8200,145,4.1045835,1,1,57.383585618,53.511773765,8.757612,0,0,43,99.614,59.142058043,171.30661788,9
201312,서울특별시,11,중랑구,1126,91.870574821,2.50,3.7400,100,2.7779811903,1,1,57.406913591,53.529596904,8.757612,1896,0,89,100.675,61.461036445,170.75531388,12
201403,서울특별시,11,중랑구,1126,93.839114177,2.50,3.6900,173,4.852346,1,1,57.46706097,53.582267835,9.409243,0,1402,68,107.329,63.228155915,171.18644986,3
201406,서울특별시,11,중랑구,1126,91.809079956,2.50,3.5800,102,2.9404573171,1,1,57.559724377,53.631921717,9.409243,1402,0,42,96.914,63.999129453,171.68830682,6
201409,서울특별시,11,중랑구,1126,94.393187542,2.25,3.5000,164,5.0907514678,1,1,70,63.696996182,9.409243,0,0,42,107.715,64.646119402,179.57457831,9
201412,서울특별시,11,중랑구,1126,93.985180064,2.00,3.3300,123,4.0154611429,1,1,70,63.693839689,9.409243,0,0,3,112.44,65.705433586,180.9134017,12
201503,서울특별시,11,중랑구,1126,95.709004025,1.75,2.9700,242,7.2652504271,1,1,70,63.746776916,,265,0,0,98.5,67.631557386,266.63883286,3
201506,서울특별시,11,중랑구,1126,100.05224555,1.50,3.0100,177,5.4811752381,1,1,70,63.672078482,,0,0,0,91.6,69.570769984,274.52190625,6
201509,서울특별시,11,중랑구,1126,102.78388938,1.50,2.9200,155,5.0277894524,1,1,70,63.673898686,,26,0,11,110.8,71.808672278,284.97710897,9
201512,서울특별시,11,중랑구,1126,101.13057107,1.50,3.1200,97,3.0971761905,1,1,70,63.67308636,,0,0,0,117.2,73.424723726,287.68694048,12
201603,서울특별시,11,중랑구,1126,103.17878979,1.50,2.9700,177,5.6520808333,1,1,70,63.605538529,9.866969,0,0,0,120.4,74.577835467,287.07989545,3
201606,서울특별시,11,중랑구,1126,104.24151632,1.25,2.7700,188,6.46064425,1,1,70,63.615598583,9.866969,0,0,0,96.1,75.069395239,293.71253016,6
201609,서울특별시,11,중랑구,1126,106.55016684,1.25,2.8000,165,5.6219503571,1,1,70,63.612273332,9.866969,0,0,0,109.4,74.178229776,298.62473014,9
201612,서울특별시,11,중랑구,1126,106.36200045,1.25,3.1300,65,2.134,1,1,70,63.61131715,9.866969,0,0,0,120.4,73.233544849,305.47632673,12
201703,서울특별시,11,중랑구,1126,108.25317673,1.25,3.2100,147,4.912034881,1,1,70,63.602880978,9.866969,0,50,0,113.7,73.220091035,306.60869096,3
201706,서울특별시,11,중랑구,1126,110.00456552,1.25,3.2200,193,7.0090645833,1,1,70,63.611486173,9.866969,0,114,0,98.4,72.379698282,312.60006936,6
201709,서울특별시,11,중랑구,1126,111.8718585,1.25,3.2400,145,5.174087381,1,1,40.896551724,49.103448276,9.866969,0,453,0,129,71.199623675,319.1024339,9
201712,서울특별시,11,중랑구,1126,110.02205414,1.50,3.4200,36,1.2990166667,1,1,41.388888889,48.611111111,9.866969,0,0,0,111.5,70.058967027,319.56180264,12
200603,서울특별시,11,성북구,1129,60.038092054,4.00,5.4600,144,3.5152723683,1,1,64.529486945,100,8.705281,339,254,0,109.907,48.372,104.381241,3
200606,서울특별시,11,성북구,1129,59.005694394,4.25,5.4800,121,3.025815303,1,1,64.510468654,100,8.705281,1676,0,0,99.469,47.454,107.564252,6
200609,서울특별시,11,성북구,1129,70.345703268,4.50,5.7700,194,5.1633877612,1,1,64.651042606,100,8.705281,68,608,0,123.203,47.67,110.66641,9
200612,서울특별시,11,성북구,1129,73.703431365,4.50,5.8800,151,3.8891593849,1,1,51.134513785,100,8.705281,0,0,404,128.718,43.811,101.84374245,12
200703,서울특별시,11,성북구,1129,76.625355454,4.50,6.2000,139,3.4662733325,1,1,51.478355238,49.663011022,11.344105,0,1000,404,110.893,42.987,107.877226,3
200706,서울특별시,11,성북구,1129,77.465775097,4.50,6.1300,104,2.9266075,1,1,51.905422692,48.308239386,11.344105,0,0,404,102.227,43.14,110.307341,6
200709,서울특별시,11,성북구,1129,79.205475164,5.00,6.5200,102,2.9116363095,1,1,52.14321954,48.543136244,11.344105,0,0,404,108.332,42.811,112.626114,9
200712,서울특별시,11,성북구,1129,78.272199202,5.00,6.8500,117,3.6440958333,1,1,52.073466074,47.48917198,11.344105,90,38,0,113.158,42.165,116.409487,12
200803,서울특별시,11,성북구,1129,86.644642492,5.00,6.7000,183,6.020987451,1,1,52.337881945,47.05588156,12.908658,522,0,0,113.158,41.163,118.919127,3
200806,서울특별시,11,성북구,1129,95.978181897,5.00,6.7700,141,5.2208869084,1,1,52.375250365,45.346452992,12.908658,0,198,0,91.984,39.312,124.125424,6
200809,서울특별시,11,성북구,1129,94.512988533,5.25,7.2500,60,2.0225866667,1,1,52.487224843,46.598651272,12.908658,0,449,47,113.355,38.94,128.216878,9
200812,서울특별시,11,성북구,1129,78.643868773,3.00,6.8100,35,1.294005,1,1,61.760953925,100,12.908658,644,192,213,94.249,38.67,129.852736,12
200903,서울특별시,11,성북구,1129,84.077750878,2.00,5.4300,109,3.7803768095,1,1,61.718987772,100,13.747682,0,0,211,88.832,38.61226547,130.541711,3
200906,서울특별시,11,성북구,1129,99.528385125,2.00,5.2500,145,5.2979805119,1,1,61.713666856,100,13.747682,1187,0,156,85.09,38.886481048,132.995958,6
200909,서울특별시,11,성북구,1129,93.694116473,2.00,5.7700,155,5.572020119,1,1,56.246129628,61.180411425,13.747682,0,0,142,101.241,39.73417782,136.885476,9
200912,서울특별시,11,성북구,1129,100.78116706,2.00,5.9000,99,3.4768791667,1,1,56.129850592,53.194966303,13.747682,0,0,113,104.097,40.563106195,139.556317,12
201003,서울특별시,11,성북구,1129,96.61507716,2.00,5.4700,129,4.73081,1,1,56.136099728,53.166261389,14.624343,120,0,113,95.757,41.29149696,140.959729,3
201006,서울특별시,11,성북구,1129,90.593525159,2.00,4.6200,65,2.162575,1,1,56.488052818,53.285139627,14.624343,1673,0,121,97.3,42.057047881,147.444443,6
201009,서울특별시,11,성북구,1129,89.701454826,2.25,4.8000,97,3.3274233333,1,1,56.486824146,100,14.624343,1254,0,122,100.096,42.968426109,149.638557,9
201012,서울특별시,11,성북구,1129,92.518669755,2.50,4.6700,145,5.1659248452,1,1,56.41205899,100,14.624343,18,0,115,107.329,44.371215491,152.647694,12
201103,서울특별시,11,성북구,1129,95.07701011,3.00,4.8900,171,6.3912186064,1,1,56.488247431,100,15.496441,0,0,115,104.918,46.39717639,157.61353872,3
201106,서울특별시,11,성북구,1129,93.195292647,3.25,4.8700,125,4.5556166667,1,1,56.426018617,53.038152801,15.496441,198,430,115,89.103,47.409686468,160.14337943,6
201109,서울특별시,11,성북구,1129,94.149576663,3.25,5.0000,136,5.1346254048,1,1,56.564302272,53.065856775,15.496441,0,0,115,106.268,49.947337842,162.5033919,9
201112,서울특별시,11,성북구,1129,92.387220802,3.25,4.9500,107,3.8365858333,1,1,56.613803978,53.137443114,15.496441,0,0,124,108.968,50.829309685,164.60183642,12
201203,서울특별시,11,성북구,1129,92.257450991,3.25,5.0000,125,4.3707683333,1,1,56.886364369,53.178759754,17.043273,0,0,204,107.715,51.405824695,167.23806073,3
201206,서울특별시,11,성북구,1129,89.564538255,3.25,4.7600,106,3.5952278333,1,1,56.985318149,53.288198585,17.043273,0,0,204,93.732,52.080110853,169.04866903,6
201209,서울특별시,11,성북구,1129,87.744488116,3.00,4.2900,101,3.3703073333,1,1,57.093699259,53.34801545,17.043273,0,0,204,102.411,53.270940687,169.56891325,9
201212,서울특별시,11,성북구,1129,86.031178608,2.75,4.1600,110,3.82943725,1,1,57.04982415,53.394459982,17.043273,0,0,292,100.771,54.810220654,170.93930064,12
201303,서울특별시,11,성북구,1129,87.290276254,2.75,3.9700,167,5.4637285417,1,1,57.160904939,53.434200386,16.919492,0,0,268,101.446,56.153232883,169.02103904,3
201306,서울특별시,11,성북구,1129,86.677760757,2.50,3.7300,166,5.600373119,1,1,57.301676579,53.485995787,16.919492,0,0,204,86.885,56.726654406,170.9829411,6
201309,서울특별시,11,성북구,1129,88.05233091,2.50,3.8200,212,7.3549426317,1,1,57.311000994,53.511773765,16.919492,0,0,172,99.614,59.142058043,172.03377341,9
201312,서울특별시,11,성북구,1129,87.875454183,2.50,3.7400,173,6.3862411429,1,1,57.257908225,53.529596904,16.919492,440,0,82,100.675,61.461036445,170.75531388,12
201403,서울특별시,11,성북구,1129,89.030092204,2.50,3.6900,209,7.536194246,1,1,57.321715432,53.582267835,16.673466,0,629,77,107.329,63.228155915,171.68830682,3
201406,서울특별시,11,성북구,1129,89.843741302,2.50,3.5800,166,5.8511679762,1,1,57.367151907,53.631921717,16.673466,0,0,191,96.914,63.999129453,174.43916963,6
201409,서울특별시,11,성북구,1129,90.66249359,2.25,3.5000,199,7.2232357532,1,1,70,63.696996182,16.673466,0,0,133,107.715,64.646119402,178.23760677,9
201412,서울특별시,11,성북구,1129,90.871924958,2.00,3.3300,163,6.2169725,1,1,70,63.693839689,16.673466,0,0,86,112.44,65.705433586,180.9134017,12
201503,서울특별시,11,성북구,1129,92.64413148,1.75,2.9700,285,10.797593525,1,1,70,63.746776916,,0,0,97,98.5,67.631557386,264.26647725,3
201506,서울특별시,11,성북구,1129,94.858868781,1.50,3.0100,244,9.5244795707,1,1,70,63.672078482,,0,0,0,91.6,69.570769984,277.01958529,6
201509,서울특별시,11,성북구,1129,98.011800665,1.50,2.9200,213,8.7157379365,1,1,70,63.673898686,,0,0,0,110.8,71.808672278,284.97710897,9
201512,서울특별시,11,성북구,1129,99.291182047,1.50,3.1200,122,5.087445,1,1,70,63.67308636,,0,0,0,117.2,73.424723726,287.68694048,12
201603,서울특별시,11,성북구,1129,98.675584509,1.50,2.9700,187,7.4304312619,1,1,70,63.605538529,17.149447,0,0,0,120.4,74.577835467,292.6149979,3
201606,서울특별시,11,성북구,1129,99.713159043,1.25,2.7700,248,10.338303576,1,1,70,63.615598583,17.149447,0,0,0,96.1,75.069395239,293.71253016,6
201609,서울특별시,11,성북구,1129,103.71086147,1.25,2.8000,258,11.031312333,1,1,70,63.612273332,17.149447,0,0,0,109.4,74.178229776,301.19151583,9
201612,서울특별시,11,성북구,1129,104.75553398,1.25,3.1300,92,4.0826655,1,1,70,63.61131715,17.149447,1186,0,0,120.4,73.233544849,305.47632673,12
201703,서울특별시,11,성북구,1129,104.98261619,1.25,3.2100,199,8.71055875,1,1,70,63.602880978,17.149447,0,0,35,113.7,73.220091035,308.50237967,3
201706,서울특별시,11,성북구,1129,106.10211636,1.25,3.2200,239,10.619728818,1,1,70,63.611486173,17.149447,0,0,14,98.4,72.379698282,310.3304538,6
201709,서울특별시,11,성북구,1129,108.41209487,1.25,3.2400,203,9.0779255119,1,1,42.709359606,47.290640394,17.149447,513,0,6,129,71.199623675,319.1024339,9
201712,서울특별시,11,성북구,1129,107.66992253,1.50,3.4200,70,3.1634791667,1,1,43.714285714,46.285714286,17.149447,0,0,0,111.5,70.058967027,319.56180264,12
200603,서울특별시,11,강북구,1130,60.886389508,4.00,5.4600,78,1.4989018333,1,1,64.529486945,100,3.267983,117,0,0,109.907,48.372,104.381241,3
200606,서울특별시,11,강북구,1130,63.633444733,4.25,5.4800,61,1.1753844853,1,1,64.510468654,100,3.267983,0,0,0,99.469,47.454,107.564252,6
200609,서울특별시,11,강북구,1130,65.482765864,4.50,5.7700,102,1.9892829979,1,1,64.651042606,100,3.267983,0,0,8,123.203,47.67,110.66641,9
200612,서울특별시,11,강북구,1130,77.268138685,4.50,5.8800,84,1.7700166667,1,1,51.134513785,100,3.267983,0,0,8,128.718,43.811,101.84374245,12
200703,서울특별시,11,강북구,1130,90.314350875,4.50,6.2000,94,2.0502092045,1,1,51.551776311,50.770849796,3.961114,0,0,0,110.893,42.987,107.877226,3
200706,서울특별시,11,강북구,1130,86.908429225,4.50,6.1300,60,1.3807091667,1,1,51.905422692,50.035159206,3.961114,0,291,0,102.227,43.14,110.307341,6
200709,서울특별시,11,강북구,1130,74.678695781,5.00,6.5200,59,1.4265966667,1,1,52.248479991,50.191890591,3.961114,266,0,0,108.332,42.811,112.626114,9
200712,서울특별시,11,강북구,1130,87.867443427,5.00,6.8500,48,1.3152297619,1,1,52.350108307,48.925777218,3.961114,0,0,0,113.158,42.165,116.409487,12
200803,서울특별시,11,강북구,1130,103.28779087,5.00,6.7000,73,2.1000056667,1,1,52.702257231,48.777226365,4.825317,0,0,0,113.158,41.163,118.919127,3
200806,서울특별시,11,강북구,1130,98.162528267,5.00,6.7700,57,1.9071844444,1,1,52.768724458,46.312571392,4.825317,0,0,0,91.984,39.312,124.125424,6
200809,서울특별시,11,강북구,1130,98.412268476,5.25,7.2500,24,0.822025,1,1,52.857466762,46.043095717,4.825317,0,0,0,113.355,38.94,128.216878,9
200812,서울특별시,11,강북구,1130,81.355925442,3.00,6.8100,6,0.1863,1,1,61.760953925,100,4.825317,0,1370,14,94.249,38.67,129.852736,12
200903,서울특별시,11,강북구,1130,91.841050314,2.00,5.4300,34,1.0360994444,1,1,61.718987772,100,5.031169,0,0,0,88.832,38.61226547,130.541711,3
200906,서울특별시,11,강북구,1130,87.607594027,2.00,5.2500,50,1.4552200204,1,1,61.713666856,100,5.031169,0,0,0,85.09,38.886481048,132.995958,6
200909,서울특별시,11,강북구,1130,101.55138405,2.00,5.7700,66,2.2152901905,1,1,56.325340621,61.180411425,5.031169,0,0,0,101.241,39.73417782,136.885476,9
200912,서울특별시,11,강북구,1130,101.04848093,2.00,5.9000,29,0.8828880952,1,1,56.408248027,53.32517397,5.031169,0,0,0,104.097,40.563106195,139.556317,12
201003,서울특별시,11,강북구,1130,97.234776684,2.00,5.4700,33,1.039245,1,1,56.419922208,53.361761284,5.850363,0,0,0,95.757,41.29149696,140.959729,3
201006,서울특별시,11,강북구,1130,94.832642958,2.00,4.6200,22,0.64435,1,1,56.488052818,53.446945341,5.850363,0,0,0,97.3,42.057047881,147.444443,6
201009,서울특별시,11,강북구,1130,93.754841669,2.25,4.8000,31,0.9185873571,1,1,56.53477351,100,5.850363,376,0,0,100.096,42.968426109,149.638557,9
201012,서울특별시,11,강북구,1130,93.856661479,2.50,4.6700,47,1.45979625,1,1,56.506275158,100,5.850363,0,0,0,107.329,44.371215491,152.647694,12
201103,서울특별시,11,강북구,1130,96.509558746,3.00,4.8900,70,2.0969,1,1,56.681380675,100,5.752944,0,0,0,104.918,46.39717639,157.61353872,3
201106,서울특별시,11,강북구,1130,94.307741927,3.25,4.8700,51,1.6204452381,1,1,56.728106888,53.038152801,5.752944,0,0,0,89.103,47.409686468,160.14337943,6
201109,서울특별시,11,강북구,1130,95.278248695,3.25,5.0000,62,1.7931760606,1,1,56.772146174,53.065856775,5.752944,0,0,65,106.268,49.947337842,162.5033919,9
201112,서울특별시,11,강북구,1130,92.716819857,3.25,4.9500,41,1.2380928571,1,1,56.880816372,53.137443114,5.752944,0,0,74,108.968,50.829309685,164.60183642,12
201203,서울특별시,11,강북구,1130,92.846885065,3.25,5.0000,49,1.462955,1,1,56.962353039,53.178759754,6.292816,0,0,71,107.715,51.405824695,167.23806073,3
201206,서울특별시,11,강북구,1130,91.842951466,3.25,4.7600,41,1.2222388889,1,1,57.077737171,53.288198585,6.292816,0,0,68,93.732,52.080110853,168.5365483,6
201209,서울특별시,11,강북구,1130,88.238294212,3.00,4.2900,46,1.3283904762,1,1,57.142834119,53.34801545,6.292816,0,0,68,102.411,53.270940687,170.30362485,9
201212,서울특별시,11,강북구,1130,88.526540874,2.75,4.1600,37,1.130775,1,1,57.186363032,53.394459982,6.292816,0,0,64,100.771,54.810220654,170.93930064,12
201303,서울특별시,11,강북구,1130,90.115171989,2.75,3.9700,57,1.6622169444,1,1,57.251353825,53.434200386,6.111069,0,0,63,101.446,56.153232883,169.34191893,3
201306,서울특별시,11,강북구,1130,87.294187088,2.50,3.7300,54,1.6239983333,1,1,57.332379425,53.485995787,6.111069,0,0,62,86.885,56.726654406,170.10341347,6
201309,서울특별시,11,강북구,1130,91.521174013,2.50,3.8200,70,2.2083422835,1,1,57.383585618,53.511773765,6.111069,71,0,62,99.614,59.142058043,171.30661788,9
201312,서울특별시,11,강북구,1130,90.640506482,2.50,3.7400,54,1.6619658095,1,1,57.406913591,53.529596904,6.111069,0,0,62,100.675,61.461036445,170.75531388,12
201403,서울특별시,11,강북구,1130,92.758358454,2.50,3.6900,89,2.7496347222,1,1,57.497377554,53.582267835,6.119401,0,0,48,107.329,63.228155915,171.68830682,3
201406,서울특별시,11,강북구,1130,92.261290763,2.50,3.5800,66,2.0376991667,1,1,57.559724377,53.631921717,6.119401,0,0,47,96.914,63.999129453,174.43916963,6
201409,서울특별시,11,강북구,1130,93.672075382,2.25,3.5000,71,2.1484817424,1,1,70,63.696996182,6.119401,0,0,18,107.715,64.646119402,176.63674073,9
201412,서울특별시,11,강북구,1130,94.034810446,2.00,3.3300,62,1.9043033333,1,1,70,63.693839689,6.119401,0,0,3,112.44,65.705433586,180.9134017,12
201503,서울특별시,11,강북구,1130,95.200331478,1.75,2.9700,117,3.6723211415,1,1,70,63.746776916,,0,0,2,98.5,67.631557386,266.63883286,3
201506,서울특별시,11,강북구,1130,98.700147148,1.50,3.0100,97,3.1550352381,1,1,70,63.672078482,,53,0,1,91.6,69.570769984,277.01958529,6
201509,서울특별시,11,강북구,1130,101.75100684,1.50,2.9200,94,3.0306932851,1,1,70,63.673898686,,0,0,0,110.8,71.808672278,284.97710897,9
201512,서울특별시,11,강북구,1130,102.05898683,1.50,3.1200,41,1.4542291667,1,1,70,63.67308636,,0,0,0,117.2,73.424723726,287.68694048,12
201603,서울특별시,11,강북구,1130,101.61546481,1.50,2.9700,95,3.0879085119,1,1,70,63.605538529,6.218454,0,0,0,120.4,74.577835467,287.07989545,3
201606,서울특별시,11,강북구,1130,105.33381095,1.25,2.7700,99,3.3361047835,1,1,70,63.615598583,6.218454,0,0,0,96.1,75.069395239,293.71253016,6
201609,서울특별시,11,강북구,1130,106.51276781,1.25,2.8000,86,3.1222619105,1,1,70,63.612273332,6.218454,0,0,0,109.4,74.178229776,301.19151583,9
201612,서울특별시,11,강북구,1130,105.86029796,1.25,3.1300,25,0.86345,1,1,70,63.61131715,6.218454,0,0,0,120.4,73.233544849,305.47632673,12
201703,서울특별시,11,강북구,1130,107.05350978,1.25,3.2100,65,2.2974052381,1,1,70,63.602880978,6.218454,0,35,0,113.7,73.220091035,308.50237967,3
201706,서울특별시,11,강북구,1130,109.85247857,1.25,3.2200,87,3.3760392857,1,1,70,63.611486173,6.218454,35,0,0,98.4,72.379698282,315.17031311,6
201709,서울특별시,11,강북구,1130,111.28949233,1.25,3.2400,69,2.6740717857,1,1,41.449275362,48.550724638,6.218454,0,0,0,129,71.199623675,319.1024339,9
201712,서울특별시,11,강북구,1130,112.45052649,1.50,3.4200,20,0.69765,1,1,40.5,49.5,6.218454,0,0,0,111.5,70.058967027,319.56180264,12
200603,서울특별시,11,도봉구,1132,58.256222818,4.00,5.4600,219,4.0193027951,1,1,64.529486945,100,9.07519,0,0,0,109.907,48.372,104.381241,3
200606,서울특별시,11,도봉구,1132,59.727821261,4.25,5.4800,164,2.9647872222,1,1,64.510468654,100,9.07519,0,0,0,99.469,47.454,107.564252,6
200609,서울특별시,11,도봉구,1132,60.596444361,4.50,5.7700,278,5.2952955431,1,1,64.651042606,100,9.07519,0,0,0,123.203,47.67,110.66641,9
200612,서울특별시,11,도봉구,1132,73.285554313,4.50,5.8800,308,6.290405885,1,1,50.974927861,99.025974026,9.07519,155,0,0,128.718,43.811,101.84374245,12
200703,서울특별시,11,도봉구,1132,80.381664817,4.50,6.2000,210,4.4683824392,1,1,51.211592006,50.604847367,10.824943,0,0,0,110.893,42.987,107.877226,3
200706,서울특별시,11,도봉구,1132,77.529172942,4.50,6.1300,173,3.8424369841,1,1,51.663533095,50.662830932,10.824943,0,0,0,102.227,43.14,110.307341,6
200709,서울특별시,11,도봉구,1132,80.303870118,5.00,6.5200,176,3.9558855873,1,1,52.004467126,51.024501201,10.824943,0,0,0,108.332,42.811,112.626114,9
200712,서울특별시,11,도봉구,1132,82.411886063,5.00,6.8500,210,4.9526548313,1,1,52.144602648,50.829892535,10.824943,0,0,0,113.158,42.165,116.409487,12
200803,서울특별시,11,도봉구,1132,91.950798762,5.00,6.7000,311,8.6624030168,1,1,52.380646247,49.515669824,12.386728,0,92,0,113.158,41.163,118.919127,3
200806,서울특별시,11,도봉구,1132,105.08231894,5.00,6.7700,148,5.0348005952,1,1,52.168942327,47.203605563,12.386728,0,0,0,91.984,39.312,124.125424,6
200809,서울특별시,11,도봉구,1132,95.352991465,5.25,7.2500,57,1.9211083333,1,1,52.272874258,46.541509149,12.386728,0,0,0,113.355,38.94,128.216878,9
200812,서울특별시,11,도봉구,1132,87.263335046,3.00,6.8100,32,0.8774283333,1,1,61.760953925,100,12.386728,0,80,12,94.249,38.67,129.852736,12
200903,서울특별시,11,도봉구,1132,89.103774395,2.00,5.4300,121,3.388270119,1,1,61.718987772,100,12.911852,0,0,0,88.832,38.61226547,130.541711,3
200906,서울특별시,11,도봉구,1132,92.401603006,2.00,5.2500,207,6.5786502382,1,1,61.713666856,100,12.911852,0,0,0,85.09,38.886481048,132.995958,6
200909,서울특별시,11,도봉구,1132,99.633179438,2.00,5.7700,189,5.8330075,1,1,56.273000296,61.180411425,12.911852,0,0,0,101.241,39.73417782,136.885476,9
200912,서울특별시,11,도봉구,1132,99.190785203,2.00,5.9000,100,2.8589041667,1,1,56.270441297,53.418411509,12.911852,0,0,0,104.097,40.563106195,139.556317,12
201003,서울특별시,11,도봉구,1132,99.170007053,2.00,5.4700,113,3.2259858333,1,1,56.379420991,53.421820039,13.496479,0,0,0,95.757,41.29149696,140.959729,3
201006,서울특별시,11,도봉구,1132,93.104038873,2.00,4.6200,71,1.97605,1,1,56.422639153,53.551404952,13.496479,0,0,0,97.3,42.057047881,147.444443,6
201009,서울특별시,11,도봉구,1132,90.143656968,2.25,4.8000,97,2.7514383333,1,1,56.438874781,100,13.496479,0,0,0,100.096,42.968426109,149.638557,9
201012,서울특별시,11,도봉구,1132,92.203718842,2.50,4.6700,151,4.2191618452,1,1,56.512878989,100,13.496479,80,0,0,107.329,44.371215491,152.647694,12
201103,서울특별시,11,도봉구,1132,95.217134137,3.00,4.8900,166,4.5675246032,1,1,56.624537672,100,13.073366,0,0,0,104.918,46.39717639,157.61353872,3
201106,서울특별시,11,도봉구,1132,91.512646509,3.25,4.8700,126,3.5623166667,1,1,56.578261516,53.038152801,13.073366,0,293,0,89.103,47.409686468,160.14337943,6
201109,서울특별시,11,도봉구,1132,92.041868874,3.25,5.0000,133,3.630267381,1,1,56.630458101,53.065856775,13.073366,0,0,0,106.268,49.947337842,162.5033919,9
201112,서울특별시,11,도봉구,1132,90.991174246,3.25,4.9500,104,2.9553436538,1,1,56.697673255,53.137443114,13.073366,0,0,0,108.968,50.829309685,164.60183642,12
201203,서울특별시,11,도봉구,1132,89.449358817,3.25,5.0000,135,3.5872866667,1,1,56.962353039,53.178759754,13.475424,0,0,0,107.715,51.405824695,167.23806073,3
201206,서울특별시,11,도봉구,1132,86.336288841,3.25,4.7600,78,2.0239391667,1,1,57.077737171,53.288198585,13.475424,0,0,0,93.732,52.080110853,169.04866903,6
201209,서울특별시,11,도봉구,1132,84.016927092,3.00,4.2900,99,2.5846891667,1,1,57.142834119,53.34801545,13.475424,0,0,0,102.411,53.270940687,169.36900072,9
201212,서울특별시,11,도봉구,1132,83.93433994,2.75,4.1600,111,2.6369416667,1,1,57.186363032,53.394459982,13.475424,0,0,0,100.771,54.810220654,170.93930064,12
201303,서울특별시,11,도봉구,1132,84.549017569,2.75,3.9700,179,4.6321565016,1,1,57.223225401,53.434200386,12.742637,0,0,0,101.446,56.153232883,169.77717703,3
201306,서울특별시,11,도봉구,1132,83.41762885,2.50,3.7300,139,3.6387154545,1,1,57.25904601,53.485995787,12.742637,0,0,0,86.885,56.726654406,170.54034361,6
201309,서울특별시,11,도봉구,1132,86.643625317,2.50,3.8200,187,5.0988660213,1,1,57.328726651,53.511773765,12.742637,293,0,0,99.614,59.142058043,171.30661788,9
201312,서울특별시,11,도봉구,1132,86.980680311,2.50,3.7400,134,3.78798,1,1,57.291490032,53.529596904,12.742637,0,0,0,100.675,61.461036445,170.75531388,12
201403,서울특별시,11,도봉구,1132,88.357308473,2.50,3.6900,187,4.9365455833,1,1,57.46933066,53.582267835,12.60324,0,0,0,107.329,63.228155915,171.68830682,3
201406,서울특별시,11,도봉구,1132,87.565961499,2.50,3.5800,154,4.1717688333,1,1,57.525128024,53.631921717,12.60324,0,0,0,96.914,63.999129453,174.43916963,6
201409,서울특별시,11,도봉구,1132,88.379313793,2.25,3.5000,208,5.7348912422,1,1,70,63.696996182,12.60324,0,0,0,107.715,64.646119402,179.57457831,9
201412,서울특별시,11,도봉구,1132,87.547905483,2.00,3.3300,150,4.2680263889,1,1,70,63.693839689,12.60324,0,0,0,112.44,65.705433586,180.9134017,12
201503,서울특별시,11,도봉구,1132,90.212304087,1.75,2.9700,288,8.070189349,1,1,70,63.746776916,,0,0,0,98.5,67.631557386,266.63883286,3
201506,서울특별시,11,도봉구,1132,92.039147326,1.50,3.0100,232,6.5355331912,1,1,70,63.672078482,,0,0,0,91.6,69.570769984,271.7657338,6
201509,서울특별시,11,도봉구,1132,94.549603513,1.50,2.9200,237,6.6930007141,1,1,70,63.673898686,,0,0,0,110.8,71.808672278,279.39572417,9
201512,서울특별시,11,도봉구,1132,96.130370656,1.50,3.1200,125,3.9271558333,1,1,70,63.67308636,,0,0,0,117.2,73.424723726,287.68694048,12
201603,서울특별시,11,도봉구,1132,96.13965981,1.50,2.9700,206,5.9121490663,1,1,70,63.605538529,12.760269,0,0,0,120.4,74.577835467,285.20501337,3
201606,서울특별시,11,도봉구,1132,97.668547123,1.25,2.7700,250,7.3565239359,1,1,70,63.615598583,12.760269,0,134,0,96.1,75.069395239,293.71253016,6
201609,서울특별시,11,도봉구,1132,100.7299696,1.25,2.8000,211,6.4651737843,1,1,70,63.612273332,12.760269,0,0,40,109.4,74.178229776,301.19151583,9
201612,서울특별시,11,도봉구,1132,100.78204975,1.25,3.1300,63,1.97385,1,1,70,63.61131715,12.760269,0,126,31,120.4,73.233544849,305.47632673,12
201703,서울특별시,11,도봉구,1132,101.16154633,1.25,3.2100,207,6.4063481349,1,1,70,63.602880978,12.760269,0,0,34,113.7,73.220091035,307.78434895,3
201706,서울특별시,11,도봉구,1132,106.06056048,1.25,3.2200,266,8.5084523103,1,1,70,63.611486173,12.760269,0,0,14,98.4,72.379698282,312.60006936,6
201709,서울특별시,11,도봉구,1132,107.6028934,1.25,3.2400,144,4.8598254167,1,1,41.180555556,48.819444444,12.760269,0,0,2,129,71.199623675,316.45983742,9
201712,서울특별시,11,도봉구,1132,110.29059223,1.50,3.4200,41,1.373705,1,1,40.731707317,49.268292683,12.760269,0,0,2,111.5,70.058967027,319.56180264,12
200603,서울특별시,11,노원구,1135,62.369452774,4.00,5.4600,505,9.7381878449,1,1,64.529486945,100,18.630884,263,0,0,109.907,48.372,104.381241,3
200606,서울특별시,11,노원구,1135,62.207268792,4.25,5.4800,357,6.7078376151,1,1,64.510468654,100,18.630884,48,0,0,99.469,47.454,107.564252,6
200609,서울특별시,11,노원구,1135,62.533473866,4.50,5.7700,644,12.55309439,1,1,64.651042606,100,18.630884,65,219,0,123.203,47.67,110.66641,9
200612,서울특별시,11,노원구,1135,77.120122361,4.50,5.8800,618,13.286490961,1,1,50.97544432,99.029126214,18.630884,850,0,0,128.718,43.811,101.84374245,12
200703,서울특별시,11,노원구,1135,77.938941836,4.50,6.2000,416,8.6760268643,1,1,51.429113701,51.011448991,23.758458,0,0,0,110.893,42.987,107.877226,3
200706,서울특별시,11,노원구,1135,83.808726855,4.50,6.1300,343,7.7668746624,1,1,51.661417443,50.355311292,23.758458,19,0,0,102.227,43.14,110.307341,6
200709,서울특별시,11,노원구,1135,83.438743442,5.00,6.5200,346,7.8543955855,1,1,52.000235689,50.548734425,23.758458,0,0,0,108.332,42.811,112.626114,9
200712,서울특별시,11,노원구,1135,87.559619024,5.00,6.8500,427,10.427600604,1,1,52.173238683,50.318221224,23.758458,0,0,0,113.158,42.165,116.409487,12
200803,서울특별시,11,노원구,1135,95.401817916,5.00,6.7000,621,19.010944503,1,1,52.254856014,48.174659819,27.302737,0,0,0,113.158,41.163,118.919127,3
200806,서울특별시,11,노원구,1135,106.08538988,5.00,6.7700,247,8.326925,1,1,52.139803114,47.629884649,27.302737,0,0,0,91.984,39.312,124.125424,6
200809,서울특별시,11,노원구,1135,100.5571589,5.25,7.2500,95,3.0008833333,1,1,52.389792759,48.467657881,27.302737,0,0,0,113.355,38.94,128.216878,9
200812,서울특별시,11,노원구,1135,86.285022212,3.00,6.8100,84,2.2967416667,1,1,61.760953925,100,27.302737,0,0,0,94.249,38.67,129.852736,12
200903,서울특별시,11,노원구,1135,98.71527695,2.00,5.4300,216,6.1899235119,1,1,61.718987772,100,28.850719,0,0,0,88.832,38.61226547,130.541711,3
200906,서울특별시,11,노원구,1135,97.470820737,2.00,5.2500,446,13.716618739,1,1,61.713666856,100,28.850719,0,1244,0,85.09,38.886481048,132.995958,6
200909,서울특별시,11,노원구,1135,101.56799723,2.00,5.7700,353,11.755180736,1,1,56.133150581,61.180411425,28.850719,0,0,25,101.241,39.73417782,136.885476,9
200912,서울특별시,11,노원구,1135,99.540108169,2.00,5.9000,216,6.516641,1,1,56.238116261,53.422948235,28.850719,1244,0,25,104.097,40.563106195,139.556317,12
201003,서울특별시,11,노원구,1135,97.789619642,2.00,5.4700,208,6.1655205,1,1,56.221894625,53.448366664,30.615068,0,0,25,95.757,41.29149696,140.959729,3
201006,서울특별시,11,노원구,1135,94.207783315,2.00,4.6200,159,4.4386136905,1,1,56.371213317,53.539972781,30.615068,0,0,20,97.3,42.057047881,147.444443,6
201009,서울특별시,11,노원구,1135,92.154937647,2.25,4.8000,181,5.2777190278,1,1,56.406290406,100,30.615068,0,0,20,100.096,42.968426109,149.638557,9
201012,서울특별시,11,노원구,1135,93.563333854,2.50,4.6700,339,10.171236964,1,1,56.426265562,100,30.615068,0,0,20,107.329,44.371215491,152.647694,12
201103,서울특별시,11,노원구,1135,96.038005939,3.00,4.8900,285,8.592886,1,1,56.499283617,100,29.833377,0,0,19,104.918,46.39717639,157.61353872,3
201106,서울특별시,11,노원구,1135,93.98778859,3.25,4.8700,247,6.8979716277,1,1,56.670777383,53.038152801,29.833377,0,0,17,89.103,47.409686468,160.14337943,6
201109,서울특별시,11,노원구,1135,94.955143877,3.25,5.0000,286,8.0674852778,1,1,56.673311312,53.065856775,29.833377,0,0,16,106.268,49.947337842,162.5033919,9
201112,서울특별시,11,노원구,1135,90.783554215,3.25,4.9500,213,5.8170491667,1,1,56.813749879,53.137443114,29.833377,0,0,14,108.968,50.829309685,164.60183642,12
201203,서울특별시,11,노원구,1135,91.12690627,3.25,5.0000,249,6.6455567857,1,1,56.924206116,53.178759754,29.920581,0,0,11,107.715,51.405824695,167.23806073,3
201206,서울특별시,11,노원구,1135,87.019552655,3.25,4.7600,187,4.8671932143,1,1,57.025349918,53.288198585,29.920581,0,0,10,93.732,52.080110853,169.04866903,6
201209,서울특별시,11,노원구,1135,85.27471225,3.00,4.2900,237,6.0682565,1,1,57.059076806,53.34801545,29.920581,0,0,9,102.411,53.270940687,169.56891325,9
201212,서울특별시,11,노원구,1135,84.350060463,2.75,4.1600,247,6.3800793333,1,1,57.125556243,53.394459982,29.920581,0,0,7,100.771,54.810220654,170.93930064,12
201303,서울특별시,11,노원구,1135,85.406287347,2.75,3.9700,359,9.558516623,1,1,57.223303753,53.434200386,28.420436,0,0,7,101.446,56.153232883,169.77717703,3
201306,서울특별시,11,노원구,1135,84.724907558,2.50,3.7300,300,8.0632375,1,1,57.281412702,53.485995787,28.420436,0,0,7,86.885,56.726654406,170.10341347,6
201309,서울특별시,11,노원구,1135,86.457915162,2.50,3.8200,403,11.089768051,1,1,57.345402144,53.511773765,28.420436,0,0,7,99.614,59.142058043,172.03377341,9
201312,서울특별시,11,노원구,1135,86.860425062,2.50,3.7400,324,9.2279192903,1,1,57.359176687,53.529596904,28.420436,0,0,7,100.675,61.461036445,170.75531388,12
201403,서울특별시,11,노원구,1135,87.332894617,2.50,3.6900,396,10.904709444,1,1,57.484133187,53.582267835,28.269741,0,0,7,107.329,63.228155915,171.68830682,3
201406,서울특별시,11,노원구,1135,87.30202357,2.50,3.5800,308,8.358496381,1,1,57.5424262,53.631921717,28.269741,0,504,7,96.914,63.999129453,175.72446231,6
201409,서울특별시,11,노원구,1135,89.55277144,2.25,3.5000,500,14.140828217,1,1,70,63.696996182,28.269741,283,0,5,107.715,64.646119402,178.23760677,9
201412,서울특별시,11,노원구,1135,90.068566877,2.00,3.3300,334,9.5864572222,1,1,70,63.693839689,28.269741,0,0,5,112.44,65.705433586,180.9134017,12
201503,서울특별시,11,노원구,1135,92.323561925,1.75,2.9700,579,17.050524006,1,1,70,63.746776916,,0,0,5,98.5,67.631557386,266.63883286,3
201506,서울특별시,11,노원구,1135,94.005038072,1.50,3.0100,502,14.489526064,1,1,70,63.672078482,,0,0,5,91.6,69.570769984,277.01958529,6
201509,서울특별시,11,노원구,1135,96.840803273,1.50,2.9200,500,15.439913729,1,1,70,63.673898686,,0,0,5,110.8,71.808672278,279.39572417,9
201512,서울특별시,11,노원구,1135,97.220418737,1.50,3.1200,284,8.9155891667,1,1,70,63.67308636,,0,0,4,117.2,73.424723726,287.68694048,12
201603,서울특별시,11,노원구,1135,98.014567096,1.50,2.9700,436,12.944518547,1,1,70,63.605538529,28.840902,457,0,3,120.4,74.577835467,292.6149979,3
201606,서울특별시,11,노원구,1135,99.39002412,1.25,2.7700,554,16.96713065,1,1,70,63.615598583,28.840902,0,0,2,96.1,75.069395239,293.71253016,6
201609,서울특별시,11,노원구,1135,103.70030048,1.25,2.8000,504,16.306998431,1,1,70,63.612273332,28.840902,0,0,0,109.4,74.178229776,303.98293878,9
201612,서울특별시,11,노원구,1135,103.1291378,1.25,3.1300,153,4.9500333333,1,1,70,63.61131715,28.840902,0,0,0,120.4,73.233544849,305.47632673,12
201703,서울특별시,11,노원구,1135,103.9987575,1.25,3.2100,432,14.333526001,1,1,70,63.602880978,28.840902,0,0,0,113.7,73.220091035,307.78434895,3
201706,서울특별시,11,노원구,1135,108.60286857,1.25,3.2200,566,19.354340932,1,1,70,63.611486173,28.840902,0,1669,0,98.4,72.379698282,312.60006936,6
201709,서울특별시,11,노원구,1135,112.26432058,1.25,3.2400,301,11.094823107,1,1,41.46179402,48.53820598,28.840902,0,0,0,129,71.199623675,317.67243623,9
201712,서울특별시,11,노원구,1135,111.5402158,1.50,3.4200,92,3.2133891667,1,1,40.760869565,49.239130435,28.840902,0,0,0,111.5,70.058967027,319.56180264,12
200603,서울특별시,11,은평구,1138,71.435217248,4.00,5.4600,127,2.4876845238,1,1,42.912677374,100,3.376775,0,0,0,109.907,48.372,104.381241,3
200606,서울특별시,11,은평구,1138,75.177251848,4.25,5.4800,83,1.8118891667,1,1,43.944172322,100,3.376775,52,0,0,99.469,47.454,107.564252,6
200609,서울특별시,11,은평구,1138,80.195331573,4.50,5.7700,164,3.4349228366,1,1,44.42562142,100,3.376775,193,0,0,123.203,47.67,110.66641,9
200612,서울특별시,11,은평구,1138,79.926696364,4.50,5.8800,150,3.4434854077,1,1,51.003440546,99.2,3.376775,178,0,0,128.718,43.811,101.84374245,12
200703,서울특별시,11,은평구,1138,83.562377276,4.50,6.2000,123,2.7803907179,1,1,51.468804529,50.473689591,3.968761,0,0,0,110.893,42.987,107.877226,3
200706,서울특별시,11,은평구,1138,84.974281852,4.50,6.1300,107,2.6373219048,1,1,51.905422692,50.284165519,3.968761,0,324,0,102.227,43.14,110.307341,6
200709,서울특별시,11,은평구,1138,87.919172977,5.00,6.5200,101,2.600625,1,1,52.248479991,49.779351273,3.968761,180,0,0,108.332,42.811,112.626114,9
200712,서울특별시,11,은평구,1138,87.873055006,5.00,6.8500,119,3.081255,1,1,52.350108307,49.511089003,3.968761,34,5211,0,113.158,42.165,116.409487,12
200803,서울특별시,11,은평구,1138,99.149726101,5.00,6.7000,159,4.4073825,1,1,52.562465455,49.327602632,5.50751,0,782,0,113.158,41.163,118.919127,3
200806,서울특별시,11,은평구,1138,110.74304338,5.00,6.7700,136,4.14455,1,1,52.605548437,48.25379775,5.50751,3941,0,0,91.984,39.312,124.125424,6
200809,서울특별시,11,은평구,1138,95.493721038,5.25,7.2500,74,3.2426284666,1,1,50.906191782,44.086727357,5.50751,17,0,0,113.355,38.94,128.216878,9
200812,서울특별시,11,은평구,1138,95.328071918,3.00,6.8100,38,1.5413555,1,1,61.760953925,100,5.50751,162,139,224,94.249,38.67,129.852736,12
200903,서울특별시,11,은평구,1138,90.47980893,2.00,5.4300,112,4.8137048733,1,1,61.718987772,100,6.514187,0,0,221,88.832,38.61226547,130.541711,3
200906,서울특별시,11,은평구,1138,93.876322741,2.00,5.2500,119,4.25909425,1,1,61.713666856,100,6.514187,0,0,183,85.09,38.886481048,132.995958,6
200909,서울특별시,11,은평구,1138,98.104209543,2.00,5.7700,141,4.6147145417,1,1,56.296978752,61.180411425,6.514187,324,27,98,101.241,39.73417782,136.885476,9
200912,서울특별시,11,은평구,1138,91.121377028,2.00,5.9000,60,1.9669058333,1,1,56.178570143,53.294407668,6.514187,903,0,46,104.097,40.563106195,139.556317,12
201003,서울특별시,11,은평구,1138,99.528432509,2.00,5.4700,118,4.5099075685,1,1,55.87693132,53.226142108,8.583315,0,1319,46,95.757,41.29149696,140.959729,3
201006,서울특별시,11,은평구,1138,96.924490039,2.00,4.6200,70,2.723049,1,1,55.758223218,53.270957453,8.583315,1183,487,33,97.3,42.057047881,147.444443,6
201009,서울특별시,11,은평구,1138,95.531516984,2.25,4.8000,101,3.8768653971,1,1,55.936118572,100,8.583315,1106,0,66,100.096,42.968426109,149.638557,9
201012,서울특별시,11,은평구,1138,98.273391238,2.50,4.6700,94,3.6426053198,1,1,56.207121631,100,8.583315,757,0,208,107.329,44.371215491,152.647694,12
201103,서울특별시,11,은평구,1138,98.504884871,3.00,4.8900,136,4.8145012619,1,1,56.438544023,100,10.113033,0,588,164,104.918,46.39717639,157.61353872,3
201106,서울특별시,11,은평구,1138,99.319348855,3.25,4.8700,110,3.604972,1,1,56.556465825,53.038152801,10.113033,0,0,83,89.103,47.409686468,160.14337943,6
201109,서울특별시,11,은평구,1138,103.03087601,3.25,5.0000,91,3.3315878333,1,1,56.513292963,53.065856775,10.113033,33,0,90,106.268,49.947337842,162.5033919,9
201112,서울특별시,11,은평구,1138,98.282689415,3.25,4.9500,83,3.0089132619,1,1,56.593965707,53.137443114,10.113033,3239,3221,82,108.968,50.829309685,164.60183642,12
201203,서울특별시,11,은평구,1138,96.774805515,3.25,5.0000,114,3.7399193485,1,1,56.754050764,53.178759754,11.104556,0,0,16,107.715,51.405824695,167.23806073,3
201206,서울특별시,11,은평구,1138,96.198740647,3.25,4.7600,73,2.6636025,1,1,56.608045978,53.288198585,11.104556,0,0,13,93.732,52.080110853,169.04866903,6
201209,서울특별시,11,은평구,1138,95.353559158,3.00,4.2900,87,2.8945673333,1,1,56.914667644,53.34801545,11.104556,66,0,261,102.411,53.270940687,169.56891325,9
201212,서울특별시,11,은평구,1138,91.909756667,2.75,4.1600,114,3.7956615762,1,1,56.878950928,53.394459982,11.104556,0,0,222,100.771,54.810220654,170.93930064,12
201303,서울특별시,11,은평구,1138,93.44507084,2.75,3.9700,157,5.2100746667,1,1,57.058933902,53.434200386,10.776817,0,0,153,101.446,56.153232883,169.77717703,3
201306,서울특별시,11,은평구,1138,93.906752101,2.50,3.7300,141,4.6678633571,1,1,57.187792976,53.485995787,10.776817,0,0,94,86.885,56.726654406,170.10341347,6
201309,서울특별시,11,은평구,1138,95.955882256,2.50,3.8200,130,4.5093109394,1,1,57.225760589,53.511773765,10.776817,938,0,59,99.614,59.142058043,172.03377341,9
201312,서울특별시,11,은평구,1138,95.368612669,2.50,3.7400,105,3.702343,1,1,57.063207881,53.529596904,10.776817,0,1230,20,100.675,61.461036445,170.75531388,12
201403,서울특별시,11,은평구,1138,96.829825729,2.50,3.6900,169,5.8747996905,1,1,57.342206871,53.582267835,10.992996,28,426,9,107.329,63.228155915,171.68830682,3
201406,서울특별시,11,은평구,1138,96.129338418,2.50,3.5800,135,4.8665657083,1,1,57.204535156,53.631921717,10.992996,0,0,3,96.914,63.999129453,175.72446231,6
201409,서울특별시,11,은평구,1138,98.288804669,2.25,3.5000,173,5.9722088187,1,1,70,63.696996182,10.992996,0,0,3,107.715,64.646119402,179.57457831,9
201412,서울특별시,11,은평구,1138,96.625679149,2.00,3.3300,115,4.1145403333,1,1,70,63.693839689,10.992996,426,0,2,112.44,65.705433586,180.9134017,12
201503,서울특별시,11,은평구,1138,99.457519722,1.75,2.9700,240,8.1655625335,1,1,70,63.746776916,,0,0,2,98.5,67.631557386,266.63883286,3
201506,서울특별시,11,은평구,1138,101.20937028,1.50,3.0100,200,7.085554,1,1,70,63.672078482,,0,0,0,91.6,69.570769984,274.52190625,6
201509,서울특별시,11,은평구,1138,101.59435489,1.50,2.9200,175,6.526286,1,1,70,63.673898686,,0,0,0,110.8,71.808672278,279.39572417,9
201512,서울특별시,11,은평구,1138,104.05446503,1.50,3.1200,160,6.0687943333,1,1,70,63.67308636,,36,1305,71,117.2,73.424723726,287.68694048,12
201603,서울특별시,11,은평구,1138,104.48305811,1.50,2.9700,237,8.5162923333,1,1,70,63.605538529,11.733539,29,1313,105,120.4,74.577835467,292.6149979,3
201606,서울특별시,11,은평구,1138,106.87796736,1.25,2.7700,251,10.008525603,1,1,70,63.615598583,11.733539,0,678,62,96.1,75.069395239,291.87419077,6
201609,서울특별시,11,은평구,1138,111.2465566,1.25,2.8000,231,9.202894119,1,1,70,63.612273332,11.733539,0,0,48,109.4,74.178229776,301.19151583,9
201612,서울특별시,11,은평구,1138,110.70130521,1.25,3.1300,58,2.624089,1,1,70,63.61131715,11.733539,40,0,32,120.4,73.233544849,305.47632673,12
201703,서울특별시,11,은평구,1138,113.17570722,1.25,3.2100,175,6.9090716667,1,1,70,63.602880978,11.733539,54,0,0,113.7,73.220091035,308.50237967,3
201706,서울특별시,11,은평구,1138,116.56109073,1.25,3.2200,220,9.5253858838,1,1,70,63.611486173,11.733539,963,0,0,98.4,72.379698282,310.3304538,6
201709,서울특별시,11,은평구,1138,117.09309949,1.25,3.2400,141,6.0554308333,1,1,43.404255319,46.595744681,11.733539,0,0,0,129,71.199623675,317.67243623,9
201712,서울특별시,11,은평구,1138,116.37756578,1.50,3.4200,55,2.4580996667,1,1,43.818181818,46.181818182,11.733539,44,0,0,111.5,70.058967027,319.56180264,12
200603,서울특별시,11,서대문구,1141,78.747447334,4.00,5.4600,112,2.7550735952,1,1,64.529486945,100,5.850727,1116,99,0,109.907,48.372,104.381241,3
200606,서울특별시,11,서대문구,1141,87.424225109,4.25,5.4800,106,2.6310481667,1,1,64.510468654,100,5.850727,119,0,0,99.469,47.454,107.564252,6
200609,서울특별시,11,서대문구,1141,82.513688779,4.50,5.7700,140,3.6590298658,1,1,64.651042606,100,5.850727,0,0,0,123.203,47.67,110.66641,9
200612,서울특별시,11,서대문구,1141,89.189665691,4.50,5.8800,150,4.0364567857,1,1,50.937903926,98.8,5.850727,235,0,0,128.718,43.811,101.84374245,12
200703,서울특별시,11,서대문구,1141,96.290770937,4.50,6.2000,112,3.2041880357,1,1,51.369534719,48.601095769,6.855621,14,362,0,110.893,42.987,107.877226,3
200706,서울특별시,11,서대문구,1141,103.74591369,4.50,6.1300,112,2.9720604762,1,1,51.812014432,48.569384595,6.855621,0,473,0,102.227,43.14,110.307341,6
200709,서울특별시,11,서대문구,1141,105.74678605,5.00,6.5200,108,3.1178938333,1,1,52.049654693,48.480654162,6.855621,0,0,0,108.332,42.811,112.626114,9
200712,서울특별시,11,서대문구,1141,99.47232658,5.00,6.8500,94,2.7286164286,1,1,52.23533121,48.249615491,6.855621,0,0,0,113.158,42.165,116.409487,12
200803,서울특별시,11,서대문구,1141,111.8166897,5.00,6.7000,174,5.7140964167,1,1,52.255164566,47.301511147,7.598733,69,0,0,113.158,41.163,118.919127,3
200806,서울특별시,11,서대문구,1141,109.7240762,5.00,6.7700,109,3.5951165641,1,1,52.565128689,47.162372534,7.598733,0,0,0,91.984,39.312,124.125424,6
200809,서울특별시,11,서대문구,1141,111.55627017,5.25,7.2500,45,1.6617795,1,1,52.116982924,46.10351064,7.598733,0,0,0,113.355,38.94,128.216878,9
200812,서울특별시,11,서대문구,1141,96.024751924,3.00,6.8100,25,0.797,1,1,61.760953925,100,7.598733,362,0,0,94.249,38.67,129.852736,12
200903,서울특별시,11,서대문구,1141,102.4000887,2.00,5.4300,64,2.1669153333,1,1,61.718987772,100,8.243171,0,0,0,88.832,38.61226547,130.541711,3
200906,서울특별시,11,서대문구,1141,104.92336141,2.00,5.2500,107,3.6148575,1,1,61.713666856,100,8.243171,473,0,0,85.09,38.886481048,132.995958,6
200909,서울특별시,11,서대문구,1141,108.67205352,2.00,5.7700,121,4.2674092857,1,1,56.127621752,61.180411425,8.243171,0,0,0,101.241,39.73417782,136.885476,9
200912,서울특별시,11,서대문구,1141,101.86980878,2.00,5.9000,101,3.7455466667,1,1,56.044401874,53.233169355,8.243171,16,3293,0,104.097,40.563106195,139.556317,12
201003,서울특별시,11,서대문구,1141,105.66177868,2.00,5.4700,102,3.6691416667,1,1,56.240446228,53.238547065,8.615039,0,0,0,95.757,41.29149696,140.959729,3
201006,서울특별시,11,서대문구,1141,103.92483253,2.00,4.6200,70,2.4303396667,1,1,56.089963945,53.336803261,8.615039,0,0,109,97.3,42.057047881,147.444443,6
201009,서울특별시,11,서대문구,1141,103.55722851,2.25,4.8000,60,2.01493,1,1,56.224700952,100,8.615039,0,0,104,100.096,42.968426109,149.638557,9
201012,서울특별시,11,서대문구,1141,104.81015796,2.50,4.6700,94,3.51352125,1,1,56.256980553,100,8.615039,0,0,84,107.329,44.371215491,152.647694,12
201103,서울특별시,11,서대문구,1141,107.83950332,3.00,4.8900,101,3.693312381,1,1,56.354392708,100,8.842105,0,0,22,104.918,46.39717639,157.61353872,3
201106,서울특별시,11,서대문구,1141,104.13905471,3.25,4.8700,81,2.61726,1,1,56.553287287,53.038152801,8.842105,19,0,118,89.103,47.409686468,160.14337943,6
201109,서울특별시,11,서대문구,1141,106.86304328,3.25,5.0000,70,2.4483166667,1,1,56.57024067,53.065856775,8.842105,0,0,118,106.268,49.947337842,162.5033919,9
201112,서울특별시,11,서대문구,1141,108.46193675,3.25,4.9500,69,2.5092,1,1,56.535764123,53.137443114,8.842105,0,0,108,108.968,50.829309685,164.60183642,12
201203,서울특별시,11,서대문구,1141,106.53451177,3.25,5.0000,80,2.6924853333,1,1,56.784254594,53.178759754,8.772015,0,0,108,107.715,51.405824695,167.23806073,3
201206,서울특별시,11,서대문구,1141,101.84763238,3.25,4.7600,54,1.6699405,1,1,57.077737171,53.288198585,8.772015,0,0,108,93.732,52.080110853,169.04866903,6
201209,서울특별시,11,서대문구,1141,100.77118409,3.00,4.2900,55,1.745382,1,1,57.142834119,53.34801545,8.772015,0,0,12,102.411,53.270940687,169.56891325,9
201212,서울특별시,11,서대문구,1141,100.64330079,2.75,4.1600,71,2.271855,1,1,57.186363032,53.394459982,8.772015,0,0,88,100.771,54.810220654,170.93930064,12
201303,서울특별시,11,서대문구,1141,101.97221973,2.75,3.9700,89,3.0082535952,1,1,57.138208028,53.434200386,8.697242,0,0,88,101.446,56.153232883,169.34191893,3
201306,서울특별시,11,서대문구,1141,101.30585597,2.50,3.7300,95,3.3835945238,1,1,57.171431878,53.485995787,8.697242,0,0,88,86.885,56.726654406,170.9829411,6
201309,서울특별시,11,서대문구,1141,104.14450296,2.50,3.8200,95,3.1868866667,1,1,57.329592845,53.511773765,8.697242,0,0,1536,99.614,59.142058043,171.30661788,9
201312,서울특별시,11,서대문구,1141,102.23472195,2.50,3.7400,94,3.1767204167,1,1,57.297220279,53.529596904,8.697242,0,0,1252,100.675,61.461036445,170.75531388,12
201403,서울특별시,11,서대문구,1141,104.19759509,2.50,3.6900,139,4.7527771667,1,1,57.459645402,53.582267835,8.494932,0,0,926,107.329,63.228155915,171.93290707,3
201406,서울특별시,11,서대문구,1141,103.66979628,2.50,3.5800,97,3.4106723333,1,1,57.340019704,53.631921717,8.494932,0,0,548,96.914,63.999129453,171.68830682,6
201409,서울특별시,11,서대문구,1141,105.32006881,2.25,3.5000,126,4.45008,1,1,70,63.696996182,8.494932,0,0,300,107.715,64.646119402,178.23760677,9
201412,서울특별시,11,서대문구,1141,106.18742902,2.00,3.3300,121,4.4160175,1,1,70,63.693839689,8.494932,0,29,156,112.44,65.705433586,180.9134017,12
201503,서울특별시,11,서대문구,1141,108.91825961,1.75,2.9700,206,7.5898056071,1,1,70,63.746776916,,0,0,137,98.5,67.631557386,264.26647725,3
201506,서울특별시,11,서대문구,1141,109.86582167,1.50,3.0100,140,5.3171083987,1,1,70,63.672078482,,0,0,259,91.6,69.570769984,274.52190625,6
201509,서울특별시,11,서대문구,1141,112.17478616,1.50,2.9200,145,5.53360525,1,1,70,63.673898686,,0,0,95,110.8,71.808672278,279.39572417,9
201512,서울특별시,11,서대문구,1141,112.63958146,1.50,3.1200,87,3.4091955556,1,1,70,63.67308636,,0,0,64,117.2,73.424723726,287.68694048,12
201603,서울특별시,11,서대문구,1141,113.60541366,1.50,2.9700,167,6.3515518853,1,1,70,63.605538529,9.78651,0,0,33,120.4,74.577835467,285.20501337,3
201606,서울특별시,11,서대문구,1141,117.12431868,1.25,2.7700,173,7.148357881,1,1,70,63.615598583,9.78651,0,1061,0,96.1,75.069395239,296.04091152,6
201609,서울특별시,11,서대문구,1141,122.4109426,1.25,2.8000,163,6.9215172319,1,1,70,63.612273332,9.78651,0,0,33,109.4,74.178229776,301.19151583,9
201612,서울특별시,11,서대문구,1141,124.88591008,1.25,3.1300,48,1.8437416667,1,1,70,63.61131715,9.78651,0,0,16,120.4,73.233544849,305.47632673,12
201703,서울특별시,11,서대문구,1141,125.75186229,1.25,3.2100,142,6.310225,1,1,70,63.602880978,9.78651,0,130,0,113.7,73.220091035,306.60869096,3
201706,서울특별시,11,서대문구,1141,129.12840789,1.25,3.2200,193,8.6933758333,1,1,70,63.611486173,9.78651,130,0,0,98.4,72.379698282,310.3304538,6
201709,서울특별시,11,서대문구,1141,131.77370302,1.25,3.2400,138,6.6667741667,1,1,44.057971014,45.942028986,9.78651,0,997,0,129,71.199623675,316.45983742,9
201712,서울특별시,11,서대문구,1141,132.92067737,1.50,3.4200,35,1.6356,1,1,43.428571429,46.571428571,9.78651,552,0,0,111.5,70.058967027,319.56180264,12
200603,서울특별시,11,마포구,1144,74.757063695,4.00,5.4600,167,5.8044981838,1,1,42.912677374,94.265246392,10.01865,0,290,0,109.907,48.372,104.381241,3
200606,서울특별시,11,마포구,1144,84.546349833,4.25,5.4800,104,3.3828325627,1,1,43.944172322,95.384615385,10.01865,57,0,0,99.469,47.454,107.564252,6
200609,서울특별시,11,마포구,1144,82.235747381,4.50,5.7700,231,7.8858648413,1,1,44.42562142,94.545454545,10.01865,175,0,0,123.203,47.67,110.66641,9
200612,서울특별시,11,마포구,1144,88.172335134,4.50,5.8800,161,5.7226637821,1,1,49.913334538,92.546583851,10.01865,0,94,0,128.718,43.811,101.84374245,12
200703,서울특별시,11,마포구,1144,91.940570933,4.50,6.2000,133,4.4381395238,1,1,50.784443291,47.857144773,13.346168,248,0,0,110.893,42.987,107.877226,3
200706,서울특별시,11,마포구,1144,87.342565826,4.50,6.1300,112,3.6575741667,1,1,51.344973136,47.758625283,13.346168,76,70,0,102.227,43.14,110.307341,6
200709,서울특별시,11,마포구,1144,89.210136934,5.00,6.5200,97,3.7577047619,1,1,51.141617508,46.038054078,13.346168,0,240,0,108.332,42.811,112.626114,9
200712,서울특별시,11,마포구,1144,93.682329704,5.00,6.8500,122,4.9207686392,1,1,50.93515131,45.256814007,13.346168,447,0,0,113.158,42.165,116.409487,12
200803,서울특별시,11,마포구,1144,97.719369375,5.00,6.7000,196,7.6597562944,1,1,51.568232104,45.363354655,14.382116,0,0,0,113.158,41.163,118.919127,3
200806,서울특별시,11,마포구,1144,94.172039546,5.00,6.7700,115,5.456946,1,1,50.549530572,44.352692234,14.382116,75,0,0,91.984,39.312,124.125424,6
200809,서울특별시,11,마포구,1144,88.617343395,5.25,7.2500,49,2.057193,1,1,51.044036953,45.135860203,14.382116,0,0,226,113.355,38.94,128.216878,9
200812,서울특별시,11,마포구,1144,93.162288055,3.00,6.8100,39,1.6003,1,1,61.760953925,100,14.382116,320,132,319,94.249,38.67,129.852736,12
200903,서울특별시,11,마포구,1144,86.277408074,2.00,5.4300,108,4.7654499048,1,1,61.718987772,100,14.584077,0,0,315,88.832,38.61226547,130.541711,3
200906,서울특별시,11,마포구,1144,91.233219848,2.00,5.2500,148,7.0044606624,1,1,61.713666856,100,14.584077,397,0,225,85.09,38.886481048,132.995958,6
200909,서울특별시,11,마포구,1144,95.364470655,2.00,5.7700,158,7.2231357222,1,1,55.574913146,61.180411425,14.584077,130,0,146,101.241,39.73417782,136.885476,9
200912,서울특별시,11,마포구,1144,100.71293003,2.00,5.9000,89,4.1322583333,1,1,55.582439906,53.008780844,14.584077,0,476,156,104.097,40.563106195,139.556317,12
201003,서울특별시,11,마포구,1144,99.271616918,2.00,5.4700,99,4.3312061667,1,1,55.680263625,53.063856682,16.121367,488,1449,99,95.757,41.29149696,140.959729,3
201006,서울특별시,11,마포구,1144,97.704149989,2.00,4.6200,58,2.8523083333,1,1,55.687299338,53.0770529,16.121367,588,1416,97,97.3,42.057047881,147.444443,6
201009,서울특별시,11,마포구,1144,96.416303568,2.25,4.8000,55,2.459269,1,1,55.942816809,100,16.121367,0,0,98,100.096,42.968426109,149.638557,9
201012,서울특별시,11,마포구,1144,96.772978775,2.50,4.6700,116,5.6478920476,1,1,55.717128786,100,16.121367,240,0,81,107.329,44.371215491,152.647694,12
201103,서울특별시,11,마포구,1144,97.826522233,3.00,4.8900,119,5.5233647143,1,1,55.888444667,100,16.731217,122,0,90,104.918,46.39717639,157.61353872,3
201106,서울특별시,11,마포구,1144,95.990908727,3.25,4.8700,76,3.3971333333,1,1,56.044930288,53.038152801,16.731217,0,0,90,89.103,47.409686468,160.14337943,6
201109,서울특별시,11,마포구,1144,98.72563701,3.25,5.0000,88,3.9984083333,1,1,56.129719569,53.065856775,16.731217,0,0,16,106.268,49.947337842,162.5033919,9
201112,서울특별시,11,마포구,1144,95.46671712,3.25,4.9500,91,4.4276953333,1,1,55.834284276,53.137443114,16.731217,19,0,86,108.968,50.829309685,164.60183642,12
201203,서울특별시,11,마포구,1144,94.351024506,3.25,5.0000,88,4.0653931667,1,1,56.098845425,53.178759754,17.070733,0,0,86,107.715,51.405824695,167.23806073,3
201206,서울특별시,11,마포구,1144,91.327272165,3.25,4.7600,66,2.867675,1,1,56.33558442,53.288198585,17.070733,0,0,84,93.732,52.080110853,168.0988424,6
201209,서울특별시,11,마포구,1144,89.53868719,3.00,4.2900,71,3.8570125338,1,1,55.605120624,53.34801545,17.070733,0,0,726,102.411,53.270940687,170.30362485,9
201212,서울특별시,11,마포구,1144,88.105552925,2.75,4.1600,84,4.1214257899,1,1,56.292358444,53.394459982,17.070733,90,0,666,100.771,54.810220654,170.93930064,12
201303,서울특별시,11,마포구,1144,91.177542765,2.75,3.9700,136,6.6756493313,1,1,56.436870473,53.434200386,17.449413,0,0,666,101.446,56.153232883,169.34191893,3
201306,서울특별시,11,마포구,1144,91.21505323,2.50,3.7300,139,6.4622265143,1,1,56.709045401,53.485995787,17.449413,0,1452,689,86.885,56.726654406,170.54034361,6
201309,서울특별시,11,마포구,1144,91.502606265,2.50,3.8200,139,6.286139,1,1,56.86696412,53.511773765,17.449413,0,0,709,99.614,59.142058043,171.30661788,9
201312,서울특별시,11,마포구,1144,91.087189621,2.50,3.7400,120,5.1646315909,1,1,56.977281454,53.529596904,17.449413,0,0,597,100.675,61.461036445,170.75531388,12
201403,서울특별시,11,마포구,1144,95.210371132,2.50,3.6900,149,6.80317,1,1,56.758181914,53.582267835,17.556936,558,0,362,107.329,63.228155915,171.93290707,3
201406,서울특별시,11,마포구,1144,93.424505155,2.50,3.5800,124,5.8237158333,1,1,56.915227806,53.631921717,17.556936,0,0,243,96.914,63.999129453,171.68830682,6
201409,서울특별시,11,마포구,1144,95.235915735,2.25,3.5000,178,8.4850449762,1,1,70,63.696996182,17.556936,3885,0,15,107.715,64.646119402,178.23760677,9
201412,서울특별시,11,마포구,1144,95.947792293,2.00,3.3300,141,6.6953466667,1,1,70,63.693839689,17.556936,0,0,15,112.44,65.705433586,180.9134017,12
201503,서울특별시,11,마포구,1144,97.939972603,1.75,2.9700,281,14.117540734,1,1,70,63.746776916,,0,0,10,98.5,67.631557386,268.85851396,3
201506,서울특별시,11,마포구,1144,101.00682406,1.50,3.0100,228,11.636611794,1,1,70,63.672078482,,0,0,0,91.6,69.570769984,274.52190625,6
201509,서울특별시,11,마포구,1144,103.81866705,1.50,2.9200,196,10.759670905,1,1,70,63.673898686,,288,0,0,110.8,71.808672278,282.5676313,9
201512,서울특별시,11,마포구,1144,104.4047262,1.50,3.1200,108,6.125529,1,1,70,63.67308636,,0,0,0,117.2,73.424723726,287.68694048,12
201603,서울특별시,11,마포구,1144,105.74235022,1.50,2.9700,207,10.527439828,1,1,70,63.605538529,18.46993,0,0,0,120.4,74.577835467,292.6149979,3
201606,서울특별시,11,마포구,1144,107.16100386,1.25,2.7700,225,12.402018933,1,1,70,63.615598583,18.46993,0,0,0,96.1,75.069395239,293.71253016,6
201609,서울특별시,11,마포구,1144,111.34333374,1.25,2.8000,261,15.558230316,1,1,70,63.612273332,18.46993,0,0,0,109.4,74.178229776,303.98293878,9
201612,서울특별시,11,마포구,1144,111.93876086,1.25,3.1300,52,3.02765,1,1,70,63.61131715,18.46993,0,276,0,120.4,73.233544849,305.47632673,12
201703,서울특별시,11,마포구,1144,116.39686037,1.25,3.2100,233,13.812600498,1,1,70,63.602880978,18.46993,0,0,0,113.7,73.220091035,307.78434895,3
201706,서울특별시,11,마포구,1144,119.59543676,1.25,3.2200,248,15.855823493,1,1,70,63.611486173,18.46993,0,0,0,98.4,72.379698282,310.3304538,6
201709,서울특별시,11,마포구,1144,122.69071332,1.25,3.2400,161,10.806720513,1,1,48.01242236,41.98757764,18.46993,0,0,0,129,71.199623675,316.45983742,9
201712,서울특별시,11,마포구,1144,125.10468285,1.50,3.4200,50,3.363459,1,1,47.8,42.2,18.46993,0,0,0,111.5,70.058967027,319.56180264,12
200603,서울특별시,11,양천구,1147,88.022300703,4.00,5.4600,411,19.462817804,1,1,42.912677374,87.96073827,20.764477,74,40,76,109.907,48.372,104.381241,3
200606,서울특별시,11,양천구,1147,98.022783796,4.25,5.4800,154,4.9842094444,1,1,43.944172322,92.207792208,20.764477,30,0,63,99.469,47.454,107.564252,6
200609,서울특별시,11,양천구,1147,107.84507662,4.50,5.7700,309,13.413257134,1,1,44.42562142,86.601941748,20.764477,485,0,42,123.203,47.67,110.66641,9
200612,서울특별시,11,양천구,1147,106.2010031,4.50,5.8800,232,8.6675844048,1,1,49.481974024,89.913793103,20.764477,48,311,90,128.718,43.811,101.84374245,12
200703,서울특별시,11,양천구,1147,93.127854644,4.50,6.2000,126,3.6883847619,1,1,50.822809942,49.333948311,32.008224,0,0,96,110.893,42.987,107.877226,3
200706,서울특별시,11,양천구,1147,98.10938126,4.50,6.1300,134,5.6233833333,1,1,49.563245442,47.119309396,32.008224,230,0,94,102.227,43.14,110.307341,6
200709,서울특별시,11,양천구,1147,98.071006747,5.00,6.5200,135,5.333535,1,1,50.419287251,48.09367936,32.008224,0,241,44,108.332,42.811,112.626114,9
200712,서울특별시,11,양천구,1147,99.32643308,5.00,6.8500,143,6.001077619,1,1,50.162119734,47.275744691,32.008224,88,0,239,113.158,42.165,116.409487,12
200803,서울특별시,11,양천구,1147,101.2622754,5.00,6.7000,251,9.5013088974,1,1,51.019743457,47.852024728,29.842477,52,0,220,113.158,41.163,118.919127,3
200806,서울특별시,11,양천구,1147,106.25855726,5.00,6.7700,219,8.4971187338,1,1,51.248728646,47.423431601,29.842477,256,0,148,91.984,39.312,124.125424,6
200809,서울특별시,11,양천구,1147,104.03604969,5.25,7.2500,57,2.6932333333,1,1,50.324232577,45.630606149,29.842477,0,0,180,113.355,38.94,128.216878,9
200812,서울특별시,11,양천구,1147,86.127248002,3.00,6.8100,83,4.3313010714,1,1,61.760953925,100,29.842477,60,0,186,94.249,38.67,129.852736,12
200903,서울특별시,11,양천구,1147,86.966560179,2.00,5.4300,190,10.981759901,1,1,61.718987772,100,25.626517,171,0,195,88.832,38.61226547,130.541711,3
200906,서울특별시,11,양천구,1147,96.333487132,2.00,5.2500,269,14.711606538,1,1,61.713666856,100,25.626517,48,0,209,85.09,38.886481048,132.995958,6
200909,서울특별시,11,양천구,1147,98.388951828,2.00,5.7700,260,12.887773536,1,1,55.184458592,61.180411425,25.626517,0,0,205,101.241,39.73417782,136.885476,9
200912,서울특별시,11,양천구,1147,96.958715768,2.00,5.9000,164,8.1986311667,1,1,55.147820616,53.115889349,25.626517,0,0,205,104.097,40.563106195,139.556317,12
201003,서울특별시,11,양천구,1147,100.20550153,2.00,5.4700,147,6.918740381,1,1,55.45478097,53.172531065,28.447707,0,0,205,95.757,41.29149696,140.959729,3
201006,서울특별시,11,양천구,1147,95.248603675,2.00,4.6200,103,4.8092958333,1,1,55.405869475,53.242317722,28.447707,0,0,77,97.3,42.057047881,147.444443,6
201009,서울특별시,11,양천구,1147,94.443986982,2.25,4.8000,104,5.2735963333,1,1,55.103669398,100,28.447707,0,0,56,100.096,42.968426109,149.638557,9
201012,서울특별시,11,양천구,1147,95.518454173,2.50,4.6700,209,11.540856099,1,1,55.081121116,100,28.447707,0,2356,66,107.329,44.371215491,152.647694,12
201103,서울특별시,11,양천구,1147,97.37781538,3.00,4.8900,190,8.6319243333,1,1,55.688123991,100,28.044993,0,466,53,104.918,46.39717639,157.61353872,3
201106,서울특별시,11,양천구,1147,94.812731017,3.25,4.8700,129,6.1445775,1,1,55.630402414,53.038152801,28.044993,1885,134,76,89.103,47.409686468,160.14337943,6
201109,서울특별시,11,양천구,1147,94.672386591,3.25,5.0000,158,7.126741479,1,1,55.907445385,53.065856775,28.044993,40,16,74,106.268,49.947337842,162.5033919,9
201112,서울특별시,11,양천구,1147,89.71082394,3.25,4.9500,134,6.9975936667,1,1,55.601548034,53.137443114,28.044993,0,0,57,108.968,50.829309685,164.60183642,12
201203,서울특별시,11,양천구,1147,90.188741144,3.25,5.0000,149,6.8316947222,1,1,56.037994217,53.178759754,28.071114,357,0,57,107.715,51.405824695,167.23806073,3
201206,서울특별시,11,양천구,1147,87.178678408,3.25,4.7600,87,3.7973916667,1,1,56.120616037,53.288198585,28.071114,0,0,57,93.732,52.080110853,169.04866903,6
201209,서울특별시,11,양천구,1147,84.142444305,3.00,4.2900,131,5.9234751667,1,1,56.157886474,53.34801545,28.071114,0,0,38,102.411,53.270940687,170.30362485,9
201212,서울특별시,11,양천구,1147,82.906746348,2.75,4.1600,129,5.8340866667,1,1,56.332553999,53.394459982,28.071114,0,0,86,100.771,54.810220654,170.93930064,12
201303,서울특별시,11,양천구,1147,85.267821296,2.75,3.9700,197,8.8525535714,1,1,56.152346294,53.434200386,25.925612,0,0,84,101.446,56.153232883,169.02103904,3
201306,서울특별시,11,양천구,1147,85.34671289,2.50,3.7300,171,7.747498,1,1,56.348811084,53.485995787,25.925612,0,0,45,86.885,56.726654406,170.54034361,6
201309,서울특별시,11,양천구,1147,87.440444488,2.50,3.8200,205,9.4790591667,1,1,56.407765011,53.511773765,25.925612,0,0,35,99.614,59.142058043,172.03377341,9
201312,서울특별시,11,양천구,1147,86.239549826,2.50,3.7400,194,9.1508133333,1,1,56.370481426,53.529596904,25.925612,0,0,43,100.675,61.461036445,170.75531388,12
201403,서울특별시,11,양천구,1147,87.399490295,2.50,3.6900,210,10.071455714,1,1,56.373498469,53.582267835,25.904587,0,0,34,107.329,63.228155915,171.93290707,3
201406,서울특별시,11,양천구,1147,88.861690485,2.50,3.5800,146,6.7459816667,1,1,56.610931252,53.631921717,25.904587,48,0,30,96.914,63.999129453,175.72446231,6
201409,서울특별시,11,양천구,1147,90.979385015,2.25,3.5000,285,14.091488074,1,1,70,63.696996182,25.904587,0,0,30,107.715,64.646119402,176.63674073,9
201412,서울특별시,11,양천구,1147,92.113176497,2.00,3.3300,178,8.1909028333,1,1,70,63.693839689,25.904587,0,0,30,112.44,65.705433586,180.9134017,12
201503,서울특별시,11,양천구,1147,92.938256305,1.75,2.9700,382,17.404580539,1,1,70,63.746776916,,0,0,30,98.5,67.631557386,266.63883286,3
201506,서울특별시,11,양천구,1147,95.083203513,1.50,3.0100,333,16.301450984,1,1,70,63.672078482,,248,0,30,91.6,69.570769984,271.7657338,6
201509,서울특별시,11,양천구,1147,97.746091836,1.50,2.9200,320,16.181029924,1,1,70,63.673898686,,0,0,30,110.8,71.808672278,284.97710897,9
201512,서울특별시,11,양천구,1147,98.308036728,1.50,3.1200,173,8.9457591667,1,1,70,63.67308636,,0,0,30,117.2,73.424723726,287.68694048,12
201603,서울특별시,11,양천구,1147,98.51546646,1.50,2.9700,312,14.026497619,1,1,70,63.605538529,26.647135,0,0,30,120.4,74.577835467,287.07989545,3
201606,서울특별시,11,양천구,1147,101.15270778,1.25,2.7700,391,22.321774933,1,1,70,63.615598583,26.647135,18,410,6,96.1,75.069395239,291.87419077,6
201609,서울특별시,11,양천구,1147,106.682794,1.25,2.8000,359,20.562097464,1,1,70,63.612273332,26.647135,0,0,6,109.4,74.178229776,298.62473014,9
201612,서울특별시,11,양천구,1147,106.21064994,1.25,3.1300,92,4.5911083333,1,1,70,63.61131715,26.647135,0,356,4,120.4,73.233544849,305.47632673,12
201703,서울특별시,11,양천구,1147,107.32557918,1.25,3.2100,249,13.324462667,1,1,70,63.602880978,26.647135,0,0,3,113.7,73.220091035,307.78434895,3
201706,서울특별시,11,양천구,1147,111.30311802,1.25,3.2200,302,18.729798512,1,1,70,63.611486173,26.647135,0,0,3,98.4,72.379698282,312.60006936,6
201709,서울특별시,11,양천구,1147,113.60400305,1.25,3.2400,215,12.849303333,1,1,45.395348837,44.604651163,26.647135,0,0,3,129,71.199623675,316.45983742,9
201712,서울특별시,11,양천구,1147,117.68038365,1.50,3.4200,64,3.5141125,1,1,45,45,26.647135,0,0,3,111.5,70.058967027,319.56180264,12
200603,서울특별시,11,강서구,1150,62.818925237,4.00,5.4600,370,9.7563726584,1,1,64.529486945,100,13.19655,19,0,0,109.907,48.372,104.381241,3
200606,서울특별시,11,강서구,1150,69.346613614,4.25,5.4800,259,5.7841967381,1,1,43.944172322,99.768339768,13.19655,0,0,0,99.469,47.454,107.564252,6
200609,서울특별시,11,강서구,1150,77.264764285,4.50,5.7700,432,11.654964802,1,1,44.42562142,97.361111111,13.19655,0,0,0,123.203,47.67,110.66641,9
200612,서울특별시,11,강서구,1150,90.528567737,4.50,5.8800,288,7.8633888585,1,1,50.724909913,97.5,13.19655,100,341,0,128.718,43.811,101.84374245,12
200703,서울특별시,11,강서구,1150,86.95319581,4.50,6.2000,169,4.1300568723,1,1,51.310225325,50.166578935,18.474853,90,0,0,110.893,42.987,107.877226,3
200706,서울특별시,11,강서구,1150,90.75791709,4.50,6.1300,176,4.6028005833,1,1,51.727097833,49.687914659,18.474853,0,0,0,102.227,43.14,110.307341,6
200709,서울특별시,11,강서구,1150,92.419805911,5.00,6.5200,162,4.5088811675,1,1,51.850829396,49.571034924,18.474853,59,0,0,108.332,42.811,112.626114,9
200712,서울특별시,11,강서구,1150,93.780758189,5.00,6.8500,158,4.5098084495,1,1,51.87211255,49.575421841,18.474853,2541,164,0,113.158,42.165,116.409487,12
200803,서울특별시,11,강서구,1150,91.642409226,5.00,6.7000,321,9.5771327164,1,1,52.182937313,49.164111093,19.163611,0,159,0,113.158,41.163,118.919127,3
200806,서울특별시,11,강서구,1150,100.69597841,5.00,6.7700,266,8.7087010857,1,1,52.393296921,47.660764724,19.163611,1289,0,78,91.984,39.312,124.125424,6
200809,서울특별시,11,강서구,1150,98.845878014,5.25,7.2500,75,2.6469810952,1,1,51.67269262,47.445856525,19.163611,48,185,78,113.355,38.94,128.216878,9
200812,서울특별시,11,강서구,1150,88.698025676,3.00,6.8100,54,1.8368724,1,1,61.760953925,100,19.163611,0,0,120,94.249,38.67,129.852736,12
200903,서울특별시,11,강서구,1150,94.017368864,2.00,5.4300,165,5.7500602167,1,1,61.718987772,100,20.317526,398,36,117,88.832,38.61226547,130.541711,3
200906,서울특별시,11,강서구,1150,98.705762885,2.00,5.2500,289,10.409994944,1,1,61.713666856,100,20.317526,0,0,26,85.09,38.886481048,132.995958,6
200909,서울특별시,11,강서구,1150,102.37139289,2.00,5.7700,255,9.33998,1,1,56.014167889,61.180411425,20.317526,0,135,24,101.241,39.73417782,136.885476,9
200912,서울특별시,11,강서구,1150,97.989045226,2.00,5.9000,131,4.6090666667,1,1,56.022529444,53.306066938,20.317526,154,0,24,104.097,40.563106195,139.556317,12
201003,서울특별시,11,강서구,1150,100.57540068,2.00,5.4700,155,5.3327308333,1,1,56.154181967,53.287165011,20.756696,0,0,21,95.757,41.29149696,140.959729,3
201006,서울특별시,11,강서구,1150,96.752973133,2.00,4.6200,102,3.6497633333,1,1,56.078255449,53.326990945,20.756696,233,0,21,97.3,42.057047881,147.444443,6
201009,서울특별시,11,강서구,1150,94.422417177,2.25,4.8000,100,3.3403135,1,1,56.348729976,100,20.756696,0,0,21,100.096,42.968426109,149.638557,9
201012,서울특별시,11,강서구,1150,95.45217138,2.50,4.6700,188,6.8051425455,1,1,56.281910013,100,20.756696,0,0,21,107.329,44.371215491,152.647694,12
201103,서울특별시,11,강서구,1150,97.294995318,3.00,4.8900,207,7.0964515,1,1,56.476251578,100,20.315706,0,0,14,104.918,46.39717639,157.61353872,3
201106,서울특별시,11,강서구,1150,95.567820562,3.25,4.8700,164,5.8730336273,1,1,56.353950302,53.038152801,20.315706,0,0,14,89.103,47.409686468,160.14337943,6
201109,서울특별시,11,강서구,1150,95.32333049,3.25,5.0000,178,5.9274711667,1,1,56.560410065,53.065856775,20.315706,0,0,11,106.268,49.947337842,162.5033919,9
201112,서울특별시,11,강서구,1150,94.453228889,3.25,4.9500,154,5.2469935,1,1,56.63345424,53.137443114,20.315706,0,0,9,108.968,50.829309685,164.60183642,12
201203,서울특별시,11,강서구,1150,93.169041341,3.25,5.0000,154,4.9930183333,1,1,56.68479702,53.178759754,19.984006,0,0,5,107.715,51.405824695,167.23806073,3
201206,서울특별시,11,강서구,1150,90.927169513,3.25,4.7600,91,2.959519,1,1,56.862431318,53.288198585,19.984006,0,0,5,93.732,52.080110853,168.5365483,6
201209,서울특별시,11,강서구,1150,89.957024934,3.00,4.2900,118,3.9053283333,1,1,56.890497467,53.34801545,19.984006,220,0,61,102.411,53.270940687,169.56891325,9
201212,서울특별시,11,강서구,1150,88.905723997,2.75,4.1600,126,3.9422951905,1,1,57.106895958,53.394459982,19.984006,0,0,57,100.771,54.810220654,170.93930064,12
201303,서울특별시,11,강서구,1150,88.487179411,2.75,3.9700,229,7.0301181789,1,1,57.053472201,53.434200386,18.913092,0,0,57,101.446,56.153232883,169.34191893,3
201306,서울특별시,11,강서구,1150,89.303852239,2.50,3.7300,150,4.7853316667,1,1,57.128512532,53.485995787,18.913092,0,0,56,86.885,56.726654406,170.9829411,6
201309,서울특별시,11,강서구,1150,90.180384506,2.50,3.8200,255,8.4917908333,1,1,57.202551026,53.511773765,18.913092,790,6510,56,99.614,59.142058043,172.03377341,9
201312,서울특별시,11,강서구,1150,91.32108327,2.50,3.7400,202,6.5403708333,1,1,57.279300085,53.529596904,18.913092,0,0,56,100.675,61.461036445,170.75531388,12
201403,서울특별시,11,강서구,1150,91.857416284,2.50,3.6900,275,9.3505978571,1,1,57.230371129,53.582267835,19.912533,0,0,56,107.329,63.228155915,171.18644986,3
201406,서울특별시,11,강서구,1150,90.793714928,2.50,3.5800,158,5.2452105,1,1,57.424842394,53.631921717,19.912533,6886,0,45,96.914,63.999129453,171.68830682,6
201409,서울특별시,11,강서구,1150,92.069519892,2.25,3.5000,297,9.9089703619,1,1,70,63.696996182,19.912533,0,0,21,107.715,64.646119402,176.63674073,9
201412,서울특별시,11,강서구,1150,93.068934065,2.00,3.3300,243,8.0993222381,1,1,70,63.693839689,19.912533,0,0,13,112.44,65.705433586,180.9134017,12
201503,서울특별시,11,강서구,1150,95.81866424,1.75,2.9700,499,17.43454756,1,1,70,63.746776916,,0,0,318,98.5,67.631557386,266.63883286,3
201506,서울특별시,11,강서구,1150,99.535375571,1.50,3.0100,432,15.231882029,1,1,70,63.672078482,,0,0,99,91.6,69.570769984,271.7657338,6
201509,서울특별시,11,강서구,1150,104.61945948,1.50,2.9200,372,13.98966455,1,1,70,63.673898686,,56,1792,10,110.8,71.808672278,279.39572417,9
201512,서울특별시,11,강서구,1150,105.33887517,1.50,3.1200,170,6.678902,1,1,70,63.67308636,,603,0,0,117.2,73.424723726,287.68694048,12
201603,서울특별시,11,강서구,1150,105.75112938,1.50,2.9700,361,13.346679665,1,1,70,63.605538529,21.531936,0,0,0,120.4,74.577835467,292.6149979,3
201606,서울특별시,11,강서구,1150,109.87523034,1.25,2.7700,440,18.249169646,1,1,70,63.615598583,21.531936,0,90,0,96.1,75.069395239,291.87419077,6
201609,서울특별시,11,강서구,1150,114.21745067,1.25,2.8000,341,15.09991056,1,1,70,63.612273332,21.531936,711,0,3,109.4,74.178229776,303.98293878,9
201612,서울특별시,11,강서구,1150,115.7943102,1.25,3.1300,73,2.9244963333,1,1,70,63.61131715,21.531936,0,0,0,120.4,73.233544849,305.47632673,12
201703,서울특별시,11,강서구,1150,115.78873619,1.25,3.2100,300,12.476233512,1,1,70,63.602880978,21.531936,1278,0,0,113.7,73.220091035,306.60869096,3
201706,서울특별시,11,강서구,1150,120.16201685,1.25,3.2200,422,19.011235966,1,1,70,63.611486173,21.531936,0,0,0,98.4,72.379698282,312.60006936,6
201709,서울특별시,11,강서구,1150,123.17760482,1.25,3.2400,215,10.621737143,1,1,44.139534884,45.860465116,21.531936,90,0,0,129,71.199623675,316.45983742,9
201712,서울특별시,11,강서구,1150,123.33967371,1.50,3.4200,74,3.4908166667,1,1,44.054054054,45.945945946,21.531936,25,0,0,111.5,70.058967027,319.56180264,12
200603,서울특별시,11,구로구,1153,69.761074856,4.00,5.4600,283,6.2977678326,1,1,42.912677374,98.871962482,9.796437,0,0,18,109.907,48.372,104.381241,3
200606,서울특별시,11,구로구,1153,72.04066237,4.25,5.4800,186,3.9893202381,1,1,43.944172322,99.032258065,9.796437,1138,0,0,99.469,47.454,107.564252,6
200609,서울특별시,11,구로구,1153,75.798847758,4.50,5.7700,327,7.3872706142,1,1,44.42562142,98.899082569,9.796437,244,0,0,123.203,47.67,110.66641,9
200612,서울특별시,11,구로구,1153,81.946465371,4.50,5.8800,292,6.4088572348,1,1,50.966183427,98.97260274,9.796437,155,0,0,128.718,43.811,101.84374245,12
200703,서울특별시,11,구로구,1153,89.384922336,4.50,6.2000,206,4.877394375,1,1,51.353610696,50.213064069,13.204802,103,662,0,110.893,42.987,107.877226,3
200706,서울특별시,11,구로구,1153,89.969376459,4.50,6.1300,169,4.4930168333,1,1,51.657807898,49.367975642,13.204802,46,0,0,102.227,43.14,110.307341,6
200709,서울특별시,11,구로구,1153,88.96009579,5.00,6.5200,186,4.745501875,1,1,52.075309571,49.642536073,13.204802,130,0,0,108.332,42.811,112.626114,9
200712,서울특별시,11,구로구,1153,90.410159099,5.00,6.8500,192,5.4602047619,1,1,52.012950585,49.217675886,13.204802,0,35,0,113.158,42.165,116.409487,12
200803,서울특별시,11,구로구,1153,96.570152802,5.00,6.7000,294,8.4771341691,1,1,52.437651368,48.849891504,14.675281,35,0,0,113.158,41.163,118.919127,3
200806,서울특별시,11,구로구,1153,98.036757529,5.00,6.7700,201,6.6368106548,1,1,52.327093834,46.879912936,14.675281,0,0,0,91.984,39.312,124.125424,6
200809,서울특별시,11,구로구,1153,96.94532815,5.25,7.2500,66,2.0515,1,1,52.689174981,47.531369332,14.675281,0,0,0,113.355,38.94,128.216878,9
200812,서울특별시,11,구로구,1153,87.224591113,3.00,6.8100,28,0.85457,1,1,61.760953925,100,14.675281,19,0,0,94.249,38.67,129.852736,12
200903,서울특별시,11,구로구,1153,91.153854986,2.00,5.4300,126,3.977385,1,1,61.718987772,100,15.05651,53,0,0,88.832,38.61226547,130.541711,3
200906,서울특별시,11,구로구,1153,95.866360073,2.00,5.2500,175,5.8460233333,1,1,61.713666856,100,15.05651,56,0,0,85.09,38.886481048,132.995958,6
200909,서울특별시,11,구로구,1153,99.185113044,2.00,5.7700,199,6.6909143571,1,1,56.162813083,61.180411425,15.05651,0,1338,0,101.241,39.73417782,136.885476,9
200912,서울특별시,11,구로구,1153,99.772370596,2.00,5.9000,121,4.0202706905,1,1,56.180468307,53.283284566,15.05651,0,0,0,104.097,40.563106195,139.556317,12
201003,서울특별시,11,구로구,1153,99.368775474,2.00,5.4700,148,4.2826280952,1,1,56.358075755,53.413278149,16.133881,0,0,0,95.757,41.29149696,140.959729,3
201006,서울특별시,11,구로구,1153,95.668695646,2.00,4.6200,72,2.318175,1,1,56.294537394,53.311928178,16.133881,0,79,101,97.3,42.057047881,147.444443,6
201009,서울특별시,11,구로구,1153,94.145615685,2.25,4.8000,87,2.6327116667,1,1,56.53477351,100,16.133881,0,0,101,100.096,42.968426109,149.638557,9
201012,서울특별시,11,구로구,1153,96.253950586,2.50,4.6700,145,4.7816732202,1,1,56.444381325,100,16.133881,0,1204,77,107.329,44.371215491,152.647694,12
201103,서울특별시,11,구로구,1153,98.198392108,3.00,4.8900,189,5.7218698333,1,1,56.556566674,100,15.345676,0,1000,155,104.918,46.39717639,157.61353872,3
201106,서울특별시,11,구로구,1153,96.787481935,3.25,4.8700,130,4.208635,1,1,56.51025477,53.038152801,15.345676,1728,1358,141,89.103,47.409686468,160.14337943,6
201109,서울특별시,11,구로구,1153,96.698816235,3.25,5.0000,143,4.4385040167,1,1,56.673311312,53.065856775,15.345676,27,172,113,106.268,49.947337842,162.5033919,9
201112,서울특별시,11,구로구,1153,96.168299516,3.25,4.9500,138,4.3302105333,1,1,56.708290248,53.137443114,15.345676,0,0,193,108.968,50.829309685,164.60183642,12
201203,서울특별시,11,구로구,1153,95.757683962,3.25,5.0000,164,4.924265,1,1,56.730680264,53.178759754,16.82293,0,0,174,107.715,51.405824695,167.23806073,3
201206,서울특별시,11,구로구,1153,93.17666533,3.25,4.7600,87,2.680155,1,1,56.965134685,53.288198585,16.82293,0,0,170,93.732,52.080110853,168.5365483,6
201209,서울특별시,11,구로구,1153,92.826273622,3.00,4.2900,96,3.0469733333,1,1,56.987752218,53.34801545,16.82293,0,0,578,102.411,53.270940687,170.30362485,9
201212,서울특별시,11,구로구,1153,90.148225954,2.75,4.1600,108,3.2729943333,1,1,57.047295652,53.394459982,16.82293,0,0,481,100.771,54.810220654,170.93930064,12
201303,서울특별시,11,구로구,1153,91.923764396,2.75,3.9700,182,5.575252119,1,1,57.113029979,53.434200386,16.398231,0,0,442,101.446,56.153232883,169.02103904,3
201306,서울특별시,11,구로구,1153,91.187364688,2.50,3.7300,145,4.3433759048,1,1,57.226931032,53.485995787,16.398231,0,0,405,86.885,56.726654406,170.54034361,6
201309,서울특별시,11,구로구,1153,93.038246118,2.50,3.8200,210,6.1722940952,1,1,57.359160316,53.511773765,16.398231,0,0,319,99.614,59.142058043,172.03377341,9
201312,서울특별시,11,구로구,1153,93.905340885,2.50,3.7400,151,4.6280365381,1,1,57.338627688,53.529596904,16.398231,571,0,155,100.675,61.461036445,170.75531388,12
201403,서울특별시,11,구로구,1153,95.258971653,2.50,3.6900,246,7.50883875,1,1,57.412096756,53.582267835,16.613925,0,0,112,107.329,63.228155915,171.68830682,3
201406,서울특별시,11,구로구,1153,93.968270832,2.50,3.5800,142,4.3350775,1,1,57.447164412,53.631921717,16.613925,37,0,83,96.914,63.999129453,175.72446231,6
201409,서울특별시,11,구로구,1153,95.217952709,2.25,3.5000,243,7.6386138095,1,1,70,63.696996182,16.613925,0,0,5,107.715,64.646119402,179.57457831,9
201412,서울특별시,11,구로구,1153,95.378023507,2.00,3.3300,187,5.6217151786,1,1,70,63.693839689,16.613925,0,189,6,112.44,65.705433586,180.9134017,12
201503,서울특별시,11,구로구,1153,97.453064747,1.75,2.9700,389,12.519396802,1,1,70,63.746776916,,0,0,0,98.5,67.631557386,266.63883286,3
201506,서울특별시,11,구로구,1153,99.695262091,1.50,3.0100,294,9.9974028175,1,1,70,63.672078482,,0,0,0,91.6,69.570769984,274.52190625,6
201509,서울특별시,11,구로구,1153,102.79989276,1.50,2.9200,255,8.7496491775,1,1,70,63.673898686,,0,0,0,110.8,71.808672278,279.39572417,9
201512,서울특별시,11,구로구,1153,103.12107276,1.50,3.1200,182,6.0459775,1,1,70,63.67308636,,0,0,0,117.2,73.424723726,287.68694048,12
201603,서울특별시,11,구로구,1153,102.52790144,1.50,2.9700,288,9.4885766595,1,1,70,63.605538529,17.151548,0,0,0,120.4,74.577835467,292.6149979,3
201606,서울특별시,11,구로구,1153,105.22282662,1.25,2.7700,335,11.875207017,1,1,70,63.615598583,17.151548,0,0,0,96.1,75.069395239,291.87419077,6
201609,서울특별시,11,구로구,1153,109.16000959,1.25,2.8000,314,11.140639071,1,1,70,63.612273332,17.151548,0,0,0,109.4,74.178229776,301.19151583,9
201612,서울특별시,11,구로구,1153,109.49468001,1.25,3.1300,100,3.4912833333,1,1,70,63.61131715,17.151548,0,0,0,120.4,73.233544849,305.47632673,12
201703,서울특별시,11,구로구,1153,110.08523157,1.25,3.2100,258,9.0169866667,1,1,70,63.602880978,17.151548,0,0,0,113.7,73.220091035,308.50237967,3
201706,서울특별시,11,구로구,1153,113.33133383,1.25,3.2200,367,13.725999567,1,1,70,63.611486173,17.151548,0,419,0,98.4,72.379698282,312.60006936,6
201709,서울특별시,11,구로구,1153,115.73122634,1.25,3.2400,235,8.9376437554,1,1,41.829787234,48.170212766,17.151548,0,0,39,129,71.199623675,316.45983742,9
201712,서울특별시,11,구로구,1153,115.87115971,1.50,3.4200,74,3.0156666667,1,1,42.567567568,47.432432432,17.151548,0,337,15,111.5,70.058967027,319.56180264,12
200603,서울특별시,11,금천구,1154,67.621541758,4.00,5.4600,76,1.4548428776,1,1,42.912677374,100,3.395082,0,0,0,109.907,48.372,104.381241,3
200606,서울특별시,11,금천구,1154,69.987682722,4.25,5.4800,62,1.2144150476,1,1,43.944172322,100,3.395082,0,0,0,99.469,47.454,107.564252,6
200609,서울특별시,11,금천구,1154,72.813682694,4.50,5.7700,99,1.8744734721,1,1,44.42562142,100,3.395082,0,0,0,123.203,47.67,110.66641,9
200612,서울특별시,11,금천구,1154,83.58705997,4.50,5.8800,103,2.1019464242,1,1,51.134513785,100,3.395082,206,0,0,128.718,43.811,101.84374245,12
200703,서울특별시,11,금천구,1154,89.445103757,4.50,6.2000,81,1.6698687381,1,1,51.551776311,51.260103406,4.081491,0,0,0,110.893,42.987,107.877226,3
200706,서울특별시,11,금천구,1154,89.032821781,4.50,6.1300,50,1.1177329167,1,1,51.905422692,49.569006079,4.081491,0,0,0,102.227,43.14,110.307341,6
200709,서울특별시,11,금천구,1154,91.218325875,5.00,6.5200,61,1.3832833333,1,1,52.248479991,50.48689324,4.081491,0,0,0,108.332,42.811,112.626114,9
200712,서울특별시,11,금천구,1154,96.698936902,5.00,6.8500,60,1.5082746429,1,1,52.350108307,49.013138017,4.081491,0,0,0,113.158,42.165,116.409487,12
200803,서울특별시,11,금천구,1154,108.97821017,5.00,6.7000,101,2.5622158095,1,1,52.702257231,49.693131006,4.458425,0,0,0,113.158,41.163,118.919127,3
200806,서울특별시,11,금천구,1154,110.28908974,5.00,6.7700,63,1.8218695556,1,1,52.768724458,47.994440806,4.458425,19,0,0,91.984,39.312,124.125424,6
200809,서울특별시,11,금천구,1154,103.22287575,5.25,7.2500,18,0.537575,1,1,52.857466762,45.918478614,4.458425,0,0,0,113.355,38.94,128.216878,9
200812,서울특별시,11,금천구,1154,101.65013334,3.00,6.8100,10,0.32755,1,1,61.760953925,100,4.458425,0,0,0,94.249,38.67,129.852736,12
200903,서울특별시,11,금천구,1154,105.30347324,2.00,5.4300,40,1.0464232143,1,1,61.718987772,100,4.287319,0,0,0,88.832,38.61226547,130.541711,3
200906,서울특별시,11,금천구,1154,100.61690508,2.00,5.2500,47,1.2737533333,1,1,61.713666856,100,4.287319,0,0,0,85.09,38.886481048,132.995958,6
200909,서울특별시,11,금천구,1154,111.13430861,2.00,5.7700,68,1.8344866667,1,1,56.395498929,61.180411425,4.287319,0,0,0,101.241,39.73417782,136.885476,9
200912,서울특별시,11,금천구,1154,100.06235166,2.00,5.9000,36,0.982415,1,1,56.408248027,53.460754284,4.287319,0,0,0,104.097,40.563106195,139.556317,12
201003,서울특별시,11,금천구,1154,101.68144576,2.00,5.4700,43,1.1771633333,1,1,56.419922208,53.459186481,4.49052,0,0,0,95.757,41.29149696,140.959729,3
201006,서울특별시,11,금천구,1154,100.98536859,2.00,4.6200,22,0.581977,1,1,56.488052818,53.572650975,4.49052,0,0,0,97.3,42.057047881,147.444443,6
201009,서울특별시,11,금천구,1154,100.20039115,2.25,4.8000,30,0.7624566667,1,1,56.53477351,100,4.49052,0,0,0,100.096,42.968426109,149.638557,9
201012,서울특별시,11,금천구,1154,101.29334113,2.50,4.6700,37,0.93804,1,1,56.605993,100,4.49052,0,0,0,107.329,44.371215491,152.647694,12
201103,서울특별시,11,금천구,1154,104.68093825,3.00,4.8900,56,1.45833375,1,1,56.681380675,100,4.228412,0,0,0,104.918,46.39717639,157.61353872,3
201106,서울특별시,11,금천구,1154,100.96976063,3.25,4.8700,41,1.0530833333,1,1,56.728106888,53.038152801,4.228412,0,0,0,89.103,47.409686468,160.14337943,6
201109,서울특별시,11,금천구,1154,103.45389427,3.25,5.0000,46,1.1997583333,1,1,56.772146174,53.065856775,4.228412,0,0,0,106.268,49.947337842,162.5033919,9
201112,서울특별시,11,금천구,1154,98.291322182,3.25,4.9500,35,0.8868130952,1,1,56.880816372,53.137443114,4.228412,0,0,0,108.968,50.829309685,164.60183642,12
201203,서울특별시,11,금천구,1154,101.80515915,3.25,5.0000,58,1.4556625,1,1,56.962353039,53.178759754,4.904011,0,0,0,107.715,51.405824695,167.23806073,3
201206,서울특별시,11,금천구,1154,99.018600995,3.25,4.7600,32,0.757225,1,1,57.077737171,53.288198585,4.904011,0,0,0,93.732,52.080110853,168.5365483,6
201209,서울특별시,11,금천구,1154,98.238680284,3.00,4.2900,43,1.1481383333,1,1,57.142834119,53.34801545,4.904011,0,0,0,102.411,53.270940687,169.36900072,9
201212,서울특별시,11,금천구,1154,96.158701411,2.75,4.1600,40,0.9665983333,1,1,57.186363032,53.394459982,4.904011,0,0,0,100.771,54.810220654,170.93930064,12
201303,서울특별시,11,금천구,1154,95.61357196,2.75,3.9700,62,1.5620138889,1,1,57.251353825,53.434200386,4.774395,0,0,0,101.446,56.153232883,169.77717703,3
201306,서울특별시,11,금천구,1154,97.650293751,2.50,3.7300,58,1.4865424242,1,1,57.332379425,53.485995787,4.774395,0,0,0,86.885,56.726654406,170.54034361,6
201309,서울특별시,11,금천구,1154,97.376142623,2.50,3.8200,58,1.4669169823,1,1,57.383585618,53.511773765,4.774395,0,0,0,99.614,59.142058043,172.03377341,9
201312,서울특별시,11,금천구,1154,101.21069592,2.50,3.7400,46,1.1943666667,1,1,57.406913591,53.529596904,4.774395,0,0,0,100.675,61.461036445,170.75531388,12
201403,서울특별시,11,금천구,1154,101.56193812,2.50,3.6900,68,1.8949737857,1,1,57.497377554,53.582267835,4.793243,0,0,0,107.329,63.228155915,171.68830682,3
201406,서울특별시,11,금천구,1154,102.1712998,2.50,3.5800,53,1.4483610833,1,1,57.559724377,53.631921717,4.793243,0,0,0,96.914,63.999129453,171.68830682,6
201409,서울특별시,11,금천구,1154,103.17600604,2.25,3.5000,75,1.9442520833,1,1,70,63.696996182,4.793243,0,0,0,107.715,64.646119402,178.23760677,9
201412,서울특별시,11,금천구,1154,101.87876012,2.00,3.3300,51,1.3188715476,1,1,70,63.693839689,4.793243,0,0,0,112.44,65.705433586,180.9134017,12
201503,서울특별시,11,금천구,1154,105.22685526,1.75,2.9700,93,2.56476,1,1,70,63.746776916,,0,0,0,98.5,67.631557386,264.26647725,3
201506,서울특별시,11,금천구,1154,108.84940574,1.50,3.0100,94,2.642561804,1,1,70,63.672078482,,0,0,0,91.6,69.570769984,271.7657338,6
201509,서울특별시,11,금천구,1154,110.28723241,1.50,2.9200,93,2.7036937302,1,1,70,63.673898686,,0,0,0,110.8,71.808672278,279.39572417,9
201512,서울특별시,11,금천구,1154,108.89298957,1.50,3.1200,51,1.3718686667,1,1,70,63.67308636,,0,0,0,117.2,73.424723726,287.68694048,12
201603,서울특별시,11,금천구,1154,111.46512871,1.50,2.9700,92,2.7118976667,1,1,70,63.605538529,4.945784,0,0,0,120.4,74.577835467,287.07989545,3
201606,서울특별시,11,금천구,1154,113.63457782,1.25,2.7700,82,2.3883536905,1,1,70,63.615598583,4.945784,0,0,0,96.1,75.069395239,291.87419077,6
201609,서울특별시,11,금천구,1154,115.87572404,1.25,2.8000,97,3.0340031349,1,1,70,63.612273332,4.945784,0,432,0,109.4,74.178229776,298.62473014,9
201612,서울특별시,11,금천구,1154,115.5962388,1.25,3.1300,38,1.1894416667,1,1,70,63.61131715,4.945784,0,0,0,120.4,73.233544849,305.47632673,12
201703,서울특별시,11,금천구,1154,120.13464546,1.25,3.2100,83,2.6374252381,1,1,70,63.602880978,4.945784,0,0,0,113.7,73.220091035,308.50237967,3
201706,서울특별시,11,금천구,1154,121.24776175,1.25,3.2200,95,3.1053324246,1,1,70,63.611486173,4.945784,0,0,0,98.4,72.379698282,315.17031311,6
201709,서울특별시,11,금천구,1154,124.73944829,1.25,3.2400,62,2.1251566667,1,1,40.64516129,49.35483871,4.945784,0,0,0,129,71.199623675,319.1024339,9
201712,서울특별시,11,금천구,1154,124.31174006,1.50,3.4200,17,0.569925,1,1,41.764705882,48.235294118,4.945784,0,919,0,111.5,70.058967027,319.56180264,12
200603,서울특별시,11,영등포구,1156,67.38460271,4.00,5.4600,278,10.004677796,1,1,42.912677374,91.578942944,15.696853,85,218,0,109.907,48.372,104.381241,3
200606,서울특별시,11,영등포구,1156,66.595510641,4.25,5.4800,173,6.0792565833,1,1,43.944172322,91.329479769,15.696853,0,0,0,99.469,47.454,107.564252,6
200609,서울특별시,11,영등포구,1156,71.532348055,4.50,5.7700,268,9.8900207121,1,1,44.42562142,92.388059701,15.696853,0,232,0,123.203,47.67,110.66641,9
200612,서울특별시,11,영등포구,1156,85.126193586,4.50,5.8800,199,7.200083369,1,1,49.652529925,90.954773869,15.696853,86,0,0,128.718,43.811,101.84374245,12
200703,서울특별시,11,영등포구,1156,85.082402706,4.50,6.2000,133,4.948389859,1,1,50.247310177,47.794340254,20.188941,0,0,0,110.893,42.987,107.877226,3
200706,서울특별시,11,영등포구,1156,83.393282016,4.50,6.1300,108,4.0408685476,1,1,50.646140973,47.124905584,20.188941,0,0,0,102.227,43.14,110.307341,6
200709,서울특별시,11,영등포구,1156,86.404556601,5.00,6.5200,120,4.41843,1,1,50.995880615,47.020616952,20.188941,314,0,0,108.332,42.811,112.626114,9
200712,서울특별시,11,영등포구,1156,87.674284083,5.00,6.8500,145,6.483162,1,1,50.192298887,45.881233111,20.188941,0,0,0,113.158,42.165,116.409487,12
200803,서울특별시,11,영등포구,1156,88.957669018,5.00,6.7000,231,10.128231452,1,1,50.681630641,45.32588722,21.928834,0,0,0,113.158,41.163,118.919127,3
200806,서울특별시,11,영등포구,1156,93.53680408,5.00,6.7700,168,7.1910833333,1,1,51.315680843,45.000864722,21.928834,348,0,0,91.984,39.312,124.125424,6
200809,서울특별시,11,영등포구,1156,92.417507605,5.25,7.2500,70,2.9967691667,1,1,51.270715679,44.882320735,21.928834,0,0,108,113.355,38.94,128.216878,9
200812,서울특별시,11,영등포구,1156,82.689117356,3.00,6.8100,36,1.5218875,1,1,61.760953925,100,21.928834,0,0,108,94.249,38.67,129.852736,12
200903,서울특별시,11,영등포구,1156,85.272538922,2.00,5.4300,141,6.757172381,1,1,61.718987772,100,21.051707,70,70,95,88.832,38.61226547,130.541711,3
200906,서울특별시,11,영등포구,1156,95.551664711,2.00,5.2500,201,9.9768900913,1,1,61.713666856,100,21.051707,0,166,21,85.09,38.886481048,132.995958,6
200909,서울특별시,11,영등포구,1156,95.305998133,2.00,5.7700,203,9.6568636111,1,1,55.597145766,61.180411425,21.051707,0,0,22,101.241,39.73417782,136.885476,9
200912,서울특별시,11,영등포구,1156,94.667401495,2.00,5.9000,126,5.9871158333,1,1,55.569741467,53.028685152,21.051707,198,125,38,104.097,40.563106195,139.556317,12
201003,서울특별시,11,영등포구,1156,97.838367789,2.00,5.4700,133,5.9137913333,1,1,55.731706045,53.087725448,22.971054,299,0,61,95.757,41.29149696,140.959729,3
201006,서울특별시,11,영등포구,1156,90.224796171,2.00,4.6200,65,3.4300616667,1,1,55.201919537,53.114953537,22.971054,0,0,20,97.3,42.057047881,147.444443,6
201009,서울특별시,11,영등포구,1156,92.094027014,2.25,4.8000,69,3.1624104333,1,1,55.658481499,100,22.971054,0,0,19,100.096,42.968426109,149.638557,9
201012,서울특별시,11,영등포구,1156,92.365644051,2.50,4.6700,151,7.631764119,1,1,55.550700869,100,22.971054,0,0,16,107.329,44.371215491,152.647694,12
201103,서울특별시,11,영등포구,1156,94.17012434,3.00,4.8900,166,7.9406598333,1,1,55.715049624,100,21.843405,0,0,16,104.918,46.39717639,157.61353872,3
201106,서울특별시,11,영등포구,1156,91.66645399,3.25,4.8700,115,4.8431251667,1,1,56.153482459,53.038152801,21.843405,0,0,16,89.103,47.409686468,160.14337943,6
201109,서울특별시,11,영등포구,1156,90.788250654,3.25,5.0000,123,5.6031696667,1,1,56.044410887,53.065856775,21.843405,0,0,16,106.268,49.947337842,162.5033919,9
201112,서울특별시,11,영등포구,1156,86.786876289,3.25,4.9500,116,5.597443,1,1,55.608287474,53.137443114,21.843405,0,0,16,108.968,50.829309685,164.60183642,12
201203,서울특별시,11,영등포구,1156,86.788321538,3.25,5.0000,126,5.2759423694,1,1,56.170804393,53.178759754,21.590086,0,0,16,107.715,51.405824695,167.23806073,3
201206,서울특별시,11,영등포구,1156,85.422862956,3.25,4.7600,85,3.554477,1,1,56.213347497,53.288198585,21.590086,0,836,1,93.732,52.080110853,168.0988424,6
201209,서울특별시,11,영등포구,1156,80.063304718,3.00,4.2900,102,4.6289716667,1,1,56.072464921,53.34801545,21.590086,0,0,292,102.411,53.270940687,169.56891325,9
201212,서울특별시,11,영등포구,1156,81.956952734,2.75,4.1600,104,4.4052,1,1,56.271727569,53.394459982,21.590086,0,0,256,100.771,54.810220654,170.93930064,12
201303,서울특별시,11,영등포구,1156,81.173937376,2.75,3.9700,170,7.3163208667,1,1,56.273973803,53.434200386,20.038899,0,0,255,101.446,56.153232883,169.02103904,3
201306,서울특별시,11,영등포구,1156,81.340320374,2.50,3.7300,161,6.5135531667,1,1,56.69925243,53.485995787,20.038899,0,0,255,86.885,56.726654406,170.9829411,6
201309,서울특별시,11,영등포구,1156,81.958777679,2.50,3.8200,149,5.707639381,1,1,56.936061626,53.511773765,20.038899,0,0,179,99.614,59.142058043,172.03377341,9
201312,서울특별시,11,영등포구,1156,81.373174793,2.50,3.7400,157,7.0580183333,1,1,56.454607963,53.529596904,20.038899,0,0,131,100.675,61.461036445,170.75531388,12
201403,서울특별시,11,영등포구,1156,84.672799808,2.50,3.6900,210,9.2797710714,1,1,56.598274286,53.582267835,19.340348,836,0,73,107.329,63.228155915,171.93290707,3
201406,서울특별시,11,영등포구,1156,83.738056459,2.50,3.5800,145,5.9865129167,1,1,57.045312401,53.631921717,19.340348,0,0,29,96.914,63.999129453,175.72446231,6
201409,서울특별시,11,영등포구,1156,84.388839851,2.25,3.5000,221,9.3045771802,1,1,70,63.696996182,19.340348,0,0,29,107.715,64.646119402,178.23760677,9
201412,서울특별시,11,영등포구,1156,85.064934451,2.00,3.3300,167,7.2225766667,1,1,70,63.693839689,19.340348,0,1920,8,112.44,65.705433586,180.9134017,12
201503,서울특별시,11,영등포구,1156,86.813515963,1.75,2.9700,304,13.614394134,1,1,70,63.746776916,,0,0,8,98.5,67.631557386,264.26647725,3
201506,서울특별시,11,영등포구,1156,88.312864922,1.50,3.0100,271,11.840422071,1,1,70,63.672078482,,0,0,8,91.6,69.570769984,271.7657338,6
201509,서울특별시,11,영등포구,1156,91.520229741,1.50,2.9200,266,12.313247857,1,1,70,63.673898686,,49,222,0,110.8,71.808672278,284.97710897,9
201512,서울특별시,11,영등포구,1156,92.628744374,1.50,3.1200,159,7.7616316667,1,1,70,63.67308636,,949,162,0,117.2,73.424723726,287.68694048,12
201603,서울특별시,11,영등포구,1156,91.94525705,1.50,2.9700,251,11.410955227,1,1,70,63.605538529,19.968828,0,128,157,120.4,74.577835467,287.07989545,3
201606,서울특별시,11,영등포구,1156,95.848223976,1.25,2.7700,311,15.919278333,1,1,70,63.615598583,19.968828,0,0,116,96.1,75.069395239,296.04091152,6
201609,서울특별시,11,영등포구,1156,100.69280414,1.25,2.8000,281,15.428219667,1,1,70,63.612273332,19.968828,0,0,56,109.4,74.178229776,303.98293878,9
201612,서울특별시,11,영등포구,1156,102.12704397,1.25,3.1300,69,3.4541416667,1,1,70,63.61131715,19.968828,0,0,54,120.4,73.233544849,305.47632673,12
201703,서울특별시,11,영등포구,1156,103.84537232,1.25,3.2100,263,13.867608667,1,1,70,63.602880978,19.968828,1722,0,0,113.7,73.220091035,307.78434895,3
201706,서울특별시,11,영등포구,1156,107.5727545,1.25,3.2200,278,15.134866667,1,1,70,63.611486173,19.968828,1419,1008,0,98.4,72.379698282,315.17031311,6
201709,서울특별시,11,영등포구,1156,110.49682243,1.25,3.2400,210,12.051735476,1,1,45.238095238,44.761904762,19.968828,277,684,0,129,71.199623675,316.45983742,9
201712,서울특별시,11,영등포구,1156,113.87926612,1.50,3.4200,77,4.392325,1,1,45.454545455,44.545454545,19.968828,0,0,0,111.5,70.058967027,319.56180264,12
200603,서울특별시,11,동작구,1159,68.220256028,4.00,5.4600,183,6.6162379412,1,1,42.912677374,95.929613256,10.489127,163,0,0,109.907,48.372,104.381241,3
200606,서울특별시,11,동작구,1159,74.132783809,4.25,5.4800,92,3.1663266667,1,1,43.944172322,97.391304348,10.489127,0,0,0,99.469,47.454,107.564252,6
200609,서울특별시,11,동작구,1159,78.531847506,4.50,5.7700,181,6.780724462,1,1,44.42562142,92.044198895,10.489127,118,0,0,123.203,47.67,110.66641,9
200612,서울특별시,11,동작구,1159,84.004035735,4.50,5.8800,153,5.8434915,1,1,49.592475678,90.588235294,10.489127,0,0,0,128.718,43.811,101.84374245,12
200703,서울특별시,11,동작구,1159,87.978519437,4.50,6.2000,106,3.8427121667,1,1,50.588990541,47.045884363,14.068282,0,0,0,110.893,42.987,107.877226,3
200706,서울특별시,11,동작구,1159,82.616954741,4.50,6.1300,96,3.8552316667,1,1,50.597707061,45.541802495,14.068282,0,0,0,102.227,43.14,110.307341,6
200709,서울특별시,11,동작구,1159,83.112195645,5.00,6.5200,90,3.5536333333,1,1,50.816937846,45.878767912,14.068282,1122,0,0,108.332,42.811,112.626114,9
200712,서울특별시,11,동작구,1159,82.535647566,5.00,6.8500,117,5.1335293333,1,1,50.598040829,44.6592416,14.068282,415,0,0,113.158,42.165,116.409487,12
200803,서울특별시,11,동작구,1159,92.112042182,5.00,6.7000,176,7.7001298712,1,1,50.744775222,44.831741988,15.509057,0,140,326,113.158,41.163,118.919127,3
200806,서울특별시,11,동작구,1159,96.45396107,5.00,6.7700,118,5.4405875,1,1,51.264186231,44.144068616,15.509057,0,403,596,91.984,39.312,124.125424,6
200809,서울특별시,11,동작구,1159,97.266790378,5.25,7.2500,49,2.336355,1,1,50.590679501,43.728046428,15.509057,0,0,596,113.355,38.94,128.216878,9
200812,서울특별시,11,동작구,1159,87.184946075,3.00,6.8100,26,1.1423705,1,1,61.760953925,100,15.509057,0,0,601,94.249,38.67,129.852736,12
200903,서울특별시,11,동작구,1159,86.150483318,2.00,5.4300,93,3.9897358333,1,1,61.718987772,100,14.795857,18,0,601,88.832,38.61226547,130.541711,3
200906,서울특별시,11,동작구,1159,92.220461718,2.00,5.2500,141,6.8089859615,1,1,61.713666856,100,14.795857,0,0,662,85.09,38.886481048,132.995958,6
200909,서울특별시,11,동작구,1159,99.19405978,2.00,5.7700,150,7.2885868571,1,1,55.376800293,61.180411425,14.795857,0,0,662,101.241,39.73417782,136.885476,9
200912,서울특별시,11,동작구,1159,95.699117339,2.00,5.9000,87,4.0144033333,1,1,55.563455811,52.981008558,14.795857,0,0,650,104.097,40.563106195,139.556317,12
201003,서울특별시,11,동작구,1159,96.10458099,2.00,5.4700,91,4.3114465,1,1,55.816409573,53.000838401,15.334421,344,301,650,95.757,41.29149696,140.959729,3
201006,서울특별시,11,동작구,1159,88.951301963,2.00,4.6200,41,1.941015,1,1,55.695111568,53.014640598,15.334421,0,0,513,97.3,42.057047881,147.444443,6
201009,서울특별시,11,동작구,1159,89.874878318,2.25,4.8000,55,2.5374896667,1,1,55.604555837,100,15.334421,18,0,461,100.096,42.968426109,149.638557,9
201012,서울특별시,11,동작구,1159,92.257494574,2.50,4.6700,123,5.6098341746,1,1,55.80581812,100,15.334421,140,963,406,107.329,44.371215491,152.647694,12
201103,서울특별시,11,동작구,1159,94.779816803,3.00,4.8900,125,5.8820666667,1,1,55.77553058,100,15.852134,655,0,287,104.918,46.39717639,157.61353872,3
201106,서울특별시,11,동작구,1159,92.263218699,3.25,4.8700,80,3.7755833333,1,1,55.902084272,53.038152801,15.852134,0,0,271,89.103,47.409686468,160.14337943,6
201109,서울특별시,11,동작구,1159,93.048466973,3.25,5.0000,85,3.6364833333,1,1,56.21789577,53.065856775,15.852134,0,0,257,106.268,49.947337842,162.5033919,9
201112,서울특별시,11,동작구,1159,90.108594743,3.25,4.9500,92,4.56096525,1,1,55.845659625,53.137443114,15.852134,0,0,337,108.968,50.829309685,164.60183642,12
201203,서울특별시,11,동작구,1159,88.990662197,3.25,5.0000,99,4.7214116667,1,1,56.14681807,53.178759754,16.325833,0,0,281,107.715,51.405824695,167.23806073,3
201206,서울특별시,11,동작구,1159,87.808267824,3.25,4.7600,72,3.267981,1,1,56.397430483,53.288198585,16.325833,0,0,240,93.732,52.080110853,168.5365483,6
201209,서울특별시,11,동작구,1159,86.6206397,3.00,4.2900,83,3.6626131667,1,1,56.425346771,53.34801545,16.325833,1559,0,232,102.411,53.270940687,169.56891325,9
201212,서울특별시,11,동작구,1159,85.617905145,2.75,4.1600,89,3.8830212859,1,1,56.286331447,53.394459982,16.325833,963,0,231,100.771,54.810220654,170.93930064,12
201303,서울특별시,11,동작구,1159,86.143239892,2.75,3.9700,148,6.6778493732,1,1,56.570950042,53.434200386,17.255936,0,0,172,101.446,56.153232883,169.34191893,3
201306,서울특별시,11,동작구,1159,85.661967117,2.50,3.7300,132,5.93864185,1,1,56.405711732,53.485995787,17.255936,0,582,129,86.885,56.726654406,170.9829411,6
201309,서울특별시,11,동작구,1159,86.789749443,2.50,3.8200,138,6.3239008333,1,1,56.677375796,53.511773765,17.255936,452,0,103,99.614,59.142058043,172.03377341,9
201312,서울특별시,11,동작구,1159,87.488441171,2.50,3.7400,142,6.5943416667,1,1,56.571853945,53.529596904,17.255936,0,0,64,100.675,61.461036445,170.75531388,12
201403,서울특별시,11,동작구,1159,89.278074447,2.50,3.6900,174,7.9933082762,1,1,56.804103482,53.582267835,17.604041,0,0,13,107.329,63.228155915,171.93290707,3
201406,서울특별시,11,동작구,1159,89.159719953,2.50,3.5800,147,6.8421225333,1,1,56.762360819,53.631921717,17.604041,0,471,1,96.914,63.999129453,174.43916963,6
201409,서울특별시,11,동작구,1159,90.545565942,2.25,3.5000,179,8.2115440556,1,1,70,63.696996182,17.604041,0,0,0,107.715,64.646119402,179.57457831,9
201412,서울특별시,11,동작구,1159,90.386668532,2.00,3.3300,149,7.1990641667,1,1,70,63.693839689,17.604041,0,0,0,112.44,65.705433586,180.9134017,12
201503,서울특별시,11,동작구,1159,92.304651297,1.75,2.9700,259,12.608428253,1,1,70,63.746776916,,0,0,0,98.5,67.631557386,264.26647725,3
201506,서울특별시,11,동작구,1159,94.567338363,1.50,3.0100,210,10.243223452,1,1,70,63.672078482,,0,0,0,91.6,69.570769984,274.52190625,6
201509,서울특별시,11,동작구,1159,96.129778419,1.50,2.9200,221,11.121326821,1,1,70,63.673898686,,0,0,0,110.8,71.808672278,284.97710897,9
201512,서울특별시,11,동작구,1159,97.120703066,1.50,3.1200,126,6.4613598571,1,1,70,63.67308636,,0,668,0,117.2,73.424723726,287.68694048,12
201603,서울특별시,11,동작구,1159,98.010384401,1.50,2.9700,203,10.077197119,1,1,70,63.605538529,17.831655,49,0,0,120.4,74.577835467,285.20501337,3
201606,서울특별시,11,동작구,1159,99.007638779,1.25,2.7700,240,13.05651606,1,1,70,63.615598583,17.831655,0,1438,0,96.1,75.069395239,296.04091152,6
201609,서울특별시,11,동작구,1159,102.20111598,1.25,2.8000,237,13.22296104,1,1,70,63.612273332,17.831655,0,0,0,109.4,74.178229776,301.19151583,9
201612,서울특별시,11,동작구,1159,104.08314496,1.25,3.1300,56,3.187775,1,1,70,63.61131715,17.831655,0,959,0,120.4,73.233544849,305.47632673,12
201703,서울특별시,11,동작구,1159,104.84887348,1.25,3.2100,193,10.990697222,1,1,70,63.602880978,17.831655,0,0,0,113.7,73.220091035,306.60869096,3
201706,서울특별시,11,동작구,1159,109.27883447,1.25,3.2200,243,14.410886648,1,1,70,63.611486173,17.831655,0,0,0,98.4,72.379698282,312.60006936,6
201709,서울특별시,11,동작구,1159,113.86384347,1.25,3.2400,150,9.3658152381,1,1,47.466666667,42.533333333,17.831655,0,0,0,129,71.199623675,319.1024339,9
201712,서울특별시,11,동작구,1159,115.80457263,1.50,3.4200,62,3.8179233333,1,1,46.612903226,43.387096774,17.831655,0,0,0,111.5,70.058967027,319.56180264,12
200603,서울특별시,11,관악구,1162,67.378426593,4.00,5.4600,159,3.9729442796,1,1,64.529486945,100,7.475999,26,0,0,109.907,48.372,104.381241,3
200606,서울특별시,11,관악구,1162,68.212724151,4.25,5.4800,115,3.0411648214,1,1,64.510468654,100,7.475999,40,0,0,99.469,47.454,107.564252,6
200609,서울특별시,11,관악구,1162,73.764639808,4.50,5.7700,200,5.4909722027,1,1,64.651042606,100,7.475999,478,0,0,123.203,47.67,110.66641,9
200612,서울특별시,11,관악구,1162,82.425909146,4.50,5.8800,165,4.5631315504,1,1,51.015356295,99.272727273,7.475999,0,0,0,128.718,43.811,101.84374245,12
200703,서울특별시,11,관악구,1162,79.251677538,4.50,6.2000,139,3.7790162987,1,1,51.331513092,48.912347797,9.527925,0,0,0,110.893,42.987,107.877226,3
200706,서울특별시,11,관악구,1162,89.881514955,4.50,6.1300,97,2.7580069444,1,1,51.581864185,48.575893798,9.527925,0,0,0,102.227,43.14,110.307341,6
200709,서울특별시,11,관악구,1162,90.411144929,5.00,6.5200,86,2.5408751667,1,1,51.873948616,49.288780272,9.527925,0,0,0,108.332,42.811,112.626114,9
200712,서울특별시,11,관악구,1162,98.592316735,5.00,6.8500,112,3.5843366602,1,1,52.157446752,46.969531897,9.527925,150,0,0,113.158,42.165,116.409487,12
200803,서울특별시,11,관악구,1162,98.877953917,5.00,6.7000,165,5.3530314293,1,1,52.500194572,47.298046065,10.367868,18,0,0,113.158,41.163,118.919127,3
200806,서울특별시,11,관악구,1162,104.33445277,5.00,6.7700,121,4.314872,1,1,52.401915551,45.737887601,10.367868,0,0,0,91.984,39.312,124.125424,6
200809,서울특별시,11,관악구,1162,101.6296438,5.25,7.2500,45,1.5690866667,1,1,52.610638816,46.32603918,10.367868,0,0,0,113.355,38.94,128.216878,9
200812,서울특별시,11,관악구,1162,88.740071237,3.00,6.8100,24,0.7253916667,1,1,61.760953925,100,10.367868,18,0,0,94.249,38.67,129.852736,12
200903,서울특별시,11,관악구,1162,98.169934438,2.00,5.4300,89,3.0043316667,1,1,61.718987772,100,11.015494,71,0,66,88.832,38.61226547,130.541711,3
200906,서울특별시,11,관악구,1162,98.404300153,2.00,5.2500,116,4.0487036364,1,1,61.713666856,100,11.015494,0,0,48,85.09,38.886481048,132.995958,6
200909,서울특별시,11,관악구,1162,103.07690076,2.00,5.7700,127,4.6343494444,1,1,56.213197813,61.180411425,11.015494,0,0,30,101.241,39.73417782,136.885476,9
200912,서울특별시,11,관악구,1162,98.686387506,2.00,5.9000,85,3.0171166667,1,1,56.192080607,53.197446272,11.015494,0,0,48,104.097,40.563106195,139.556317,12
201003,서울특별시,11,관악구,1162,101.4527544,2.00,5.4700,97,3.3943,1,1,56.372740378,53.163094233,11.500456,0,0,48,95.757,41.29149696,140.959729,3
201006,서울특별시,11,관악구,1162,95.066830199,2.00,4.6200,63,2.1159125,1,1,56.414332656,53.282663374,11.500456,0,0,0,97.3,42.057047881,147.444443,6
201009,서울특별시,11,관악구,1162,96.627545918,2.25,4.8000,76,2.5278845,1,1,56.412376448,100,11.500456,0,0,0,100.096,42.968426109,149.638557,9
201012,서울특별시,11,관악구,1162,97.826305429,2.50,4.6700,100,3.6263832143,1,1,56.512258229,100,11.500456,0,0,0,107.329,44.371215491,152.647694,12
201103,서울특별시,11,관악구,1162,99.796193171,3.00,4.8900,120,4.2522567857,1,1,56.563431444,100,11.256054,0,0,0,104.918,46.39717639,157.61353872,3
201106,서울특별시,11,관악구,1162,99.036237931,3.25,4.8700,74,2.6961821429,1,1,56.600535828,53.038152801,11.256054,0,0,0,89.103,47.409686468,160.14337943,6
201109,서울특별시,11,관악구,1162,99.159809142,3.25,5.0000,95,3.271970119,1,1,56.722555348,53.065856775,11.256054,0,0,0,106.268,49.947337842,162.5033919,9
201112,서울특별시,11,관악구,1162,97.237235244,3.25,4.9500,73,2.55534,1,1,56.815587317,53.137443114,11.256054,0,0,0,108.968,50.829309685,164.60183642,12
201203,서울특별시,11,관악구,1162,98.307076471,3.25,5.0000,95,3.3323523333,1,1,56.762382855,53.178759754,11.576982,0,0,0,107.715,51.405824695,167.23806073,3
201206,서울특별시,11,관악구,1162,95.401109132,3.25,4.7600,64,2.2159271667,1,1,57.077737171,53.288198585,11.576982,0,0,0,93.732,52.080110853,169.04866903,6
201209,서울특별시,11,관악구,1162,94.134590794,3.00,4.2900,72,2.4215121282,1,1,57.004983541,53.34801545,11.576982,0,0,0,102.411,53.270940687,169.36900072,9
201212,서울특별시,11,관악구,1162,93.158358593,2.75,4.1600,80,2.6046988095,1,1,57.123782711,53.394459982,11.576982,0,0,0,100.771,54.810220654,170.93930064,12
201303,서울특별시,11,관악구,1162,93.86796284,2.75,3.9700,112,3.4894956944,1,1,57.251353825,53.434200386,10.941695,0,0,0,101.446,56.153232883,169.77717703,3
201306,서울특별시,11,관악구,1162,93.618212314,2.50,3.7300,103,3.3512882738,1,1,57.332379425,53.485995787,10.941695,0,0,0,86.885,56.726654406,170.10341347,6
201309,서울특별시,11,관악구,1162,96.572659018,2.50,3.8200,116,3.9415365368,1,1,57.339367399,53.511773765,10.941695,0,0,0,99.614,59.142058043,172.03377341,9
201312,서울특별시,11,관악구,1162,94.661777422,2.50,3.7400,100,3.4460266667,1,1,57.355357734,53.529596904,10.941695,0,0,0,100.675,61.461036445,170.75531388,12
201403,서울특별시,11,관악구,1162,97.055025808,2.50,3.6900,142,4.8440949206,1,1,57.497377554,53.582267835,10.776109,0,0,0,107.329,63.228155915,171.93290707,3
201406,서울특별시,11,관악구,1162,97.098961128,2.50,3.5800,95,3.2570999405,1,1,57.503641868,53.631921717,10.776109,0,0,0,96.914,63.999129453,171.68830682,6
201409,서울특별시,11,관악구,1162,98.697898261,2.25,3.5000,136,4.753057294,1,1,70,63.696996182,10.776109,505,0,0,107.715,64.646119402,178.23760677,9
201412,서울특별시,11,관악구,1162,98.51677709,2.00,3.3300,115,4.0320066667,1,1,70,63.693839689,10.776109,0,0,0,112.44,65.705433586,180.9134017,12
201503,서울특별시,11,관악구,1162,100.31310708,1.75,2.9700,176,6.1281321359,1,1,70,63.746776916,,0,0,0,98.5,67.631557386,266.63883286,3
201506,서울특별시,11,관악구,1162,102.58996452,1.50,3.0100,172,6.2281135968,1,1,70,63.672078482,,0,0,0,91.6,69.570769984,274.52190625,6
201509,서울특별시,11,관악구,1162,106.96711958,1.50,2.9200,154,5.721307866,1,1,70,63.673898686,,0,0,0,110.8,71.808672278,284.97710897,9
201512,서울특별시,11,관악구,1162,106.51860295,1.50,3.1200,84,3.1158841667,1,1,70,63.67308636,,0,0,0,117.2,73.424723726,287.68694048,12
201603,서울특별시,11,관악구,1162,107.5740797,1.50,2.9700,152,5.4363822612,1,1,70,63.605538529,11.116509,14,0,0,120.4,74.577835467,287.07989545,3
201606,서울특별시,11,관악구,1162,109.69706713,1.25,2.7700,169,6.1121908849,1,1,70,63.615598583,11.116509,0,0,0,96.1,75.069395239,296.04091152,6
201609,서울특별시,11,관악구,1162,110.71848927,1.25,2.8000,151,5.9278807326,1,1,70,63.612273332,11.116509,0,0,0,109.4,74.178229776,303.98293878,9
201612,서울특별시,11,관악구,1162,112.67124587,1.25,3.1300,69,2.4216166667,1,1,70,63.61131715,11.116509,0,0,0,120.4,73.233544849,305.47632673,12
201703,서울특별시,11,관악구,1162,114.70231045,1.25,3.2100,156,6.0585506563,1,1,70,63.602880978,11.116509,0,0,0,113.7,73.220091035,306.60869096,3
201706,서울특별시,11,관악구,1162,117.65087836,1.25,3.2200,189,7.5853152551,1,1,70,63.611486173,11.116509,0,0,0,98.4,72.379698282,312.60006936,6
201709,서울특별시,11,관악구,1162,120.78449934,1.25,3.2400,147,6.0210073333,1,1,42.244897959,47.755102041,11.116509,0,0,0,129,71.199623675,317.67243623,9
201712,서울특별시,11,관악구,1162,118.89673924,1.50,3.4200,41,1.389585,1,1,41.463414634,48.536585366,11.116509,0,0,0,111.5,70.058967027,319.56180264,12
200603,서울특별시,11,서초구,1165,88.528372207,4.00,5.4600,438,34.950430135,1,1,42.912677374,66.837499781,42.926657,301,0,0,109.907,48.372,104.381241,3
200606,서울특별시,11,서초구,1165,85.930994856,4.25,5.4800,133,8.892555,1,1,43.944172322,71.127819549,42.926657,1607,0,0,99.469,47.454,107.564252,6
200609,서울특별시,11,서초구,1165,91.579630262,4.50,5.7700,303,23.461035619,1,1,44.42562142,65.346534653,42.926657,174,17,0,123.203,47.67,110.66641,9
200612,서울특별시,11,서초구,1165,102.56624456,4.50,5.8800,273,19.959968214,1,1,45.877180567,67.912087912,42.926657,259,0,0,128.718,43.811,101.84374245,12
200703,서울특별시,11,서초구,1165,89.944655385,4.50,6.2000,113,8.2153433333,1,1,46.494168937,43.611529354,52.680494,0,0,0,110.893,42.987,107.877226,3
200706,서울특별시,11,서초구,1165,94.879274628,4.50,6.1300,144,10.807656833,1,1,45.802749746,43.136021275,52.680494,19,0,0,102.227,43.14,110.307341,6
200709,서울특별시,11,서초구,1165,100.31242162,5.00,6.5200,100,7.630286,1,1,46.021271661,43.381121373,52.680494,0,50,0,108.332,42.811,112.626114,9
200712,서울특별시,11,서초구,1165,101.25919519,5.00,6.8500,125,8.7309025,1,1,46.30824193,43.547718757,52.680494,19,0,0,113.158,42.165,116.409487,12
200803,서울특별시,11,서초구,1165,100.40380161,5.00,6.7000,181,13.448987667,1,1,46.746432447,43.973696114,50.51807,0,0,0,113.158,41.163,118.919127,3
200806,서울특별시,11,서초구,1165,102.84207701,5.00,6.7700,124,8.312658,1,1,47.310223368,44.004240105,50.51807,6,3410,83,91.984,39.312,124.125424,6
200809,서울특별시,11,서초구,1165,101.41407794,5.25,7.2500,70,5.0461668333,1,1,46.034437105,43.566495444,50.51807,98,0,70,113.355,38.94,128.216878,9
200812,서울특별시,11,서초구,1165,72.520983872,3.00,6.8100,84,6.1481936667,1,1,46.45504402,42.931174368,50.51807,3428,0,162,94.249,38.67,129.852736,12
200903,서울특별시,11,서초구,1165,86.133242615,2.00,5.4300,268,20.659302821,1,1,45.766918866,43.061622227,49.29849,0,0,157,88.832,38.61226547,130.541711,3
200906,서울특별시,11,서초구,1165,95.616466775,2.00,5.2500,364,30.361562657,1,1,45.024622734,42.854955682,49.29849,294,0,94,85.09,38.886481048,132.995958,6
200909,서울특별시,11,서초구,1165,97.985107791,2.00,5.7700,293,26.043905574,1,1,44.704583559,42.69943578,49.29849,0,0,78,101.241,39.73417782,136.885476,9
200912,서울특별시,11,서초구,1165,96.104957417,2.00,5.9000,190,16.700975794,1,1,44.768917258,43.326038612,49.29849,0,435,78,104.097,40.563106195,139.556317,12
201003,서울특별시,11,서초구,1165,98.534499458,2.00,5.4700,222,19.187247804,1,1,45.239124877,43.551262087,57.563283,485,0,78,95.757,41.29149696,140.959729,3
201006,서울특별시,11,서초구,1165,95.829943032,2.00,4.6200,106,8.9006095,1,1,45.647496171,43.679417629,57.563283,0,397,79,97.3,42.057047881,147.444443,6
201009,서울특별시,11,서초구,1165,96.975958663,2.25,4.8000,114,10.647091333,1,1,44.979960886,43.487105501,57.563283,0,0,77,100.096,42.968426109,149.638557,9
201012,서울특별시,11,서초구,1165,98.538197437,2.50,4.6700,326,30.686218333,1,1,44.975171998,43.360834458,57.563283,0,1119,30,107.329,44.371215491,152.647694,12
201103,서울특별시,11,서초구,1165,100.70569871,3.00,4.8900,214,18.358000333,1,1,45.624883411,43.500015122,58.72844,0,0,31,104.918,46.39717639,157.61353872,3
201106,서울특별시,11,서초구,1165,100.02584402,3.25,4.8700,174,15.34694631,1,1,45.244687753,43.389815522,58.72844,0,1033,31,89.103,47.409686468,160.14337943,6
201109,서울특별시,11,서초구,1165,99.832642945,3.25,5.0000,156,13.390778333,1,1,45.336494723,43.653869266,58.72844,397,0,29,106.268,49.947337842,162.5033919,9
201112,서울특별시,11,서초구,1165,94.935543413,3.25,4.9500,167,14.677692333,1,1,45.612546297,43.423418075,58.72844,1193,0,26,108.968,50.829309685,164.60183642,12
201203,서울특별시,11,서초구,1165,92.574887531,3.25,5.0000,140,11.281275,1,1,46.009980344,43.703456545,58.977636,0,0,25,107.715,51.405824695,167.23806073,3
201206,서울특별시,11,서초구,1165,92.185565562,3.25,4.7600,87,7.2026267857,1,1,53.868566311,53.288198585,58.977636,0,1633,17,93.732,52.080110853,168.0988424,6
201209,서울특별시,11,서초구,1165,87.509634557,3.00,4.2900,104,8.534275,1,1,53.707173547,53.34801545,58.977636,0,0,99,102.411,53.270940687,170.30362485,9
201212,서울특별시,11,서초구,1165,87.533776311,2.75,4.1600,130,10.64078,1,1,53.489310211,53.394459982,58.977636,1082,178,80,100.771,54.810220654,170.93930064,12
201303,서울특별시,11,서초구,1165,90.548402792,2.75,3.9700,228,19.967086667,1,1,53.563445953,53.434200386,54.648582,0,0,77,101.446,56.153232883,169.02103904,3
201306,서울특별시,11,서초구,1165,89.97950972,2.50,3.7300,173,14.519292625,1,1,54.062260197,53.485995787,54.648582,0,0,71,86.885,56.726654406,170.10341347,6
201309,서울특별시,11,서초구,1165,90.697023403,2.50,3.8200,183,13.175108333,1,1,54.216304636,53.511773765,54.648582,231,1233,68,99.614,59.142058043,171.30661788,9
201312,서울특별시,11,서초구,1165,91.703821448,2.50,3.7400,256,19.434744905,1,1,53.9832825,53.529596904,54.648582,1572,1612,57,100.675,61.461036445,170.75531388,12
201403,서울특별시,11,서초구,1165,94.500159818,2.50,3.6900,259,23.291551583,1,1,53.609363424,53.582267835,54.723392,0,0,54,107.329,63.228155915,171.18644986,3
201406,서울특별시,11,서초구,1165,95.029684378,2.50,3.5800,209,18.337475278,1,1,53.812393121,53.631921717,54.723392,872,0,38,96.914,63.999129453,174.43916963,6
201409,서울특별시,11,서초구,1165,98.645727719,2.25,3.5000,301,28.920907333,1,1,70,63.696996182,54.723392,0,0,25,107.715,64.646119402,178.23760677,9
201412,서울특별시,11,서초구,1165,100.06131006,2.00,3.3300,232,19.555577714,1,1,70,63.693839689,54.723392,0,0,18,112.44,65.705433586,180.9134017,12
201503,서울특별시,11,서초구,1165,101.91533254,1.75,2.9700,396,37.049695926,1,1,70,63.746776916,,0,0,17,98.5,67.631557386,264.26647725,3
201506,서울특별시,11,서초구,1165,103.86613882,1.50,3.0100,288,28.273082167,1,1,70,63.672078482,,1077,0,17,91.6,69.570769984,277.01958529,6
201509,서울특별시,11,서초구,1165,106.28054523,1.50,2.9200,292,29.237934333,1,1,70,63.673898686,,0,0,17,110.8,71.808672278,279.39572417,9
201512,서울특별시,11,서초구,1165,107.50527108,1.50,3.1200,179,18.729441667,1,1,70,63.67308636,,0,0,17,117.2,73.424723726,287.68694048,12
201603,서울특별시,11,서초구,1165,108.19439335,1.50,2.9700,264,27.006701667,1,1,70,63.605538529,57.568005,0,0,43,120.4,74.577835467,292.6149979,3
201606,서울특별시,11,서초구,1165,113.12371258,1.25,2.7700,359,38.278977715,1,1,70,63.615598583,57.568005,843,0,19,96.1,75.069395239,291.87419077,6
201609,서울특별시,11,서초구,1165,117.2555138,1.25,2.8000,319,35.715886742,1,1,70,63.612273332,57.568005,0,0,16,109.4,74.178229776,303.98293878,9
201612,서울특별시,11,서초구,1165,116.3111797,1.25,3.1300,77,7.8771,1,1,70,63.61131715,57.568005,0,475,16,120.4,73.233544849,305.47632673,12
201703,서울특별시,11,서초구,1165,118.76682774,1.25,3.2100,300,33.220560167,1,1,70,63.602880978,57.568005,0,0,16,113.7,73.220091035,307.78434895,3
201706,서울특별시,11,서초구,1165,125.57931407,1.25,3.2200,356,42.321644841,1,1,70,63.611486173,57.568005,0,0,16,98.4,72.379698282,310.3304538,6
201709,서울특별시,11,서초구,1165,129.56377783,1.25,3.2400,258,31.551182132,1,1,49.457364341,40.542635659,57.568005,0,0,16,129,71.199623675,319.1024339,9
201712,서울특별시,11,서초구,1165,128.99004987,1.50,3.4200,65,7.087175,1,1,48.461538462,41.538461538,57.568005,29,0,16,111.5,70.058967027,319.56180264,12
200603,서울특별시,11,강남구,1168,82.652408373,4.00,5.4600,546,48.826385902,1,1,42.912677374,65.50395159,65.8924,118,0,0,109.907,48.372,104.381241,3
200606,서울특별시,11,강남구,1168,85.261478122,4.25,5.4800,172,11.374934071,1,1,43.944172322,73.139534884,65.8924,231,0,0,99.469,47.454,107.564252,6
200609,서울특별시,11,강남구,1168,87.660309109,4.50,5.7700,367,32.017758699,1,1,44.42562142,62.397820163,65.8924,631,0,0,123.203,47.67,110.66641,9
200612,서울특별시,11,강남구,1168,93.649311687,4.50,5.8800,352,29.167506854,1,1,45.688644119,66.761363636,65.8924,185,100,0,128.718,43.811,101.84374245,12
200703,서울특별시,11,강남구,1168,86.267283414,4.50,6.2000,145,9.4042241061,1,1,46.906500966,44.883912682,89.827697,1487,0,0,110.893,42.987,107.877226,3
200706,서울특별시,11,강남구,1168,91.477532563,4.50,6.1300,200,14.784589333,1,1,46.151473914,44.073115275,89.827697,0,0,0,102.227,43.14,110.307341,6
200709,서울특별시,11,강남구,1168,96.121742879,5.00,6.5200,129,9.7118173333,1,1,46.505665573,44.531191604,89.827697,455,0,0,108.332,42.811,112.626114,9
200712,서울특별시,11,강남구,1168,95.070059936,5.00,6.8500,163,12.367912,1,1,45.929632424,43.885847674,89.827697,0,0,0,113.158,42.165,116.409487,12
200803,서울특별시,11,강남구,1168,100.58759174,5.00,6.7000,270,21.437348976,1,1,46.528120428,44.265073951,88.707576,0,0,19,113.158,41.163,118.919127,3
200806,서울특별시,11,강남구,1168,94.61634428,5.00,6.7700,155,11.586839,1,1,47.256533194,44.373408764,88.707576,0,0,19,91.984,39.312,124.125424,6
200809,서울특별시,11,강남구,1168,93.133474718,5.25,7.2500,94,8.197338,1,1,46.00405251,43.830505639,88.707576,14,0,19,113.355,38.94,128.216878,9
200812,서울특별시,11,강남구,1168,73.109225807,3.00,6.8100,127,9.5645641667,1,1,46.418082681,43.649344845,88.707576,2070,0,19,94.249,38.67,129.852736,12
200903,서울특별시,11,강남구,1168,89.046414574,2.00,5.4300,352,32.796244708,1,1,44.800935309,43.159437489,78.045287,55,0,19,88.832,38.61226547,130.541711,3
200906,서울특별시,11,강남구,1168,92.944462108,2.00,5.2500,435,42.098642941,1,1,44.460122131,43.081272935,78.045287,0,0,18,85.09,38.886481048,132.995958,6
200909,서울특별시,11,강남구,1168,98.562020477,2.00,5.7700,344,32.117332619,1,1,45.043744791,43.114707735,78.045287,106,0,14,101.241,39.73417782,136.885476,9
200912,서울특별시,11,강남구,1168,90.465313696,2.00,5.9000,267,25.440673167,1,1,44.796075625,43.565034638,78.045287,476,476,14,104.097,40.563106195,139.556317,12
201003,서울특별시,11,강남구,1168,97.188670431,2.00,5.4700,207,17.145533333,1,1,45.731275623,43.915321141,87.983613,56,0,14,95.757,41.29149696,140.959729,3
201006,서울특별시,11,강남구,1168,91.464002652,2.00,4.6200,149,11.666842,1,1,45.798706105,44.363139754,87.983613,332,332,21,97.3,42.057047881,147.444443,6
201009,서울특별시,11,강남구,1168,91.002577092,2.25,4.8000,168,14.061098333,1,1,45.591410297,43.776717452,87.983613,0,0,21,100.096,42.968426109,149.638557,9
201012,서울특별시,11,강남구,1168,92.393329215,2.50,4.6700,343,33.537793357,1,1,44.701419553,43.438517165,87.983613,0,407,21,107.329,44.371215491,152.647694,12
201103,서울특별시,11,강남구,1168,94.899544287,3.00,4.8900,238,20.974990667,1,1,45.700557713,43.865513871,85.287705,1168,0,21,104.918,46.39717639,157.61353872,3
201106,서울특별시,11,강남구,1168,92.911240796,3.25,4.8700,196,17.68076125,1,1,45.36932041,43.883696793,85.287705,407,1494,10,89.103,47.409686468,160.14337943,6
201109,서울특별시,11,강남구,1168,92.640965194,3.25,5.0000,199,19.038280881,1,1,44.789210252,43.450966056,85.287705,15,108,7,106.268,49.947337842,162.5033919,9
201112,서울특별시,11,강남구,1168,86.731407855,3.25,4.9500,222,19.673126433,1,1,45.282376131,43.559946056,85.287705,0,0,7,108.968,50.829309685,164.60183642,12
201203,서울특별시,11,강남구,1168,85.992268004,3.25,5.0000,182,15.398059167,1,1,45.968255957,43.79642187,82.759188,68,0,7,107.715,51.405824695,167.23806073,3
201206,서울특별시,11,강남구,1168,83.083578154,3.25,4.7600,143,11.301321667,1,1,54.029202026,53.288198585,82.759188,0,1020,7,93.732,52.080110853,168.5365483,6
201209,서울특별시,11,강남구,1168,79.829857253,3.00,4.2900,161,13.686357048,1,1,53.875518544,53.34801545,82.759188,912,0,7,102.411,53.270940687,170.30362485,9
201212,서울특별시,11,강남구,1168,78.913887495,2.75,4.1600,219,18.736673524,1,1,53.98590825,53.394459982,82.759188,0,1741,7,100.771,54.810220654,170.93930064,12
201303,서울특별시,11,강남구,1168,82.795235848,2.75,3.9700,288,26.430736111,1,1,53.580008413,53.434200386,72.304039,0,0,0,101.446,56.153232883,169.34191893,3
201306,서울특별시,11,강남구,1168,82.704924537,2.50,3.7300,250,20.8124845,1,1,54.029735768,53.485995787,72.304039,0,0,12,86.885,56.726654406,170.10341347,6
201309,서울특별시,11,강남구,1168,82.767963278,2.50,3.8200,240,20.834788,1,1,53.878554762,53.511773765,72.304039,0,0,8,99.614,59.142058043,171.30661788,9
201312,서울특별시,11,강남구,1168,83.6121048,2.50,3.7400,340,28.501674018,1,1,54.070946411,53.529596904,72.304039,0,177,1,100.675,61.461036445,170.75531388,12
201403,서울특별시,11,강남구,1168,87.305987658,2.50,3.6900,325,31.791673,1,1,53.737281581,53.582267835,73.787188,2482,0,1,107.329,63.228155915,171.93290707,3
201406,서울특별시,11,강남구,1168,87.651017262,2.50,3.5800,245,22.951348762,1,1,53.645394186,53.631921717,73.787188,1020,0,35,96.914,63.999129453,171.68830682,6
201409,서울특별시,11,강남구,1168,89.356818634,2.25,3.5000,427,41.08713919,1,1,70,63.696996182,73.787188,0,0,20,107.715,64.646119402,179.57457831,9
201412,서울특별시,11,강남구,1168,90.730325624,2.00,3.3300,296,26.617191781,1,1,70,63.693839689,73.787188,368,169,13,112.44,65.705433586,180.9134017,12
201503,서울특별시,11,강남구,1168,93.148301004,1.75,2.9700,510,48.673537413,1,1,70,63.746776916,,0,0,6,98.5,67.631557386,264.26647725,3
201506,서울특별시,11,강남구,1168,96.069376754,1.50,3.0100,396,38.801959147,1,1,70,63.672078482,,1339,0,4,91.6,69.570769984,277.01958529,6
201509,서울특별시,11,강남구,1168,98.763226158,1.50,2.9200,352,34.458137833,1,1,70,63.673898686,,2155,0,3,110.8,71.808672278,284.97710897,9
201512,서울특별시,11,강남구,1168,98.605014268,1.50,3.1200,208,20.938958333,1,1,70,63.67308636,,0,0,3,117.2,73.424723726,287.68694048,12
201603,서울특별시,11,강남구,1168,98.907059916,1.50,2.9700,344,34.452668066,1,1,70,63.605538529,77.588875,0,1957,3,120.4,74.577835467,285.20501337,3
201606,서울특별시,11,강남구,1168,104.62300914,1.25,2.7700,461,52.261597297,1,1,70,63.615598583,77.588875,408,850,3,96.1,75.069395239,293.71253016,6
201609,서울특별시,11,강남구,1168,110.40213682,1.25,2.8000,400,46.382955,1,1,70,63.612273332,77.588875,0,0,2,109.4,74.178229776,298.62473014,9
201612,서울특별시,11,강남구,1168,105.73191492,1.25,3.1300,96,11.156815667,1,1,70,63.61131715,77.588875,0,0,0,120.4,73.233544849,305.47632673,12
201703,서울특별시,11,강남구,1168,110.51882154,1.25,3.2100,377,45.648873297,1,1,70,63.602880978,77.588875,0,0,0,113.7,73.220091035,307.78434895,3
201706,서울특별시,11,강남구,1168,117.82100597,1.25,3.2200,447,54.440850714,1,1,70,63.611486173,77.588875,114,0,0,98.4,72.379698282,312.60006936,6
201709,서울특별시,11,강남구,1168,121.2328092,1.25,3.2400,302,38.316631798,1,1,49.437086093,40.562913907,77.588875,0,0,0,129,71.199623675,316.45983742,9
201712,서울특별시,11,강남구,1168,123.7672275,1.50,3.4200,103,13.342206667,1,1,48.737864078,41.262135922,77.588875,0,0,0,111.5,70.058967027,319.56180264,12
200603,서울특별시,11,송파구,1171,89.551107114,4.00,5.4600,370,22.736127433,1,1,42.912677374,80.443284694,36.976776,48,0,9,109.907,48.372,104.381241,3
200606,서울특별시,11,송파구,1171,93.125581167,4.25,5.4800,136,6.9876306667,1,1,43.944172322,85,36.976776,479,0,8,99.469,47.454,107.564252,6
200609,서울특별시,11,송파구,1171,93.5531078,4.50,5.7700,322,18.294200503,1,1,44.42562142,80.621118012,36.976776,38,0,2,123.203,47.67,110.66641,9
200612,서울특별시,11,송파구,1171,103.84127697,4.50,5.8800,249,14.441273056,1,1,47.541843676,78.072289157,36.976776,2734,85,0,128.718,43.811,101.84374245,12
200703,서울특별시,11,송파구,1171,100.90922252,4.50,6.2000,119,5.999834,1,1,48.635910835,45.076960232,50.643819,23,0,0,110.893,42.987,107.877226,3
200706,서울특별시,11,송파구,1171,98.231968585,4.50,6.1300,167,10.197365,1,1,48.084074021,43.900246228,50.643819,0,0,0,102.227,43.14,110.307341,6
200709,서울특별시,11,송파구,1171,98.527103439,5.00,6.5200,116,7.5634871333,1,1,47.435536573,43.843436116,50.643819,0,0,0,108.332,42.811,112.626114,9
200712,서울특별시,11,송파구,1171,102.44747965,5.00,6.8500,137,8.9960913846,1,1,47.467473852,43.983517724,50.643819,72,0,0,113.158,42.165,116.409487,12
200803,서울특별시,11,송파구,1171,98.268222528,5.00,6.7000,208,12.259445401,1,1,48.320994769,43.780956128,51.686078,0,40,0,113.158,41.163,118.919127,3
200806,서울특별시,11,송파구,1171,100.65546884,5.00,6.7700,164,9.5180461667,1,1,48.912198498,43.898298525,51.686078,0,0,0,91.984,39.312,124.125424,6
200809,서울특별시,11,송파구,1171,93.678274397,5.25,7.2500,91,5.136701125,1,1,49.439849045,44.092475901,51.686078,6959,0,0,113.355,38.94,128.216878,9
200812,서울특별시,11,송파구,1171,78.518800657,3.00,6.8100,111,6.7762482597,1,1,48.470824451,43.356837303,51.686078,0,0,0,94.249,38.67,129.852736,12
200903,서울특별시,11,송파구,1171,85.110779387,2.00,5.4300,238,14.487099925,1,1,48.14601383,43.381010553,56.176189,0,0,0,88.832,38.61226547,130.541711,3
200906,서울특별시,11,송파구,1171,95.888849326,2.00,5.2500,331,22.25152534,1,1,47.222735594,43.095723403,56.176189,0,0,0,85.09,38.886481048,132.995958,6
200909,서울특별시,11,송파구,1171,101.44551216,2.00,5.7700,262,16.817881591,1,1,47.713571151,43.188906005,56.176189,19,221,0,101.241,39.73417782,136.885476,9
200912,서울특별시,11,송파구,1171,100.85635483,2.00,5.9000,183,12.330997579,1,1,47.224168928,43.561780713,56.176189,221,0,0,104.097,40.563106195,139.556317,12
201003,서울특별시,11,송파구,1171,99.735801462,2.00,5.4700,150,9.123814,1,1,48.567048224,43.777878171,62.424198,24,0,0,95.757,41.29149696,140.959729,3
201006,서울특별시,11,송파구,1171,92.580741234,2.00,4.6200,113,7.3376883333,1,1,47.516172436,43.853288738,62.424198,0,288,0,97.3,42.057047881,147.444443,6
201009,서울특별시,11,송파구,1171,91.67807495,2.25,4.8000,120,7.8635623864,1,1,47.85312264,43.68473707,62.424198,0,0,0,100.096,42.968426109,149.638557,9
201012,서울특별시,11,송파구,1171,94.995922853,2.50,4.6700,220,15.054234375,1,1,47.305565032,43.519171532,62.424198,0,0,193,107.329,44.371215491,152.647694,12
201103,서울특별시,11,송파구,1171,96.519860696,3.00,4.8900,173,10.966341429,1,1,48.573623934,44.04160051,61.346435,0,0,137,104.918,46.39717639,157.61353872,3
201106,서울특별시,11,송파구,1171,93.785092845,3.25,4.8700,151,9.5345360952,1,1,48.200718509,44.010427772,61.346435,0,0,87,89.103,47.409686468,160.14337943,6
201109,서울특별시,11,송파구,1171,95.9056703,3.25,5.0000,175,10.657013698,1,1,48.813179578,44.149517839,61.346435,0,0,74,106.268,49.947337842,162.5033919,9
201112,서울특별시,11,송파구,1171,90.803535378,3.25,4.9500,169,10.675200714,1,1,48.128320976,43.806111096,61.346435,0,2949,74,108.968,50.829309685,164.60183642,12
201203,서울특별시,11,송파구,1171,89.661276957,3.25,5.0000,152,9.3001563095,1,1,48.779162004,43.9317248,59.781377,0,0,55,107.715,51.405824695,167.23806073,3
201206,서울특별시,11,송파구,1171,88.943369323,3.25,4.7600,135,8.0672230051,1,1,55.372435073,53.288198585,59.781377,0,0,52,93.732,52.080110853,168.0988424,6
201209,서울특별시,11,송파구,1171,84.92030913,3.00,4.2900,163,10.137175417,1,1,55.133429367,53.34801545,59.781377,0,0,52,102.411,53.270940687,169.56891325,9
201212,서울특별시,11,송파구,1171,84.345238729,2.75,4.1600,166,9.9305492161,1,1,55.045060476,53.394459982,59.781377,0,0,60,100.771,54.810220654,170.93930064,12
201303,서울특별시,11,송파구,1171,86.499505681,2.75,3.9700,250,14.830832537,1,1,55.438758148,53.434200386,53.556176,0,0,51,101.446,56.153232883,169.34191893,3
201306,서울특별시,11,송파구,1171,87.326105432,2.50,3.7300,195,10.793224281,1,1,55.711898998,53.485995787,53.556176,0,0,51,86.885,56.726654406,170.9829411,6
201309,서울특별시,11,송파구,1171,88.228272792,2.50,3.8200,218,13.020309298,1,1,55.407152913,53.511773765,53.556176,0,400,51,99.614,59.142058043,171.30661788,9
201312,서울특별시,11,송파구,1171,88.280896799,2.50,3.7400,239,13.658065855,1,1,55.638051571,53.529596904,53.556176,2949,0,51,100.675,61.461036445,170.75531388,12
201403,서울특별시,11,송파구,1171,91.184099393,2.50,3.6900,243,13.971577717,1,1,55.705954377,53.582267835,55.943513,0,0,51,107.329,63.228155915,171.68830682,3
201406,서울특별시,11,송파구,1171,89.685126153,2.50,3.5800,177,10.465967769,1,1,55.633274364,53.631921717,55.943513,0,0,51,96.914,63.999129453,174.43916963,6
201409,서울특별시,11,송파구,1171,92.052285289,2.25,3.5000,278,16.797696462,1,1,70,63.696996182,55.943513,0,0,51,107.715,64.646119402,178.23760677,9
201412,서울특별시,11,송파구,1171,91.213790592,2.00,3.3300,194,11.328463366,1,1,70,63.693839689,55.943513,0,0,51,112.44,65.705433586,180.9134017,12
201503,서울특별시,11,송파구,1171,93.882029209,1.75,2.9700,383,23.184210863,1,1,70,63.746776916,,0,0,0,98.5,67.631557386,268.85851396,3
201506,서울특별시,11,송파구,1171,94.996351068,1.50,3.0100,297,18.410864368,1,1,70,63.672078482,,0,0,0,91.6,69.570769984,271.7657338,6
201509,서울특별시,11,송파구,1171,96.709568303,1.50,2.9200,279,17.438685281,1,1,70,63.673898686,,0,0,0,110.8,71.808672278,279.39572417,9
201512,서울특별시,11,송파구,1171,98.323459696,1.50,3.1200,165,10.966034502,1,1,70,63.67308636,,0,220,0,117.2,73.424723726,287.68694048,12
201603,서울특별시,11,송파구,1171,97.45318197,1.50,2.9700,275,18.079463418,1,1,70,63.605538529,57.727144,390,0,80,120.4,74.577835467,287.07989545,3
201606,서울특별시,11,송파구,1171,101.2988729,1.25,2.7700,377,25.10234508,1,1,70,63.615598583,57.727144,0,0,0,96.1,75.069395239,296.04091152,6
201609,서울특별시,11,송파구,1171,105.39190123,1.25,2.8000,340,23.883893589,1,1,70,63.612273332,57.727144,999,269,0,109.4,74.178229776,298.62473014,9
201612,서울특별시,11,송파구,1171,105.69512014,1.25,3.1300,87,6.0711392857,1,1,70,63.61131715,57.727144,340,0,40,120.4,73.233544849,305.47632673,12
201703,서울특별시,11,송파구,1171,107.26567464,1.25,3.2100,296,20.509949503,1,1,70,63.602880978,57.727144,0,0,10,113.7,73.220091035,307.78434895,3
201706,서울특별시,11,송파구,1171,114.57935129,1.25,3.2200,316,22.538824436,1,1,70,63.611486173,57.727144,0,238,8,98.4,72.379698282,312.60006936,6
201709,서울특별시,11,송파구,1171,119.13867349,1.25,3.2400,276,23.123365053,1,1,48.47826087,41.52173913,57.727144,575,0,8,129,71.199623675,317.67243623,9
201712,서울특별시,11,송파구,1171,121.1077833,1.50,3.4200,68,5.4896466667,1,1,48.382352941,41.617647059,57.727144,0,1199,8,111.5,70.058967027,319.56180264,12
200603,서울특별시,11,강동구,1174,79.158170116,4.00,5.4600,360,14.034304202,1,1,42.912677374,91.280165541,18.154492,33,0,0,109.907,48.372,104.381241,3
200606,서울특별시,11,강동구,1174,84.253189137,4.25,5.4800,176,6.0114466667,1,1,43.944172322,95.568181818,18.154492,0,0,0,99.469,47.454,107.564252,6
200609,서울특별시,11,강동구,1174,86.41695153,4.50,5.7700,371,14.170637627,1,1,44.42562142,92.722371968,18.154492,47,0,0,123.203,47.67,110.66641,9
200612,서울특별시,11,강동구,1174,100.3184723,4.50,5.8800,366,14.095306976,1,1,49.737831729,91.475409836,18.154492,194,19,0,128.718,43.811,101.84374245,12
200703,서울특별시,11,강동구,1174,97.040571941,4.50,6.2000,184,6.5953860909,1,1,50.442479663,47.656127743,22.894081,110,0,0,110.893,42.987,107.877226,3
200706,서울특별시,11,강동구,1174,99.207706331,4.50,6.1300,196,8.2009290952,1,1,50.197385949,45.949779498,22.894081,69,0,0,102.227,43.14,110.307341,6
200709,서울특별시,11,강동구,1174,97.08130965,5.00,6.5200,140,4.9680896429,1,1,51.021443867,47.888538116,22.894081,0,0,0,108.332,42.811,112.626114,9
200712,서울특별시,11,강동구,1174,95.805762394,5.00,6.8500,194,8.0351423333,1,1,50.570471672,45.934000853,22.894081,15,66,0,113.158,42.165,116.409487,12
200803,서울특별시,11,강동구,1174,93.705090183,5.00,6.7000,340,12.634947162,1,1,51.525539393,46.894925096,23.097717,0,0,55,113.158,41.163,118.919127,3
200806,서울특별시,11,강동구,1174,98.189241841,5.00,6.7700,236,9.3166883333,1,1,51.593303968,45.977011,23.097717,0,0,33,91.984,39.312,124.125424,6
200809,서울특별시,11,강동구,1174,94.542187526,5.25,7.2500,96,4.07656,1,1,51.353358965,45.075632547,23.097717,3226,0,81,113.355,38.94,128.216878,9
200812,서울특별시,11,강동구,1174,78.415585183,3.00,6.8100,98,4.3340926667,1,1,61.760953925,100,23.097717,47,4957,73,94.249,38.67,129.852736,12
200903,서울특별시,11,강동구,1174,94.099764919,2.00,5.4300,250,10.517510809,1,1,61.718987772,100,22.830647,3422,1453,62,88.832,38.61226547,130.541711,3
200906,서울특별시,11,강동구,1174,99.084404623,2.00,5.2500,348,15.846696583,1,1,61.713666856,100,22.830647,731,0,50,85.09,38.886481048,132.995958,6
200909,서울특별시,11,강동구,1174,105.75904978,2.00,5.7700,273,11.761186807,1,1,55.70008361,61.180411425,22.830647,0,0,42,101.241,39.73417782,136.885476,9
200912,서울특별시,11,강동구,1174,102.42459794,2.00,5.9000,216,9.6898671667,1,1,55.451256845,53.070091777,22.830647,71,0,26,104.097,40.563106195,139.556317,12
201003,서울특별시,11,강동구,1174,102.21954706,2.00,5.4700,187,8.0613028333,1,1,55.612280299,53.080832864,27.391261,800,0,26,95.757,41.29149696,140.959729,3
201006,서울특별시,11,강동구,1174,96.899088148,2.00,4.6200,106,4.7811716667,1,1,55.567941744,53.145726179,27.391261,0,2283,323,97.3,42.057047881,147.444443,6
201009,서울특별시,11,강동구,1174,97.741912482,2.25,4.8000,132,5.6529873056,1,1,55.794827634,100,27.391261,0,0,422,100.096,42.968426109,149.638557,9
201012,서울특별시,11,강동구,1174,100.4407158,2.50,4.6700,237,10.68354297,1,1,55.775431732,100,27.391261,66,16,363,107.329,44.371215491,152.647694,12
201103,서울특별시,11,강동구,1174,103.64075055,3.00,4.8900,244,9.9911736525,1,1,56.139974368,100,27.731035,0,0,309,104.918,46.39717639,157.61353872,3
201106,서울특별시,11,강동구,1174,100.64399287,3.25,4.8700,148,6.2703185667,1,1,56.154037116,53.038152801,27.731035,0,0,245,89.103,47.409686468,160.14337943,6
201109,서울특별시,11,강동구,1174,101.47630966,3.25,5.0000,167,7.0075897126,1,1,56.236149526,53.065856775,27.731035,0,0,179,106.268,49.947337842,162.5033919,9
201112,서울특별시,11,강동구,1174,98.252585311,3.25,4.9500,184,8.426494931,1,1,56.13032773,53.137443114,27.731035,16,0,168,108.968,50.829309685,164.60183642,12
201203,서울특별시,11,강동구,1174,99.166862681,3.25,5.0000,182,7.5979218333,1,1,56.388262812,53.178759754,27.822423,0,0,112,107.715,51.405824695,167.23806073,3
201206,서울특별시,11,강동구,1174,96.17802129,3.25,4.7600,105,4.4073046548,1,1,56.471292352,53.288198585,27.822423,0,0,274,93.732,52.080110853,168.0988424,6
201209,서울특별시,11,강동구,1174,92.357785625,3.00,4.2900,141,6.0881432222,1,1,56.298132702,53.34801545,27.822423,0,0,305,102.411,53.270940687,170.30362485,9
201212,서울특별시,11,강동구,1174,92.74130231,2.75,4.1600,142,5.7510883333,1,1,56.657515248,53.394459982,27.822423,0,0,323,100.771,54.810220654,170.93930064,12
201303,서울특별시,11,강동구,1174,96.060040632,2.75,3.9700,234,9.506198202,1,1,56.799495928,53.434200386,24.666883,0,0,328,101.446,56.153232883,169.34191893,3
201306,서울특별시,11,강동구,1174,93.906792412,2.50,3.7300,179,7.1203716667,1,1,56.90528398,53.485995787,24.666883,0,0,227,86.885,56.726654406,170.10341347,6
201309,서울특별시,11,강동구,1174,97.492876125,2.50,3.8200,207,8.4884421365,1,1,56.813661902,53.511773765,24.666883,0,0,166,99.614,59.142058043,172.75299191,9
201312,서울특별시,11,강동구,1174,95.456006279,2.50,3.7400,191,8.09432625,1,1,56.921046881,53.529596904,24.666883,0,0,136,100.675,61.461036445,170.75531388,12
201403,서울특별시,11,강동구,1174,98.191108035,2.50,3.6900,272,11.020853,1,1,57.053886052,53.582267835,23.748451,0,0,114,107.329,63.228155915,171.18644986,3
201406,서울특별시,11,강동구,1174,96.337246919,2.50,3.5800,188,7.6603458333,1,1,57.049612197,53.631921717,23.748451,0,0,1019,96.914,63.999129453,174.43916963,6
201409,서울특별시,11,강동구,1174,100.89355569,2.25,3.5000,259,10.996628397,1,1,70,63.696996182,23.748451,0,0,988,107.715,64.646119402,178.23760677,9
201412,서울특별시,11,강동구,1174,100.41431342,2.00,3.3300,213,8.9324494444,1,1,70,63.693839689,23.748451,0,0,726,112.44,65.705433586,180.9134017,12
201503,서울특별시,11,강동구,1174,104.47505531,1.75,2.9700,365,15.559623669,1,1,70,63.746776916,,0,0,112,98.5,67.631557386,264.26647725,3
201506,서울특별시,11,강동구,1174,106.38431519,1.50,3.0100,261,11.736903313,1,1,70,63.672078482,,0,0,39,91.6,69.570769984,274.52190625,6
201509,서울특별시,11,강동구,1174,109.16458041,1.50,2.9200,254,12.012832222,1,1,70,63.673898686,,0,0,24,110.8,71.808672278,279.39572417,9
201512,서울특별시,11,강동구,1174,108.58624687,1.50,3.1200,161,7.182269,1,1,70,63.67308636,,0,0,3,117.2,73.424723726,287.68694048,12
201603,서울특별시,11,강동구,1174,109.25381742,1.50,2.9700,242,10.914844769,1,1,70,63.605538529,24.466097,0,0,3,120.4,74.577835467,285.20501337,3
201606,서울특별시,11,강동구,1174,113.34517789,1.25,2.7700,306,14.994801843,1,1,70,63.615598583,24.466097,0,0,5,96.1,75.069395239,291.87419077,6
201609,서울특별시,11,강동구,1174,116.32152984,1.25,2.8000,331,16.314672051,1,1,70,63.612273332,24.466097,0,0,3,109.4,74.178229776,301.19151583,9
201612,서울특별시,11,강동구,1174,116.45333837,1.25,3.1300,72,3.6147,1,1,70,63.61131715,24.466097,3725,0,0,120.4,73.233544849,305.47632673,12
201703,서울특별시,11,강동구,1174,117.5956597,1.25,3.2100,279,13.742007552,1,1,70,63.602880978,24.466097,0,460,30,113.7,73.220091035,307.78434895,3
201706,서울특별시,11,강동구,1174,127.26631474,1.25,3.2200,362,19.242372956,1,1,70,63.611486173,24.466097,0,1745,0,98.4,72.379698282,315.17031311,6
201709,서울특별시,11,강동구,1174,130.40070795,1.25,3.2400,193,11.178256726,1,1,46.062176166,43.937823834,24.466097,687,0,0,129,71.199623675,316.45983742,9
201712,서울특별시,11,강동구,1174,133.04631302,1.50,3.4200,82,4.6055833333,1,1,45.365853659,44.634146341,24.466097,0,0,0,111.5,70.058967027,319.56180264,12
