date,open,high,low,close,vol
2026-08-20,"6,680.34","6,904.55","6,600.09","6,847.59","257,375,000"
2026-08-19,"6,528.77","6,614.39","6,400.81","6,471.17","305,840,300"
2026-08-18,"7,127.77","7,216.62","6,788.78","6,869.83","402,682,400"
2026-08-14,"6,995.67","7,010.86","6,848.43","6,977.94","332,941,600"
2026-08-13,"6,773.92","6,895.63","6,748.13","6,813.34","418,947,300"
2026-08-12,"6,438.50","6,668.43","6,413.50","6,579.04","360,651,200"
2026-08-11,"6,240.06","6,405.81","6,213.78","6,345.53","333,481,400"
2026-08-10,"6,306.33","6,394.06","6,232.45","6,299.66","293,734,200"
2026-08-07,"6,365.07","6,415.60","6,158.73","6,258.77","299,376,500"
2026-08-06,"6,478.75","6,550.94","6,238.32","6,296.38","284,501,000"
2026-08-05,"6,603.48","6,674.66","6,540.27","6,598.26","338,499,600"
2026-08-04,"6,351.38","6,389.40","6,080.25","6,358.95","312,996,900"
2026-08-03,"6,358.27","6,393.00","6,223.29","6,257.45","272,959,300"
2026-07-31,"5,657.79","6,630.77","5,629.76","6,595.45","434,445,200"
2026-07-30,"5,681.77","5,976.82","5,547.41","5,593.56","378,859,400"
2026-07-29,"6,089.11","6,228.52","5,262.77","5,663.24","457,384,800"
2026-07-28,"6,400.27","6,413.57","5,992.91","6,023.66","331,261,000"
2026-07-27,"6,806.27","6,806.27","6,557.39","6,755.75","275,717,600"
2026-07-24,"7,000.78","7,000.78","6,650.41","6,690.62","397,654,900"
2026-07-23,"6,963.35","7,108.44","6,892.64","7,096.89","397,345,800"
2026-07-22,"7,052.09","7,166.00","6,791.06","6,797.70","373,810,100"
2026-07-21,"6,553.88","6,836.86","6,429.03","6,747.95","391,091,600"
2026-07-20,"6,643.58","6,814.86","6,472.80","6,516.27","345,824,600"
2026-07-16,"6,960.50","6,995.93","6,730.87","6,820.60","424,279,800"
2026-07-15,"7,082.91","7,424.18","7,082.91","7,284.41","397,853,700"
2026-07-14,"6,769.06","6,979.92","6,448.86","6,856.83","491,599,300"
2026-07-13,"7,412.03","7,529.07","6,783.43","6,806.93","474,084,800"
2026-07-10,"7,552.49","7,704.93","7,429.51","7,475.94","453,242,100"
2026-07-09,"7,486.64","7,543.86","7,063.76","7,291.91","582,790,700"
2026-07-08,"7,452.48","7,791.66","7,186.21","7,246.79","501,071,000"
2026-07-07,"7,919.20","7,954.55","7,389.22","7,656.31","516,365,800"
2026-07-06,"8,186.82","8,327.26","7,815.53","8,051.33","448,691,400"
2026-07-03,"7,739.75","8,136.28","7,378.10","8,088.34","465,820,800"
2026-07-02,"7,933.10","8,136.28","7,616.33","7,648.09","505,157,300"
2026-07-01,"8,591.50","8,620.15","8,143.33","8,303.41","468,193,400"
2026-06-30,"8,416.70","8,667.73","8,220.80","8,476.48","449,823,600"
2026-06-29,"8,334.28","8,525.53","8,127.99","8,394.65","371,222,800"
2026-06-26,"8,813.18","8,861.70","8,126.84","8,411.21","518,473,000"
2026-06-25,"8,703.42","9,044.04","8,693.62","8,930.30","456,880,200"
2026-06-24,"8,356.79","8,577.52","8,080.99","8,471.02","418,169,000"
2026-06-23,"9,083.54","9,175.45","8,203.84","8,203.84","488,741,800"
2026-06-22,"8,954.43","9,253.00","8,900.68","9,114.55","381,081,300"
2026-06-19,"9,288.89","9,385.59","8,831.72","9,052.42","517,247,600"
2026-06-18,"8,884.92","9,106.07","8,867.34","9,063.84","510,940,100"
2026-06-17,"8,622.13","8,872.18","8,605.66","8,864.24","571,194,200"
2026-06-16,"8,696.55","8,753.82","8,540.41","8,726.60","586,336,900"
2026-06-15,"8,526.12","8,603.48","8,450.24","8,545.98","516,647,800"
2026-06-12,"8,263.85","8,434.40","8,079.77","8,123.62","493,405,600"
2026-06-11,"7,509.62","7,800.62","7,394.46","7,763.95","478,729,600"
2026-06-10,"7,899.77","7,996.68","7,541.11","7,730.82","460,876,800"
2026-06-09,"7,697.76","8,119.09","7,598.87","8,096.93","448,536,700"
2026-06-08,"8,048.09","8,048.09","7,442.73","7,484.41","452,204,200"
2026-06-05,"8,323.20","8,382.16","8,038.10","8,160.59","463,197,400"
2026-06-04,"8,623.82","8,759.05","8,577.30","8,639.41","437,895,900"
2026-06-02,"8,883.19","8,933.62","8,503.12","8,801.49","632,553,500"
2026-06-01,"8,485.67","8,874.16","8,485.67","8,788.38","636,175,300"
2026-05-29,"8,384.31","8,476.15","8,273.74","8,476.15","735,126,800"
2026-05-28,"8,165.73","8,253.60","7,841.01","8,185.29","668,950,900"
2026-05-27,"8,242.12","8,457.09","8,220.04","8,228.70","619,450,600"
2026-05-26,"8,070.91","8,131.15","8,008.19","8,047.51","519,551,100"
2026-05-22,"7,873.12","7,886.64","7,780.13","7,847.71","435,533,100"
2026-05-21,"7,486.37","7,819.23","7,486.37","7,815.59","621,081,700"
2026-05-20,"7,324.52","7,324.52","7,053.84","7,208.95","492,494,100"
2026-05-19,"7,425.66","7,446.57","7,141.91","7,271.66","533,508,800"
2026-05-18,"7,443.29","7,636.20","7,142.71","7,516.04","566,617,500"
2026-05-15,"7,951.75","8,046.78","7,371.68","7,493.18","885,626,700"
2026-05-14,"7,873.91","7,991.04","7,842.72","7,981.41","849,941,500"
2026-05-13,"7,513.65","7,855.47","7,402.36","7,844.01","738,739,300"
2026-05-12,"7,953.41","7,999.67","7,421.71","7,643.15","1,021,136,100"
2026-05-11,"7,775.31","7,899.32","7,713.49","7,822.24","731,278,800"
2026-05-08,"7,353.94","7,511.01","7,318.96","7,498.00","523,090,800"
2026-05-07,"7,499.07","7,531.88","7,257.89","7,490.05","767,462,300"
2026-05-06,"7,093.01","7,426.60","7,093.01","7,384.56","995,691,700"
2026-05-04,"6,782.93","6,937.00","6,741.63","6,936.99","873,008,700"
2026-04-30,"6,739.39","6,750.27","6,597.83","6,598.87","685,459,300"
2026-04-29,"6,619.00","6,702.38","6,596.03","6,690.90","717,859,500"
2026-04-28,"6,646.80","6,712.73","6,621.73","6,641.02","1,139,472,200"
2026-04-27,"6,533.60","6,657.22","6,529.19","6,615.03","842,664,200"
2026-04-24,"6,496.10","6,516.54","6,403.74","6,475.63","878,200,700"
2026-04-23,"6,488.83","6,557.76","6,309.10","6,475.81","1,042,392,100"
2026-04-22,"6,387.57","6,423.29","6,318.51","6,417.93","900,140,300"
2026-04-21,"6,302.54","6,388.47","6,302.54","6,388.47","792,021,700"
2026-04-20,"6,213.92","6,278.36","6,176.75","6,219.09","692,878,500"
2026-04-17,"6,227.33","6,230.32","6,159.88","6,191.92","689,739,700"
2026-04-16,"6,149.49","6,231.03","6,126.06","6,226.05","925,694,600"
2026-04-15,"6,141.60","6,183.21","6,064.23","6,091.39","923,846,200"
2026-04-14,"5,960.00","6,026.52","5,938.33","5,967.75","889,490,600"
2026-04-13,"5,737.28","5,827.73","5,730.23","5,808.62","1,083,211,400"
2026-04-10,"5,876.12","5,918.59","5,850.83","5,858.87","1,002,353,600"
2026-04-09,"5,826.45","5,862.41","5,757.49","5,778.01","1,026,733,000"
2026-04-08,"5,804.70","5,919.60","5,774.00","5,872.34","932,610,500"
2026-04-07,"5,552.19","5,594.90","5,424.46","5,494.78","990,449,100"
2026-04-06,"5,423.35","5,505.61","5,404.91","5,450.33","1,110,507,400"
2026-04-03,"5,375.50","5,419.45","5,316.42","5,377.30","1,185,178,400"
2026-04-02,"5,551.69","5,574.62","5,170.27","5,234.05","1,428,159,600"
2026-04-01,"5,330.04","5,512.33","5,272.45","5,478.70","958,953,300"
2026-03-31,"5,143.75","5,233.99","5,042.99","5,052.46","1,163,312,400"
2026-03-30,"5,181.80","5,297.35","5,151.22","5,277.30","727,391,100"
2026-03-27,"5,300.61","5,462.51","5,220.10","5,438.87","900,080,900"
2026-03-26,"5,594.06","5,598.37","5,448.12","5,460.46","925,092,600"
2026-03-25,"5,680.33","5,740.97","5,630.07","5,642.21","763,223,600"
2026-03-24,"5,638.20","5,643.00","5,395.17","5,553.92","1,170,518,000"
2026-03-23,"5,580.15","5,580.15","5,397.94","5,405.75","1,125,619,600"
2026-03-20,"5,813.35","5,833.68","5,764.64","5,781.20","1,490,805,200"
2026-03-19,"5,761.40","5,863.39","5,738.95","5,763.22","1,184,170,100"
2026-03-18,"5,767.10","5,934.35","5,766.14","5,925.03","1,143,771,700"
2026-03-17,"5,711.80","5,717.13","5,632.86","5,640.48","1,135,071,000"
2026-03-16,"5,510.82","5,561.42","5,448.75","5,549.85","1,073,859,800"
2026-03-13,"5,412.39","5,537.59","5,392.52","5,487.24","907,655,500"
2026-03-12,"5,567.65","5,629.07","5,527.47","5,583.25","801,306,200"
2026-03-11,"5,658.72","5,746.36","5,559.69","5,609.95","1,050,946,300"
2026-03-10,"5,523.21","5,595.88","5,427.88","5,532.59","923,209,900"
2026-03-09,"5,265.37","5,327.42","5,096.16","5,251.87","1,026,237,700"
2026-03-06,"5,491.02","5,609.98","5,381.27","5,584.87","1,223,019,700"
2026-03-05,"5,250.92","5,715.30","5,248.13","5,583.90","1,660,710,400"
2026-03-04,"5,592.59","5,672.12","5,059.45","5,093.54","1,637,606,000"
2026-03-03,"6,165.15","6,180.45","5,791.65","5,791.91","1,227,193,100"
2026-02-27,"6,197.49","6,347.41","6,153.87","6,244.13","1,166,058,000"
2026-02-26,"6,121.03","6,313.27","6,107.41","6,307.27","1,409,623,200"
2026-02-25,"6,022.70","6,144.71","5,984.28","6,083.86","1,415,254,900"
2026-02-24,"5,853.48","5,969.64","5,775.61","5,969.64","1,602,004,800"
2026-02-23,"5,903.11","5,931.86","5,792.57","5,846.09","1,477,788,900"
2026-02-20,"5,696.89","5,809.91","5,684.58","5,808.53","1,749,302,700"
2026-02-19,"5,642.09","5,681.65","5,614.97","5,677.25","1,185,838,200"
2026-02-13,"5,513.71","5,583.74","5,480.92","5,507.01","1,290,658,600"
2026-02-12,"5,425.39","5,522.27","5,399.52","5,522.27","750,614,600"
2026-02-11,"5,293.75","5,374.23","5,257.53","5,354.49","753,767,400"
2026-02-10,"5,350.21","5,363.62","5,286.67","5,301.69","712,267,900"
2026-02-09,"5,299.10","5,322.35","5,265.08","5,298.04","617,657,800"
2026-02-06,"5,013.15","5,120.77","4,899.30","5,089.14","745,763,900"
2026-02-05,"5,251.03","5,304.40","5,142.20","5,163.57","911,910,100"
2026-02-04,"5,260.71","5,376.92","5,243.11","5,371.10","789,920,300"
2026-02-03,"5,114.81","5,288.08","5,101.31","5,288.08","672,610,200"
2026-02-02,"5,122.62","5,196.71","4,933.58","4,949.67","572,544,400"
2026-01-30,"5,210.35","5,321.68","5,199.78","5,224.36","862,540,600"
2026-01-29,"5,243.42","5,252.61","5,073.12","5,221.25","699,659,400"
2026-01-28,"5,145.39","5,183.44","5,124.80","5,170.81","593,108,800"
2026-01-27,"4,932.89","5,084.85","4,890.72","5,084.85","476,155,600"
2026-01-26,"4,997.54","5,023.76","4,940.78","4,949.59","446,903,100"
2026-01-23,"4,984.08","5,021.13","4,926.22","4,990.07","612,601,800"
2026-01-22,"4,987.06","5,019.54","4,934.17","4,952.53","568,624,100"
2026-01-21,"4,808.94","4,910.54","4,807.13","4,909.93","600,101,500"
2026-01-20,"4,900.28","4,935.48","4,823.88","4,885.75","667,709,200"
2026-01-19,"4,829.40","4,917.37","4,827.95","4,904.66","570,841,000"
2026-01-16,"4,820.66","4,855.61","4,797.75","4,840.74","720,905,800"
2026-01-15,"4,710.28","4,797.55","4,705.44","4,797.55","545,175,200"
2026-01-14,"4,685.11","4,723.10","4,669.32","4,723.10","550,416,500"
2026-01-13,"4,662.44","4,693.07","4,641.58","4,692.64","429,151,100"
2026-01-12,"4,639.89","4,652.54","4,567.55","4,624.79","394,752,900"
2026-01-09,"4,530.03","4,590.03","4,500.48","4,586.32","399,220,000"
2026-01-08,"4,531.46","4,622.32","4,527.50","4,552.37","440,086,000"
2026-01-07,"4,566.34","4,611.72","4,488.20","4,551.06","553,654,000"
2026-01-06,"4,446.08","4,525.48","4,395.00","4,525.48","498,391,300"
2026-01-05,"4,385.92","4,457.52","4,381.93","4,457.52","513,869,700"
2026-01-02,"4,224.53","4,313.55","4,216.68","4,309.63","406,339,200"
2025-12-30,"4,193.75","4,226.36","4,186.95","4,214.17","408,198,100"
2025-12-29,"4,146.48","4,220.56","4,146.48","4,220.56","502,394,000"
2025-12-26,"4,130.37","4,143.14","4,116.53","4,129.68","510,161,700"
2025-12-24,"4,136.24","4,137.20","4,106.62","4,108.62","363,613,800"
2025-12-23,"4,127.40","4,140.84","4,110.25","4,117.32","385,848,300"
2025-12-22,"4,096.26","4,105.93","4,083.13","4,105.93","315,627,100"
2025-12-19,"4,055.78","4,055.78","3,997.05","4,020.55","442,664,500"
2025-12-18,"3,989.60","4,030.65","3,975.50","3,994.51","581,445,400"
2025-12-17,"4,019.43","4,060.24","3,994.65","4,056.41","360,955,500"
2025-12-16,"4,093.32","4,099.01","3,996.23","3,999.13","373,989,500"
2025-12-15,"4,053.74","4,123.19","4,052.65","4,090.59","346,844,600"
2025-12-12,"4,123.83","4,168.17","4,120.73","4,167.16","426,616,300"
2025-12-11,"4,163.32","4,170.77","4,103.20","4,110.62","539,843,400"
2025-12-10,"4,159.05","4,172.64","4,123.60","4,135.00","317,901,500"
2025-12-09,"4,129.77","4,152.18","4,121.21","4,143.55","400,643,400"
2025-12-08,"4,109.25","4,154.85","4,081.26","4,154.85","395,582,900"
2025-12-05,"4,023.50","4,100.05","4,003.29","4,100.05","478,512,600"
2025-12-04,"4,018.91","4,028.53","3,982.54","4,028.51","352,043,300"
2025-12-03,"4,010.26","4,052.83","3,987.76","4,036.30","290,896,500"
2025-12-02,"3,939.09","3,994.93","3,935.14","3,994.93","319,034,900"
2025-12-01,"3,967.92","3,977.31","3,892.08","3,920.37","296,914,700"
2025-11-28,"3,995.30","3,995.30","3,921.89","3,926.59","241,922,800"
2025-11-27,"3,989.45","4,023.42","3,968.43","3,986.91","257,854,900"
2025-11-26,"3,891.88","3,960.87","3,866.66","3,960.87","295,327,000"
2025-11-25,"3,942.36","3,946.61","3,833.35","3,857.78","279,294,000"
2025-11-24,"3,915.16","3,917.16","3,838.20","3,846.06","373,120,100"
2025-11-21,"3,908.70","3,911.55","3,838.46","3,853.26","319,324,100"
2025-11-20,"4,030.97","4,059.37","4,001.31","4,004.85","360,281,700"
2025-11-19,"3,966.64","3,966.64","3,854.95","3,929.51","338,241,500"
2025-11-18,"4,044.47","4,072.41","3,953.26","3,953.62","319,659,600"
2025-11-17,"4,078.57","4,089.88","4,045.40","4,089.25","344,096,600"
2025-11-14,"4,061.91","4,092.76","4,011.40","4,011.57","399,992,400"
2025-11-13,"4,127.57","4,188.54","4,123.84","4,170.63","424,188,600"
2025-11-12,"4,097.44","4,154.62","4,088.86","4,150.39","334,584,500"
2025-11-11,"4,124.30","4,187.46","4,066.58","4,106.39","377,554,000"
2025-11-10,"3,991.87","4,092.91","3,984.24","4,073.24","339,514,000"
2025-11-07,"3,963.72","4,037.61","3,887.32","3,953.76","377,049,700"
2025-11-06,"4,092.46","4,111.96","3,985.29","4,026.45","423,420,800"
2025-11-05,"4,055.47","4,055.47","3,867.81","4,004.42","594,162,800"
2025-11-04,"4,219.24","4,226.75","4,117.91","4,121.74","423,542,600"
2025-11-03,"4,123.36","4,221.92","4,123.36","4,221.87","472,676,300"
2025-10-31,"4,083.25","4,122.09","4,059.74","4,107.50","408,275,200"
2025-10-30,"4,105.95","4,146.72","4,070.79","4,086.89","566,538,300"
2025-10-29,"4,061.54","4,084.09","4,014.84","4,081.15","466,898,400"
2025-10-28,"4,010.47","4,018.22","3,972.56","4,010.41","408,224,700"
2025-10-27,"3,999.79","4,042.83","3,999.79","4,042.83","516,998,500"
2025-10-24,"3,893.23","3,951.07","3,886.64","3,941.59","426,896,600"
2025-10-23,"3,835.79","3,902.21","3,822.33","3,845.56","423,588,500"
2025-10-22,"3,827.23","3,883.68","3,794.52","3,883.68","597,216,000"
2025-10-21,"3,851.01","3,893.06","3,816.19","3,823.84","526,854,300"
2025-10-20,"3,775.40","3,814.69","3,728.38","3,814.69","410,146,800"
2025-10-17,"3,732.76","3,794.87","3,722.07","3,748.89","420,769,800"
2025-10-16,"3,675.82","3,748.37","3,675.82","3,748.37","495,790,800"
2025-10-15,"3,580.64","3,659.91","3,577.06","3,657.28","543,606,700"
2025-10-14,"3,604.12","3,646.77","3,535.52","3,561.81","734,084,900"
2025-10-13,"3,550.08","3,584.55","3,522.54","3,584.55","408,033,100"
2025-10-10,"3,598.11","3,617.86","3,569.44","3,610.60","407,410,800"
2025-10-02,"3,525.48","3,565.96","3,512.16","3,549.21","402,107,200"
2025-10-01,"3,444.06","3,459.74","3,440.42","3,455.83","493,641,200"
2025-09-30,"3,436.00","3,443.38","3,421.89","3,424.60","526,401,500"
2025-09-29,"3,414.43","3,439.12","3,413.33","3,431.21","416,480,000"
2025-09-26,"3,440.39","3,441.91","3,365.73","3,386.05","399,149,800"
2025-09-25,"3,458.98","3,479.42","3,454.08","3,471.11","293,075,000"
2025-09-24,"3,492.03","3,497.95","3,442.41","3,472.14","287,145,400"
2025-09-23,"3,489.46","3,494.49","3,467.83","3,486.19","358,335,400"
2025-09-22,"3,463.84","3,482.25","3,458.87","3,468.65","287,867,200"
2025-09-19,"3,461.23","3,467.89","3,434.61","3,445.24","348,844,700"
2025-09-18,"3,432.77","3,461.30","3,422.77","3,461.30","391,177,100"
2025-09-17,"3,433.83","3,433.83","3,406.75","3,413.40","326,609,900"
2025-09-16,"3,421.13","3,452.50","3,418.10","3,449.62","406,214,300"
2025-09-15,"3,407.78","3,420.23","3,391.33","3,407.31","378,854,200"
2025-09-12,"3,374.65","3,395.54","3,362.86","3,395.54","448,857,500"
2025-09-11,"3,336.60","3,344.70","3,311.86","3,344.20","435,588,800"
2025-09-10,"3,272.20","3,317.77","3,272.07","3,314.53","564,706,800"
2025-09-09,"3,231.31","3,260.05","3,221.98","3,260.05","439,945,500"
2025-09-08,"3,209.81","3,221.14","3,206.34","3,219.59","372,299,900"
2025-09-05,"3,208.83","3,214.64","3,196.19","3,205.12","323,844,700"
2025-09-04,"3,188.84","3,205.61","3,185.49","3,200.83","286,255,900"
2025-09-03,"3,177.75","3,187.48","3,167.23","3,184.42","335,816,400"
2025-09-02,"3,155.73","3,174.16","3,151.93","3,172.35","310,678,100"
2025-09-01,"3,164.58","3,177.40","3,135.02","3,142.93","260,138,500"
2025-08-29,"3,208.80","3,212.69","3,184.48","3,186.01","245,132,500"
2025-08-28,"3,175.33","3,211.34","3,164.08","3,196.32","312,188,200"
2025-08-27,"3,185.87","3,189.31","3,165.77","3,187.16","281,721,000"
2025-08-26,"3,199.92","3,199.92","3,175.31","3,179.36","325,353,200"
2025-08-25,"3,195.14","3,209.86","3,180.12","3,209.86","220,165,000"
2025-08-22,"3,165.41","3,181.95","3,159.45","3,168.73","236,797,100"
2025-08-21,"3,140.71","3,166.54","3,134.86","3,141.74","276,915,500"
2025-08-20,"3,121.52","3,132.83","3,079.27","3,130.09","335,285,200"
2025-08-19,"3,185.04","3,185.48","3,142.48","3,151.56","285,290,700"
2025-08-18,"3,202.63","3,206.77","3,177.28","3,177.28","326,132,800"
2025-08-14,"3,226.52","3,239.55","3,210.83","3,225.66","441,467,900"
2025-08-13,"3,225.40","3,226.37","3,192.17","3,224.37","320,069,800"
2025-08-12,"3,209.75","3,242.17","3,189.58","3,189.91","373,217,200"
2025-08-11,"3,220.72","3,223.23","3,199.90","3,206.77","304,968,400"
2025-08-08,"3,220.58","3,227.28","3,198.31","3,210.01","341,443,200"
2025-08-07,"3,214.81","3,227.68","3,200.28","3,227.68","327,047,500"
2025-08-06,"3,182.06","3,200.15","3,176.61","3,198.14","327,358,400"
2025-08-05,"3,187.15","3,212.31","3,174.23","3,198.00","273,439,600"
2025-08-04,"3,114.27","3,157.45","3,105.63","3,147.75","293,453,700"
2025-08-01,"3,210.32","3,210.32","3,117.92","3,119.41","507,776,200"
2025-07-31,"3,275.78","3,288.26","3,227.46","3,245.44","540,323,800"
2025-07-30,"3,233.31","3,269.40","3,227.28","3,254.47","338,073,700"
2025-07-29,"3,192.17","3,232.31","3,169.03","3,230.57","373,203,200"
2025-07-28,"3,228.61","3,228.61","3,180.18","3,209.52","502,719,600"
2025-07-25,"3,184.37","3,205.82","3,184.37","3,196.05","389,290,700"
2025-07-24,"3,209.43","3,237.97","3,183.05","3,190.45","425,499,900"
2025-07-23,"3,189.65","3,199.86","3,141.93","3,183.77","664,826,100"
2025-07-22,"3,210.12","3,220.27","3,155.25","3,169.94","378,485,900"
2025-07-21,"3,191.11","3,211.14","3,188.87","3,210.81","343,910,800"
2025-07-18,"3,200.44","3,204.75","3,169.69","3,188.07","393,449,300"
2025-07-17,"3,201.42","3,201.42","3,152.42","3,192.29","424,787,600"
2025-07-16,"3,207.48","3,209.20","3,178.42","3,186.38","531,498,700"
2025-07-15,"3,194.82","3,216.01","3,183.83","3,215.28","419,651,700"
2025-07-14,"3,175.59","3,202.06","3,170.72","3,202.03","444,035,800"
2025-07-11,"3,186.35","3,216.69","3,170.46","3,175.77","465,292,100"
2025-07-10,"3,144.14","3,183.23","3,133.81","3,183.23","596,571,600"
2025-07-09,"3,123.22","3,137.17","3,111.02","3,133.74","642,960,900"
2025-07-08,"3,071.74","3,115.86","3,066.03","3,114.95","745,793,100"
2025-07-07,"3,044.78","3,068.43","3,032.99","3,059.47","359,404,600"
2025-07-04,"3,122.28","3,123.84","3,052.91","3,054.28","520,763,400"
2025-07-03,"3,100.33","3,116.27","3,085.98","3,116.27","539,120,200"
2025-07-02,"3,083.82","3,090.61","3,032.47","3,075.06","696,798,500"
2025-07-01,"3,089.64","3,133.52","3,088.45","3,089.65","576,016,800"
2025-06-30,"3,072.75","3,086.00","3,063.42","3,071.70","464,162,900"
2025-06-27,"3,077.87","3,093.56","3,041.85","3,055.94","381,633,900"
2025-06-26,"3,108.34","3,113.03","3,036.55","3,079.56","460,611,800"
2025-06-25,"3,127.79","3,129.09","3,084.86","3,108.25","644,761,400"
2025-06-24,"3,061.14","3,105.04","3,061.14","3,103.64","579,200,600"
2025-06-23,"2,992.20","3,019.81","2,971.36","3,014.47","625,650,900"
2025-06-20,"2,986.52","3,022.06","2,972.37","3,021.84","484,864,700"
2025-06-19,"2,989.56","2,996.04","2,954.47","2,977.74","433,310,500"
2025-06-18,"2,933.63","2,979.32","2,933.63","2,972.19","576,548,000"
2025-06-17,"2,959.93","2,998.62","2,925.79","2,950.30","939,594,100"
2025-06-16,"2,903.50","2,947.07","2,886.13","2,946.66","726,351,800"
2025-06-13,"2,930.57","2,932.38","2,877.07","2,894.62","931,657,600"
2025-06-12,"2,909.99","2,934.31","2,909.99","2,920.03","713,705,700"
2025-06-11,"2,887.32","2,908.16","2,879.92","2,907.04","393,929,500"
2025-06-10,"2,872.62","2,885.67","2,849.67","2,871.85","508,184,700"
2025-06-09,"2,841.56","2,867.27","2,841.39","2,855.77","537,617,200"
2025-06-05,"2,790.33","2,831.11","2,787.76","2,812.05","556,013,400"
2025-06-04,"2,737.92","2,771.03","2,734.02","2,770.84","489,937,500"
2025-06-02,"2,692.91","2,719.87","2,685.14","2,698.97","323,603,800"
2025-05-30,"2,713.24","2,717.54","2,689.87","2,697.67","525,661,000"
2025-05-29,"2,691.06","2,720.64","2,686.64","2,720.64","448,340,900"
2025-05-28,"2,648.86","2,692.47","2,643.50","2,670.15","405,473,900"
2025-05-27,"2,630.29","2,642.63","2,625.66","2,637.22","318,285,700"
2025-05-26,"2,598.45","2,644.40","2,595.96","2,644.40","380,173,100"
2025-05-23,"2,603.57","2,604.14","2,589.51","2,592.09","434,024,100"
2025-05-22,"2,614.66","2,616.53","2,588.09","2,593.67","358,064,300"
2025-05-21,"2,615.90","2,633.41","2,614.73","2,625.58","371,527,400"
2025-05-20,"2,622.68","2,622.91","2,598.10","2,601.80","456,989,400"
2025-05-19,"2,613.70","2,619.43","2,593.44","2,603.42","313,296,000"
2025-05-16,"2,630.64","2,633.98","2,619.10","2,626.87","359,706,500"
2025-05-15,"2,634.50","2,643.83","2,618.08","2,621.36","339,578,800"
2025-05-14,"2,625.36","2,646.01","2,619.15","2,640.57","390,503,800"
2025-05-13,"2,601.76","2,620.64","2,601.58","2,608.42","422,459,800"
2025-05-12,"2,593.94","2,607.33","2,585.60","2,607.33","409,749,400"
2025-05-09,"2,587.93","2,589.58","2,571.20","2,577.27","485,550,300"
2025-05-08,"2,581.27","2,590.90","2,575.78","2,579.48","471,635,800"
2025-05-07,"2,577.04","2,581.85","2,559.17","2,573.80","546,755,100"
2025-05-02,"2,556.52","2,567.04","2,540.57","2,559.79","585,492,300"
2025-04-30,"2,561.04","2,570.83","2,544.46","2,556.61","487,488,800"
2025-04-29,"2,550.25","2,571.41","2,542.25","2,565.42","547,081,500"
2025-04-28,"2,551.23","2,558.69","2,541.97","2,548.86","454,102,200"
2025-04-25,"2,544.59","2,553.33","2,534.94","2,546.30","403,527,700"
2025-04-24,"2,525.34","2,530.61","2,507.21","2,522.33","327,935,400"
2025-04-23,"2,520.56","2,526.72","2,507.10","2,525.56","538,116,100"
2025-04-22,"2,481.18","2,494.59","2,476.14","2,486.64","416,680,100"
2025-04-21,"2,486.38","2,498.84","2,479.23","2,488.42","428,977,100"
2025-04-18,"2,473.30","2,486.37","2,466.90","2,483.42","450,985,100"
2025-04-17,"2,451.70","2,473.24","2,447.40","2,470.41","601,738,700"
2025-04-16,"2,472.78","2,475.83","2,442.72","2,447.43","613,173,900"
2025-04-15,"2,464.51","2,482.56","2,461.23","2,477.41","560,339,500"
2025-04-14,"2,454.28","2,465.56","2,449.48","2,455.89","488,618,400"
2025-04-11,"2,400.74","2,433.18","2,394.25","2,432.72","369,702,800"
2025-04-10,"2,395.13","2,445.06","2,391.39","2,445.06","670,388,100"
2025-04-09,"2,329.99","2,337.58","2,284.72","2,293.70","699,641,600"
2025-04-08,"2,381.20","2,381.31","2,328.94","2,334.23","557,018,100"
2025-04-07,"2,359.25","2,369.40","2,327.01","2,328.20","619,500,700"
2025-04-04,"2,450.49","2,506.71","2,438.02","2,465.42","695,074,900"
2025-04-03,"2,437.43","2,488.92","2,437.43","2,486.70","480,057,200"
2025-04-02,"2,525.62","2,532.15","2,499.83","2,505.86","515,599,700"
2025-04-01,"2,511.24","2,530.61","2,494.43","2,521.39","453,393,600"
2025-03-31,"2,513.44","2,514.22","2,479.46","2,481.12","391,592,800"
2025-03-28,"2,592.63","2,592.63","2,549.26","2,557.98","513,561,500"
2025-03-27,"2,620.28","2,633.03","2,603.41","2,607.15","403,313,600"
2025-03-26,"2,628.09","2,649.15","2,618.05","2,643.94","507,916,100"
2025-03-25,"2,653.04","2,654.63","2,612.74","2,615.81","439,279,400"
2025-03-24,"2,636.43","2,648.82","2,629.38","2,632.07","372,431,600"
2025-03-21,"2,633.90","2,645.82","2,617.78","2,643.13","497,529,200"
2025-03-20,"2,648.16","2,650.72","2,629.20","2,637.10","455,019,300"
2025-03-19,"2,613.48","2,642.83","2,613.48","2,628.62","653,326,900"
2025-03-18,"2,627.27","2,638.56","2,606.91","2,612.34","555,526,600"
2025-03-17,"2,588.32","2,610.69","2,587.52","2,610.69","396,573,900"
2025-03-14,"2,565.18","2,576.74","2,559.24","2,566.36","362,329,400"
2025-03-13,"2,598.06","2,600.07","2,561.02","2,573.64","427,292,000"
2025-03-12,"2,552.60","2,579.69","2,541.66","2,574.82","401,644,600"
2025-03-11,"2,516.69","2,547.88","2,505.91","2,537.60","399,016,200"
2025-03-10,"2,555.40","2,579.76","2,549.99","2,570.39","435,694,800"
2025-03-07,"2,553.44","2,575.48","2,541.49","2,563.48","567,191,400"
2025-03-06,"2,573.55","2,583.65","2,565.57","2,576.16","609,615,700"
2025-03-05,"2,548.45","2,561.47","2,535.18","2,558.13","569,412,200"
2025-03-04,"2,522.20","2,548.78","2,513.31","2,528.92","484,081,400"
2025-02-28,"2,585.61","2,586.78","2,531.24","2,532.78","588,571,500"
2025-02-27,"2,637.63","2,638.47","2,610.47","2,621.75","513,909,800"
2025-02-26,"2,629.86","2,648.06","2,620.16","2,641.09","386,762,600"
2025-02-25,"2,617.64","2,641.49","2,617.12","2,630.29","410,284,800"
2025-02-24,"2,636.12","2,645.27","2,626.88","2,645.27","536,354,100"
2025-02-21,"2,653.76","2,656.04","2,638.44","2,654.58","444,704,200"
2025-02-20,"2,661.72","2,667.59","2,645.53","2,654.06","529,303,300"
2025-02-19,"2,633.91","2,680.70","2,633.91","2,671.52","525,798,800"
2025-02-18,"2,613.25","2,628.47","2,605.15","2,626.81","421,993,100"
2025-02-17,"2,595.99","2,612.80","2,592.57","2,610.42","366,340,000"
2025-02-14,"2,588.20","2,600.57","2,582.84","2,591.05","499,364,600"
2025-02-13,"2,558.95","2,583.74","2,555.98","2,583.17","680,341,700"
2025-02-12,"2,534.71","2,549.58","2,528.74","2,548.39","464,894,200"
2025-02-11,"2,532.87","2,549.44","2,527.74","2,539.05","451,093,000"
2025-02-10,"2,510.64","2,527.33","2,499.18","2,521.27","393,563,700"
2025-02-07,"2,532.09","2,537.63","2,519.01","2,521.92","419,872,100"
2025-02-06,"2,521.82","2,536.75","2,515.34","2,536.75","479,697,200"
2025-02-05,"2,503.94","2,514.71","2,498.74","2,509.27","437,344,200"
2025-02-04,"2,481.44","2,508.35","2,471.63","2,481.69","479,377,300"
2025-02-03,"2,468.74","2,468.74","2,437.61","2,453.95","522,848,000"
2025-01-31,"2,534.33","2,537.98","2,496.95","2,517.37","454,403,400"
2025-01-24,"2,529.29","2,542.83","2,522.64","2,536.80","602,014,700"
2025-01-23,"2,541.24","2,541.60","2,515.49","2,515.49","609,742,100"
2025-01-22,"2,535.80","2,552.57","2,526.89","2,547.06","583,737,400"
2025-01-21,"2,533.23","2,548.44","2,507.95","2,518.03","572,011,300"
2025-01-20,"2,533.68","2,536.72","2,516.28","2,520.05","437,546,000"
2025-01-17,"2,520.85","2,528.48","2,513.84","2,523.55","445,884,900"
2025-01-16,"2,528.27","2,534.01","2,519.86","2,527.49","451,062,600"
2025-01-15,"2,511.07","2,524.36","2,493.10","2,496.81","538,534,300"
2025-01-14,"2,501.49","2,504.89","2,482.74","2,497.40","414,487,600"
2025-01-13,"2,508.15","2,513.93","2,483.73","2,489.56","578,565,400"
2025-01-10,"2,528.42","2,535.24","2,506.29","2,515.78","377,586,700"
2025-01-09,"2,526.10","2,535.87","2,515.82","2,521.90","404,290,400"
2025-01-08,"2,481.25","2,526.77","2,481.25","2,521.05","362,908,900"
2025-01-07,"2,513.49","2,521.86","2,492.09","2,492.10","407,692,900"
2025-01-06,"2,453.30","2,489.10","2,446.82","2,488.64","302,761,000"
2025-01-03,"2,402.58","2,454.67","2,402.58","2,441.92","407,536,400"
2025-01-02,"2,400.87","2,410.99","2,386.84","2,398.94","350,691,900"
2024-12-30,"2,397.49","2,429.75","2,390.44","2,399.49","303,963,500"
2024-12-27,"2,419.46","2,423.86","2,388.33","2,404.77","311,291,300"
2024-12-26,"2,449.52","2,449.52","2,428.82","2,429.67","322,800,100"
2024-12-24,"2,450.55","2,452.85","2,432.42","2,440.52","386,777,900"
2024-12-23,"2,423.36","2,446.97","2,413.62","2,442.01","428,166,800"
2024-12-20,"2,429.63","2,430.69","2,389.86","2,404.15","617,782,400"
2024-12-19,"2,426.55","2,450.05","2,423.59","2,435.93","504,467,100"
2024-12-18,"2,463.06","2,492.00","2,462.82","2,484.43","441,677,800"
2024-12-17,"2,487.31","2,487.31","2,455.05","2,456.81","559,039,700"
2024-12-16,"2,511.08","2,515.62","2,483.43","2,488.97","526,708,200"
2024-12-13,"2,473.75","2,500.32","2,470.24","2,494.46","577,737,400"
2024-12-12,"2,456.63","2,487.95","2,448.76","2,482.12","664,187,200"
2024-12-11,"2,412.15","2,443.34","2,411.38","2,442.51","617,716,500"
2024-12-10,"2,384.51","2,419.06","2,384.51","2,417.84","598,770,300"
2024-12-09,"2,392.37","2,399.52","2,360.18","2,360.58","591,644,400"
2024-12-06,"2,451.60","2,459.24","2,397.73","2,428.16","630,408,600"
2024-12-05,"2,471.45","2,471.45","2,434.78","2,441.85","519,351,600"
2024-12-04,"2,450.76","2,483.04","2,442.46","2,464.00","670,284,300"
2024-12-03,"2,472.06","2,500.67","2,471.55","2,500.10","324,137,700"
2024-12-02,"2,479.02","2,483.29","2,448.45","2,454.48","328,109,500"
2024-11-29,"2,496.93","2,496.93","2,446.96","2,455.91","384,278,000"
2024-11-28,"2,499.69","2,513.63","2,495.64","2,504.67","342,571,100"
2024-11-27,"2,518.82","2,526.32","2,498.32","2,503.06","414,339,100"
2024-11-26,"2,521.39","2,526.62","2,512.21","2,520.36","441,708,800"
2024-11-25,"2,524.11","2,541.76","2,517.98","2,534.34","564,692,400"
2024-11-22,"2,493.42","2,511.23","2,492.21","2,501.24","543,517,800"
2024-11-21,"2,474.62","2,496.97","2,474.62","2,480.63","451,118,500"
2024-11-20,"2,475.76","2,489.15","2,471.79","2,482.29","408,789,700"
2024-11-19,"2,469.13","2,479.39","2,465.15","2,471.95","410,856,100"
2024-11-18,"2,440.31","2,480.01","2,437.53","2,469.07","443,925,900"
2024-11-15,"2,413.05","2,433.18","2,390.56","2,416.86","623,327,200"
2024-11-14,"2,430.26","2,441.43","2,410.93","2,418.86","639,990,000"
2024-11-13,"2,468.27","2,478.87","2,415.77","2,417.08","619,176,300"
2024-11-12,"2,527.94","2,532.44","2,481.53","2,482.57","735,812,800"
2024-11-11,"2,562.05","2,562.05","2,525.56","2,531.66","572,196,800"
2024-11-08,"2,586.70","2,593.15","2,553.42","2,561.15","448,734,500"
2024-11-07,"2,557.23","2,579.81","2,540.48","2,564.63","465,146,200"
2024-11-06,"2,591.90","2,592.75","2,544.04","2,563.51","548,506,100"
2024-11-05,"2,570.24","2,586.73","2,564.66","2,576.88","310,875,300"
2024-11-04,"2,549.04","2,588.97","2,542.68","2,588.97","373,943,500"
2024-11-01,"2,542.96","2,559.30","2,536.84","2,542.36","319,848,800"
2024-10-31,"2,575.24","2,579.65","2,552.36","2,556.15","406,613,000"
2024-10-30,"2,606.99","2,613.47","2,586.88","2,593.79","487,359,000"
2024-10-29,"2,606.94","2,617.80","2,595.86","2,617.80","363,290,100"
2024-10-28,"2,588.45","2,612.96","2,587.20","2,612.43","333,736,000"
2024-10-25,"2,597.44","2,611.27","2,577.00","2,583.27","462,898,400"
2024-10-24,"2,591.69","2,600.26","2,578.80","2,581.03","343,098,200"
2024-10-23,"2,575.25","2,607.79","2,567.42","2,599.62","352,421,200"
2024-10-22,"2,600.87","2,604.16","2,564.46","2,570.70","343,318,200"
2024-10-21,"2,600.77","2,618.71","2,594.05","2,604.92","240,675,000"
2024-10-18,"2,616.04","2,618.32","2,587.96","2,593.82","265,201,100"
2024-10-17,"2,620.74","2,622.71","2,603.52","2,609.30","331,265,200"
2024-10-16,"2,606.70","2,622.33","2,601.35","2,610.36","437,552,800"
2024-10-15,"2,632.37","2,635.32","2,615.47","2,633.45","438,292,800"
2024-10-14,"2,602.63","2,628.54","2,602.63","2,623.29","401,705,700"
2024-10-11,"2,612.02","2,621.93","2,594.43","2,596.91","491,276,200"
2024-10-10,"2,611.65","2,613.61","2,596.86","2,599.16","618,560,000"
2024-10-08,"2,592.65","2,601.96","2,581.79","2,594.36","318,240,000"
2024-10-07,"2,579.20","2,611.93","2,561.46","2,610.38","343,671,100"
2024-10-04,"2,563.70","2,585.59","2,555.57","2,569.71","414,328,600"
2024-10-02,"2,566.55","2,591.61","2,555.46","2,561.69","351,004,400"
2024-09-30,"2,665.24","2,668.66","2,593.27","2,593.27","358,915,800"
2024-09-27,"2,674.58","2,681.45","2,649.78","2,649.78","413,004,100"
2024-09-26,"2,630.91","2,671.57","2,630.30","2,671.57","324,889,000"
2024-09-25,"2,652.71","2,663.36","2,596.32","2,596.32","454,471,700"
2024-09-24,"2,612.45","2,631.68","2,597.81","2,631.68","355,097,000"
2024-09-23,"2,596.47","2,603.57","2,588.49","2,602.01","339,140,000"
2024-09-20,"2,603.83","2,619.55","2,591.40","2,593.37","495,964,100"
2024-09-19,"2,594.67","2,598.68","2,550.09","2,580.80","385,081,300"
2024-09-13,"2,571.81","2,584.11","2,562.91","2,575.41","358,262,900"
2024-09-12,"2,547.50","2,572.09","2,537.87","2,572.09","340,478,900"
2024-09-11,"2,524.86","2,526.13","2,493.37","2,513.37","302,560,700"
2024-09-10,"2,542.69","2,544.83","2,522.48","2,523.43","347,650,200"
2024-09-09,"2,498.67","2,543.22","2,491.30","2,535.93","270,231,000"
2024-09-06,"2,576.66","2,576.94","2,529.31","2,544.28","374,782,200"
2024-09-05,"2,598.36","2,615.80","2,560.65","2,575.50","379,002,700"
2024-09-04,"2,589.94","2,608.13","2,578.07","2,580.80","455,469,300"
2024-09-03,"2,683.12","2,695.59","2,664.63","2,664.63","303,460,400"
2024-09-02,"2,683.80","2,686.98","2,658.31","2,681.00","266,992,600"
2024-08-30,"2,676.72","2,686.51","2,668.66","2,674.31","278,845,300"
2024-08-29,"2,657.18","2,672.90","2,649.56","2,662.28","288,835,600"
2024-08-28,"2,690.59","2,695.51","2,671.59","2,689.83","280,773,900"
2024-08-27,"2,696.24","2,700.18","2,681.92","2,689.25","264,056,900"
2024-08-26,"2,716.88","2,718.47","2,688.79","2,698.01","333,687,900"
2024-08-23,"2,690.80","2,712.84","2,689.54","2,701.69","330,591,800"
2024-08-22,"2,710.95","2,711.38","2,690.35","2,707.67","441,756,200"
2024-08-21,"2,687.20","2,704.98","2,684.61","2,701.13","417,329,600"
2024-08-20,"2,699.74","2,706.05","2,686.06","2,696.63","484,188,400"
2024-08-19,"2,697.97","2,699.84","2,664.28","2,674.36","395,636,800"
2024-08-16,"2,695.49","2,699.61","2,680.74","2,697.23","385,851,900"
2024-08-14,"2,649.11","2,653.71","2,632.44","2,644.50","328,748,100"
2024-08-13,"2,624.50","2,636.12","2,607.52","2,621.50","378,532,200"
2024-08-12,"2,602.16","2,622.86","2,602.01","2,618.30","293,083,800"
2024-08-09,"2,603.08","2,603.08","2,575.90","2,588.43","475,012,100"
2024-08-08,"2,530.21","2,570.34","2,518.52","2,556.73","495,299,000"
2024-08-07,"2,515.27","2,594.83","2,510.82","2,568.41","476,990,700"
2024-08-06,"2,533.34","2,578.77","2,491.47","2,522.15","567,266,400"
2024-08-05,"2,611.30","2,611.30","2,386.96","2,441.55","763,777,800"
2024-08-02,"2,719.39","2,725.05","2,666.40","2,676.19","531,785,100"
2024-08-01,"2,787.27","2,794.11","2,772.97","2,777.68","480,834,000"
2024-07-31,"2,745.58","2,770.70","2,733.63","2,770.69","557,090,100"
2024-07-30,"2,744.40","2,754.53","2,732.82","2,738.19","392,868,100"
2024-07-29,"2,748.32","2,776.86","2,742.69","2,765.53","456,515,700"
2024-07-26,"2,724.99","2,738.40","2,715.75","2,731.90","516,467,600"
2024-07-25,"2,721.29","2,725.15","2,703.86","2,710.65","440,318,300"
2024-07-24,"2,755.50","2,778.31","2,748.65","2,758.71","469,221,300"
2024-07-23,"2,788.83","2,796.92","2,765.81","2,774.29","423,403,200"
2024-07-22,"2,790.99","2,795.12","2,752.63","2,763.51","463,878,300"
2024-07-19,"2,800.21","2,802.68","2,776.99","2,795.46","426,208,000"
2024-07-18,"2,805.64","2,824.35","2,799.02","2,824.35","658,374,600"
2024-07-17,"2,865.90","2,868.58","2,841.33","2,843.29","549,094,100"
2024-07-16,"2,861.71","2,872.21","2,857.07","2,866.09","677,904,800"
2024-07-15,"2,869.15","2,872.90","2,848.93","2,860.92","424,457,900"
2024-07-12,"2,867.75","2,872.25","2,844.88","2,857.00","408,178,300"
2024-07-11,"2,888.76","2,896.43","2,879.28","2,891.35","462,216,900"
2024-07-10,"2,863.05","2,871.56","2,858.87","2,867.99","472,472,900"
2024-07-09,"2,872.63","2,875.37","2,854.13","2,867.38","456,429,200"
2024-07-08,"2,862.58","2,868.99","2,855.53","2,857.76","425,055,600"
2024-07-05,"2,836.21","2,871.96","2,836.21","2,862.23","378,159,100"
2024-07-04,"2,817.06","2,824.94","2,808.88","2,824.94","393,738,600"
2024-07-03,"2,797.14","2,799.70","2,774.71","2,794.01","340,338,000"
2024-07-02,"2,798.65","2,805.42","2,776.62","2,780.86","538,842,200"
2024-07-01,"2,792.96","2,805.95","2,783.98","2,804.31","459,218,300"
2024-06-28,"2,792.79","2,797.82","2,782.40","2,797.82","610,550,400"
2024-06-27,"2,767.62","2,784.33","2,761.55","2,784.06","397,169,200"
2024-06-26,"2,767.43","2,792.07","2,762.98","2,792.05","535,034,400"
2024-06-25,"2,765.76","2,780.42","2,765.76","2,774.39","714,242,200"
2024-06-24,"2,772.85","2,782.90","2,758.09","2,764.73","594,166,300"
2024-06-21,"2,794.87","2,797.00","2,777.33","2,784.26","631,143,400"
2024-06-20,"2,802.10","2,812.62","2,796.37","2,807.63","758,165,900"
2024-06-19,"2,786.16","2,799.32","2,786.16","2,797.33","646,706,200"
2024-06-18,"2,765.70","2,772.35","2,759.03","2,763.92","561,975,100"
2024-06-17,"2,754.83","2,759.86","2,741.03","2,744.10","593,985,100"
2024-06-14,"2,759.22","2,769.16","2,750.86","2,758.42","644,979,300"
2024-06-13,"2,764.18","2,776.72","2,752.61","2,754.89","700,027,300"
2024-06-12,"2,709.65","2,730.30","2,707.44","2,728.17","511,008,900"
2024-06-11,"2,716.72","2,718.88","2,702.17","2,705.32","558,893,000"
2024-06-10,"2,698.71","2,718.89","2,689.19","2,701.17","506,891,700"
2024-06-07,"2,718.25","2,729.63","2,705.23","2,722.67","783,870,600"
2024-06-05,"2,681.11","2,697.43","2,667.63","2,689.50","881,481,200"
2024-06-04,"2,668.73","2,679.47","2,659.43","2,662.10","773,459,800"
2024-06-03,"2,657.81","2,690.73","2,657.81","2,682.52","782,329,100"
2024-05-31,"2,657.87","2,664.48","2,635.77","2,636.52","613,717,800"
2024-05-30,"2,666.63","2,666.63","2,635.44","2,635.44","372,742,000"
2024-05-29,"2,719.56","2,721.63","2,677.07","2,677.30","438,980,900"
2024-05-28,"2,715.52","2,730.12","2,714.34","2,722.85","440,956,700"
2024-05-27,"2,697.16","2,725.08","2,693.66","2,722.99","556,709,900"
2024-05-24,"2,693.65","2,696.99","2,681.17","2,687.60","501,638,700"
2024-05-23,"2,719.03","2,734.27","2,704.00","2,721.81","428,079,500"
2024-05-22,"2,723.46","2,733.07","2,707.87","2,723.46","484,723,900"
2024-05-21,"2,733.03","2,734.48","2,719.74","2,724.18","560,819,000"
2024-05-20,"2,741.24","2,756.41","2,734.64","2,742.14","582,071,100"
2024-05-17,"2,751.47","2,752.17","2,724.62","2,724.62","575,936,300"
2024-05-16,"2,770.27","2,773.46","2,748.22","2,753.00","521,841,300"
2024-05-14,"2,732.98","2,735.82","2,722.74","2,730.34","443,295,600"
2024-05-13,"2,735.20","2,738.38","2,713.92","2,727.21","625,277,700"
2024-05-10,"2,737.95","2,743.58","2,723.21","2,727.63","586,133,400"
2024-05-09,"2,743.29","2,749.14","2,710.25","2,712.14","423,810,500"
2024-05-08,"2,732.11","2,745.05","2,727.93","2,745.05","436,315,200"
2024-05-07,"2,718.17","2,734.36","2,716.62","2,734.36","532,203,400"
2024-05-03,"2,704.31","2,705.26","2,676.63","2,676.63","338,612,000"
2024-05-02,"2,679.04","2,692.47","2,678.84","2,683.65","351,087,300"
2024-04-30,"2,693.22","2,710.23","2,687.29","2,692.06","460,083,500"
2024-04-29,"2,675.46","2,687.44","2,665.21","2,687.44","470,546,000"
2024-04-26,"2,650.94","2,662.10","2,641.35","2,656.33","450,520,700"
2024-04-25,"2,646.80","2,656.51","2,628.62","2,628.62","334,062,400"
2024-04-24,"2,662.84","2,677.85","2,662.84","2,675.75","325,739,600"
2024-04-23,"2,632.15","2,641.78","2,619.72","2,623.02","430,275,800"
2024-04-22,"2,615.72","2,629.44","2,604.37","2,629.44","401,892,200"
2024-04-19,"2,600.69","2,609.90","2,553.55","2,591.86","809,473,400"
2024-04-18,"2,595.46","2,642.03","2,593.26","2,634.70","478,786,200"
2024-04-17,"2,619.15","2,626.63","2,584.18","2,584.18","414,348,100"
2024-04-16,"2,644.17","2,647.60","2,601.45","2,609.63","570,212,100"
2024-04-15,"2,661.36","2,673.26","2,641.16","2,670.43","561,950,000"
2024-04-12,"2,710.89","2,712.45","2,678.21","2,681.82","514,575,300"
2024-04-11,"2,665.40","2,718.07","2,661.92","2,706.96","561,333,400"
2024-04-09,"2,733.23","2,741.23","2,703.96","2,705.16","470,183,700"
2024-04-08,"2,718.76","2,725.58","2,706.74","2,717.65","620,652,500"
2024-04-05,"2,713.96","2,730.47","2,705.31","2,714.21","621,030,600"
2024-04-04,"2,738.24","2,746.39","2,727.10","2,742.00","477,952,800"
2024-04-03,"2,730.68","2,732.29","2,706.97","2,706.97","640,806,300"
2024-04-02,"2,744.15","2,760.33","2,737.19","2,753.16","630,392,900"
2024-04-01,"2,766.24","2,769.87","2,747.40","2,747.86","397,600,500"
2024-03-29,"2,757.27","2,757.55","2,739.12","2,746.63","495,495,600"
2024-03-28,"2,753.22","2,756.86","2,742.68","2,745.82","419,277,900"
2024-03-27,"2,745.00","2,762.03","2,745.00","2,755.11","510,644,000"
2024-03-26,"2,756.42","2,779.40","2,752.27","2,757.09","448,300,900"
2024-03-25,"2,756.59","2,763.63","2,731.70","2,737.57","489,620,200"
2024-03-22,"2,751.15","2,763.06","2,738.18","2,748.56","509,545,300"
2024-03-21,"2,731.18","2,755.45","2,724.25","2,754.86","825,226,900"
2024-03-20,"2,680.70","2,692.52","2,674.09","2,690.14","720,451,800"
2024-03-19,"2,673.57","2,673.57","2,645.14","2,656.17","695,865,600"
2024-03-18,"2,678.52","2,688.07","2,665.28","2,685.84","408,182,500"
2024-03-15,"2,701.91","2,705.59","2,666.84","2,666.84","584,947,700"
2024-03-14,"2,698.37","2,718.76","2,696.31","2,718.76","609,288,000"
2024-03-13,"2,694.71","2,701.45","2,679.54","2,693.57","498,759,800"
2024-03-12,"2,673.47","2,686.14","2,659.72","2,681.81","403,969,300"
2024-03-11,"2,665.58","2,677.21","2,658.74","2,659.84","391,384,800"
2024-03-08,"2,676.79","2,688.00","2,668.38","2,680.35","454,259,900"
2024-03-07,"2,653.98","2,660.26","2,633.57","2,647.62","462,910,800"
2024-03-06,"2,638.84","2,649.78","2,630.16","2,641.49","378,994,000"
2024-03-05,"2,660.80","2,684.83","2,649.35","2,649.40","457,237,200"
2024-03-04,"2,664.52","2,682.80","2,662.32","2,674.27","404,014,300"
2024-02-29,"2,643.48","2,647.56","2,628.62","2,642.36","496,064,500"
2024-02-28,"2,629.11","2,657.32","2,623.15","2,652.29","421,552,600"
2024-02-27,"2,654.76","2,654.76","2,619.38","2,625.05","574,301,700"
2024-02-26,"2,657.35","2,659.60","2,629.78","2,647.08","531,661,400"
2024-02-23,"2,681.03","2,694.80","2,665.21","2,667.70","415,376,200"
2024-02-22,"2,671.69","2,671.69","2,653.99","2,664.27","456,396,800"
2024-02-21,"2,656.92","2,670.95","2,644.04","2,653.31","562,144,300"
2024-02-20,"2,671.55","2,673.84","2,643.93","2,657.79","612,668,200"
2024-02-19,"2,653.12","2,683.39","2,653.12","2,680.26","422,699,000"
2024-02-16,"2,635.63","2,648.76","2,625.01","2,648.76","593,841,800"
2024-02-15,"2,643.81","2,643.86","2,613.80","2,613.80","621,363,100"
2024-02-14,"2,609.60","2,627.31","2,601.99","2,620.42","543,525,000"
2024-02-13,"2,644.17","2,656.87","2,640.96","2,649.64","559,385,300"
2024-02-08,"2,620.26","2,629.51","2,610.21","2,620.32","430,009,400"
2024-02-07,"2,592.59","2,625.24","2,588.09","2,609.58","518,182,300"
2024-02-06,"2,584.20","2,599.18","2,563.87","2,576.20","411,617,600"
2024-02-05,"2,612.77","2,612.77","2,562.50","2,591.31","511,677,800"
2024-02-02,"2,559.40","2,615.34","2,559.39","2,615.31","596,121,100"
2024-02-01,"2,491.93","2,542.46","2,491.93","2,542.46","751,074,600"
2024-01-31,"2,487.90","2,502.45","2,486.97","2,497.09","454,574,400"
2024-01-30,"2,523.68","2,528.54","2,498.81","2,498.81","481,808,900"
2024-01-29,"2,490.93","2,516.92","2,483.81","2,500.65","427,439,600"
2024-01-26,"2,458.05","2,502.61","2,453.45","2,478.56","292,662,400"
2024-01-25,"2,467.73","2,474.01","2,452.36","2,470.34","357,233,500"
2024-01-24,"2,476.22","2,476.22","2,454.34","2,469.69","395,463,700"
2024-01-23,"2,478.32","2,482.84","2,464.24","2,478.61","472,284,200"
2024-01-22,"2,489.57","2,490.69","2,464.35","2,464.35","388,045,600"
2024-01-19,"2,468.43","2,479.00","2,455.50","2,472.74","518,806,900"
2024-01-18,"2,439.96","2,453.97","2,429.12","2,440.04","571,507,500"
2024-01-17,"2,501.23","2,503.91","2,435.34","2,435.90","965,595,400"
2024-01-16,"2,516.27","2,524.35","2,491.13","2,497.59","659,578,600"
2024-01-15,"2,525.69","2,536.06","2,515.84","2,525.99","802,102,000"
2024-01-12,"2,536.55","2,543.83","2,517.76","2,525.05","790,177,200"
2024-01-11,"2,543.03","2,557.30","2,540.27","2,540.27","788,422,600"
2024-01-10,"2,563.97","2,568.19","2,539.82","2,541.98","570,021,100"
2024-01-09,"2,598.31","2,599.37","2,556.00","2,561.24","791,214,300"
2024-01-08,"2,584.23","2,591.68","2,566.34","2,567.82","320,144,000"
2024-01-05,"2,586.89","2,592.29","2,572.60","2,578.08","522,289,900"
2024-01-04,"2,592.44","2,602.64","2,580.09","2,587.02","770,176,200"
2024-01-03,"2,643.54","2,643.72","2,607.31","2,607.31","463,131,600"
2024-01-02,"2,645.47","2,675.80","2,641.88","2,669.81","409,871,700"
2023-12-28,"2,616.27","2,655.28","2,611.72","2,655.28","460,086,600"
2023-12-27,"2,599.35","2,613.50","2,590.08","2,613.50","349,733,400"
2023-12-26,"2,609.44","2,612.14","2,594.65","2,602.59","440,428,100"
2023-12-22,"2,617.72","2,621.37","2,599.51","2,599.51","465,967,200"
2023-12-21,"2,598.37","2,610.81","2,587.16","2,600.02","578,334,800"
2023-12-20,"2,586.99","2,615.38","2,584.85","2,614.30","570,423,400"
2023-12-19,"2,564.81","2,570.06","2,556.52","2,568.55","392,497,400"
2023-12-18,"2,568.77","2,573.13","2,556.05","2,566.86","384,828,400"
2023-12-15,"2,558.44","2,574.23","2,555.30","2,563.56","465,313,600"
2023-12-14,"2,547.74","2,549.65","2,532.16","2,544.18","530,123,500"
2023-12-13,"2,531.23","2,531.23","2,509.89","2,510.66","377,934,400"
2023-12-12,"2,535.11","2,543.06","2,529.74","2,535.27","378,033,600"
2023-12-11,"2,524.79","2,528.89","2,512.45","2,525.36","435,003,600"
2023-12-08,"2,510.24","2,521.58","2,507.14","2,517.85","431,796,600"
2023-12-07,"2,493.14","2,499.73","2,481.00","2,492.07","446,877,300"
2023-12-06,"2,503.57","2,509.67","2,495.38","2,495.38","390,989,400"
2023-12-05,"2,507.45","2,509.74","2,492.55","2,494.28","427,066,800"
2023-12-04,"2,522.22","2,525.63","2,510.52","2,514.95","498,860,800"
2023-12-01,"2,520.49","2,520.49","2,504.06","2,505.01","516,596,200"
2023-11-30,"2,512.11","2,535.29","2,507.80","2,535.29","664,284,000"
2023-11-29,"2,518.80","2,523.98","2,501.44","2,519.81","579,271,100"
2023-11-28,"2,506.14","2,522.45","2,502.26","2,521.76","443,089,700"
2023-11-27,"2,501.83","2,511.37","2,489.18","2,495.66","364,743,700"
2023-11-24,"2,517.88","2,521.56","2,496.63","2,496.63","359,382,700"
2023-11-23,"2,515.83","2,522.20","2,507.30","2,514.96","360,873,800"
2023-11-22,"2,493.17","2,516.72","2,490.43","2,511.70","439,485,500"
2023-11-21,"2,504.70","2,517.74","2,500.91","2,510.42","345,054,700"
2023-11-20,"2,464.72","2,499.75","2,464.04","2,491.20","323,806,300"
2023-11-17,"2,477.43","2,481.10","2,463.59","2,469.85","388,973,800"
2023-11-16,"2,483.48","2,491.98","2,472.69","2,488.18","407,440,800"
2023-11-15,"2,482.21","2,487.42","2,468.43","2,486.67","419,843,300"
2023-11-14,"2,424.93","2,442.37","2,422.97","2,433.25","306,963,700"
2023-11-13,"2,431.24","2,435.32","2,399.04","2,403.76","307,123,100"
2023-11-10,"2,406.40","2,413.62","2,393.64","2,409.66","312,468,000"
2023-11-09,"2,425.93","2,437.90","2,413.04","2,427.08","395,031,000"
2023-11-08,"2,460.22","2,468.43","2,418.14","2,421.62","467,217,500"
2023-11-07,"2,476.35","2,476.35","2,418.74","2,443.96","457,675,500"
2023-11-06,"2,399.80","2,502.37","2,395.03","2,502.37","528,584,800"
2023-11-03,"2,365.59","2,370.28","2,351.83","2,368.34","578,661,900"
2023-11-02,"2,334.96","2,351.91","2,333.41","2,343.12","377,461,500"
2023-11-01,"2,292.89","2,312.15","2,288.64","2,301.56","358,157,300"
2023-10-31,"2,318.39","2,322.45","2,273.97","2,277.99","394,982,300"
2023-10-30,"2,292.34","2,317.75","2,292.34","2,310.55","444,842,300"
2023-10-27,"2,311.59","2,321.84","2,293.05","2,302.81","514,876,000"
2023-10-26,"2,325.82","2,330.55","2,299.08","2,299.08","531,072,800"
2023-10-25,"2,389.23","2,389.90","2,362.69","2,363.17","440,806,700"
2023-10-24,"2,371.55","2,384.14","2,326.67","2,383.51","444,165,200"
2023-10-23,"2,370.07","2,375.79","2,354.70","2,357.02","395,930,200"
2023-10-20,"2,391.54","2,394.67","2,364.01","2,375.00","521,208,100"
2023-10-19,"2,431.92","2,433.45","2,412.55","2,415.80","756,946,700"
2023-10-18,"2,452.05","2,465.33","2,450.78","2,462.60","911,545,900"
2023-10-17,"2,454.14","2,466.87","2,449.42","2,460.17","509,375,200"
2023-10-16,"2,442.43","2,453.77","2,422.52","2,436.24","788,356,000"
2023-10-13,"2,460.85","2,466.62","2,452.83","2,456.15","582,883,700"
2023-10-12,"2,465.19","2,479.82","2,464.84","2,479.82","515,451,700"
2023-10-11,"2,436.52","2,463.56","2,436.52","2,450.08","446,948,700"
2023-10-10,"2,436.58","2,448.24","2,402.44","2,402.58","416,004,100"
2023-10-06,"2,408.81","2,421.18","2,403.92","2,408.73","289,391,500"
2023-10-05,"2,423.35","2,426.61","2,402.50","2,403.60","451,722,400"
2023-10-04,"2,435.78","2,435.78","2,402.84","2,405.69","424,858,700"
2023-09-27,"2,447.99","2,469.72","2,445.51","2,465.07","366,240,800"
2023-09-26,"2,493.64","2,495.00","2,461.59","2,462.97","427,476,200"
2023-09-25,"2,504.10","2,509.38","2,486.44","2,495.76","438,614,600"
2023-09-22,"2,491.45","2,513.26","2,486.14","2,508.13","433,184,400"
2023-09-21,"2,544.81","2,549.63","2,514.96","2,514.97","394,676,200"
2023-09-20,"2,556.55","2,566.62","2,551.12","2,559.74","414,667,800"
2023-09-19,"2,579.36","2,583.25","2,555.46","2,559.21","462,342,100"
2023-09-18,"2,588.69","2,596.55","2,573.26","2,574.72","416,289,500"
2023-09-15,"2,574.98","2,611.00","2,572.37","2,601.28","441,729,800"
2023-09-14,"2,544.89","2,572.89","2,541.11","2,572.89","412,509,100"
2023-09-13,"2,536.22","2,549.38","2,528.18","2,534.70","417,576,000"
2023-09-12,"2,566.42","2,568.55","2,535.15","2,536.58","359,409,800"
2023-09-11,"2,549.88","2,556.89","2,540.44","2,556.88","411,070,400"
2023-09-08,"2,546.07","2,550.96","2,530.05","2,547.68","396,289,100"
2023-09-07,"2,554.87","2,562.42","2,539.24","2,548.26","377,270,500"
2023-09-06,"2,577.41","2,585.98","2,560.09","2,563.34","422,126,100"
2023-09-05,"2,578.91","2,586.65","2,575.19","2,582.18","384,579,000"
2023-09-04,"2,566.93","2,584.55","2,560.32","2,584.55","342,072,500"
2023-09-01,"2,551.93","2,568.42","2,551.04","2,563.71","493,367,300"
2023-08-31,"2,564.45","2,568.06","2,547.72","2,556.27","473,168,800"
2023-08-30,"2,575.42","2,578.62","2,561.22","2,561.22","364,003,000"
2023-08-29,"2,550.76","2,556.98","2,545.27","2,552.16","441,365,900"
2023-08-28,"2,534.42","2,543.41","2,525.64","2,543.41","483,587,600"
2023-08-25,"2,505.39","2,526.37","2,502.05","2,519.14","577,383,900"
2023-08-24,"2,531.78","2,539.44","2,520.73","2,537.68","441,140,200"
2023-08-23,"2,510.00","2,517.51","2,499.89","2,505.50","547,169,700"
2023-08-22,"2,528.39","2,533.43","2,509.53","2,515.74","471,808,600"
2023-08-21,"2,511.70","2,524.41","2,505.59","2,508.80","399,458,700"
2023-08-18,"2,495.18","2,519.60","2,489.63","2,504.50","557,784,600"
2023-08-17,"2,512.92","2,520.56","2,482.06","2,519.85","735,132,700"
2023-08-16,"2,550.13","2,550.53","2,520.87","2,525.64","685,135,600"
2023-08-14,"2,586.51","2,592.91","2,561.88","2,570.87","624,377,600"
2023-08-11,"2,611.25","2,616.84","2,589.94","2,591.26","675,390,000"
2023-08-10,"2,592.40","2,601.56","2,590.02","2,601.56","568,155,100"
2023-08-09,"2,580.60","2,608.98","2,576.21","2,605.12","467,526,700"
2023-08-08,"2,598.29","2,601.41","2,568.15","2,573.98","638,418,700"
2023-08-07,"2,591.58","2,607.36","2,580.71","2,580.71","504,070,800"
2023-08-04,"2,606.17","2,612.30","2,598.38","2,602.80","645,750,200"
2023-08-03,"2,624.76","2,625.45","2,591.30","2,605.39","789,416,300"
2023-08-02,"2,651.53","2,660.90","2,611.77","2,616.47","704,673,800"
2023-08-01,"2,644.34","2,668.21","2,639.10","2,667.07","493,643,200"
2023-07-31,"2,628.87","2,639.45","2,622.21","2,632.58","454,242,600"
2023-07-28,"2,593.67","2,609.54","2,586.33","2,608.32","503,267,300"
2023-07-27,"2,599.82","2,617.61","2,586.36","2,603.81","594,162,700"
2023-07-26,"2,638.76","2,639.21","2,580.98","2,592.36","834,106,500"
2023-07-25,"2,643.35","2,646.71","2,621.60","2,636.46","723,471,500"
2023-07-24,"2,608.47","2,636.06","2,595.21","2,628.53","529,363,300"
2023-07-21,"2,581.06","2,609.76","2,570.58","2,609.76","501,872,000"
2023-07-20,"2,595.38","2,611.34","2,589.29","2,600.23","372,364,700"
2023-07-19,"2,622.24","2,622.54","2,598.52","2,608.24","440,073,900"
2023-07-18,"2,624.59","2,626.89","2,600.67","2,607.62","493,202,200"
2023-07-17,"2,617.67","2,627.12","2,611.55","2,619.00","550,570,000"
2023-07-14,"2,607.47","2,628.30","2,603.36","2,628.30","569,815,100"
2023-07-13,"2,589.89","2,602.21","2,587.75","2,591.23","585,660,800"
2023-07-12,"2,557.61","2,574.73","2,554.26","2,574.72","696,924,200"
2023-07-11,"2,538.84","2,562.49","2,534.48","2,562.49","594,134,900"
2023-07-10,"2,528.08","2,539.63","2,517.67","2,520.70","561,821,200"
2023-07-07,"2,547.41","2,547.41","2,515.07","2,526.71","613,265,000"
2023-07-06,"2,574.75","2,575.45","2,550.67","2,556.29","531,900,300"
2023-07-05,"2,593.47","2,601.99","2,578.66","2,579.00","601,088,700"
2023-07-04,"2,604.72","2,607.66","2,591.86","2,593.31","674,410,600"
2023-07-03,"2,580.89","2,604.63","2,580.49","2,602.47","618,006,200"
2023-06-30,"2,558.43","2,571.03","2,541.72","2,564.28","510,933,800"
2023-06-29,"2,564.02","2,577.69","2,550.02","2,550.02","604,508,600"
2023-06-28,"2,590.52","2,590.52","2,559.46","2,564.19","488,768,000"
2023-06-27,"2,581.02","2,582.00","2,568.52","2,581.39","538,509,200"
2023-06-26,"2,568.65","2,585.31","2,562.03","2,582.20","481,750,500"
2023-06-23,"2,599.04","2,600.81","2,568.07","2,570.10","528,307,400"
2023-06-22,"2,575.65","2,597.76","2,575.65","2,593.70","613,221,400"
2023-06-21,"2,599.19","2,600.97","2,579.52","2,582.63","659,798,500"
2023-06-20,"2,602.83","2,610.03","2,596.82","2,604.91","722,540,800"
2023-06-19,"2,618.06","2,619.44","2,600.49","2,609.50","719,549,000"
2023-06-16,"2,623.57","2,625.79","2,612.21","2,625.79","673,673,000"
2023-06-15,"2,629.24","2,634.22","2,602.52","2,608.54","582,437,300"
2023-06-14,"2,640.81","2,642.86","2,614.25","2,619.08","654,404,500"
2023-06-13,"2,644.43","2,645.62","2,633.52","2,637.95","694,320,500"
2023-06-12,"2,647.49","2,650.45","2,623.43","2,629.35","557,056,400"
2023-06-09,"2,624.15","2,644.70","2,618.45","2,641.16","583,219,000"
2023-06-08,"2,609.21","2,612.39","2,595.33","2,610.85","581,325,200"
2023-06-07,"2,623.46","2,629.92","2,613.68","2,615.60","537,616,700"
2023-06-05,"2,617.43","2,618.62","2,608.01","2,615.41","545,879,700"
2023-06-02,"2,586.27","2,601.38","2,583.88","2,601.36","569,619,500"
2023-06-01,"2,572.56","2,580.15","2,565.00","2,569.17","675,233,400"
2023-05-31,"2,586.03","2,596.31","2,575.98","2,577.12","686,186,800"
2023-05-30,"2,582.41","2,586.22","2,574.82","2,585.52","641,646,600"
2023-05-26,"2,561.94","2,567.50","2,553.79","2,558.81","634,759,100"
2023-05-25,"2,570.64","2,575.05","2,551.49","2,554.69","917,553,500"
2023-05-24,"2,557.11","2,572.21","2,555.04","2,567.45","1,072,440,000"
2023-05-23,"2,565.80","2,577.32","2,561.10","2,567.55","576,045,400"
2023-05-22,"2,540.03","2,564.09","2,533.50","2,557.08","593,620,000"
2023-05-19,"2,530.83","2,538.31","2,524.89","2,537.79","570,097,400"
2023-05-18,"2,511.09","2,515.40","2,500.01","2,515.40","572,764,600"
2023-05-17,"2,479.65","2,498.37","2,475.02","2,494.66","564,411,600"
2023-05-16,"2,494.40","2,498.54","2,474.90","2,480.24","628,743,800"
2023-05-15,"2,469.80","2,479.35","2,455.99","2,479.35","484,564,800"
2023-05-12,"2,487.35","2,487.35","2,472.45","2,475.42","798,230,000"
2023-05-11,"2,505.57","2,513.82","2,490.08","2,491.00","648,134,400"
2023-05-10,"2,505.96","2,510.13","2,488.42","2,496.51","635,635,000"
2023-05-09,"2,512.34","2,514.81","2,495.63","2,510.06","751,646,900"
2023-05-08,"2,518.53","2,525.84","2,511.13","2,513.21","655,536,100"
2023-05-04,"2,494.82","2,502.14","2,486.09","2,500.94","810,178,200"
2023-05-03,"2,510.19","2,514.37","2,497.83","2,501.40","889,609,400"
2023-05-02,"2,504.01","2,524.42","2,503.21","2,524.39","701,398,500"
2023-04-28,"2,511.79","2,517.13","2,489.58","2,501.53","777,535,100"
2023-04-27,"2,484.31","2,499.01","2,465.83","2,495.81","733,499,900"
2023-04-26,"2,489.49","2,498.56","2,481.38","2,484.83","1,089,215,500"
2023-04-25,"2,531.35","2,531.35","2,472.33","2,489.02","886,421,800"
2023-04-24,"2,538.36","2,541.89","2,518.73","2,523.50","927,191,300"
2023-04-21,"2,556.70","2,559.44","2,532.32","2,544.40","970,398,000"
2023-04-20,"2,566.06","2,573.94","2,552.06","2,563.11","951,423,100"
2023-04-19,"2,570.06","2,582.11","2,568.46","2,575.08","956,994,400"
2023-04-18,"2,582.23","2,582.23","2,557.19","2,571.09","896,932,400"
2023-04-17,"2,570.30","2,577.08","2,561.14","2,575.91","775,752,400"
2023-04-14,"2,580.10","2,581.74","2,560.53","2,571.49","892,445,600"
2023-04-13,"2,534.71","2,561.66","2,531.07","2,561.66","841,719,200"
2023-04-12,"2,546.36","2,561.37","2,536.23","2,550.64","900,749,500"
2023-04-11,"2,523.33","2,550.97","2,514.42","2,547.86","768,175,600"
2023-04-10,"2,491.68","2,519.99","2,490.17","2,512.08","717,648,100"
2023-04-07,"2,478.64","2,493.06","2,473.89","2,490.41","586,992,800"
2023-04-06,"2,488.00","2,488.00","2,458.50","2,459.23","751,378,100"
2023-04-05,"2,482.61","2,497.61","2,478.67","2,495.21","632,719,900"
2023-04-04,"2,475.87","2,489.71","2,472.79","2,480.51","832,555,300"
2023-04-03,"2,485.81","2,485.81","2,467.59","2,472.34","811,723,700"
2023-03-31,"2,459.94","2,481.24","2,456.54","2,476.86","722,612,200"
2023-03-30,"2,452.97","2,462.70","2,439.43","2,453.16","629,052,000"
2023-03-29,"2,432.63","2,443.95","2,428.61","2,443.92","497,218,500"
2023-03-28,"2,418.69","2,434.94","2,415.34","2,434.94","524,016,100"
2023-03-27,"2,423.94","2,423.94","2,395.97","2,409.22","472,847,200"
2023-03-24,"2,421.27","2,423.76","2,399.49","2,414.96","470,659,200"
2023-03-23,"2,398.27","2,424.48","2,397.91","2,424.48","567,703,700"
2023-03-22,"2,411.25","2,417.47","2,402.78","2,416.96","501,412,200"
2023-03-21,"2,396.54","2,399.52","2,383.17","2,388.35","355,194,600"
2023-03-20,"2,391.87","2,405.99","2,378.70","2,379.20","346,033,900"
2023-03-17,"2,403.70","2,405.35","2,382.80","2,395.69","364,175,600"
2023-03-16,"2,357.98","2,382.79","2,346.11","2,377.91","320,194,100"
2023-03-15,"2,380.09","2,395.36","2,370.77","2,379.72","443,751,300"
2023-03-14,"2,390.36","2,390.78","2,348.19","2,348.97","485,075,500"
2023-03-13,"2,400.45","2,413.24","2,369.79","2,410.60","380,739,600"
2023-03-10,"2,389.82","2,400.87","2,383.19","2,394.59","413,411,000"
2023-03-09,"2,440.79","2,444.20","2,416.25","2,419.09","476,374,600"
2023-03-08,"2,435.58","2,442.61","2,426.52","2,431.91","438,358,900"
2023-03-07,"2,457.04","2,475.73","2,455.65","2,463.35","450,481,400"
2023-03-06,"2,452.46","2,464.45","2,441.07","2,462.62","418,813,800"
2023-03-03,"2,438.73","2,442.10","2,423.08","2,432.07","371,881,800"
2023-03-02,"2,414.61","2,440.59","2,411.85","2,427.85","428,342,200"
2023-02-28,"2,417.58","2,431.67","2,407.29","2,412.85","529,789,800"
2023-02-27,"2,405.42","2,405.56","2,383.76","2,402.64","357,218,100"
2023-02-24,"2,442.49","2,452.97","2,421.47","2,423.61","369,900,400"
2023-02-23,"2,430.01","2,449.62","2,422.62","2,439.09","400,991,600"
2023-02-22,"2,430.87","2,435.98","2,416.16","2,417.68","427,481,900"
2023-02-21,"2,457.51","2,466.07","2,446.00","2,458.96","494,660,900"
2023-02-20,"2,453.25","2,463.17","2,430.27","2,455.12","390,012,500"
2023-02-17,"2,447.66","2,471.51","2,445.74","2,451.21","514,047,400"
2023-02-16,"2,444.06","2,475.99","2,442.07","2,475.48","388,027,100"
2023-02-15,"2,473.09","2,473.44","2,424.16","2,427.90","387,066,700"
2023-02-14,"2,471.33","2,480.34","2,459.83","2,465.64","349,432,100"
2023-02-13,"2,461.96","2,462.58","2,440.86","2,452.70","486,398,600"
2023-02-10,"2,470.65","2,473.80","2,454.74","2,469.73","662,365,600"
2023-02-09,"2,470.66","2,487.14","2,466.61","2,481.52","610,694,400"
2023-02-08,"2,469.42","2,487.35","2,465.96","2,483.64","415,677,400"
2023-02-07,"2,440.14","2,456.17","2,432.40","2,451.71","451,159,000"
2023-02-06,"2,461.82","2,469.42","2,438.04","2,438.19","566,819,400"
2023-02-03,"2,466.54","2,485.08","2,460.21","2,480.40","496,860,500"
2023-02-02,"2,481.94","2,486.20","2,454.60","2,468.88","693,116,400"
2023-02-01,"2,446.03","2,453.29","2,433.37","2,449.80","666,296,300"
2023-01-31,"2,449.92","2,457.48","2,423.37","2,425.08","617,195,600"
2023-01-30,"2,484.64","2,491.13","2,446.59","2,450.47","475,410,300"
2023-01-27,"2,474.52","2,497.40","2,464.53","2,484.02","509,288,100"
2023-01-26,"2,436.18","2,468.65","2,426.40","2,468.65","486,831,900"
2023-01-25,"2,426.58","2,432.71","2,421.51","2,428.57","550,087,200"
2023-01-20,"2,380.00","2,395.97","2,372.57","2,395.26","302,506,000"
2023-01-19,"2,354.56","2,380.34","2,354.56","2,380.34","370,098,900"
2023-01-18,"2,380.36","2,383.00","2,356.84","2,368.32","537,392,900"
2023-01-17,"2,400.92","2,404.00","2,374.65","2,379.39","536,811,100"
2023-01-16,"2,390.06","2,410.22","2,387.61","2,399.86","517,762,200"
2023-01-13,"2,377.34","2,397.01","2,375.78","2,386.09","862,230,100"
2023-01-12,"2,376.72","2,377.80","2,358.33","2,365.10","580,433,300"
2023-01-11,"2,364.05","2,369.66","2,350.36","2,359.53","369,010,900"
2023-01-10,"2,348.04","2,370.18","2,344.18","2,351.31","359,914,100"
2023-01-09,"2,315.87","2,351.06","2,312.56","2,350.19","342,095,500"
2023-01-06,"2,253.40","2,300.62","2,253.27","2,289.97","398,606,500"
2023-01-05,"2,268.20","2,281.39","2,252.97","2,264.65","430,977,000"
2023-01-04,"2,205.98","2,260.06","2,198.82","2,255.98","412,841,100"
2023-01-03,"2,230.98","2,230.98","2,180.67","2,218.68","410,245,300"
2023-01-02,"2,249.95","2,259.88","2,222.37","2,225.67","346,344,700"
2022-12-29,"2,265.73","2,272.67","2,236.38","2,236.40","361,194,400"
2022-12-28,"2,296.45","2,296.45","2,276.90","2,280.45","405,893,500"
2022-12-27,"2,327.52","2,335.99","2,321.48","2,332.79","448,498,700"
2022-12-26,"2,312.54","2,321.92","2,304.20","2,317.14","427,844,600"
2022-12-23,"2,325.86","2,333.08","2,311.90","2,313.69","366,988,500"
2022-12-22,"2,340.00","2,356.73","2,335.75","2,356.73","553,052,900"
2022-12-21,"2,346.39","2,347.00","2,325.78","2,328.95","329,724,400"
2022-12-20,"2,344.73","2,353.86","2,324.66","2,333.29","358,771,000"
2022-12-19,"2,350.78","2,358.76","2,342.28","2,352.17","323,987,400"
2022-12-16,"2,329.75","2,360.44","2,326.83","2,360.02","414,172,000"
2022-12-15,"2,383.83","2,392.11","2,360.95","2,360.97","375,386,400"
2022-12-14,"2,380.81","2,400.18","2,379.44","2,399.25","409,799,400"
2022-12-13,"2,385.05","2,388.27","2,364.87","2,372.40","447,565,300"
2022-12-12,"2,373.58","2,381.87","2,368.47","2,373.02","499,224,600"
2022-12-09,"2,382.73","2,390.08","2,367.25","2,389.04","315,674,200"
2022-12-08,"2,386.90","2,387.95","2,357.20","2,371.08","351,939,400"
2022-12-07,"2,385.87","2,394.88","2,377.98","2,382.81","332,586,700"
2022-12-06,"2,397.70","2,416.88","2,390.20","2,393.16","368,635,700"
2022-12-05,"2,442.17","2,442.22","2,413.05","2,419.32","385,586,100"
2022-12-02,"2,471.50","2,471.50","2,434.33","2,434.33","468,847,300"
2022-12-01,"2,501.43","2,501.43","2,474.33","2,479.84","491,383,400"
2022-11-30,"2,424.44","2,472.53","2,421.42","2,472.53","594,127,300"
2022-11-29,"2,405.54","2,433.87","2,401.10","2,433.39","550,174,600"
2022-11-28,"2,425.05","2,425.65","2,401.95","2,408.27","350,496,800"
2022-11-25,"2,442.21","2,449.66","2,433.57","2,437.86","438,394,200"
2022-11-24,"2,437.51","2,441.33","2,428.12","2,441.33","481,184,800"
2022-11-23,"2,424.36","2,427.28","2,407.58","2,418.01","474,789,300"
2022-11-22,"2,405.96","2,426.40","2,401.50","2,405.27","539,169,300"
2022-11-21,"2,446.05","2,448.14","2,409.36","2,419.50","544,528,800"
2022-11-18,"2,448.13","2,471.87","2,442.87","2,444.48","589,585,900"
2022-11-17,"2,466.50","2,467.39","2,442.90","2,442.90","914,519,100"
2022-11-16,"2,487.00","2,487.00","2,446.79","2,477.45","657,833,900"
2022-11-15,"2,482.76","2,485.20","2,463.65","2,480.33","617,401,000"
2022-11-14,"2,485.18","2,499.43","2,470.60","2,474.65","731,166,000"
2022-11-11,"2,466.90","2,486.46","2,463.51","2,483.16","758,247,800"
2022-11-10,"2,405.77","2,426.10","2,401.99","2,402.23","899,127,400"
2022-11-09,"2,408.54","2,429.65","2,403.64","2,424.41","680,722,000"
2022-11-08,"2,387.20","2,400.39","2,375.67","2,399.04","500,087,900"
2022-11-07,"2,360.22","2,373.28","2,354.22","2,371.79","392,508,600"
2022-11-04,"2,325.85","2,348.43","2,316.29","2,348.43","436,430,300"
2022-11-03,"2,297.45","2,342.86","2,296.44","2,329.17","550,428,300"
2022-11-02,"2,326.05","2,346.32","2,323.37","2,336.87","450,634,500"
2022-11-01,"2,301.58","2,335.57","2,297.57","2,335.22","597,205,900"
2022-10-31,"2,293.75","2,295.51","2,273.73","2,293.61","401,399,500"
2022-10-28,"2,276.73","2,292.65","2,266.44","2,268.40","427,245,300"
2022-10-27,"2,266.07","2,290.56","2,262.02","2,288.78","587,872,000"
2022-10-26,"2,240.70","2,258.11","2,234.49","2,249.56","563,441,500"
2022-10-25,"2,237.04","2,253.24","2,230.75","2,235.07","456,770,000"
2022-10-24,"2,248.26","2,256.67","2,229.85","2,236.16","444,820,400"
2022-10-21,"2,210.59","2,224.04","2,204.64","2,213.12","637,486,400"
2022-10-20,"2,225.53","2,231.52","2,200.44","2,218.09","1,108,102,600"
2022-10-19,"2,249.35","2,266.80","2,234.59","2,237.44","895,161,300"
2022-10-18,"2,249.15","2,251.74","2,220.71","2,249.95","580,891,600"
2022-10-17,"2,187.17","2,221.05","2,177.66","2,219.71","498,780,600"
2022-10-14,"2,200.66","2,220.54","2,193.63","2,212.55","513,523,900"
2022-10-13,"2,198.29","2,198.34","2,162.87","2,162.87","792,452,400"
2022-10-12,"2,191.35","2,205.02","2,181.65","2,202.47","658,347,500"
2022-10-11,"2,193.02","2,193.05","2,174.06","2,192.07","859,508,900"
2022-10-07,"2,217.84","2,245.88","2,215.08","2,232.84","428,682,900"
2022-10-06,"2,230.43","2,250.87","2,223.36","2,237.86","643,015,700"
2022-10-05,"2,248.85","2,253.93","2,204.03","2,215.22","855,790,100"
2022-10-04,"2,189.51","2,212.38","2,180.84","2,209.38","421,003,100"
2022-09-30,"2,161.11","2,177.20","2,134.77","2,155.49","950,269,600"
2022-09-29,"2,197.75","2,210.61","2,170.14","2,170.93","508,500,800"
2022-09-28,"2,206.15","2,223.56","2,151.60","2,169.29","596,136,300"
2022-09-27,"2,224.39","2,227.35","2,197.90","2,223.86","487,939,500"
2022-09-26,"2,260.80","2,260.80","2,215.36","2,220.94","621,995,300"
2022-09-23,"2,331.33","2,334.06","2,285.71","2,290.00","446,460,500"
2022-09-22,"2,319.70","2,335.11","2,309.10","2,332.31","446,820,200"
2022-09-21,"2,351.54","2,360.27","2,341.79","2,347.21","378,165,400"
2022-09-20,"2,373.64","2,382.52","2,359.84","2,367.85","419,340,200"
2022-09-19,"2,388.73","2,389.85","2,352.76","2,355.66","403,937,400"
2022-09-16,"2,387.56","2,395.10","2,371.11","2,382.78","440,798,600"
2022-09-15,"2,416.01","2,421.63","2,401.83","2,401.83","424,110,900"
2022-09-14,"2,390.47","2,418.42","2,381.50","2,411.42","461,507,500"
2022-09-13,"2,418.59","2,453.95","2,418.59","2,449.54","367,102,500"
2022-09-08,"2,393.27","2,394.06","2,379.06","2,384.28","423,620,800"
2022-09-07,"2,395.66","2,398.40","2,365.35","2,376.46","378,200,200"
2022-09-06,"2,409.72","2,422.53","2,399.26","2,410.02","294,224,100"
2022-09-05,"2,410.07","2,424.77","2,392.63","2,403.68","354,737,900"
2022-09-02,"2,427.70","2,432.37","2,402.67","2,409.41","391,598,600"
2022-09-01,"2,443.00","2,443.61","2,415.61","2,415.61","580,021,200"
2022-08-31,"2,433.47","2,473.75","2,426.14","2,472.05","436,246,600"
2022-08-30,"2,441.21","2,453.91","2,433.48","2,450.93","336,555,400"
2022-08-29,"2,432.06","2,432.89","2,417.01","2,426.89","448,746,200"
2022-08-26,"2,489.14","2,497.76","2,476.75","2,481.03","520,091,000"
2022-08-25,"2,459.79","2,477.26","2,455.32","2,477.26","426,229,500"
2022-08-24,"2,446.18","2,454.01","2,430.69","2,447.45","423,502,100"
2022-08-23,"2,449.31","2,454.55","2,431.83","2,435.34","471,166,400"
2022-08-22,"2,467.38","2,475.77","2,457.08","2,462.50","422,552,200"
2022-08-19,"2,510.72","2,510.72","2,492.69","2,492.69","459,834,900"
2022-08-18,"2,499.30","2,515.37","2,488.09","2,508.05","381,627,600"
2022-08-17,"2,536.57","2,543.15","2,512.01","2,516.47","418,052,900"
2022-08-16,"2,543.05","2,546.35","2,532.20","2,533.52","398,335,300"
2022-08-12,"2,519.66","2,533.20","2,514.31","2,527.94","445,546,600"
2022-08-11,"2,507.74","2,523.78","2,506.41","2,523.78","505,245,800"
2022-08-10,"2,493.70","2,494.15","2,478.21","2,480.88","479,467,400"
2022-08-09,"2,493.57","2,506.49","2,481.36","2,503.46","454,363,800"
2022-08-08,"2,481.17","2,494.00","2,477.76","2,493.10","418,234,200"
2022-08-05,"2,481.43","2,497.58","2,480.05","2,490.80","409,776,200"
2022-08-04,"2,478.44","2,478.95","2,465.32","2,473.11","399,964,600"
2022-08-03,"2,438.56","2,461.45","2,433.12","2,461.45","475,302,300"
2022-08-02,"2,451.00","2,451.07","2,428.76","2,439.62","549,923,500"
2022-08-01,"2,444.05","2,461.40","2,437.13","2,452.25","487,160,200"
2022-07-29,"2,453.53","2,463.05","2,442.01","2,451.50","499,369,200"
2022-07-28,"2,437.57","2,443.43","2,429.07","2,435.27","491,073,200"
2022-07-27,"2,412.52","2,415.53","2,396.19","2,415.53","333,587,600"
2022-07-26,"2,397.27","2,415.39","2,395.17","2,412.96","415,671,400"
2022-07-25,"2,385.65","2,412.47","2,385.65","2,403.69","323,090,600"
2022-07-22,"2,405.37","2,417.91","2,391.48","2,393.14","381,596,700"
2022-07-21,"2,387.91","2,411.96","2,387.91","2,409.16","295,624,100"
2022-07-20,"2,406.29","2,410.06","2,382.65","2,386.85","333,329,000"
2022-07-19,"2,367.52","2,372.74","2,359.59","2,370.97","339,377,600"
2022-07-18,"2,350.48","2,376.50","2,344.12","2,375.25","324,357,000"
2022-07-15,"2,335.12","2,337.30","2,293.45","2,330.98","319,675,100"
2022-07-14,"2,316.41","2,338.29","2,307.69","2,322.32","349,137,900"
2022-07-13,"2,324.45","2,341.19","2,312.49","2,328.61","308,806,000"
2022-07-12,"2,330.88","2,333.02","2,303.74","2,317.76","379,308,200"
2022-07-11,"2,357.43","2,363.26","2,337.82","2,340.27","377,108,000"
2022-07-08,"2,352.49","2,367.84","2,348.74","2,350.61","411,424,800"
2022-07-07,"2,308.97","2,344.14","2,307.90","2,334.27","340,172,900"
2022-07-06,"2,330.11","2,332.14","2,290.33","2,292.01","410,732,000"
2022-07-05,"2,322.11","2,344.08","2,309.62","2,341.78","323,904,500"
2022-07-04,"2,310.73","2,318.31","2,276.63","2,300.34","467,959,500"
2022-07-01,"2,342.92","2,354.97","2,291.49","2,305.42","530,345,900"
2022-06-30,"2,368.57","2,368.57","2,332.59","2,332.64","515,396,400"
2022-06-29,"2,387.10","2,393.25","2,375.45","2,377.99","422,127,300"
2022-06-28,"2,405.20","2,422.10","2,393.96","2,422.09","564,985,500"
2022-06-27,"2,383.20","2,418.94","2,365.86","2,401.92","510,587,300"
2022-06-24,"2,327.11","2,373.48","2,319.99","2,366.60","654,445,500"
2022-06-23,"2,347.84","2,361.23","2,306.48","2,314.32","749,660,600"
2022-06-22,"2,417.11","2,418.05","2,342.81","2,342.81","532,138,900"
2022-06-21,"2,402.99","2,423.48","2,385.60","2,408.93","479,678,300"
2022-06-20,"2,449.89","2,449.89","2,372.35","2,391.03","592,701,800"
2022-06-17,"2,409.72","2,441.34","2,396.47","2,440.93","634,896,700"
2022-06-16,"2,481.66","2,500.36","2,447.33","2,451.41","584,041,200"
2022-06-15,"2,490.01","2,495.54","2,436.04","2,447.38","714,143,400"
2022-06-14,"2,472.96","2,503.17","2,457.39","2,492.97","671,756,800"
2022-06-13,"2,550.21","2,550.32","2,504.51","2,504.51","660,309,200"
2022-06-10,"2,596.37","2,602.80","2,583.74","2,595.87","724,089,800"
2022-06-09,"2,618.92","2,627.88","2,606.61","2,625.44","814,882,800"
2022-06-08,"2,633.53","2,639.52","2,621.96","2,626.15","576,389,700"
2022-06-07,"2,659.27","2,662.04","2,622.78","2,626.34","524,710,300"
2022-06-03,"2,679.57","2,681.51","2,663.00","2,670.65","562,469,800"
2022-06-02,"2,670.74","2,674.00","2,653.59","2,658.99","525,259,100"
2022-05-31,"2,666.88","2,685.90","2,654.32","2,685.90","671,679,000"
2022-05-30,"2,662.31","2,672.74","2,654.18","2,669.66","469,797,600"
2022-05-27,"2,640.75","2,644.71","2,631.49","2,638.05","590,813,700"
2022-05-26,"2,616.99","2,641.91","2,602.01","2,612.45","595,849,200"
2022-05-25,"2,621.75","2,630.17","2,602.94","2,617.22","712,611,400"
2022-05-24,"2,638.94","2,646.99","2,605.87","2,605.87","851,235,700"
2022-05-23,"2,651.63","2,653.87","2,634.29","2,647.38","644,204,800"
2022-05-20,"2,605.78","2,641.68","2,605.38","2,639.29","755,652,900"
2022-05-19,"2,576.24","2,597.79","2,568.54","2,592.34","677,595,100"
2022-05-18,"2,634.75","2,644.13","2,618.00","2,625.98","870,268,200"
2022-05-17,"2,603.58","2,621.84","2,603.58","2,620.44","873,519,400"
2022-05-16,"2,624.69","2,629.20","2,593.61","2,596.58","780,198,900"
2022-05-13,"2,570.01","2,605.84","2,565.96","2,604.24","788,539,100"
2022-05-12,"2,569.50","2,591.57","2,546.80","2,550.08","900,330,700"
2022-05-11,"2,586.52","2,599.11","2,579.09","2,592.27","679,509,700"
2022-05-10,"2,590.13","2,602.75","2,553.01","2,596.56","841,463,300"
2022-05-09,"2,634.32","2,642.75","2,606.08","2,610.81","892,652,700"
2022-05-06,"2,650.89","2,652.51","2,635.97","2,644.51","1,333,935,800"
2022-05-04,"2,690.45","2,696.03","2,667.23","2,677.57","1,181,019,900"
2022-05-03,"2,690.16","2,702.10","2,680.46","2,680.46","883,402,900"
2022-05-02,"2,669.21","2,689.91","2,667.85","2,687.45","873,722,700"
2022-04-29,"2,669.18","2,696.10","2,664.06","2,695.05","975,253,100"
2022-04-28,"2,656.54","2,667.49","2,638.37","2,667.49","899,168,700"
2022-04-27,"2,630.58","2,641.82","2,615.50","2,639.06","1,072,367,400"
2022-04-26,"2,674.00","2,678.05","2,663.83","2,668.31","889,941,800"
2022-04-25,"2,676.67","2,680.35","2,657.04","2,657.13","1,018,005,300"
2022-04-22,"2,704.72","2,708.58","2,690.48","2,704.71","1,239,909,900"
2022-04-21,"2,725.71","2,737.54","2,725.04","2,728.21","1,002,973,300"
2022-04-20,"2,718.49","2,724.46","2,702.84","2,718.69","1,736,282,600"
2022-04-19,"2,707.76","2,723.98","2,705.32","2,718.89","1,257,385,300"
2022-04-18,"2,685.04","2,701.11","2,681.37","2,693.21","1,024,914,900"
2022-04-15,"2,695.52","2,705.41","2,685.01","2,696.06","693,717,600"
2022-04-14,"2,719.34","2,720.30","2,702.61","2,716.71","665,351,000"
2022-04-13,"2,677.53","2,717.63","2,672.60","2,716.49","733,240,900"
2022-04-12,"2,674.17","2,685.08","2,658.40","2,666.76","870,969,500"
2022-04-11,"2,687.54","2,711.02","2,683.96","2,693.10","742,601,500"
2022-04-08,"2,706.64","2,712.00","2,685.52","2,700.39","948,355,100"
2022-04-07,"2,714.70","2,718.50","2,693.36","2,695.86","999,275,900"
2022-04-06,"2,739.07","2,747.85","2,730.66","2,735.03","1,321,644,900"
2022-04-05,"2,765.50","2,769.18","2,750.50","2,759.20","1,605,993,600"
2022-04-04,"2,729.86","2,758.38","2,722.45","2,757.90","1,022,970,500"
2022-04-01,"2,745.85","2,745.85","2,729.68","2,739.85","1,305,564,000"
2022-03-31,"2,743.24","2,765.20","2,743.20","2,757.65","1,030,288,700"
2022-03-30,"2,758.31","2,760.60","2,740.02","2,746.74","840,134,300"
2022-03-29,"2,745.62","2,754.18","2,733.22","2,741.07","732,159,200"
2022-03-28,"2,721.22","2,737.46","2,707.74","2,729.56","768,042,500"
2022-03-25,"2,740.83","2,740.95","2,722.36","2,729.98","602,771,000"
2022-03-24,"2,716.25","2,729.66","2,705.14","2,729.66","960,897,700"
2022-03-23,"2,727.12","2,742.27","2,720.83","2,735.05","883,375,900"
2022-03-22,"2,686.68","2,712.14","2,686.58","2,710.00","489,441,700"
2022-03-21,"2,717.81","2,717.81","2,683.69","2,686.05","502,401,700"
2022-03-18,"2,695.64","2,708.16","2,688.71","2,707.02","644,017,400"
2022-03-17,"2,703.27","2,714.00","2,694.51","2,694.51","546,079,000"
2022-03-16,"2,649.85","2,659.90","2,630.03","2,659.23","736,353,500"
2022-03-15,"2,630.31","2,641.97","2,615.08","2,621.53","604,181,600"
2022-03-14,"2,654.93","2,661.76","2,633.31","2,645.65","636,324,400"
2022-03-11,"2,665.95","2,672.62","2,647.28","2,661.28","797,034,200"
2022-03-10,"2,660.86","2,682.79","2,660.86","2,680.32","613,810,400"
2022-03-08,"2,617.33","2,647.18","2,605.81","2,622.40","540,370,200"
2022-03-07,"2,680.17","2,680.17","2,644.10","2,651.31","571,562,200"
2022-03-04,"2,736.58","2,736.58","2,702.34","2,713.43","765,675,700"
2022-03-03,"2,729.86","2,748.21","2,726.35","2,747.08","614,514,800"
2022-03-02,"2,698.31","2,716.46","2,692.24","2,703.52","527,950,300"
2022-02-28,"2,663.00","2,699.18","2,658.25","2,699.18","613,470,200"
2022-02-25,"2,678.47","2,694.81","2,665.96","2,676.76","664,347,300"
2022-02-24,"2,689.28","2,694.55","2,642.63","2,648.80","926,399,600"
2022-02-23,"2,727.43","2,729.56","2,705.31","2,719.53","537,841,000"
2022-02-22,"2,705.08","2,721.84","2,690.09","2,706.79","648,400,500"
2022-02-21,"2,706.65","2,746.62","2,694.90","2,743.80","495,301,100"
2022-02-18,"2,714.52","2,747.08","2,711.88","2,744.52","513,521,100"
2022-02-17,"2,735.11","2,770.66","2,711.99","2,744.09","611,421,500"
2022-02-16,"2,719.61","2,730.43","2,711.34","2,729.68","422,366,400"
2022-02-15,"2,712.45","2,716.45","2,665.47","2,676.54","589,039,100"
2022-02-14,"2,715.10","2,724.72","2,688.24","2,704.48","616,343,400"
2022-02-11,"2,739.14","2,766.70","2,735.08","2,747.71","480,520,300"
2022-02-10,"2,787.44","2,788.27","2,761.76","2,771.93","509,611,200"
2022-02-09,"2,772.63","2,773.38","2,753.51","2,768.85","539,123,900"
2022-02-08,"2,767.76","2,779.85","2,726.72","2,746.47","560,534,100"
2022-02-07,"2,750.70","2,750.70","2,718.94","2,745.06","417,838,400"
2022-02-04,"2,714.83","2,751.80","2,712.87","2,750.26","536,148,700"
2022-02-03,"2,706.34","2,735.34","2,702.78","2,707.82","435,709,900"
2022-01-28,"2,617.87","2,668.59","2,591.53","2,663.34","434,186,900"
2022-01-27,"2,709.24","2,722.86","2,614.49","2,614.49","487,726,700"
2022-01-26,"2,729.75","2,744.14","2,708.10","2,709.24","472,650,600"
2022-01-25,"2,786.41","2,789.62","2,703.99","2,720.39","639,958,700"
2022-01-24,"2,823.76","2,828.11","2,780.68","2,792.00","473,993,100"
2022-01-21,"2,837.49","2,847.95","2,817.11","2,834.29","532,753,300"
2022-01-20,"2,842.28","2,862.70","2,830.97","2,862.68","395,669,100"
2022-01-19,"2,840.34","2,871.79","2,832.18","2,842.28","463,829,400"
2022-01-18,"2,898.98","2,902.79","2,857.26","2,864.24","554,040,900"
2022-01-17,"2,918.55","2,919.67","2,875.98","2,890.10","593,260,700"
2022-01-14,"2,937.61","2,944.97","2,914.73","2,921.92","532,668,200"
2022-01-13,"2,979.91","2,982.14","2,958.39","2,962.09","604,870,600"
2022-01-12,"2,950.78","2,972.58","2,950.31","2,972.48","519,500,900"
2022-01-11,"2,930.93","2,943.57","2,909.82","2,927.38","566,171,800"
2022-01-10,"2,947.37","2,951.12","2,910.90","2,926.72","477,399,900"
2022-01-07,"2,933.78","2,959.03","2,933.10","2,954.89","546,172,400"
2022-01-06,"2,925.40","2,952.54","2,915.38","2,920.53","786,045,000"
2022-01-05,"2,984.05","2,986.20","2,936.73","2,953.97","787,346,100"
2022-01-04,"2,991.97","2,995.25","2,973.08","2,989.24","621,549,300"
2022-01-03,"2,998.32","3,010.77","2,979.42","2,988.77","435,825,800"
2021-12-30,"2,999.75","3,005.36","2,975.74","2,977.65","461,038,200"
2021-12-29,"3,002.90","3,007.72","2,988.67","2,993.29","545,831,800"
2021-12-28,"3,006.77","3,020.29","2,991.55","3,020.24","607,046,100"
2021-12-27,"3,013.94","3,017.31","2,999.30","2,999.55","475,363,000"
2021-12-24,"3,009.48","3,025.77","3,009.48","3,012.43","537,548,200"
2021-12-23,"2,998.02","3,000.70","2,980.91","2,998.17","483,838,900"
2021-12-22,"2,993.50","3,000.79","2,976.65","2,984.48","461,755,300"
2021-12-21,"2,981.67","2,984.56","2,955.90","2,975.03","410,979,600"
2021-12-20,"3,001.33","3,001.33","2,962.07","2,963.00","377,584,500"
2021-12-17,"2,985.20","3,017.73","2,984.19","3,017.73","451,824,100"
2021-12-16,"3,013.26","3,018.20","2,989.63","3,006.41","402,825,100"
2021-12-15,"2,979.83","2,992.30","2,973.00","2,989.39","432,874,400"
2021-12-14,"2,983.95","3,001.70","2,976.16","2,987.95","581,569,900"
2021-12-13,"3,019.67","3,043.83","3,000.51","3,001.66","375,828,300"
2021-12-10,"3,008.70","3,017.64","2,998.29","3,010.23","451,599,400"
2021-12-09,"3,007.00","3,029.57","3,001.55","3,029.57","513,445,700"
2021-12-08,"3,017.93","3,036.13","2,995.34","3,001.80","488,246,100"
2021-12-07,"2,973.84","2,992.31","2,960.90","2,991.72","541,370,000"
2021-12-06,"2,954.82","2,983.50","2,932.49","2,973.25","479,907,900"
2021-12-03,"2,935.93","2,975.44","2,927.55","2,968.33","486,749,000"
2021-12-02,"2,874.64","2,945.27","2,874.64","2,945.27","534,461,600"
2021-12-01,"2,860.12","2,905.74","2,837.03","2,899.72","563,927,100"
2021-11-30,"2,932.71","2,942.93","2,822.73","2,839.01","983,556,300"
2021-11-29,"2,906.15","2,930.22","2,890.78","2,909.32","844,400,400"
2021-11-26,"2,973.04","2,985.77","2,930.31","2,936.44","595,597,600"
2021-11-25,"2,996.74","2,996.74","2,973.24","2,980.27","595,969,600"
2021-11-24,"3,006.34","3,017.90","2,981.02","2,994.29","556,640,400"
2021-11-23,"3,013.16","3,016.36","2,992.14","2,997.33","524,233,400"
2021-11-22,"2,983.38","3,018.01","2,980.73","3,013.25","530,959,100"
2021-11-19,"2,951.06","2,974.64","2,948.07","2,971.02","657,093,700"
2021-11-18,"2,959.26","2,964.48","2,937.53","2,947.38","541,652,800"
2021-11-17,"3,004.02","3,004.67","2,957.70","2,962.42","541,489,500"
2021-11-16,"2,995.68","3,011.88","2,985.34","2,997.21","579,646,300"
2021-11-15,"2,989.68","3,003.71","2,979.96","2,999.52","639,395,600"
2021-11-12,"2,945.95","2,973.84","2,938.27","2,968.80","665,733,100"
2021-11-11,"2,911.41","2,925.19","2,903.72","2,924.92","572,859,000"
2021-11-10,"2,947.46","2,958.61","2,924.36","2,930.17","570,931,700"
2021-11-09,"2,958.15","2,987.28","2,949.17","2,962.46","708,773,400"
2021-11-08,"2,965.36","2,968.18","2,930.90","2,960.20","560,205,300"
2021-11-05,"3,003.53","3,003.53","2,953.96","2,969.27","688,027,900"
2021-11-04,"3,000.92","3,011.56","2,978.07","2,983.22","772,023,900"
2021-11-03,"3,020.36","3,020.87","2,969.01","2,975.71","658,648,300"
2021-11-02,"2,995.58","3,034.30","2,995.58","3,013.49","525,853,000"
2021-11-01,"2,984.18","2,991.81","2,976.87","2,978.94","475,382,100"
2021-10-29,"3,025.67","3,030.17","2,965.40","2,970.68","545,833,700"
2021-10-28,"3,023.17","3,034.42","3,009.55","3,009.55","617,256,700"
2021-10-27,"3,045.83","3,049.02","3,019.00","3,025.49","607,875,300"
2021-10-26,"3,039.82","3,051.65","3,030.53","3,049.08","564,559,800"
2021-10-25,"3,001.10","3,025.27","2,983.29","3,020.54","791,795,900"
2021-10-22,"3,005.36","3,018.70","2,996.26","3,006.16","695,272,900"
2021-10-21,"3,012.28","3,025.88","3,002.74","3,007.33","887,369,700"
2021-10-20,"3,043.13","3,047.24","3,012.97","3,013.13","680,326,800"
2021-10-19,"3,022.23","3,034.53","3,014.19","3,029.04","845,703,500"
2021-10-18,"3,017.48","3,021.17","2,990.44","3,006.68","926,369,400"
2021-10-15,"3,012.62","3,021.90","2,999.33","3,015.06","857,797,800"
2021-10-14,"2,968.87","2,988.97","2,962.33","2,988.64","617,170,000"
2021-10-13,"2,913.34","2,953.33","2,909.47","2,944.41","752,132,400"
2021-10-12,"2,950.22","2,950.94","2,901.51","2,916.38","660,180,900"
2021-10-08,"2,977.82","2,978.08","2,949.01","2,956.30","668,946,700"
2021-10-07,"2,936.87","2,961.53","2,927.60","2,959.46","595,381,700"
2021-10-06,"2,986.06","2,993.47","2,908.30","2,908.31","901,721,900"
2021-10-05,"2,998.17","2,998.17","2,940.59","2,962.17","840,557,000"
2021-10-01,"3,056.21","3,062.60","3,015.01","3,019.18","855,481,900"
2021-09-30,"3,054.87","3,079.43","3,046.43","3,068.82","885,818,700"
2021-09-29,"3,055.50","3,069.04","3,030.60","3,060.27","821,557,900"
2021-09-28,"3,133.40","3,134.46","3,095.72","3,097.92","894,913,100"
2021-09-27,"3,121.70","3,146.35","3,119.26","3,133.64","883,229,300"
2021-09-24,"3,140.73","3,146.86","3,119.40","3,125.24","753,222,400"
2021-09-23,"3,123.64","3,131.63","3,107.98","3,127.58","623,841,300"
2021-09-17,"3,127.75","3,142.13","3,112.51","3,140.51","589,244,000"
2021-09-16,"3,165.38","3,167.68","3,126.65","3,130.09","612,873,400"
2021-09-15,"3,147.21","3,164.01","3,138.80","3,153.40","616,557,000"
2021-09-14,"3,137.32","3,164.31","3,137.32","3,148.83","713,227,200"
2021-09-13,"3,117.35","3,139.13","3,109.01","3,127.86","732,269,500"
2021-09-10,"3,121.09","3,131.54","3,103.38","3,125.76","723,085,300"
2021-09-09,"3,146.64","3,158.60","3,111.49","3,114.70","927,368,500"
2021-09-08,"3,178.74","3,187.55","3,157.07","3,162.99","859,889,300"
2021-09-07,"3,200.07","3,201.76","3,176.81","3,187.42","760,159,700"
2021-09-06,"3,196.30","3,206.25","3,186.79","3,203.33","726,190,100"
2021-09-03,"3,189.71","3,203.08","3,181.64","3,201.06","641,510,000"
2021-09-02,"3,198.03","3,204.01","3,171.78","3,175.85","757,859,600"
2021-09-01,"3,195.67","3,215.13","3,185.80","3,207.02","746,705,200"
2021-08-31,"3,144.49","3,199.89","3,130.30","3,199.27","661,221,100"
2021-08-30,"3,160.87","3,164.87","3,132.77","3,144.19","602,858,300"
2021-08-27,"3,116.29","3,143.01","3,106.97","3,133.90","520,668,700"
2021-08-26,"3,151.30","3,159.37","3,121.04","3,128.53","727,719,000"
2021-08-25,"3,148.13","3,161.00","3,124.25","3,146.81","624,688,400"
2021-08-24,"3,119.70","3,142.58","3,115.23","3,138.30","586,535,100"
2021-08-23,"3,086.81","3,111.81","3,064.65","3,090.21","570,979,900"
2021-08-20,"3,111.10","3,122.09","3,049.03","3,060.51","672,088,400"
2021-08-19,"3,140.01","3,158.00","3,097.83","3,097.83","655,629,000"
2021-08-18,"3,141.98","3,175.88","3,124.56","3,158.93","622,791,600"
2021-08-17,"3,169.74","3,179.49","3,134.48","3,143.09","690,842,300"
2021-08-13,"3,205.75","3,209.72","3,146.76","3,171.29","696,468,100"
2021-08-12,"3,213.58","3,229.59","3,202.11","3,208.38","643,282,500"
2021-08-11,"3,235.36","3,250.21","3,217.65","3,220.62","618,092,800"
2021-08-10,"3,272.44","3,272.44","3,232.46","3,243.19","730,349,200"
2021-08-09,"3,258.10","3,275.15","3,251.74","3,260.42","707,654,200"
2021-08-06,"3,277.06","3,288.17","3,261.93","3,270.36","941,361,300"
2021-08-05,"3,283.25","3,296.17","3,273.33","3,276.13","680,941,000"
2021-08-04,"3,246.65","3,283.14","3,237.55","3,280.38","632,241,700"
2021-08-03,"3,221.57","3,237.14","3,213.20","3,237.14","653,512,900"
2021-08-02,"3,218.42","3,223.04","3,194.00","3,223.04","561,003,400"
2021-07-30,"3,234.37","3,234.66","3,202.32","3,202.32","687,861,000"
2021-07-29,"3,248.49","3,252.26","3,232.50","3,242.65","694,823,100"
2021-07-28,"3,226.06","3,243.21","3,210.90","3,236.86","868,602,600"
2021-07-27,"3,244.43","3,252.85","3,230.75","3,232.53","991,938,900"
2021-07-26,"3,265.99","3,265.99","3,224.95","3,224.95","826,066,600"
2021-07-23,"3,253.44","3,264.01","3,246.09","3,254.42","805,048,200"
2021-07-22,"3,235.17","3,253.75","3,235.17","3,250.21","712,983,400"
2021-07-21,"3,251.13","3,252.25","3,215.91","3,215.91","990,326,900"
2021-07-20,"3,223.24","3,234.80","3,214.42","3,232.70","979,670,100"
2021-07-19,"3,258.87","3,258.87","3,236.39","3,244.04","1,095,559,200"
2021-07-16,"3,282.89","3,282.89","3,259.32","3,276.91","1,066,507,000"
2021-07-15,"3,269.33","3,286.58","3,263.09","3,286.22","1,172,430,500"
2021-07-14,"3,270.09","3,270.09","3,250.45","3,264.81","908,953,900"
2021-07-13,"3,253.24","3,273.90","3,253.24","3,271.38","1,150,101,000"
2021-07-12,"3,227.51","3,251.45","3,227.51","3,246.47","1,135,042,800"
2021-07-09,"3,245.52","3,245.52","3,188.80","3,217.95","1,308,364,600"
2021-07-08,"3,287.68","3,295.71","3,252.41","3,252.68","1,516,034,400"
2021-07-07,"3,303.59","3,303.59","3,277.66","3,285.34","1,147,641,000"
2021-07-06,"3,295.44","3,313.51","3,295.44","3,305.21","1,029,465,200"
2021-07-05,"3,285.29","3,298.93","3,285.29","3,293.21","850,406,100"
2021-07-02,"3,282.81","3,295.68","3,278.19","3,281.78","1,019,998,100"
2021-07-01,"3,297.92","3,300.12","3,278.10","3,282.06","1,159,231,400"
2021-06-30,"3,288.63","3,305.73","3,288.63","3,296.68","1,610,375,500"
2021-06-29,"3,305.26","3,305.42","3,276.63","3,286.68","1,213,046,600"
2021-06-28,"3,305.46","3,311.69","3,291.30","3,301.89","1,428,764,400"
2021-06-25,"3,289.18","3,316.08","3,289.18","3,302.84","1,198,187,900"
2021-06-24,"3,281.47","3,292.27","3,277.85","3,286.10","1,301,271,200"
2021-06-23,"3,265.73","3,281.88","3,263.07","3,276.19","1,069,174,700"
2021-06-22,"3,245.79","3,267.63","3,245.79","3,263.88","1,666,696,700"
2021-06-21,"3,264.18","3,264.18","3,225.56","3,240.79","1,508,634,400"
2021-06-18,"3,265.68","3,275.76","3,262.58","3,267.93","1,627,658,100"
2021-06-17,"3,276.20","3,276.20","3,251.32","3,264.96","1,848,671,000"
2021-06-16,"3,259.06","3,281.96","3,256.68","3,278.68","2,345,810,900"
2021-06-15,"3,253.17","3,262.80","3,247.90","3,258.63","1,734,497,200"
2021-06-14,"3,249.60","3,254.49","3,238.51","3,252.13","1,664,527,100"
2021-06-11,"3,226.98","3,251.58","3,226.98","3,249.32","1,645,508,700"
2021-06-10,"3,216.94","3,235.39","3,210.31","3,224.64","1,896,766,300"
2021-06-09,"3,245.08","3,246.49","3,216.18","3,216.18","1,964,923,200"
2021-06-08,"3,251.83","3,264.67","3,242.56","3,247.83","1,951,319,300"
2021-06-07,"3,244.59","3,264.41","3,233.40","3,252.12","1,733,348,100"
2021-06-04,"3,246.17","3,246.19","3,218.67","3,240.08","1,392,319,500"
2021-06-03,"3,224.96","3,258.50","3,224.96","3,247.43","1,584,799,000"
2021-06-02,"3,224.40","3,241.07","3,216.10","3,224.23","1,495,671,300"
2021-06-01,"3,207.12","3,233.17","3,199.18","3,221.87","1,472,570,700"
2021-05-31,"3,192.06","3,204.29","3,179.87","3,203.92","1,123,524,800"
2021-05-28,"3,172.09","3,198.66","3,171.85","3,188.73","966,367,900"
2021-05-27,"3,170.84","3,173.86","3,142.37","3,165.51","1,082,006,000"
2021-05-26,"3,171.91","3,183.97","3,160.30","3,168.43","1,269,999,000"
2021-05-25,"3,152.93","3,173.10","3,148.30","3,171.32","612,976,900"
2021-05-24,"3,155.91","3,163.27","3,137.81","3,144.30","587,968,200"
2021-05-21,"3,171.91","3,198.01","3,149.46","3,156.42","797,262,200"
2021-05-20,"3,174.53","3,174.53","3,140.48","3,162.28","774,252,200"
2021-05-18,"3,135.38","3,176.40","3,135.38","3,173.05","786,143,400"
2021-05-17,"3,163.21","3,173.01","3,121.32","3,134.52","771,305,600"
2021-05-14,"3,131.35","3,162.31","3,131.35","3,153.32","836,404,000"
2021-05-13,"3,146.97","3,161.93","3,103.88","3,122.11","1,095,948,000"
2021-05-12,"3,209.36","3,212.83","3,138.04","3,161.66","1,424,059,100"
2021-05-11,"3,239.92","3,239.92","3,192.25","3,209.43","1,096,717,700"
2021-05-10,"3,201.46","3,255.90","3,201.46","3,249.30","1,011,267,100"
2021-05-07,"3,179.63","3,205.11","3,179.63","3,197.20","989,680,100"
2021-05-06,"3,147.72","3,178.74","3,133.64","3,178.74","1,239,403,300"
2021-05-04,"3,131.39","3,147.38","3,109.78","3,147.37","1,283,829,800"
2021-05-03,"3,149.05","3,174.26","3,120.70","3,127.20","1,041,199,100"
2021-04-30,"3,176.43","3,179.43","3,143.38","3,147.86","1,359,455,100"
2021-04-29,"3,184.75","3,200.41","3,161.06","3,174.07","1,222,430,200"
2021-04-28,"3,217.21","3,219.69","3,176.55","3,181.47","1,412,620,900"
2021-04-27,"3,218.30","3,223.05","3,203.25","3,215.42","1,534,230,400"
2021-04-26,"3,191.34","3,217.53","3,191.34","3,217.53","1,298,330,400"
2021-04-23,"3,173.47","3,188.70","3,146.54","3,186.10","2,253,793,000"
2021-04-22,"3,174.52","3,196.97","3,174.52","3,177.52","1,752,691,600"
2021-04-21,"3,214.24","3,214.24","3,165.49","3,171.66","1,767,090,500"
2021-04-20,"3,198.31","3,220.82","3,195.96","3,220.70","1,296,160,000"
2021-04-19,"3,201.11","3,214.45","3,193.40","3,198.84","1,060,619,200"
2021-04-16,"3,194.08","3,206.76","3,185.67","3,198.62","985,278,100"
2021-04-15,"3,180.73","3,204.48","3,178.99","3,194.33","1,312,991,900"
2021-04-14,"3,169.95","3,188.32","3,162.12","3,182.38","1,776,265,300"
2021-04-13,"3,138.21","3,173.26","3,136.99","3,169.08","1,741,348,000"
2021-04-12,"3,134.88","3,147.27","3,127.91","3,135.59","1,048,782,900"
2021-04-09,"3,146.51","3,156.04","3,125.24","3,131.88","1,823,162,200"
2021-04-08,"3,137.25","3,145.81","3,122.09","3,143.26","1,357,293,200"
2021-04-07,"3,129.07","3,146.19","3,125.33","3,137.41","1,984,773,800"
2021-04-06,"3,123.80","3,139.29","3,110.19","3,127.08","1,279,017,400"
2021-04-05,"3,121.23","3,127.20","3,101.86","3,120.83","1,084,791,600"
2021-04-02,"3,104.72","3,121.58","3,101.60","3,112.80","792,704,500"
2021-04-01,"3,073.77","3,090.88","3,069.68","3,087.40","922,680,300"
2021-03-31,"3,073.39","3,093.89","3,061.40","3,061.42","1,146,989,200"
2021-03-30,"3,038.44","3,074.57","3,038.44","3,070.00","1,023,074,500"
2021-03-29,"3,047.71","3,054.21","3,025.39","3,036.04","1,288,846,400"
2021-03-26,"3,012.79","3,041.86","3,012.79","3,041.01","1,036,383,000"
2021-03-25,"2,995.67","3,024.63","2,987.83","3,008.33","940,353,500"
2021-03-24,"2,996.32","3,006.54","2,971.04","2,996.35","978,431,300"
2021-03-23,"3,038.25","3,058.79","3,003.05","3,004.74","1,331,209,500"
2021-03-22,"3,040.01","3,048.11","3,019.60","3,035.46","915,739,400"
2021-03-19,"3,063.01","3,063.01","3,022.49","3,039.53","1,068,468,200"
2021-03-18,"3,054.93","3,090.19","3,054.93","3,066.01","1,232,596,100"
2021-03-17,"3,067.76","3,069.57","3,027.20","3,047.50","814,990,900"
2021-03-16,"3,049.23","3,071.54","3,049.23","3,067.17","1,123,921,800"
2021-03-15,"3,057.06","3,065.17","3,036.14","3,045.71","1,161,784,400"
2021-03-12,"3,030.73","3,061.43","3,030.73","3,054.39","1,669,085,100"
2021-03-11,"2,964.30","3,028.37","2,964.30","3,013.70","1,349,204,300"
2021-03-10,"2,980.76","3,013.95","2,951.53","2,958.12","905,646,600"
2021-03-09,"2,989.96","3,000.49","2,929.36","2,976.12","1,534,217,900"
2021-03-08,"3,031.99","3,055.65","2,992.64","2,996.11","1,928,301,600"
2021-03-05,"3,036.16","3,036.98","2,982.45","3,026.26","1,187,225,700"
2021-03-04,"3,076.88","3,076.88","3,022.54","3,043.49","1,278,951,800"
2021-03-03,"3,041.20","3,083.04","3,029.37","3,082.99","2,236,687,800"
2021-03-02,"3,021.68","3,096.50","3,020.74","3,043.87","1,749,871,000"
2021-02-26,"3,089.49","3,089.49","2,988.28","3,012.95","1,361,310,100"
2021-02-25,"3,026.47","3,099.80","3,026.47","3,099.69","1,280,086,200"
2021-02-24,"3,070.58","3,092.05","2,993.46","2,994.98","1,560,930,500"
2021-02-23,"3,069.26","3,094.29","3,035.46","3,070.09","2,357,758,900"
2021-02-22,"3,114.03","3,142.48","3,079.16","3,079.75","1,831,955,900"
2021-02-19,"3,089.96","3,109.67","3,040.28","3,107.62","3,455,504,500"
2021-02-18,"3,131.74","3,140.40","3,086.66","3,086.66","1,860,566,700"
2021-02-17,"3,162.95","3,162.95","3,115.48","3,133.73","1,784,126,500"
2021-02-16,"3,151.85","3,180.94","3,145.84","3,163.25","1,944,395,600"
2021-02-15,"3,108.70","3,156.56","3,108.70","3,147.00","1,604,653,400"
2021-02-10,"3,088.13","3,111.88","3,064.25","3,100.58","2,152,916,500"
2021-02-09,"3,102.25","3,129.66","3,084.67","3,084.67","2,145,388,400"
2021-02-08,"3,113.63","3,128.54","3,085.59","3,091.24","1,277,207,100"
2021-02-05,"3,098.49","3,124.62","3,081.78","3,120.63","1,193,486,700"
2021-02-04,"3,135.02","3,135.02","3,068.46","3,087.55","1,460,945,700"
2021-02-03,"3,108.42","3,142.26","3,091.85","3,129.68","901,788,700"
2021-02-02,"3,065.56","3,138.95","3,065.56","3,096.81","887,313,600"
2021-02-01,"2,976.81","3,056.87","2,947.24","3,056.53","969,262,000"
2021-01-29,"3,078.73","3,100.22","2,962.70","2,976.21","995,071,200"
2021-01-28,"3,114.98","3,114.98","3,046.64","3,069.05","1,310,454,700"
2021-01-27,"3,143.46","3,182.53","3,118.89","3,122.56","924,582,300"
2021-01-26,"3,203.96","3,209.18","3,132.67","3,140.31","873,023,700"
2021-01-25,"3,144.01","3,212.22","3,142.80","3,208.99","1,093,652,700"
2021-01-22,"3,163.83","3,185.26","3,140.60","3,140.63","1,111,222,900"
2021-01-21,"3,123.27","3,163.21","3,123.27","3,160.84","1,360,065,400"
2021-01-20,"3,115.04","3,145.01","3,077.15","3,114.55","1,192,695,200"
2021-01-19,"3,013.05","3,107.00","3,011.32","3,092.66","1,353,312,400"
2021-01-18,"3,079.90","3,079.90","3,003.89","3,013.93","1,472,048,500"
2021-01-15,"3,153.84","3,189.90","3,085.90","3,085.90","1,331,079,300"
2021-01-14,"3,148.65","3,159.03","3,128.72","3,149.93","1,233,182,900"
2021-01-13,"3,128.26","3,164.37","3,109.63","3,148.29","1,578,042,100"
2021-01-12,"3,145.87","3,154.79","3,047.56","3,125.95","1,390,617,800"
2021-01-11,"3,161.90","3,266.23","3,096.19","3,148.45","1,712,525,800"
2021-01-08,"3,040.11","3,161.11","3,040.11","3,152.18","1,297,903,300"
2021-01-07,"2,980.75","3,055.28","2,980.75","3,031.68","1,524,654,500"
2021-01-06,"2,993.34","3,027.16","2,961.37","2,968.21","1,793,418,500"
2021-01-05,"2,943.67","2,990.57","2,921.84","2,990.57","1,519,911,700"
2021-01-04,"2,874.50","2,946.54","2,869.11","2,944.45","1,026,510,400"
2020-12-30,"2,820.36","2,878.21","2,809.35","2,873.47","1,074,033,400"
2020-12-29,"2,810.55","2,823.44","2,792.06","2,820.51","1,046,839,000"
2020-12-28,"2,820.95","2,834.59","2,799.56","2,808.60","1,006,249,600"
2020-12-24,"2,762.60","2,812.16","2,762.60","2,806.86","1,030,890,400"
2020-12-23,"2,737.74","2,769.08","2,716.28","2,759.82","1,121,346,800"
2020-12-22,"2,772.03","2,774.22","2,733.64","2,733.68","1,260,761,700"
2020-12-21,"2,771.98","2,780.24","2,747.09","2,778.65","1,139,513,600"
2020-12-18,"2,770.95","2,782.15","2,762.80","2,772.18","1,059,143,700"
2020-12-17,"2,769.89","2,772.71","2,742.25","2,770.43","1,015,484,000"
2020-12-16,"2,763.64","2,781.08","2,761.50","2,771.79","1,166,637,800"
2020-12-15,"2,763.65","2,769.37","2,735.08","2,756.82","1,093,522,700"
2020-12-14,"2,769.43","2,782.79","2,755.29","2,762.20","1,113,630,900"
2020-12-11,"2,754.16","2,781.04","2,754.16","2,770.06","1,215,239,000"
2020-12-10,"2,750.34","2,765.46","2,718.70","2,746.46","1,227,651,000"
2020-12-09,"2,703.30","2,755.47","2,703.30","2,755.47","1,252,304,500"
2020-12-08,"2,745.13","2,747.45","2,700.92","2,700.93","1,415,239,900"
2020-12-07,"2,738.11","2,754.01","2,711.42","2,745.44","1,499,265,100"
2020-12-04,"2,705.34","2,742.77","2,705.34","2,731.45","1,778,896,500"
2020-12-03,"2,686.38","2,696.22","2,672.85","2,696.22","817,065,900"
2020-12-02,"2,645.88","2,677.26","2,644.53","2,675.90","1,076,203,600"
2020-12-01,"2,613.42","2,638.87","2,611.67","2,634.25","1,151,129,200"
2020-11-30,"2,648.05","2,648.66","2,591.34","2,591.34","1,311,831,300"
2020-11-27,"2,624.80","2,635.00","2,618.47","2,633.45","1,196,041,600"
2020-11-26,"2,605.73","2,625.97","2,592.43","2,625.91","1,387,435,200"
2020-11-25,"2,637.34","2,642.26","2,583.41","2,601.54","1,410,104,800"
2020-11-24,"2,616.28","2,628.52","2,605.03","2,617.76","1,364,506,400"
2020-11-23,"2,560.04","2,605.58","2,553.70","2,602.59","1,649,443,100"
2020-11-20,"2,544.06","2,558.21","2,539.79","2,553.50","1,129,500,800"
2020-11-19,"2,536.89","2,548.95","2,529.53","2,547.42","976,483,400"
2020-11-18,"2,548.85","2,553.95","2,536.78","2,545.64","923,504,300"
2020-11-17,"2,544.12","2,556.09","2,533.34","2,539.15","1,267,494,700"
2020-11-16,"2,507.46","2,546.37","2,507.46","2,543.03","1,239,135,100"
2020-11-13,"2,470.12","2,495.77","2,460.96","2,493.87","1,072,383,400"
2020-11-12,"2,482.68","2,488.79","2,467.04","2,475.62","1,278,691,900"
2020-11-11,"2,459.50","2,488.04","2,459.50","2,485.87","1,272,038,600"
2020-11-10,"2,453.95","2,457.94","2,435.59","2,452.83","1,464,168,000"
2020-11-09,"2,438.63","2,459.15","2,434.52","2,447.20","1,354,862,700"
2020-11-06,"2,421.79","2,431.11","2,404.97","2,416.50","825,568,500"
2020-11-05,"2,373.41","2,413.79","2,370.85","2,413.79","702,037,400"
2020-11-04,"2,361.32","2,371.14","2,339.95","2,357.32","986,786,300"
2020-11-03,"2,315.81","2,344.77","2,315.30","2,343.31","887,445,400"
2020-11-02,"2,276.61","2,302.64","2,267.95","2,300.16","678,501,100"
2020-10-30,"2,319.56","2,320.20","2,266.93","2,267.15","795,585,200"
2020-10-29,"2,312.34","2,330.17","2,299.91","2,326.67","509,768,100"
2020-10-28,"2,324.18","2,345.46","2,316.47","2,345.26","705,770,200"
2020-10-27,"2,328.66","2,349.33","2,321.23","2,330.84","666,941,800"
2020-10-26,"2,366.50","2,374.50","2,342.58","2,343.91","822,267,700"
2020-10-23,"2,364.84","2,368.57","2,344.49","2,360.81","890,384,600"
2020-10-22,"2,355.61","2,360.22","2,339.73","2,355.05","815,612,100"
2020-10-21,"2,363.03","2,371.74","2,356.32","2,370.86","812,837,000"
2020-10-20,"2,333.56","2,358.41","2,322.06","2,358.41","874,293,300"
2020-10-19,"2,352.92","2,364.25","2,344.77","2,346.74","931,645,000"
2020-10-16,"2,363.88","2,370.73","2,325.03","2,341.53","920,205,400"
2020-10-15,"2,375.91","2,376.73","2,348.74","2,361.21","1,165,501,300"
2020-10-14,"2,403.74","2,405.56","2,375.54","2,380.48","901,176,700"
2020-10-13,"2,416.85","2,418.89","2,385.87","2,403.15","724,920,300"
2020-10-12,"2,404.18","2,409.42","2,393.74","2,403.73","843,574,300"
2020-10-08,"2,408.49","2,409.01","2,383.82","2,391.96","961,726,100"
2020-10-07,"2,350.82","2,387.45","2,347.82","2,386.94","737,994,300"
2020-10-06,"2,369.17","2,378.28","2,355.39","2,365.90","861,754,600"
2020-10-05,"2,330.55","2,364.73","2,327.83","2,358.00","763,618,100"
2020-09-29,"2,331.51","2,339.83","2,320.04","2,327.89","646,218,100"
2020-09-28,"2,301.16","2,314.81","2,291.32","2,308.08","605,977,200"
2020-09-25,"2,295.19","2,296.36","2,267.63","2,278.79","697,961,500"
2020-09-24,"2,295.62","2,309.74","2,268.88","2,272.70","714,881,400"
2020-09-23,"2,352.56","2,354.46","2,287.44","2,333.24","735,041,500"
2020-09-22,"2,388.14","2,388.49","2,323.58","2,332.59","1,051,028,200"
2020-09-21,"2,412.44","2,427.17","2,379.38","2,389.39","1,041,993,100"
2020-09-18,"2,413.53","2,417.81","2,396.33","2,412.40","756,516,800"
2020-09-17,"2,430.77","2,437.02","2,398.69","2,406.17","853,740,300"
2020-09-16,"2,442.72","2,450.53","2,429.94","2,435.92","772,938,400"
2020-09-15,"2,434.59","2,444.57","2,423.79","2,443.58","849,968,900"
2020-09-14,"2,418.33","2,429.07","2,410.79","2,427.91","963,082,600"
2020-09-11,"2,389.76","2,397.56","2,374.00","2,396.69","882,880,300"
2020-09-10,"2,404.83","2,406.68","2,388.56","2,396.48","1,064,574,000"
2020-09-09,"2,372.53","2,388.85","2,369.12","2,375.81","946,247,400"
2020-09-08,"2,402.66","2,407.56","2,391.43","2,401.91","979,357,200"
2020-09-07,"2,369.85","2,387.49","2,362.42","2,384.22","1,197,385,400"
2020-09-04,"2,332.68","2,371.02","2,332.68","2,368.25","1,351,039,300"
2020-09-03,"2,383.26","2,401.78","2,382.23","2,395.90","981,546,000"
2020-09-02,"2,363.43","2,369.57","2,341.29","2,364.37","1,429,273,300"
2020-09-01,"2,340.19","2,355.90","2,331.23","2,349.55","1,085,245,100"
2020-08-31,"2,377.09","2,381.50","2,326.06","2,326.17","1,647,817,500"
2020-08-28,"2,362.22","2,379.26","2,345.28","2,353.80","1,297,312,400"
2020-08-27,"2,371.95","2,373.36","2,344.38","2,344.45","913,917,000"
2020-08-26,"2,367.74","2,374.68","2,336.98","2,369.32","956,477,600"
2020-08-25,"2,352.15","2,369.78","2,340.97","2,366.73","771,584,800"
2020-08-24,"2,309.38","2,332.33","2,283.48","2,329.83","649,276,900"
2020-08-21,"2,306.16","2,329.34","2,280.97","2,304.59","865,735,500"
2020-08-20,"2,339.91","2,357.08","2,270.85","2,274.22","903,743,600"
2020-08-19,"2,370.87","2,380.10","2,353.17","2,360.54","637,965,000"
2020-08-18,"2,405.84","2,419.65","2,336.78","2,348.24","909,750,100"
2020-08-14,"2,427.85","2,435.00","2,383.69","2,407.49","968,124,500"
2020-08-13,"2,455.28","2,458.17","2,412.49","2,437.53","907,218,700"
2020-08-12,"2,414.78","2,432.35","2,393.27","2,432.35","763,734,700"
2020-08-11,"2,396.11","2,429.36","2,396.11","2,418.67","843,437,900"
2020-08-10,"2,353.92","2,390.51","2,349.33","2,386.38","784,617,400"
2020-08-07,"2,349.25","2,362.24","2,333.62","2,351.67","812,594,600"
2020-08-06,"2,322.64","2,352.48","2,322.64","2,342.61","797,147,000"
2020-08-05,"2,289.23","2,312.14","2,283.95","2,311.86","841,298,500"
2020-08-04,"2,272.33","2,284.66","2,269.69","2,279.97","722,906,300"
2020-08-03,"2,251.65","2,254.38","2,237.04","2,251.04","648,462,400"
2020-07-31,"2,278.53","2,281.41","2,248.49","2,249.37","739,688,700"
2020-07-30,"2,275.33","2,281.33","2,263.81","2,267.01","713,039,400"
2020-07-29,"2,258.35","2,276.79","2,252.24","2,263.16","899,494,100"
2020-07-28,"2,238.19","2,266.00","2,237.21","2,256.99","866,725,700"
2020-07-27,"2,203.48","2,231.25","2,203.48","2,217.86","928,624,500"
2020-07-24,"2,196.73","2,219.57","2,195.49","2,200.44","1,001,024,900"
2020-07-23,"2,227.24","2,227.24","2,202.99","2,216.19","934,542,300"
2020-07-22,"2,228.20","2,238.86","2,221.62","2,228.66","856,218,100"
2020-07-21,"2,219.19","2,234.86","2,214.28","2,228.83","918,483,100"
2020-07-20,"2,209.59","2,209.59","2,183.83","2,198.20","686,819,300"
2020-07-17,"2,187.85","2,204.20","2,187.85","2,201.19","569,297,000"
2020-07-16,"2,203.30","2,207.34","2,177.82","2,183.76","784,637,000"
2020-07-15,"2,208.73","2,216.97","2,190.66","2,201.88","830,266,100"
2020-07-14,"2,176.43","2,183.61","2,165.60","2,183.61","810,952,100"
2020-07-13,"2,170.51","2,188.80","2,163.07","2,186.06","650,230,800"
2020-07-10,"2,171.44","2,171.52","2,140.29","2,150.25","886,987,400"
2020-07-09,"2,171.15","2,181.48","2,166.74","2,167.90","619,368,200"
2020-07-08,"2,166.76","2,173.83","2,150.89","2,158.88","677,810,100"
2020-07-07,"2,202.04","2,206.79","2,164.03","2,164.17","847,434,300"
2020-07-06,"2,158.95","2,191.28","2,157.71","2,187.93","666,902,000"
2020-07-03,"2,147.89","2,153.54","2,135.30","2,152.41","770,054,700"
2020-07-02,"2,116.72","2,135.37","2,113.98","2,135.37","1,091,965,100"
2020-07-01,"2,128.81","2,133.55","2,101.33","2,106.70","1,116,220,800"
2020-06-30,"2,124.38","2,134.38","2,108.26","2,108.33","708,604,800"
2020-06-29,"2,105.54","2,120.50","2,087.84","2,093.48","643,155,800"
2020-06-26,"2,137.47","2,142.04","2,115.25","2,134.65","761,043,600"
2020-06-25,"2,130.45","2,143.33","2,112.37","2,112.37","1,017,720,600"
2020-06-24,"2,145.93","2,171.86","2,143.91","2,161.51","913,896,100"
2020-06-23,"2,149.13","2,158.15","2,110.51","2,131.24","917,567,400"
2020-06-22,"2,126.38","2,142.88","2,122.10","2,126.73","789,371,900"
2020-06-19,"2,153.09","2,153.57","2,108.91","2,141.32","1,079,452,600"
2020-06-18,"2,134.35","2,145.13","2,120.29","2,133.48","767,184,200"
2020-06-17,"2,133.18","2,154.37","2,105.26","2,141.05","927,515,700"
2020-06-16,"2,091.09","2,138.08","2,079.02","2,138.05","973,638,900"
2020-06-15,"2,114.41","2,129.67","2,030.82","2,030.82","1,072,277,700"
2020-06-12,"2,088.24","2,137.12","2,084.63","2,132.30","689,896,700"
2020-06-11,"2,184.36","2,200.72","2,148.51","2,176.78","827,381,400"
2020-06-10,"2,187.91","2,200.68","2,178.12","2,195.69","706,294,000"
2020-06-09,"2,206.23","2,212.17","2,166.01","2,188.92","817,085,400"
2020-06-08,"2,215.60","2,217.21","2,174.96","2,184.29","854,035,200"
2020-06-05,"2,151.17","2,187.25","2,138.18","2,181.87","854,591,400"
2020-06-04,"2,181.64","2,191.00","2,139.68","2,151.18","1,393,307,800"
2020-06-03,"2,108.55","2,156.55","2,107.69","2,147.00","1,152,001,300"
2020-06-02,"2,061.45","2,089.43","2,059.14","2,087.19","1,000,332,100"
2020-06-01,"2,037.04","2,065.38","2,035.63","2,065.08","997,348,400"
2020-05-29,"2,018.37","2,038.89","2,006.62","2,029.60","1,086,214,500"
2020-05-28,"2,047.08","2,054.52","2,003.75","2,028.54","1,172,134,300"
2020-05-27,"2,027.90","2,043.44","2,019.82","2,031.20","1,178,847,600"
2020-05-26,"2,001.00","2,029.89","1,997.94","2,029.78","1,017,804,000"
2020-05-25,"1,980.51","1,994.90","1,967.84","1,994.60","641,458,900"
2020-05-22,"2,001.60","2,002.65","1,961.40","1,970.13","847,467,200"
2020-05-21,"2,003.20","2,004.95","1,993.00","1,998.31","601,199,300"
2020-05-20,"1,972.12","1,992.20","1,972.12","1,989.64","699,446,900"
2020-05-19,"1,977.47","1,983.77","1,968.59","1,980.61","773,414,600"
2020-05-18,"1,934.51","1,943.07","1,921.14","1,937.11","761,695,900"
2020-05-15,"1,937.63","1,938.59","1,913.21","1,927.28","866,357,200"
2020-05-14,"1,922.44","1,931.43","1,913.49","1,924.96","760,646,300"
2020-05-13,"1,897.50","1,940.42","1,897.24","1,940.42","618,783,600"
2020-05-12,"1,938.62","1,938.62","1,905.17","1,922.17","799,930,000"
2020-05-11,"1,953.51","1,960.46","1,932.87","1,935.40","591,282,900"
2020-05-08,"1,944.94","1,956.89","1,942.54","1,945.82","784,772,600"
2020-05-07,"1,922.00","1,938.50","1,918.57","1,928.61","775,657,900"
2020-05-06,"1,919.45","1,928.76","1,902.55","1,928.76","1,082,526,800"
2020-05-04,"1,906.42","1,918.66","1,894.29","1,895.37","1,146,855,400"
2020-04-29,"1,936.89","1,957.51","1,934.31","1,947.56","1,984,181,600"
2020-04-28,"1,931.25","1,941.79","1,911.63","1,934.09","1,173,476,000"
2020-04-27,"1,897.06","1,929.82","1,894.62","1,922.77","735,662,900"
2020-04-24,"1,906.07","1,908.29","1,880.71","1,889.01","933,917,200"
2020-04-23,"1,907.45","1,923.53","1,895.98","1,914.73","683,719,700"
2020-04-22,"1,855.51","1,897.90","1,844.85","1,896.15","820,359,900"
2020-04-21,"1,886.78","1,898.32","1,841.66","1,879.38","1,174,293,700"
2020-04-20,"1,908.34","1,925.25","1,893.17","1,898.36","1,087,463,300"
2020-04-17,"1,893.31","1,926.02","1,893.19","1,914.53","1,667,459,500"
2020-04-16,"1,839.51","1,862.23","1,828.13","1,857.07","878,338,000"
2020-04-14,"1,846.41","1,864.46","1,837.17","1,857.08","886,766,200"
2020-04-13,"1,853.30","1,853.30","1,825.76","1,825.76","1,017,751,500"
2020-04-10,"1,835.76","1,861.10","1,824.43","1,860.70","992,548,300"
2020-04-09,"1,838.09","1,839.33","1,818.30","1,836.21","920,570,600"
2020-04-08,"1,815.75","1,842.16","1,801.80","1,807.14","907,493,900"
2020-04-07,"1,826.72","1,838.97","1,791.92","1,823.60","951,738,500"
2020-04-06,"1,745.25","1,794.19","1,742.67","1,791.88","1,219,388,500"
2020-04-03,"1,731.17","1,743.91","1,706.68","1,725.44","1,000,086,500"
2020-04-02,"1,693.53","1,726.76","1,664.13","1,724.86","766,313,400"
2020-04-01,"1,737.28","1,762.44","1,685.37","1,685.46","1,243,590,700"
2020-03-31,"1,739.29","1,757.81","1,722.62","1,754.64","1,037,488,100"
2020-03-30,"1,670.34","1,729.63","1,659.95","1,717.12","767,776,700"
2020-03-27,"1,756.07","1,759.05","1,668.21","1,717.73","1,077,526,500"
2020-03-26,"1,699.11","1,735.75","1,679.23","1,686.24","992,473,700"
2020-03-25,"1,668.19","1,707.64","1,645.28","1,704.76","872,808,800"
2020-03-24,"1,523.69","1,609.97","1,508.68","1,609.97","679,288,400"
2020-03-23,"1,474.45","1,516.75","1,458.41","1,482.46","647,528,300"
2020-03-20,"1,498.49","1,566.82","1,466.48","1,566.15","817,021,400"
2020-03-19,"1,626.09","1,626.09","1,439.43","1,457.64","977,674,500"
2020-03-18,"1,686.12","1,693.95","1,591.12","1,591.20","728,007,800"
2020-03-17,"1,640.84","1,722.97","1,637.88","1,672.44","649,779,100"
2020-03-16,"1,805.43","1,805.43","1,714.38","1,714.86","682,003,500"
2020-03-13,"1,722.68","1,809.31","1,680.60","1,771.44","1,035,277,600"
2020-03-12,"1,887.97","1,897.23","1,808.56","1,834.33","850,344,600"
2020-03-11,"1,965.67","1,967.70","1,898.27","1,908.27","679,716,200"
2020-03-10,"1,942.85","1,968.17","1,934.72","1,962.93","638,564,300"
2020-03-09,"1,981.02","1,989.50","1,946.90","1,954.77","666,868,300"
2020-03-06,"2,053.09","2,062.57","2,032.13","2,040.22","865,588,100"
2020-03-05,"2,078.11","2,089.08","2,059.99","2,085.26","675,205,300"
2020-03-04,"2,005.81","2,063.59","2,005.81","2,059.33","606,287,000"
2020-03-03,"2,051.85","2,051.85","2,009.39","2,014.15","615,692,600"
2020-03-02,"1,997.03","2,017.07","1,969.34","2,002.51","528,103,400"
2020-02-28,"2,020.17","2,031.01","1,980.82","1,987.01","671,551,500"
2020-02-27,"2,073.87","2,085.40","2,049.15","2,054.89","562,775,300"
2020-02-26,"2,064.07","2,089.64","2,059.13","2,076.77","810,937,900"
2020-02-25,"2,075.55","2,105.49","2,071.50","2,103.61","1,565,588,300"
2020-02-24,"2,114.04","2,120.06","2,079.03","2,079.04","948,620,500"
2020-02-21,"2,165.65","2,184.43","2,160.28","2,162.84","635,474,000"
2020-02-20,"2,223.55","2,228.18","2,186.72","2,195.50","709,563,600"
2020-02-19,"2,222.51","2,226.00","2,191.20","2,210.34","591,155,300"
2020-02-18,"2,225.98","2,232.93","2,205.21","2,208.88","470,424,900"
2020-02-17,"2,243.07","2,250.05","2,230.26","2,242.17","458,247,800"
2020-02-14,"2,232.71","2,251.50","2,221.90","2,243.59","597,224,000"
2020-02-13,"2,245.72","2,255.49","2,230.30","2,232.96","638,666,300"
2020-02-12,"2,225.95","2,242.24","2,214.77","2,238.38","632,462,700"
2020-02-11,"2,213.50","2,233.32","2,211.25","2,223.12","526,211,300"
2020-02-10,"2,185.63","2,203.39","2,180.51","2,201.07","609,566,400"
2020-02-07,"2,221.49","2,223.92","2,198.14","2,211.95","800,342,300"
2020-02-06,"2,184.77","2,229.99","2,182.25","2,227.94","695,216,200"
2020-02-05,"2,177.26","2,181.52","2,154.88","2,165.63","574,395,900"
2020-02-04,"2,121.22","2,162.32","2,120.53","2,157.90","624,641,600"
2020-02-03,"2,086.61","2,126.73","2,082.74","2,118.88","836,699,500"
2020-01-31,"2,160.60","2,167.23","2,119.01","2,119.01","710,507,800"
2020-01-30,"2,181.54","2,187.45","2,139.72","2,148.00","602,838,300"
2020-01-29,"2,188.18","2,195.45","2,172.33","2,185.28","692,300,700"
2020-01-28,"2,192.22","2,199.93","2,166.23","2,176.72","808,878,800"
2020-01-23,"2,254.54","2,260.63","2,241.94","2,246.13","509,608,900"
2020-01-22,"2,238.53","2,269.27","2,235.13","2,267.25","608,509,900"
2020-01-21,"2,259.81","2,266.31","2,238.25","2,239.69","770,319,800"
2020-01-20,"2,261.40","2,277.23","2,258.09","2,262.64","545,491,200"
2020-01-17,"2,261.57","2,268.71","2,245.58","2,250.57","580,816,300"
2020-01-16,"2,231.93","2,249.09","2,225.41","2,248.05","808,331,700"
2020-01-15,"2,229.80","2,238.21","2,223.39","2,230.98","746,156,300"
2020-01-14,"2,243.06","2,250.79","2,232.94","2,238.88","835,899,200"
2020-01-13,"2,204.49","2,230.43","2,204.49","2,229.26","488,288,700"
2020-01-10,"2,189.48","2,206.92","2,188.10","2,206.39","594,536,900"
2020-01-09,"2,182.20","2,186.45","2,172.16","2,186.45","592,603,600"
2020-01-08,"2,156.27","2,162.32","2,137.72","2,151.31","913,830,600"
2020-01-07,"2,166.60","2,181.62","2,164.27","2,175.54","568,235,600"
2020-01-06,"2,154.97","2,164.42","2,149.95","2,155.07","592,670,700"
2020-01-03,"2,192.58","2,203.38","2,165.39","2,176.46","631,562,700"
2020-01-02,"2,201.21","2,202.32","2,171.84","2,175.17","494,677,700"
2019-12-30,"2,202.62","2,208.04","2,195.65","2,197.67","416,403,400"
2019-12-27,"2,183.70","2,215.55","2,177.40","2,204.21","490,167,700"
2019-12-26,"2,192.22","2,198.01","2,183.90","2,197.93","571,309,300"
2019-12-24,"2,206.23","2,206.23","2,187.58","2,190.08","569,967,800"
2019-12-23,"2,208.22","2,209.20","2,196.43","2,203.71","502,034,300"
2019-12-20,"2,205.57","2,206.82","2,194.80","2,204.18","646,682,800"
2019-12-19,"2,199.42","2,204.73","2,186.59","2,196.56","643,143,800"
2019-12-18,"2,194.92","2,204.04","2,187.32","2,194.76","591,106,000"
2019-12-17,"2,179.40","2,196.01","2,171.09","2,195.68","599,534,400"
2019-12-16,"2,168.05","2,175.01","2,166.29","2,168.15","377,053,500"
2019-12-13,"2,164.63","2,170.25","2,159.45","2,170.25","540,027,100"
2019-12-12,"2,120.13","2,138.93","2,120.13","2,137.35","584,636,800"
2019-12-11,"2,098.28","2,109.22","2,092.48","2,105.62","668,731,100"
2019-12-10,"2,081.22","2,100.48","2,080.16","2,098.00","500,064,200"
2019-12-09,"2,091.94","2,093.81","2,084.31","2,088.65","393,126,900"
2019-12-06,"2,072.44","2,084.44","2,070.17","2,081.85","440,188,400"
2019-12-05,"2,078.31","2,084.29","2,053.56","2,060.74","472,188,000"
2019-12-04,"2,070.84","2,072.91","2,057.45","2,068.89","347,002,800"
2019-12-03,"2,075.02","2,085.71","2,066.60","2,084.07","450,039,600"
2019-12-02,"2,097.55","2,103.87","2,088.92","2,091.92","385,343,900"
2019-11-29,"2,125.53","2,125.53","2,085.10","2,087.96","433,260,900"
2019-11-28,"2,116.93","2,127.75","2,116.58","2,118.60","335,227,000"
2019-11-27,"2,134.47","2,136.30","2,118.07","2,127.85","367,796,100"
2019-11-26,"2,129.27","2,139.64","2,120.85","2,121.35","532,600,500"
2019-11-25,"2,117.14","2,130.04","2,116.07","2,123.50","397,676,300"
2019-11-22,"2,098.89","2,106.42","2,093.99","2,101.96","519,852,000"
2019-11-21,"2,123.65","2,125.36","2,088.19","2,096.60","579,554,900"
2019-11-20,"2,140.06","2,145.97","2,123.80","2,125.32","581,056,000"
2019-11-19,"2,151.04","2,154.41","2,137.01","2,153.24","826,885,300"
2019-11-18,"2,161.89","2,165.89","2,151.97","2,160.69","489,233,000"
2019-11-15,"2,137.96","2,165.02","2,135.26","2,162.18","556,246,000"
2019-11-14,"2,127.54","2,139.23","2,121.32","2,139.23","521,109,800"
2019-11-13,"2,132.48","2,133.37","2,118.67","2,122.45","664,365,600"
2019-11-12,"2,131.26","2,140.94","2,121.80","2,140.92","610,428,600"
2019-11-11,"2,139.07","2,139.07","2,119.07","2,124.09","617,265,600"
2019-11-08,"2,154.18","2,155.94","2,133.75","2,137.23","574,127,000"
2019-11-07,"2,141.05","2,147.01","2,135.45","2,144.29","425,662,800"
2019-11-06,"2,142.69","2,156.23","2,138.83","2,144.15","410,084,700"
2019-11-05,"2,133.66","2,143.12","2,128.70","2,142.64","400,643,600"
2019-11-04,"2,111.32","2,130.83","2,111.32","2,130.24","476,256,600"
2019-11-01,"2,084.79","2,100.42","2,081.53","2,100.20","418,314,100"
2019-10-31,"2,089.22","2,103.71","2,083.48","2,083.48","461,322,600"
2019-10-30,"2,093.51","2,093.51","2,075.54","2,080.27","415,551,700"
2019-10-29,"2,103.92","2,105.17","2,088.04","2,092.69","357,662,300"
2019-10-28,"2,096.67","2,104.39","2,089.76","2,093.60","269,233,700"
2019-10-25,"2,091.16","2,091.24","2,079.30","2,087.89","348,686,100"
2019-10-24,"2,089.85","2,089.85","2,067.90","2,085.66","367,717,300"
2019-10-23,"2,086.81","2,088.25","2,074.88","2,080.62","429,453,200"
2019-10-22,"2,076.29","2,093.81","2,073.08","2,088.86","504,063,300"
2019-10-21,"2,067.97","2,067.97","2,059.33","2,064.84","606,108,700"
2019-10-18,"2,082.23","2,088.54","2,057.89","2,060.69","516,687,800"
2019-10-17,"2,081.76","2,087.15","2,072.49","2,077.94","314,177,100"
2019-10-16,"2,080.92","2,090.01","2,073.80","2,082.83","524,545,100"
2019-10-15,"2,064.78","2,073.21","2,064.34","2,068.17","464,533,700"
2019-10-14,"2,068.13","2,075.10","2,065.53","2,067.40","511,215,900"
2019-10-11,"2,048.08","2,053.94","2,040.48","2,044.61","381,147,000"
2019-10-10,"2,030.13","2,040.88","2,010.90","2,028.15","445,846,400"
2019-10-08,"2,029.37","2,046.81","2,024.63","2,046.25","437,517,300"
2019-10-07,"2,031.53","2,034.94","2,016.19","2,021.73","322,184,500"
2019-10-04,"2,028.40","2,039.43","2,020.69","2,020.69","402,940,800"
2019-10-02,"2,058.23","2,058.23","2,031.91","2,031.91","414,460,300"
2019-10-01,"2,062.44","2,077.48","2,057.91","2,072.42","389,336,100"
2019-09-30,"2,045.77","2,064.99","2,042.01","2,063.05","327,625,000"
2019-09-27,"2,066.96","2,066.96","2,044.75","2,049.93","285,943,300"
2019-09-26,"2,082.66","2,087.33","2,064.34","2,074.52","430,577,300"
2019-09-25,"2,093.47","2,095.27","2,072.41","2,073.39","651,551,700"
2019-09-24,"2,090.19","2,101.63","2,085.91","2,101.04","535,771,000"
2019-09-23,"2,087.70","2,095.54","2,085.60","2,091.70","420,948,400"
2019-09-20,"2,080.86","2,092.37","2,077.30","2,091.52","589,919,800"
2019-09-19,"2,070.53","2,089.81","2,070.53","2,080.35","493,037,900"
2019-09-18,"2,064.42","2,075.63","2,058.52","2,070.73","613,147,900"
2019-09-17,"2,058.72","2,066.33","2,055.17","2,062.33","507,995,100"
2019-09-16,"2,056.26","2,062.22","2,044.80","2,062.22","493,516,000"
2019-09-11,"2,043.72","2,050.80","2,040.04","2,049.20","429,075,300"
2019-09-10,"2,024.79","2,034.28","2,021.58","2,032.08","504,390,600"
2019-09-09,"2,013.38","2,029.80","2,013.28","2,019.55","511,821,000"
2019-09-06,"2,016.11","2,017.20","2,005.69","2,009.13","384,440,900"
2019-09-05,"1,993.62","2,015.39","1,992.51","2,004.75","488,067,400"
2019-09-04,"1,962.43","1,988.53","1,962.08","1,988.53","348,722,000"
2019-09-03,"1,966.50","1,976.37","1,960.15","1,965.69","342,077,000"
2019-09-02,"1,961.19","1,973.25","1,958.59","1,969.19","262,154,200"
2019-08-30,"1,951.66","1,971.21","1,951.30","1,967.79","317,733,200"
2019-08-29,"1,943.55","1,947.15","1,928.49","1,933.41","285,103,000"
2019-08-28,"1,929.96","1,943.62","1,926.43","1,941.09","284,344,200"
2019-08-27,"1,928.98","1,937.42","1,919.28","1,924.60","427,042,100"
2019-08-26,"1,915.34","1,924.49","1,909.92","1,916.31","324,853,100"
2019-08-23,"1,942.42","1,953.85","1,940.60","1,948.30","381,086,800"
2019-08-22,"1,966.60","1,967.96","1,951.01","1,951.01","435,564,500"
2019-08-21,"1,954.57","1,971.12","1,954.47","1,964.65","391,567,800"
2019-08-20,"1,942.99","1,964.16","1,937.53","1,960.25","463,604,600"
2019-08-19,"1,936.64","1,943.09","1,931.44","1,939.90","481,022,200"
2019-08-16,"1,921.49","1,927.70","1,911.72","1,927.17","421,682,000"
2019-08-14,"1,946.18","1,952.22","1,937.23","1,938.37","699,585,000"
2019-08-13,"1,928.76","1,937.68","1,923.58","1,925.83","660,040,600"
2019-08-12,"1,941.53","1,949.19","1,933.25","1,942.29","427,140,700"
2019-08-09,"1,940.06","1,946.94","1,936.14","1,937.75","654,344,200"
2019-08-08,"1,926.28","1,937.95","1,915.81","1,920.61","777,165,700"
2019-08-07,"1,925.33","1,929.29","1,901.61","1,909.71","760,777,400"
2019-08-06,"1,900.36","1,948.53","1,891.81","1,917.50","739,588,000"
2019-08-05,"1,985.93","1,987.64","1,945.39","1,946.98","639,603,800"
2019-08-02,"1,995.31","2,005.31","1,987.12","1,998.13","438,538,000"
2019-08-01,"2,015.09","2,032.23","2,009.33","2,017.34","461,743,300"
2019-07-31,"2,036.46","2,041.16","2,010.95","2,024.55","589,386,200"
2019-07-30,"2,035.32","2,044.59","2,032.61","2,038.68","547,029,500"
2019-07-29,"2,059.13","2,063.13","2,025.01","2,029.48","608,670,800"
2019-07-26,"2,063.35","2,068.16","2,054.64","2,066.26","589,074,000"
2019-07-25,"2,085.67","2,088.81","2,061.08","2,074.48","598,634,400"
2019-07-24,"2,097.16","2,105.68","2,080.66","2,082.30","851,392,600"
2019-07-23,"2,095.76","2,106.39","2,095.38","2,101.45","648,123,900"
2019-07-22,"2,090.35","2,099.34","2,087.51","2,093.34","332,629,600"
2019-07-19,"2,080.21","2,096.73","2,076.51","2,094.36","394,904,400"
2019-07-18,"2,068.66","2,073.20","2,061.33","2,066.55","446,644,200"
2019-07-17,"2,079.91","2,080.01","2,063.49","2,072.92","761,626,200"
2019-07-16,"2,084.46","2,096.67","2,078.74","2,091.87","682,802,800"
2019-07-15,"2,083.39","2,088.34","2,073.10","2,082.48","463,519,800"
2019-07-12,"2,083.53","2,090.43","2,077.35","2,086.66","403,935,200"
2019-07-11,"2,070.59","2,088.24","2,070.21","2,080.58","376,675,200"
2019-07-10,"2,061.55","2,068.20","2,056.48","2,058.78","355,677,600"
2019-07-09,"2,070.35","2,075.30","2,052.03","2,052.03","440,122,100"
2019-07-08,"2,091.91","2,092.54","2,063.78","2,064.17","515,950,100"
2019-07-05,"2,111.00","2,115.43","2,096.23","2,110.59","459,391,300"
2019-07-04,"2,102.36","2,108.80","2,088.97","2,108.73","446,932,800"
2019-07-03,"2,120.75","2,127.71","2,093.32","2,096.02","522,709,100"
2019-07-02,"2,122.07","2,130.86","2,112.52","2,122.02","460,830,000"
2019-07-01,"2,147.24","2,147.24","2,126.87","2,129.74","412,291,100"
2019-06-28,"2,135.06","2,139.24","2,123.97","2,130.62","537,274,600"
2019-06-27,"2,120.73","2,141.27","2,118.22","2,134.32","644,900,200"
2019-06-26,"2,120.20","2,128.25","2,115.72","2,121.85","736,851,500"
2019-06-25,"2,125.74","2,136.24","2,115.11","2,121.64","642,999,200"
2019-06-24,"2,130.32","2,134.48","2,123.88","2,126.33","669,639,900"
2019-06-21,"2,132.38","2,132.68","2,120.15","2,125.62","692,027,900"
2019-06-20,"2,121.78","2,131.77","2,120.42","2,131.29","1,007,158,900"
2019-06-19,"2,119.54","2,126.74","2,117.64","2,124.78","862,980,400"
2019-06-18,"2,089.31","2,103.02","2,089.31","2,098.71","600,964,400"
2019-06-17,"2,091.71","2,103.59","2,087.25","2,090.73","561,550,000"
2019-06-14,"2,096.32","2,103.02","2,087.47","2,095.41","473,370,300"
2019-06-13,"2,104.46","2,108.01","2,081.92","2,103.15","553,393,400"
2019-06-12,"2,111.66","2,118.89","2,104.41","2,108.75","693,507,700"
2019-06-11,"2,096.09","2,114.57","2,094.60","2,111.81","550,740,400"
2019-06-10,"2,087.37","2,099.65","2,075.51","2,099.49","457,640,800"
2019-06-07,"2,070.78","2,081.16","2,057.97","2,072.33","368,392,000"
2019-06-05,"2,084.16","2,086.49","2,065.71","2,069.11","380,156,900"
2019-06-04,"2,066.78","2,072.19","2,060.98","2,066.97","435,991,700"
2019-06-03,"2,031.03","2,070.58","2,029.17","2,067.85","387,145,900"
2019-05-31,"2,029.03","2,048.90","2,022.97","2,041.74","439,181,700"
2019-05-30,"2,024.33","2,040.66","2,023.91","2,038.80","461,850,000"
2019-05-29,"2,046.71","2,046.71","2,016.25","2,023.32","380,893,900"
2019-05-28,"2,044.77","2,058.42","2,038.52","2,048.83","494,478,500"
2019-05-27,"2,044.25","2,055.13","2,035.87","2,044.21","351,616,300"
2019-05-24,"2,047.30","2,057.38","2,035.98","2,045.31","480,647,700"
2019-05-23,"2,063.25","2,065.86","2,046.82","2,059.59","509,268,800"
2019-05-22,"2,068.65","2,070.80","2,048.01","2,064.86","509,974,300"
2019-05-21,"2,056.95","2,076.47","2,053.69","2,061.25","526,858,500"
2019-05-20,"2,066.53","2,077.10","2,051.69","2,055.71","640,195,300"
2019-05-17,"2,081.57","2,082.83","2,053.79","2,055.80","537,380,400"
2019-05-16,"2,094.88","2,095.58","2,062.44","2,067.69","745,164,300"
2019-05-15,"2,081.92","2,100.01","2,076.46","2,092.78","577,794,500"
2019-05-14,"2,060.24","2,093.41","2,056.74","2,081.84","696,195,100"
2019-05-13,"2,091.80","2,101.09","2,077.72","2,079.01","505,750,900"
2019-05-10,"2,118.42","2,124.92","2,090.39","2,108.04","714,766,000"
2019-05-09,"2,159.79","2,164.98","2,102.01","2,102.01","743,506,500"
2019-05-08,"2,151.34","2,179.34","2,151.34","2,168.01","456,333,700"
2019-05-07,"2,172.39","2,179.51","2,160.44","2,176.99","484,097,400"
2019-05-03,"2,209.44","2,211.36","2,192.36","2,196.32","617,877,700"
2019-05-02,"2,192.94","2,217.03","2,191.30","2,212.75","369,059,300"
2019-04-30,"2,213.43","2,215.77","2,186.33","2,203.59","381,413,600"
2019-04-29,"2,183.41","2,216.43","2,181.82","2,216.43","380,823,200"
2019-04-26,"2,178.13","2,186.52","2,168.15","2,179.31","570,172,100"
2019-04-25,"2,195.47","2,200.89","2,187.44","2,190.50","441,137,200"
2019-04-24,"2,229.75","2,229.75","2,190.29","2,201.03","575,099,900"
2019-04-23,"2,217.61","2,223.92","2,212.14","2,220.51","481,177,600"
2019-04-22,"2,218.50","2,227.94","2,207.25","2,216.65","493,984,400"
2019-04-19,"2,223.42","2,225.37","2,215.58","2,216.15","525,263,600"
2019-04-18,"2,248.80","2,250.11","2,210.43","2,213.77","573,343,300"
2019-04-17,"2,249.05","2,252.05","2,242.01","2,245.89","452,474,800"
2019-04-16,"2,241.06","2,249.89","2,235.72","2,248.63","569,056,200"
2019-04-15,"2,242.31","2,251.22","2,240.29","2,242.88","404,160,000"
2019-04-12,"2,221.10","2,233.45","2,212.88","2,233.45","449,634,200"
2019-04-11,"2,227.69","2,230.41","2,217.18","2,224.44","402,016,300"
2019-04-10,"2,206.20","2,225.02","2,203.82","2,224.39","399,694,600"
2019-04-09,"2,212.32","2,221.62","2,203.54","2,213.56","414,809,200"
2019-04-08,"2,217.66","2,217.87","2,202.49","2,210.60","347,910,200"
2019-04-05,"2,206.36","2,214.82","2,205.26","2,209.61","517,153,000"
2019-04-04,"2,201.04","2,216.15","2,198.66","2,206.53","431,013,200"
2019-04-03,"2,176.81","2,203.29","2,172.83","2,203.27","358,644,900"
2019-04-02,"2,177.20","2,181.37","2,171.84","2,177.18","257,453,000"
2019-04-01,"2,153.31","2,171.49","2,153.31","2,168.28","263,312,700"
2019-03-29,"2,138.45","2,143.30","2,124.07","2,140.67","364,618,600"
2019-03-28,"2,131.25","2,136.40","2,120.93","2,128.10","288,036,200"
2019-03-27,"2,147.19","2,152.91","2,132.42","2,145.62","363,169,400"
2019-03-26,"2,152.98","2,153.90","2,143.63","2,148.80","301,253,500"
2019-03-25,"2,158.80","2,159.25","2,143.70","2,144.86","307,071,200"
2019-03-22,"2,192.72","2,195.42","2,178.77","2,186.95","333,617,500"
2019-03-21,"2,183.11","2,200.32","2,173.70","2,184.88","342,747,100"
2019-03-20,"2,171.41","2,177.19","2,152.21","2,177.10","317,606,600"
2019-03-19,"2,183.03","2,183.76","2,171.05","2,177.62","319,702,500"
2019-03-18,"2,179.69","2,183.90","2,172.34","2,179.49","257,951,200"
2019-03-15,"2,152.96","2,181.77","2,152.59","2,176.11","387,135,800"
2019-03-14,"2,154.35","2,158.34","2,142.31","2,155.68","341,009,600"
2019-03-13,"2,152.66","2,154.11","2,134.16","2,148.41","285,600,800"
2019-03-12,"2,154.61","2,161.69","2,150.96","2,157.18","355,282,900"
2019-03-11,"2,140.29","2,145.31","2,125.54","2,138.10","272,103,400"
2019-03-08,"2,152.80","2,159.67","2,137.44","2,137.44","313,314,900"
2019-03-07,"2,173.19","2,181.19","2,155.19","2,165.79","292,578,400"
2019-03-06,"2,177.11","2,179.01","2,168.46","2,175.60","328,943,100"
2019-03-05,"2,183.35","2,185.74","2,171.33","2,179.23","313,145,800"
2019-03-04,"2,210.97","2,216.02","2,188.56","2,190.66","373,166,000"
2019-02-28,"2,231.58","2,233.93","2,195.44","2,195.44","510,022,100"
2019-02-27,"2,234.46","2,237.77","2,228.16","2,234.79","301,513,100"
2019-02-26,"2,230.37","2,235.70","2,221.76","2,226.60","331,962,300"
2019-02-25,"2,241.13","2,241.76","2,224.64","2,232.56","339,233,700"
2019-02-22,"2,222.32","2,230.50","2,217.08","2,230.50","409,310,800"
2019-02-21,"2,224.26","2,234.31","2,213.19","2,228.66","382,510,900"
2019-02-20,"2,216.74","2,234.68","2,213.83","2,229.76","374,342,300"
2019-02-19,"2,208.96","2,213.87","2,193.34","2,205.63","389,093,800"
2019-02-18,"2,207.36","2,217.32","2,203.00","2,210.89","314,370,900"
2019-02-15,"2,210.94","2,210.94","2,187.71","2,196.09","400,591,500"
2019-02-14,"2,195.92","2,225.85","2,186.09","2,225.85","573,362,000"
2019-02-13,"2,200.00","2,203.71","2,194.75","2,201.48","421,989,600"
2019-02-12,"2,182.71","2,195.05","2,178.59","2,190.47","429,940,400"
2019-02-11,"2,180.54","2,181.58","2,167.36","2,180.73","406,059,800"
2019-02-08,"2,192.01","2,192.48","2,171.96","2,177.05","391,029,000"
2019-02-07,"2,215.77","2,215.79","2,196.77","2,203.42","427,842,700"
2019-02-01,"2,211.93","2,218.78","2,201.41","2,203.46","479,378,500"
2019-01-31,"2,222.88","2,222.88","2,201.22","2,204.85","545,247,900"
2019-01-30,"2,183.49","2,206.20","2,177.88","2,206.20","480,390,400"
2019-01-29,"2,172.83","2,183.36","2,162.53","2,183.36","552,586,600"
2019-01-28,"2,184.41","2,188.15","2,169.17","2,177.30","371,618,500"
2019-01-25,"2,147.92","2,178.01","2,146.64","2,177.73","410,001,900"
2019-01-24,"2,127.88","2,145.08","2,125.48","2,145.03","413,652,200"
2019-01-23,"2,108.72","2,131.05","2,106.74","2,127.78","408,600,000"
2019-01-22,"2,126.03","2,129.37","2,108.91","2,117.77","419,441,300"
2019-01-21,"2,133.87","2,134.17","2,114.45","2,124.61","398,034,900"
2019-01-18,"2,116.43","2,124.50","2,113.44","2,124.28","456,737,700"
2019-01-17,"2,110.14","2,117.43","2,101.70","2,107.06","475,884,700"
2019-01-16,"2,098.65","2,106.35","2,091.92","2,106.10","500,078,100"
2019-01-15,"2,069.14","2,098.01","2,067.58","2,097.18","439,488,600"
2019-01-14,"2,070.49","2,073.94","2,059.46","2,064.52","432,890,500"
2019-01-11,"2,070.36","2,076.99","2,063.99","2,075.57","380,061,000"
2019-01-10,"2,065.73","2,072.81","2,057.16","2,063.28","382,877,100"
2019-01-09,"2,034.19","2,068.23","2,034.19","2,064.71","386,247,700"
2019-01-08,"2,038.68","2,042.70","2,023.59","2,025.27","397,831,200"
2019-01-07,"2,034.24","2,048.06","2,030.90","2,037.10","440,191,400"
2019-01-04,"1,992.40","2,011.56","1,984.53","2,010.25","408,990,800"
2019-01-03,"2,011.81","2,014.72","1,991.65","1,993.70","427,976,000"
2019-01-02,"2,050.55","2,053.45","2,004.27","2,010.00","326,367,700"
2018-12-28,"2,036.70","2,046.97","2,035.41","2,041.04","352,677,700"
2018-12-27,"2,032.09","2,035.57","2,021.39","2,028.44","398,021,300"
2018-12-26,"2,028.81","2,037.83","2,014.28","2,028.01","321,499,300"
2018-12-24,"2,050.38","2,059.94","2,046.18","2,055.01","285,275,000"
2018-12-21,"2,052.70","2,061.51","2,049.76","2,061.49","311,388,800"
2018-12-20,"2,063.70","2,071.08","2,047.52","2,060.12","421,064,800"
2018-12-19,"2,068.95","2,080.65","2,063.01","2,078.84","418,796,700"
2018-12-18,"2,057.39","2,074.31","2,054.26","2,062.11","429,530,000"
2018-12-17,"2,071.21","2,075.93","2,065.51","2,071.09","444,522,400"
2018-12-14,"2,095.64","2,095.64","2,061.40","2,069.38","448,237,500"
2018-12-13,"2,087.43","2,104.43","2,084.37","2,095.55","379,818,900"
2018-12-12,"2,062.77","2,084.77","2,061.13","2,082.57","457,126,800"
2018-12-11,"2,058.16","2,060.94","2,047.17","2,052.97","273,932,700"
2018-12-10,"2,048.45","2,061.78","2,043.21","2,053.79","344,164,000"
2018-12-07,"2,081.68","2,086.84","2,065.62","2,075.76","371,590,500"
2018-12-06,"2,094.62","2,094.62","2,064.00","2,068.69","537,409,600"
2018-12-05,"2,086.57","2,107.69","2,086.57","2,101.31","492,716,300"
2018-12-04,"2,125.67","2,128.94","2,105.45","2,114.35","507,517,900"
2018-12-03,"2,127.78","2,136.64","2,113.60","2,131.93","436,588,300"
2018-11-30,"2,116.83","2,122.33","2,093.83","2,096.86","427,354,600"
2018-11-29,"2,133.95","2,136.74","2,108.90","2,114.10","307,230,100"
2018-11-28,"2,104.13","2,108.65","2,094.32","2,108.22","300,075,800"
2018-11-27,"2,091.75","2,102.29","2,079.49","2,099.42","239,211,300"
2018-11-26,"2,060.17","2,083.96","2,060.17","2,083.02","237,710,900"
2018-11-23,"2,073.26","2,075.91","2,047.96","2,057.48","227,202,200"
2018-11-22,"2,079.01","2,081.75","2,066.20","2,069.95","242,498,600"
2018-11-21,"2,057.07","2,077.49","2,049.76","2,076.55","267,903,600"
2018-11-20,"2,074.67","2,089.54","2,074.67","2,082.58","281,685,400"
2018-11-19,"2,096.13","2,111.39","2,089.37","2,100.56","273,198,100"
2018-11-16,"2,097.94","2,103.11","2,086.54","2,092.40","301,604,800"
2018-11-15,"2,061.47","2,088.61","2,058.73","2,088.06","351,042,600"
2018-11-14,"2,071.41","2,075.12","2,060.86","2,068.05","339,046,400"
2018-11-13,"2,047.62","2,072.03","2,032.05","2,071.23","383,421,000"
2018-11-12,"2,065.92","2,087.24","2,065.52","2,080.44","295,528,800"
2018-11-09,"2,093.89","2,101.92","2,082.47","2,086.09","298,072,400"
2018-11-08,"2,109.97","2,120.88","2,092.36","2,092.63","328,034,600"
2018-11-07,"2,090.32","2,107.63","2,072.48","2,078.69","485,225,000"
2018-11-06,"2,085.81","2,092.61","2,068.59","2,089.62","315,816,000"
2018-11-05,"2,079.81","2,080.49","2,052.67","2,076.92","361,302,400"
2018-11-02,"2,046.61","2,096.63","2,044.94","2,096.00","371,978,900"
2018-11-01,"2,035.11","2,054.22","2,023.43","2,024.46","343,813,900"
2018-10-31,"2,022.84","2,030.50","2,006.63","2,029.69","373,027,900"
2018-10-30,"1,985.95","2,028.84","1,985.95","2,014.69","441,585,000"
2018-10-29,"2,026.68","2,045.76","1,993.77","1,996.05","427,304,800"
2018-10-26,"2,066.57","2,066.57","2,008.86","2,027.15","449,197,700"
2018-10-25,"2,046.67","2,066.06","2,033.81","2,063.30","376,014,900"
2018-10-24,"2,119.19","2,121.36","2,092.10","2,097.58","399,734,200"
2018-10-23,"2,147.30","2,148.80","2,094.69","2,106.10","373,468,300"
2018-10-22,"2,143.08","2,163.21","2,136.92","2,161.71","308,740,300"
2018-10-19,"2,130.06","2,158.78","2,117.62","2,156.26","351,771,000"
2018-10-18,"2,158.80","2,168.01","2,146.61","2,148.31","321,762,500"
2018-10-17,"2,169.44","2,182.77","2,159.37","2,167.51","275,159,700"
2018-10-16,"2,156.00","2,161.76","2,140.19","2,145.12","222,512,400"
2018-10-15,"2,155.34","2,159.23","2,141.28","2,145.12","259,176,000"
2018-10-12,"2,131.66","2,173.01","2,129.13","2,161.85","292,573,600"
2018-10-11,"2,176.16","2,186.69","2,129.67","2,129.67","411,919,100"
2018-10-10,"2,256.03","2,257.52","2,222.95","2,228.61","365,683,900"
2018-10-08,"2,258.73","2,273.71","2,253.83","2,253.83","214,644,400"
2018-10-05,"2,269.94","2,278.12","2,250.99","2,267.52","282,139,100"
2018-10-04,"2,311.06","2,311.06","2,270.22","2,274.49","309,502,200"
2018-10-02,"2,338.28","2,341.55","2,308.90","2,309.57","287,868,200"
2018-10-01,"2,349.64","2,352.11","2,333.32","2,338.88","278,310,200"
2018-09-28,"2,356.13","2,356.62","2,337.47","2,343.07","317,870,200"
2018-09-27,"2,331.70","2,355.43","2,331.70","2,355.43","279,230,400"
2018-09-21,"2,332.04","2,339.17","2,325.12","2,339.17","321,703,900"
2018-09-20,"2,314.41","2,334.04","2,311.56","2,323.45","289,085,500"
2018-09-19,"2,319.22","2,319.22","2,301.79","2,308.46","350,949,100"
2018-09-18,"2,287.73","2,310.97","2,287.42","2,308.98","309,235,400"
2018-09-17,"2,314.55","2,314.55","2,295.26","2,303.01","343,167,000"
2018-09-14,"2,304.70","2,318.65","2,304.15","2,318.25","292,236,000"
2018-09-13,"2,285.28","2,291.51","2,281.63","2,286.23","301,308,600"
2018-09-12,"2,286.28","2,289.66","2,271.00","2,282.92","336,830,200"
2018-09-11,"2,286.91","2,295.76","2,275.13","2,283.20","368,210,900"
2018-09-10,"2,277.35","2,289.38","2,276.60","2,288.66","312,612,700"
2018-09-07,"2,278.08","2,286.82","2,264.90","2,281.58","357,560,500"
2018-09-06,"2,288.80","2,298.47","2,284.50","2,287.61","387,510,600"
2018-09-05,"2,310.90","2,315.43","2,288.01","2,291.77","358,187,100"
2018-09-04,"2,308.96","2,317.74","2,302.17","2,315.72","277,014,000"
2018-09-03,"2,317.93","2,318.72","2,302.17","2,307.03","230,513,200"
2018-08-31,"2,298.13","2,322.88","2,295.72","2,322.88","255,908,800"
2018-08-30,"2,313.11","2,320.85","2,305.46","2,307.35","286,926,300"
2018-08-29,"2,304.66","2,309.88","2,300.21","2,309.03","268,214,600"
2018-08-28,"2,312.14","2,314.60","2,299.45","2,303.12","276,889,000"
2018-08-27,"2,297.32","2,302.87","2,289.41","2,299.30","307,044,900"
2018-08-24,"2,276.16","2,295.22","2,271.35","2,293.21","347,291,500"
2018-08-23,"2,282.57","2,282.88","2,268.06","2,282.60","338,386,200"
2018-08-22,"2,273.68","2,280.31","2,268.91","2,273.33","269,270,900"
2018-08-21,"2,248.04","2,272.86","2,244.59","2,270.06","294,337,200"
2018-08-20,"2,257.35","2,264.42","2,245.06","2,247.88","271,600,300"
2018-08-17,"2,244.61","2,250.92","2,240.14","2,247.05","238,377,500"
2018-08-16,"2,233.05","2,244.08","2,218.09","2,240.80","312,519,300"
2018-08-14,"2,249.86","2,262.52","2,247.37","2,258.91","255,216,000"
2018-08-13,"2,266.43","2,271.82","2,238.55","2,248.45","335,380,500"
2018-08-10,"2,295.21","2,295.62","2,277.89","2,282.79","286,161,000"
2018-08-09,"2,303.04","2,303.71","2,291.91","2,303.71","244,882,900"
2018-08-08,"2,305.73","2,308.60","2,298.41","2,301.45","299,691,400"
2018-08-07,"2,290.85","2,301.27","2,279.55","2,300.16","230,339,600"
2018-08-06,"2,288.51","2,300.38","2,283.26","2,286.50","244,548,700"
2018-08-03,"2,278.33","2,288.93","2,272.94","2,287.68","270,494,000"
2018-08-02,"2,304.14","2,306.72","2,265.46","2,270.20","352,056,500"
2018-08-01,"2,301.17","2,312.65","2,301.13","2,307.07","219,034,900"
2018-07-31,"2,292.23","2,296.60","2,286.02","2,295.26","223,927,400"
2018-07-30,"2,290.18","2,296.91","2,283.29","2,293.51","206,497,600"
2018-07-27,"2,292.33","2,295.27","2,284.44","2,294.99","262,143,800"
2018-07-26,"2,284.51","2,297.16","2,276.54","2,289.06","303,334,100"
2018-07-25,"2,284.38","2,292.61","2,269.67","2,273.03","309,319,800"
2018-07-24,"2,273.15","2,284.43","2,263.13","2,280.20","436,133,000"
2018-07-23,"2,289.61","2,289.61","2,264.42","2,269.31","334,290,900"
2018-07-20,"2,281.36","2,293.34","2,269.55","2,289.19","353,236,000"
2018-07-19,"2,298.91","2,300.18","2,278.94","2,282.29","464,516,200"
2018-07-18,"2,313.78","2,319.39","2,287.10","2,290.11","402,771,700"
2018-07-17,"2,302.95","2,306.07","2,290.24","2,297.92","379,033,600"
2018-07-16,"2,312.26","2,317.84","2,299.79","2,301.99","297,122,300"
2018-07-13,"2,293.07","2,313.80","2,293.07","2,310.90","291,562,600"
2018-07-12,"2,285.93","2,298.56","2,277.73","2,285.06","364,407,800"
2018-07-11,"2,277.22","2,287.08","2,262.77","2,280.62","422,988,800"
2018-07-10,"2,299.09","2,305.84","2,292.13","2,294.16","339,918,900"
2018-07-09,"2,276.92","2,294.61","2,267.25","2,285.80","352,638,900"
2018-07-06,"2,261.44","2,283.75","2,247.35","2,272.87","344,433,100"
2018-07-05,"2,264.74","2,274.74","2,243.90","2,257.55","346,883,700"
2018-07-04,"2,270.95","2,280.81","2,261.34","2,265.46","315,103,300"
2018-07-03,"2,285.88","2,287.39","2,252.36","2,272.76","366,027,800"
2018-07-02,"2,322.23","2,327.59","2,271.53","2,271.54","393,265,500"
2018-06-29,"2,325.68","2,329.58","2,296.39","2,326.13","396,663,000"
2018-06-28,"2,327.37","2,335.35","2,310.80","2,314.24","414,370,800"
2018-06-27,"2,349.38","2,358.71","2,342.02","2,342.03","526,625,400"
2018-06-26,"2,334.75","2,358.01","2,326.61","2,350.92","470,914,700"
2018-06-25,"2,351.89","2,361.39","2,337.22","2,357.88","415,079,800"
2018-06-22,"2,323.08","2,357.40","2,320.76","2,357.22","537,263,700"
2018-06-21,"2,364.16","2,370.58","2,337.83","2,337.83","438,264,300"
2018-06-20,"2,350.24","2,374.52","2,345.22","2,363.91","456,004,000"
2018-06-19,"2,373.12","2,379.49","2,336.54","2,340.11","606,304,600"
2018-06-18,"2,404.68","2,405.56","2,365.31","2,376.24","564,818,800"
2018-06-15,"2,432.18","2,433.51","2,403.97","2,404.04","502,361,800"
2018-06-14,"2,450.86","2,451.95","2,422.37","2,423.48","533,448,300"
2018-06-12,"2,474.78","2,479.56","2,462.84","2,468.83","613,166,200"
2018-06-11,"2,454.25","2,470.99","2,448.00","2,470.15","427,946,700"
2018-06-08,"2,467.88","2,468.27","2,449.11","2,451.58","530,159,800"
2018-06-07,"2,468.26","2,478.67","2,466.01","2,470.58","474,146,800"
2018-06-05,"2,450.39","2,455.78","2,432.81","2,453.76","501,363,800"
2018-06-04,"2,444.62","2,452.67","2,441.25","2,447.76","438,929,300"
2018-06-01,"2,419.63","2,445.31","2,418.11","2,438.96","603,023,300"
2018-05-31,"2,428.83","2,430.15","2,415.50","2,423.01","816,930,100"
2018-05-30,"2,446.81","2,449.88","2,399.58","2,409.03","575,922,400"
2018-05-29,"2,476.70","2,479.68","2,457.18","2,457.25","571,836,800"
2018-05-28,"2,465.00","2,482.40","2,463.14","2,478.96","708,362,300"
2018-05-25,"2,452.80","2,466.57","2,444.77","2,460.80","653,592,100"
2018-05-24,"2,477.48","2,481.31","2,457.84","2,466.01","638,125,900"
2018-05-23,"2,462.98","2,476.86","2,460.07","2,471.91","752,675,500"
2018-05-21,"2,464.07","2,472.30","2,447.69","2,465.57","588,088,100"
2018-05-18,"2,459.73","2,461.95","2,452.34","2,460.65","431,376,600"
2018-05-17,"2,468.72","2,472.82","2,448.43","2,448.45","596,771,700"
2018-05-16,"2,446.64","2,465.55","2,444.67","2,459.82","691,813,300"
2018-05-15,"2,476.87","2,480.22","2,456.20","2,458.54","712,619,900"
2018-05-14,"2,482.97","2,486.17","2,471.91","2,476.11","650,707,500"
2018-05-11,"2,469.30","2,483.85","2,468.41","2,477.71","599,900,700"
2018-05-10,"2,458.67","2,464.72","2,448.01","2,464.16","490,004,900"
2018-05-09,"2,450.71","2,451.86","2,428.79","2,443.98","593,365,900"
2018-05-08,"2,468.45","2,479.75","2,444.08","2,449.81","714,734,300"
2018-05-04,"2,486.47","2,487.77","2,461.38","2,461.38","612,024,100"
2018-05-03,"2,506.94","2,507.91","2,487.25","2,487.25","614,102,400"
2018-05-02,"2,515.75","2,516.57","2,501.71","2,505.61","807,588,600"
2018-04-30,"2,502.29","2,515.38","2,500.22","2,515.38","746,291,800"
2018-04-27,"2,497.75","2,508.13","2,484.19","2,492.40","464,957,900"
2018-04-26,"2,460.62","2,484.09","2,456.20","2,475.64","520,917,200"
2018-04-25,"2,444.19","2,453.54","2,436.51","2,448.81","466,095,600"
2018-04-24,"2,478.47","2,479.32","2,454.44","2,464.14","524,280,400"
2018-04-23,"2,473.70","2,478.57","2,466.57","2,474.11","701,423,400"
2018-04-20,"2,478.59","2,485.15","2,472.37","2,476.33","531,718,600"
2018-04-19,"2,483.26","2,490.57","2,476.51","2,486.10","727,030,500"
2018-04-18,"2,467.55","2,486.73","2,467.55","2,479.98","647,285,500"
2018-04-17,"2,459.39","2,465.63","2,449.08","2,453.77","394,700,500"
2018-04-16,"2,466.04","2,466.16","2,449.97","2,457.49","347,173,800"
2018-04-13,"2,449.42","2,457.85","2,442.35","2,455.07","395,886,200"
2018-04-12,"2,450.95","2,454.95","2,441.58","2,442.71","441,568,700"
2018-04-11,"2,456.53","2,458.99","2,441.20","2,444.22","355,187,800"
2018-04-10,"2,439.94","2,454.36","2,419.55","2,450.74","356,390,200"
2018-04-09,"2,424.15","2,446.28","2,424.15","2,444.08","334,424,800"
2018-04-06,"2,420.88","2,433.97","2,417.24","2,429.58","454,309,300"
2018-04-05,"2,426.92","2,446.78","2,420.92","2,437.52","591,042,700"
2018-04-04,"2,447.97","2,447.97","2,405.91","2,408.06","551,703,700"
2018-04-03,"2,422.26","2,442.43","2,416.44","2,442.43","497,140,700"
2018-04-02,"2,454.72","2,467.52","2,440.89","2,444.16","390,319,300"
2018-03-30,"2,454.10","2,458.24","2,445.72","2,445.85","395,329,300"
2018-03-29,"2,421.70","2,439.47","2,413.71","2,436.37","333,359,400"
2018-03-28,"2,425.94","2,430.77","2,409.47","2,419.29","501,307,000"
2018-03-27,"2,455.00","2,456.55","2,444.92","2,452.06","332,128,600"
2018-03-26,"2,414.68","2,437.08","2,399.44","2,437.08","306,904,000"
2018-03-23,"2,446.73","2,450.40","2,412.62","2,416.76","457,952,800"
2018-03-22,"2,494.84","2,508.71","2,485.34","2,496.02","482,138,400"
2018-03-21,"2,488.22","2,492.88","2,483.78","2,484.97","399,073,600"
2018-03-20,"2,456.80","2,485.52","2,456.80","2,485.52","291,495,600"
2018-03-19,"2,491.99","2,493.56","2,470.91","2,475.03","477,219,200"
2018-03-16,"2,495.11","2,497.80","2,476.88","2,493.97","377,766,100"
2018-03-15,"2,486.00","2,496.51","2,471.04","2,492.38","344,009,500"
2018-03-14,"2,477.43","2,486.98","2,474.77","2,486.08","360,865,600"
2018-03-13,"2,483.05","2,494.49","2,478.76","2,494.49","350,203,300"
2018-03-12,"2,485.64","2,489.46","2,474.91","2,484.12","391,303,800"
2018-03-09,"2,443.43","2,476.43","2,436.03","2,459.45","437,265,000"
2018-03-08,"2,420.67","2,433.08","2,407.59","2,433.08","394,848,800"
2018-03-07,"2,413.39","2,429.43","2,395.24","2,401.82","412,971,900"
2018-03-06,"2,400.67","2,413.01","2,392.87","2,411.41","400,110,600"
2018-03-05,"2,405.92","2,407.98","2,374.80","2,375.06","312,254,100"
2018-03-02,"2,406.57","2,410.34","2,387.25","2,402.16","320,397,200"
2018-02-28,"2,447.11","2,460.12","2,426.21","2,427.36","367,556,900"
2018-02-27,"2,474.08","2,480.79","2,456.14","2,456.14","271,231,700"
2018-02-26,"2,465.35","2,466.08","2,447.86","2,457.65","321,259,900"
2018-02-23,"2,427.13","2,451.52","2,427.13","2,451.52","300,578,300"
2018-02-22,"2,417.18","2,422.62","2,405.23","2,414.28","349,492,700"
2018-02-21,"2,417.73","2,432.45","2,404.02","2,429.65","432,275,400"
2018-02-20,"2,433.35","2,438.48","2,411.23","2,415.12","421,485,500"
2018-02-19,"2,452.52","2,455.12","2,428.15","2,442.82","322,137,400"
2018-02-14,"2,412.47","2,426.63","2,408.02","2,421.83","305,739,300"
2018-02-13,"2,402.89","2,421.80","2,388.54","2,395.19","423,415,700"
2018-02-12,"2,380.49","2,397.90","2,367.31","2,385.38","352,288,300"
2018-02-09,"2,346.73","2,372.90","2,346.73","2,363.77","489,112,000"
2018-02-08,"2,400.17","2,423.88","2,393.46","2,407.62","362,415,700"
2018-02-07,"2,483.72","2,484.18","2,396.56","2,396.56","460,075,000"
2018-02-06,"2,437.02","2,460.28","2,409.38","2,453.31","582,836,900"
2018-02-05,"2,487.34","2,503.99","2,476.24","2,491.75","442,349,800"
2018-02-02,"2,565.99","2,565.99","2,519.60","2,525.39","481,817,700"
2018-02-01,"2,578.91","2,583.74","2,564.59","2,568.54","595,147,200"
2018-01-31,"2,557.37","2,597.14","2,553.01","2,566.46","403,051,300"
2018-01-30,"2,590.41","2,599.17","2,567.07","2,567.74","397,038,600"
2018-01-29,"2,588.87","2,607.10","2,587.55","2,598.19","437,474,700"
2018-01-26,"2,560.69","2,574.76","2,553.53","2,574.76","400,648,700"
2018-01-25,"2,536.96","2,564.43","2,536.73","2,562.23","514,605,000"
2018-01-24,"2,533.86","2,547.22","2,531.31","2,538.00","371,087,200"
2018-01-23,"2,510.35","2,536.60","2,507.96","2,536.60","370,007,800"
2018-01-22,"2,516.90","2,517.12","2,488.44","2,502.11","342,994,000"
2018-01-19,"2,519.67","2,524.33","2,513.09","2,520.26","351,845,000"
2018-01-18,"2,527.67","2,532.08","2,512.69","2,515.81","333,112,000"
2018-01-17,"2,517.19","2,521.97","2,506.49","2,515.43","336,712,500"
2018-01-16,"2,504.16","2,524.55","2,498.55","2,521.74","341,606,600"
2018-01-15,"2,510.97","2,513.30","2,496.18","2,503.73","404,550,800"
2018-01-12,"2,499.87","2,500.87","2,482.15","2,496.42","438,775,500"
2018-01-11,"2,496.86","2,502.52","2,483.82","2,487.91","444,340,100"
2018-01-10,"2,516.33","2,516.82","2,493.98","2,499.75","444,022,000"
2018-01-09,"2,510.73","2,524.73","2,498.41","2,510.23","374,322,700"
2018-01-08,"2,510.70","2,515.37","2,494.18","2,513.28","311,429,300"
2018-01-05,"2,476.85","2,497.52","2,475.51","2,497.52","308,769,600"
2018-01-04,"2,502.50","2,502.50","2,466.45","2,466.46","333,836,300"
2018-01-03,"2,484.63","2,493.40","2,481.91","2,486.35","331,094,600"
2018-01-02,"2,474.86","2,481.02","2,465.94","2,479.65","262,205,400"
2017-12-28,"2,439.31","2,467.51","2,437.26","2,467.49","220,336,300"
2017-12-27,"2,420.86","2,436.68","2,411.48","2,436.67","194,850,100"
2017-12-26,"2,447.67","2,457.19","2,427.34","2,427.34","224,640,600"
2017-12-22,"2,437.59","2,444.57","2,426.94","2,440.54","230,412,700"
2017-12-21,"2,471.34","2,471.73","2,429.83","2,429.83","247,330,400"
2017-12-20,"2,473.82","2,484.50","2,470.62","2,472.37","236,176,100"
2017-12-19,"2,487.83","2,498.67","2,470.49","2,478.53","308,390,500"
2017-12-18,"2,488.83","2,488.83","2,477.29","2,481.88","324,358,200"
2017-12-15,"2,488.39","2,495.08","2,475.99","2,482.07","340,758,800"
2017-12-14,"2,486.57","2,514.61","2,469.48","2,469.48","317,786,600"
2017-12-13,"2,462.42","2,481.92","2,457.70","2,480.55","254,953,300"
2017-12-12,"2,471.23","2,471.43","2,455.39","2,461.00","281,191,200"
2017-12-11,"2,467.81","2,471.99","2,457.98","2,471.49","240,137,800"
2017-12-08,"2,470.09","2,473.17","2,459.02","2,464.00","406,381,500"
2017-12-07,"2,479.55","2,480.85","2,452.40","2,461.98","404,853,500"
2017-12-06,"2,510.19","2,510.47","2,474.29","2,474.37","507,624,000"
2017-12-05,"2,490.73","2,513.68","2,487.15","2,510.12","395,429,900"
2017-12-04,"2,486.72","2,501.67","2,476.29","2,501.67","323,846,600"
2017-12-01,"2,488.92","2,488.92","2,472.75","2,475.41","288,567,700"
2017-11-30,"2,502.22","2,506.32","2,474.28","2,476.37","339,022,400"
2017-11-29,"2,517.26","2,524.41","2,508.66","2,512.90","301,208,900"
2017-11-28,"2,512.52","2,521.06","2,500.93","2,514.19","348,243,100"
2017-11-27,"2,544.74","2,546.71","2,506.69","2,507.81","284,887,300"
2017-11-24,"2,539.79","2,544.33","2,533.98","2,544.33","297,938,400"
2017-11-23,"2,542.34","2,544.58","2,532.45","2,537.15","391,292,200"
2017-11-22,"2,546.61","2,553.22","2,535.19","2,540.51","485,670,600"
2017-11-21,"2,533.85","2,539.88","2,525.96","2,530.70","484,887,300"
2017-11-20,"2,536.80","2,542.62","2,523.52","2,527.67","404,259,900"
2017-11-17,"2,546.05","2,559.10","2,533.99","2,533.99","362,192,300"
2017-11-16,"2,522.42","2,538.28","2,514.51","2,534.79","302,931,300"
2017-11-15,"2,525.60","2,526.61","2,511.76","2,518.25","398,215,000"
2017-11-14,"2,532.55","2,532.95","2,520.99","2,526.64","287,771,600"
2017-11-13,"2,548.27","2,552.28","2,527.20","2,530.35","266,530,800"
2017-11-10,"2,541.18","2,547.61","2,534.60","2,542.95","291,525,400"
2017-11-09,"2,559.93","2,559.93","2,536.54","2,550.57","293,539,500"
2017-11-08,"2,534.48","2,558.74","2,533.73","2,552.40","277,039,200"
2017-11-07,"2,548.30","2,554.13","2,540.67","2,545.44","253,921,500"
2017-11-06,"2,557.29","2,559.90","2,529.94","2,549.41","221,187,300"
2017-11-03,"2,558.37","2,558.37","2,539.72","2,557.97","292,766,700"
2017-11-02,"2,560.34","2,561.63","2,542.02","2,546.36","527,727,500"
2017-11-01,"2,535.97","2,556.47","2,535.83","2,556.47","361,796,400"
2017-10-31,"2,500.21","2,528.32","2,498.05","2,523.43","313,787,800"
2017-10-30,"2,513.87","2,513.87","2,497.42","2,501.93","342,006,000"
2017-10-27,"2,485.44","2,499.15","2,479.67","2,496.63","511,225,800"
2017-10-26,"2,489.60","2,495.99","2,480.63","2,480.63","646,882,900"
2017-10-25,"2,495.87","2,497.41","2,481.48","2,492.50","599,434,800"
2017-10-24,"2,489.31","2,497.35","2,487.17","2,490.49","232,007,000"
2017-10-23,"2,497.65","2,500.33","2,485.48","2,490.05","274,201,000"
2017-10-20,"2,477.30","2,489.54","2,476.88","2,489.54","313,210,900"
2017-10-19,"2,485.72","2,490.94","2,468.67","2,473.06","236,625,100"
2017-10-18,"2,481.53","2,490.58","2,475.67","2,482.91","244,245,300"
2017-10-17,"2,484.96","2,487.88","2,478.76","2,484.37","199,049,300"
2017-10-16,"2,483.17","2,487.71","2,470.24","2,480.05","224,414,600"
2017-10-13,"2,473.65","2,479.73","2,468.14","2,473.62","234,800,600"
2017-10-12,"2,461.70","2,474.76","2,459.48","2,474.76","256,211,000"
2017-10-11,"2,442.49","2,458.16","2,439.81","2,458.16","201,771,300"
2017-10-10,"2,425.63","2,443.20","2,421.10","2,433.81","221,744,900"
2017-09-29,"2,378.66","2,394.47","2,378.66","2,394.47","184,191,400"
2017-09-28,"2,374.10","2,379.54","2,365.67","2,373.14","194,772,300"
2017-09-27,"2,376.89","2,377.18","2,368.92","2,372.57","202,618,900"
2017-09-26,"2,371.62","2,381.31","2,365.34","2,374.32","319,124,800"
2017-09-25,"2,388.77","2,392.44","2,374.69","2,380.40","339,345,600"
2017-09-22,"2,404.35","2,409.30","2,381.81","2,388.71","333,616,800"
2017-09-21,"2,412.01","2,415.13","2,401.89","2,406.50","335,339,300"
2017-09-20,"2,420.82","2,429.12","2,405.78","2,412.20","303,285,600"
2017-09-19,"2,419.30","2,422.05","2,411.68","2,416.05","254,585,800"
2017-09-18,"2,390.58","2,418.24","2,389.65","2,418.21","273,477,900"
2017-09-15,"2,368.44","2,386.07","2,365.37","2,386.07","298,738,800"
2017-09-14,"2,365.54","2,377.66","2,358.43","2,377.66","314,262,500"
2017-09-13,"2,370.54","2,373.61","2,360.17","2,360.18","318,871,900"
2017-09-12,"2,372.02","2,372.45","2,359.12","2,365.47","333,573,600"
2017-09-11,"2,354.86","2,369.72","2,354.35","2,359.08","243,612,700"
2017-09-08,"2,350.19","2,351.73","2,340.63","2,343.72","214,592,700"
2017-09-07,"2,328.94","2,349.79","2,328.92","2,346.19","277,036,400"
2017-09-06,"2,324.84","2,325.56","2,314.31","2,319.82","252,681,700"
2017-09-05,"2,340.62","2,340.62","2,319.94","2,326.62","320,428,000"
2017-09-04,"2,316.89","2,344.82","2,316.89","2,329.65","248,494,800"
2017-09-01,"2,367.45","2,370.25","2,351.37","2,357.69","280,059,600"
2017-08-31,"2,373.96","2,377.02","2,355.29","2,363.19","265,050,200"
2017-08-30,"2,368.13","2,372.29","2,363.43","2,372.29","305,636,500"
2017-08-29,"2,356.20","2,364.74","2,332.85","2,364.74","223,089,500"
2017-08-28,"2,376.38","2,383.46","2,366.23","2,370.30","226,868,600"
2017-08-25,"2,381.47","2,384.59","2,372.67","2,378.51","341,960,500"
2017-08-24,"2,370.12","2,382.72","2,368.29","2,375.84","295,530,800"
2017-08-23,"2,376.53","2,379.59","2,360.71","2,366.40","228,615,800"
2017-08-22,"2,360.29","2,369.02","2,359.97","2,365.33","251,864,000"
2017-08-21,"2,363.38","2,363.38","2,351.96","2,355.00","207,225,400"
2017-08-18,"2,340.19","2,362.43","2,340.19","2,358.37","201,479,300"
2017-08-17,"2,351.61","2,364.50","2,346.74","2,361.67","255,766,100"
2017-08-16,"2,355.74","2,358.46","2,343.72","2,348.26","270,520,900"
2017-08-14,"2,336.02","2,341.78","2,327.80","2,334.22","214,025,300"
2017-08-11,"2,323.06","2,335.12","2,310.20","2,319.71","318,581,000"
2017-08-10,"2,360.95","2,371.50","2,339.06","2,359.47","283,873,100"
2017-08-09,"2,379.70","2,387.53","2,366.33","2,368.39","234,073,300"
2017-08-08,"2,404.68","2,410.22","2,383.94","2,394.73","252,853,800"
2017-08-07,"2,402.57","2,412.13","2,395.74","2,398.75","244,123,900"
2017-08-04,"2,389.74","2,400.33","2,383.45","2,395.45","273,565,600"
2017-08-03,"2,423.21","2,423.55","2,374.11","2,386.85","303,575,400"
2017-08-02,"2,431.94","2,434.47","2,424.18","2,427.63","261,569,700"
2017-08-01,"2,397.12","2,432.62","2,394.27","2,422.96","264,036,200"
2017-07-31,"2,392.02","2,403.90","2,388.39","2,402.71","277,570,200"
2017-07-28,"2,433.46","2,434.38","2,399.06","2,400.99","318,651,900"
2017-07-27,"2,443.28","2,448.24","2,435.49","2,443.24","426,497,500"
2017-07-26,"2,446.82","2,446.96","2,429.62","2,434.51","336,108,900"
2017-07-25,"2,450.76","2,453.17","2,437.14","2,439.90","275,199,900"
2017-07-24,"2,451.41","2,451.53","2,443.65","2,451.53","233,407,900"
2017-07-21,"2,438.78","2,451.59","2,437.84","2,450.06","250,131,900"
2017-07-20,"2,436.06","2,443.69","2,427.95","2,441.84","251,916,500"
2017-07-19,"2,430.09","2,430.09","2,419.64","2,429.94","270,965,200"
2017-07-18,"2,425.07","2,426.16","2,419.17","2,426.04","260,661,600"
2017-07-17,"2,427.76","2,430.34","2,419.91","2,425.10","254,205,300"
2017-07-14,"2,418.27","2,421.48","2,411.34","2,414.63","258,765,900"
2017-07-13,"2,405.76","2,422.26","2,402.92","2,409.49","289,260,800"
2017-07-12,"2,395.41","2,399.28","2,390.45","2,391.77","268,926,300"
2017-07-11,"2,386.42","2,396.46","2,382.69","2,396.00","284,462,100"
2017-07-10,"2,386.30","2,389.87","2,378.04","2,382.10","296,262,300"
2017-07-07,"2,376.29","2,385.02","2,372.83","2,379.87","314,370,000"
2017-07-06,"2,390.31","2,392.50","2,380.82","2,387.81","301,472,800"
2017-07-05,"2,377.01","2,390.29","2,375.63","2,388.35","333,721,000"
2017-07-04,"2,395.24","2,398.02","2,376.41","2,380.52","411,776,200"
2017-07-03,"2,397.66","2,399.90","2,384.55","2,394.48","310,991,700"
2017-06-30,"2,382.15","2,391.81","2,381.40","2,391.79","343,529,700"
2017-06-29,"2,396.81","2,402.80","2,393.57","2,395.66","445,131,600"
2017-06-28,"2,382.91","2,390.89","2,380.75","2,382.56","361,176,700"
2017-06-27,"2,386.76","2,397.14","2,383.47","2,391.95","358,034,200"
2017-06-26,"2,381.09","2,390.70","2,377.88","2,388.66","325,674,200"
2017-06-23,"2,371.54","2,380.94","2,369.17","2,378.60","256,259,100"
2017-06-22,"2,364.22","2,370.39","2,354.10","2,370.37","299,232,000"
2017-06-21,"2,358.23","2,359.97","2,346.19","2,357.53","360,344,800"
2017-06-20,"2,382.54","2,382.54","2,365.45","2,369.23","360,733,800"
2017-06-19,"2,364.02","2,377.20","2,356.84","2,370.90","290,944,700"
2017-06-16,"2,364.20","2,365.37","2,355.29","2,361.83","329,179,400"
2017-06-15,"2,373.36","2,378.04","2,350.37","2,361.65","334,886,200"
2017-06-14,"2,384.54","2,387.29","2,366.92","2,372.64","392,997,900"
2017-06-13,"2,358.92","2,375.81","2,358.92","2,374.70","322,081,800"
2017-06-12,"2,370.69","2,374.70","2,353.35","2,357.87","327,233,600"
2017-06-09,"2,371.22","2,385.15","2,367.81","2,381.69","520,558,400"
2017-06-08,"2,361.64","2,365.52","2,347.62","2,363.57","417,080,000"
2017-06-07,"2,364.96","2,369.43","2,356.71","2,360.14","376,207,600"
2017-06-05,"2,376.66","2,376.83","2,363.61","2,368.62","326,411,700"
2017-06-02,"2,353.77","2,372.65","2,353.45","2,371.72","399,499,200"
2017-06-01,"2,348.31","2,351.31","2,335.63","2,344.61","336,690,600"
2017-05-31,"2,339.25","2,355.23","2,338.25","2,347.38","555,939,200"
2017-05-30,"2,356.54","2,358.69","2,332.16","2,343.68","508,844,000"
2017-05-29,"2,362.59","2,371.67","2,344.25","2,352.97","316,177,800"
2017-05-26,"2,344.39","2,364.80","2,341.61","2,355.30","312,902,100"
2017-05-25,"2,325.49","2,343.72","2,321.26","2,342.93","369,280,400"
2017-05-24,"2,319.37","2,322.54","2,312.93","2,317.34","409,559,600"
2017-05-23,"2,308.69","2,326.57","2,303.15","2,311.74","341,085,100"
2017-05-22,"2,300.68","2,305.21","2,292.95","2,304.03","340,061,100"
2017-05-19,"2,286.78","2,293.82","2,282.13","2,288.48","421,133,900"
2017-05-18,"2,271.27","2,288.85","2,267.08","2,286.82","378,315,000"
2017-05-17,"2,291.56","2,295.87","2,283.01","2,293.08","394,821,400"
2017-05-16,"2,306.73","2,309.00","2,283.84","2,295.33","368,138,000"
2017-05-15,"2,288.23","2,297.31","2,280.60","2,290.65","251,594,100"
2017-05-12,"2,296.06","2,296.51","2,283.38","2,286.02","335,337,800"
2017-05-11,"2,278.47","2,297.67","2,271.66","2,296.37","463,460,000"
2017-05-10,"2,294.10","2,323.22","2,264.31","2,270.12","422,888,200"
2017-05-08,"2,245.61","2,292.76","2,244.23","2,292.76","281,761,300"
2017-05-04,"2,224.91","2,241.24","2,224.91","2,241.24","261,918,600"
2017-05-02,"2,213.61","2,229.74","2,212.87","2,219.67","295,139,600"
2017-04-28,"2,214.36","2,217.04","2,202.20","2,205.44","268,642,400"
2017-04-27,"2,201.72","2,211.59","2,199.76","2,209.46","386,106,900"
2017-04-26,"2,202.37","2,210.61","2,200.73","2,207.84","397,525,800"
2017-04-25,"2,175.70","2,196.85","2,174.11","2,196.85","275,897,100"
2017-04-24,"2,175.50","2,177.89","2,166.83","2,173.74","374,713,900"
2017-04-21,"2,161.24","2,169.46","2,156.64","2,165.04","281,540,300"
2017-04-20,"2,138.19","2,150.43","2,134.05","2,149.15","268,315,900"
2017-04-19,"2,144.98","2,148.03","2,133.82","2,138.40","344,221,000"
2017-04-18,"2,155.36","2,155.36","2,139.31","2,148.46","291,399,400"
2017-04-17,"2,140.87","2,150.70","2,138.70","2,145.76","259,303,700"
2017-04-14,"2,138.28","2,141.61","2,127.80","2,134.88","383,688,300"
2017-04-13,"2,130.64","2,148.61","2,125.87","2,148.61","357,582,900"
2017-04-12,"2,128.17","2,129.82","2,122.94","2,128.91","427,358,300"
2017-04-11,"2,129.23","2,136.55","2,117.82","2,123.85","489,309,100"
2017-04-10,"2,148.83","2,148.83","2,128.35","2,133.32","512,916,700"
2017-04-07,"2,154.87","2,155.70","2,142.51","2,151.73","408,456,700"
2017-04-06,"2,152.64","2,153.83","2,143.30","2,152.75","510,164,300"
2017-04-05,"2,161.90","2,164.85","2,146.98","2,160.85","571,691,300"
2017-04-04,"2,165.23","2,166.94","2,156.89","2,161.10","522,093,200"
2017-04-03,"2,166.04","2,171.33","2,161.26","2,167.51","398,513,800"
2017-03-31,"2,166.62","2,166.93","2,159.80","2,160.23","441,640,300"
2017-03-30,"2,170.18","2,174.16","2,159.16","2,164.64","643,563,700"
2017-03-29,"2,172.31","2,172.31","2,162.04","2,166.98","626,792,900"
2017-03-28,"2,166.58","2,169.14","2,157.71","2,163.31","393,970,300"
2017-03-27,"2,161.17","2,165.25","2,153.14","2,155.66","395,862,500"
2017-03-24,"2,171.36","2,179.34","2,163.34","2,168.95","358,673,400"
2017-03-23,"2,174.09","2,182.42","2,170.56","2,172.72","358,607,900"
2017-03-22,"2,159.97","2,170.00","2,158.96","2,168.30","394,425,700"
2017-03-21,"2,162.95","2,181.99","2,160.25","2,178.38","303,940,500"
2017-03-20,"2,160.32","2,160.57","2,151.51","2,157.01","264,946,600"
2017-03-17,"2,150.47","2,164.59","2,148.86","2,164.58","302,788,100"
2017-03-16,"2,154.98","2,156.85","2,143.01","2,150.08","402,424,400"
2017-03-15,"2,128.42","2,135.38","2,127.26","2,133.00","374,699,700"
2017-03-14,"2,127.12","2,135.50","2,124.42","2,133.78","365,074,800"
2017-03-13,"2,102.37","2,122.88","2,100.91","2,117.59","382,129,400"
2017-03-10,"2,088.67","2,102.05","2,082.31","2,097.35","500,860,800"
2017-03-09,"2,098.29","2,100.08","2,090.73","2,091.06","408,229,000"
2017-03-08,"2,092.27","2,101.56","2,088.19","2,095.41","381,441,600"
2017-03-07,"2,080.77","2,096.79","2,079.16","2,094.05","277,830,400"
2017-03-06,"2,073.20","2,083.80","2,067.68","2,081.36","431,445,200"
2017-03-03,"2,090.92","2,091.59","2,072.09","2,078.75","425,935,700"
2017-03-02,"2,105.19","2,112.58","2,096.31","2,102.65","434,713,200"
2017-02-28,"2,087.26","2,094.41","2,084.36","2,091.64","399,821,800"
2017-02-27,"2,095.47","2,097.24","2,084.08","2,085.52","343,702,200"
2017-02-24,"2,106.43","2,107.83","2,090.05","2,094.12","385,394,900"
2017-02-23,"2,106.15","2,108.99","2,103.11","2,107.63","430,850,900"
2017-02-22,"2,106.42","2,108.98","2,101.56","2,106.61","312,219,200"
2017-02-21,"2,085.97","2,108.48","2,085.00","2,102.93","292,539,400"
2017-02-20,"2,084.16","2,085.59","2,077.13","2,084.39","297,203,300"
2017-02-17,"2,072.57","2,081.18","2,072.57","2,080.58","301,517,400"
2017-02-16,"2,088.09","2,092.59","2,078.35","2,081.84","330,466,900"
2017-02-15,"2,073.60","2,087.69","2,069.89","2,083.86","338,044,700"
2017-02-14,"2,079.30","2,081.59","2,068.16","2,074.57","332,365,900"
2017-02-13,"2,074.94","2,078.66","2,070.36","2,078.65","289,684,900"
2017-02-10,"2,075.80","2,080.74","2,072.23","2,075.08","314,676,300"
2017-02-09,"2,067.15","2,072.69","2,062.12","2,065.88","236,008,900"
2017-02-08,"2,072.58","2,072.58","2,052.29","2,065.08","266,722,400"
2017-02-07,"2,077.80","2,079.23","2,071.05","2,075.21","271,809,000"
2017-02-06,"2,085.73","2,088.37","2,073.03","2,077.66","315,315,400"
2017-02-03,"2,075.90","2,079.85","2,064.05","2,073.16","392,584,000"
2017-02-02,"2,080.23","2,092.45","2,067.76","2,071.01","825,477,400"
2017-02-01,"2,075.31","2,082.70","2,073.97","2,080.48","452,528,400"
2017-01-31,"2,077.66","2,079.97","2,067.57","2,067.57","288,275,400"
2017-01-26,"2,074.77","2,088.60","2,068.50","2,083.59","257,921,500"
2017-01-25,"2,075.33","2,077.72","2,062.96","2,066.94","311,770,800"
2017-01-24,"2,070.22","2,072.66","2,058.59","2,065.76","312,411,100"
2017-01-23,"2,067.62","2,073.80","2,058.91","2,065.99","444,862,500"
2017-01-20,"2,065.54","2,072.32","2,064.00","2,065.61","392,647,100"
2017-01-19,"2,085.61","2,091.02","2,065.03","2,072.79","415,668,900"
2017-01-18,"2,073.77","2,075.23","2,058.35","2,070.54","530,133,400"
2017-01-17,"2,067.52","2,078.80","2,065.53","2,071.87","601,435,000"
2017-01-16,"2,077.03","2,080.05","2,058.93","2,064.17","683,931,700"
2017-01-13,"2,077.12","2,080.94","2,073.44","2,076.79","518,284,300"
2017-01-12,"2,077.69","2,087.14","2,073.89","2,087.14","555,841,900"
2017-01-11,"2,048.08","2,079.70","2,047.56","2,075.17","335,531,700"
2017-01-10,"2,043.30","2,046.78","2,039.50","2,045.12","512,663,400"
2017-01-09,"2,053.18","2,053.18","2,046.47","2,048.78","398,291,100"
2017-01-06,"2,048.11","2,051.84","2,045.66","2,049.12","455,350,700"
2017-01-05,"2,045.52","2,046.50","2,039.49","2,041.95","541,343,500"
2017-01-04,"2,046.29","2,046.29","2,040.61","2,045.64","371,488,100"
2017-01-03,"2,034.31","2,044.07","2,028.47","2,043.97","268,127,300"
2017-01-02,"2,022.23","2,031.79","2,015.68","2,026.16","229,874,900"
2016-12-29,"2,020.42","2,026.57","2,016.25","2,026.46","264,521,800"
2016-12-28,"2,021.86","2,029.69","2,020.86","2,024.49","356,590,000"
2016-12-27,"2,040.74","2,044.43","2,037.12","2,042.17","384,033,100"
2016-12-26,"2,038.33","2,039.76","2,034.80","2,037.75","366,636,200"
2016-12-23,"2,036.17","2,037.71","2,031.54","2,035.90","310,882,100"
2016-12-22,"2,041.61","2,042.90","2,033.99","2,035.73","275,096,300"
2016-12-21,"2,049.47","2,053.46","2,037.96","2,037.96","284,570,100"
2016-12-20,"2,044.87","2,047.38","2,040.81","2,041.94","314,221,200"
2016-12-19,"2,039.40","2,046.03","2,037.04","2,038.39","249,870,200"
2016-12-16,"2,037.35","2,043.60","2,033.23","2,042.24","289,708,300"
2016-12-15,"2,022.14","2,040.62","2,021.76","2,036.65","300,190,100"
2016-12-14,"2,043.07","2,044.42","2,031.18","2,036.87","384,033,100"
2016-12-13,"2,026.39","2,035.99","2,023.61","2,035.98","383,364,000"
2016-12-12,"2,031.95","2,031.95","2,020.97","2,027.24","289,804,100"
2016-12-09,"2,024.52","2,026.83","2,019.79","2,024.69","225,657,100"
2016-12-08,"2,008.31","2,031.07","2,007.57","2,031.07","239,428,900"
2016-12-07,"1,995.69","1,997.62","1,987.26","1,991.89","204,410,300"
2016-12-06,"1,976.51","1,993.47","1,976.51","1,989.86","214,649,200"
2016-12-05,"1,965.71","1,971.24","1,960.65","1,963.36","237,190,400"
2016-12-02,"1,980.14","1,981.64","1,966.42","1,970.61","243,181,400"
2016-12-01,"1,987.48","1,989.08","1,979.67","1,983.75","217,875,900"
2016-11-30,"1,980.38","1,988.44","1,977.09","1,983.48","233,085,800"
2016-11-29,"1,977.10","1,982.53","1,972.31","1,978.39","214,565,700"
2016-11-28,"1,976.58","1,983.43","1,966.78","1,978.13","213,578,900"
2016-11-25,"1,972.60","1,978.45","1,969.09","1,974.46","201,938,400"
2016-11-24,"1,985.11","1,988.96","1,968.50","1,971.26","235,443,500"
2016-11-23,"1,987.64","1,996.65","1,981.22","1,987.95","308,200,100"
2016-11-22,"1,976.07","1,986.82","1,974.05","1,983.47","231,368,200"
2016-11-21,"1,971.03","1,976.23","1,962.42","1,966.05","223,512,900"
2016-11-18,"1,983.07","1,983.26","1,968.13","1,974.58","306,956,500"
2016-11-17,"1,976.21","1,983.87","1,968.80","1,980.55","272,172,400"
2016-11-16,"1,980.82","1,985.67","1,976.63","1,979.65","306,499,900"
2016-11-15,"1,977.33","1,978.94","1,967.21","1,967.53","375,663,400"
2016-11-14,"1,982.93","1,988.65","1,974.27","1,974.40","352,116,800"
2016-11-11,"1,988.87","1,994.05","1,982.15","1,984.43","386,856,300"
2016-11-10,"1,989.85","2,002.60","1,983.26","2,002.60","433,884,800"
2016-11-09,"2,008.08","2,015.23","1,931.07","1,958.38","709,043,300"
2016-11-08,"2,009.56","2,010.17","1,994.33","2,003.38","239,579,200"
2016-11-07,"1,997.58","2,001.74","1,992.14","1,997.58","210,333,500"
2016-11-04,"1,983.87","1,985.29","1,976.57","1,982.02","227,776,300"
2016-11-03,"1,974.93","1,988.82","1,973.58","1,983.80","272,728,400"
2016-11-02,"1,995.41","1,997.46","1,976.34","1,978.94","333,529,500"
2016-11-01,"2,003.41","2,010.51","1,990.45","2,007.39","321,774,600"
2016-10-31,"2,011.29","2,016.01","2,005.95","2,008.19","400,664,800"
2016-10-28,"2,021.97","2,026.85","2,015.72","2,019.42","270,531,400"
2016-10-27,"2,018.24","2,026.33","2,015.66","2,024.12","298,690,800"
2016-10-26,"2,030.37","2,030.37","2,002.29","2,013.89","392,402,400"
2016-10-25,"2,042.29","2,042.65","2,031.25","2,037.17","299,101,600"
2016-10-24,"2,037.19","2,047.74","2,036.77","2,047.74","252,041,100"
2016-10-21,"2,039.40","2,040.40","2,029.79","2,033.00","260,354,600"
2016-10-20,"2,044.12","2,048.25","2,036.54","2,040.60","276,001,000"
2016-10-19,"2,036.18","2,050.51","2,035.90","2,040.94","321,940,500"
2016-10-18,"2,027.81","2,040.72","2,026.47","2,040.43","305,931,400"
2016-10-17,"2,028.93","2,033.56","2,011.81","2,027.61","333,402,300"
2016-10-14,"2,021.66","2,028.76","2,021.11","2,022.66","458,904,100"
2016-10-13,"2,033.99","2,035.93","2,014.89","2,015.44","440,255,900"
2016-10-12,"2,022.97","2,037.02","2,022.39","2,033.73","297,373,100"
2016-10-11,"2,053.29","2,060.78","2,030.51","2,031.93","343,215,900"
2016-10-10,"2,047.19","2,058.73","2,039.99","2,056.82","314,895,900"
2016-10-07,"2,065.95","2,067.49","2,051.60","2,053.80","422,446,700"
2016-10-06,"2,069.30","2,070.43","2,055.83","2,065.30","337,709,400"
2016-10-05,"2,043.37","2,056.01","2,036.87","2,053.00","292,345,100"
2016-10-04,"2,056.94","2,059.25","2,050.46","2,054.86","318,854,200"
2016-09-30,"2,054.25","2,056.33","2,042.77","2,043.63","326,386,600"
2016-09-29,"2,063.74","2,072.09","2,063.74","2,068.72","416,168,700"
2016-09-28,"2,062.57","2,062.98","2,051.68","2,053.06","546,450,200"
2016-09-27,"2,037.32","2,064.89","2,031.13","2,062.82","664,040,800"
2016-09-26,"2,052.76","2,060.71","2,042.70","2,047.11","359,615,700"
2016-09-23,"2,053.22","2,057.35","2,048.96","2,054.07","494,112,600"
2016-09-22,"2,050.31","2,060.26","2,048.80","2,049.70","447,589,300"
2016-09-21,"2,022.81","2,035.99","2,021.78","2,035.99","525,096,600"
2016-09-20,"2,014.50","2,026.56","2,010.25","2,025.71","362,345,100"
2016-09-19,"1,997.43","2,019.45","1,997.10","2,015.78","434,438,000"
2016-09-13,"2,011.93","2,013.03","1,997.58","1,999.36","437,424,700"
2016-09-12,"2,003.67","2,011.04","1,991.47","1,991.48","422,882,200"
2016-09-09,"2,048.94","2,049.30","2,029.46","2,037.87","392,682,800"
2016-09-08,"2,064.96","2,070.66","2,053.20","2,063.73","656,653,200"
2016-09-07,"2,068.81","2,073.89","2,061.88","2,061.88","687,157,400"
2016-09-06,"2,058.21","2,067.77","2,057.26","2,066.53","462,549,600"
2016-09-05,"2,049.19","2,061.00","2,047.49","2,060.08","572,966,800"
2016-09-02,"2,033.92","2,039.18","2,030.17","2,038.31","342,631,200"
2016-09-01,"2,022.96","2,032.72","2,016.47","2,032.72","300,506,200"
2016-08-31,"2,038.58","2,041.17","2,027.24","2,034.65","400,952,800"
2016-08-30,"2,038.60","2,049.99","2,036.76","2,039.74","378,563,600"
2016-08-29,"2,028.64","2,034.63","2,024.93","2,032.35","316,969,400"
2016-08-26,"2,036.74","2,039.91","2,027.68","2,037.50","288,184,500"
2016-08-25,"2,041.58","2,046.00","2,035.01","2,042.92","277,432,000"
2016-08-24,"2,050.82","2,052.74","2,039.53","2,043.76","285,183,100"
2016-08-23,"2,044.27","2,051.43","2,041.86","2,049.93","360,414,300"
2016-08-22,"2,054.37","2,054.71","2,040.51","2,042.16","343,502,600"
2016-08-19,"2,057.90","2,059.30","2,049.52","2,056.24","392,318,800"
2016-08-18,"2,048.15","2,056.09","2,041.90","2,055.47","353,080,500"
2016-08-17,"2,045.37","2,048.29","2,032.53","2,043.75","391,714,600"
2016-08-16,"2,056.00","2,063.09","2,047.73","2,047.76","374,872,900"
2016-08-12,"2,053.82","2,060.84","2,046.15","2,050.47","376,489,300"
2016-08-11,"2,042.64","2,048.80","2,035.25","2,048.80","346,081,900"
2016-08-10,"2,043.03","2,049.36","2,039.86","2,044.64","331,091,900"
2016-08-09,"2,033.52","2,046.03","2,032.18","2,043.78","436,716,800"
2016-08-08,"2,025.55","2,031.14","2,018.81","2,031.12","270,484,600"
2016-08-05,"2,006.23","2,018.16","2,004.37","2,017.94","289,293,200"
2016-08-04,"2,006.08","2,006.48","1,994.73","2,000.03","326,514,000"
2016-08-03,"2,008.68","2,008.68","1,993.00","1,994.79","485,853,000"
2016-08-02,"2,023.55","2,026.10","2,017.59","2,019.03","409,940,300"
2016-08-01,"2,024.71","2,031.58","2,024.57","2,029.61","369,588,100"
2016-07-29,"2,023.24","2,028.99","2,016.19","2,016.19","366,385,200"
2016-07-28,"2,029.07","2,029.38","2,014.36","2,021.10","350,881,400"
2016-07-27,"2,027.07","2,030.69","2,021.15","2,025.05","411,661,000"
2016-07-26,"2,009.40","2,027.34","2,008.25","2,027.34","338,607,100"
2016-07-25,"2,014.74","2,020.69","2,006.63","2,012.32","350,230,700"
2016-07-22,"2,005.37","2,014.44","2,002.66","2,010.34","320,954,000"
2016-07-21,"2,019.36","2,020.55","2,007.59","2,012.22","391,049,100"
2016-07-20,"2,013.40","2,015.47","2,003.87","2,015.46","316,335,500"
2016-07-19,"2,022.80","2,023.22","2,010.27","2,016.89","380,797,800"
2016-07-18,"2,018.22","2,022.11","2,012.30","2,021.11","380,091,500"
2016-07-15,"2,015.37","2,022.34","2,011.10","2,017.26","477,808,100"
2016-07-14,"2,004.12","2,009.67","1,997.94","2,008.77","340,227,200"
2016-07-13,"2,007.65","2,013.60","1,995.84","2,005.55","357,643,000"
2016-07-12,"1,991.13","1,998.03","1,986.45","1,991.23","432,650,300"
2016-07-11,"1,979.36","1,990.95","1,977.81","1,988.54","337,763,600"
2016-07-08,"1,972.28","1,979.75","1,956.91","1,963.10","356,526,500"
2016-07-07,"1,963.30","1,976.49","1,959.83","1,974.08","378,755,100"
2016-07-06,"1,980.11","1,982.80","1,944.33","1,953.12","457,438,700"
2016-07-05,"1,995.69","1,996.77","1,985.94","1,989.85","405,487,000"
2016-07-04,"1,989.44","1,997.37","1,985.11","1,995.30","468,611,300"
2016-07-01,"1,977.36","1,993.98","1,975.89","1,987.32","448,128,400"
2016-06-30,"1,971.54","1,972.81","1,959.28","1,970.35","349,862,500"
2016-06-29,"1,946.31","1,966.21","1,941.90","1,956.36","451,186,000"
2016-06-28,"1,907.71","1,937.99","1,907.49","1,936.22","373,459,400"
2016-06-27,"1,901.85","1,926.87","1,900.83","1,926.85","394,266,200"
2016-06-24,"2,001.55","2,001.55","1,892.75","1,925.24","750,546,000"
2016-06-23,"1,989.42","1,990.71","1,980.14","1,986.71","455,389,700"
2016-06-22,"1,981.78","1,994.76","1,979.37","1,992.58","407,434,800"
2016-06-21,"1,977.80","1,983.87","1,971.99","1,982.70","557,437,200"
2016-06-20,"1,974.43","1,984.07","1,969.56","1,981.12","391,345,300"
2016-06-17,"1,966.23","1,970.54","1,949.60","1,953.40","485,269,100"
2016-06-16,"1,971.53","1,974.01","1,944.80","1,951.99","438,794,400"
2016-06-15,"1,972.00","1,975.87","1,960.97","1,968.83","376,769,000"
2016-06-14,"1,976.80","1,982.32","1,965.34","1,972.03","439,936,500"
2016-06-13,"2,001.03","2,001.79","1,976.69","1,979.06","443,001,800"
2016-06-10,"2,022.77","2,022.77","2,014.15","2,017.63","404,303,000"
2016-06-09,"2,028.02","2,035.27","2,012.14","2,024.17","599,680,900"
2016-06-08,"2,013.72","2,027.09","2,008.59","2,027.08","497,934,800"
2016-06-07,"1,993.08","2,011.67","1,992.77","2,011.63","481,348,400"
2016-06-03,"1,991.58","1,991.58","1,979.66","1,985.84","540,858,600"
2016-06-02,"1,983.86","1,988.00","1,978.82","1,985.11","474,228,100"
2016-06-01,"1,976.87","1,986.76","1,975.82","1,982.72","502,290,300"
2016-05-31,"1,962.47","1,984.18","1,958.16","1,983.40","657,045,100"
2016-05-30,"1,969.72","1,970.54","1,955.49","1,967.13","550,502,900"
2016-05-27,"1,962.33","1,971.27","1,959.75","1,969.17","523,531,300"
2016-05-26,"1,965.81","1,967.45","1,955.97","1,957.06","558,263,700"
2016-05-25,"1,953.63","1,964.91","1,951.17","1,960.51","656,874,300"
2016-05-24,"1,951.18","1,951.39","1,937.67","1,937.68","517,076,000"
2016-05-23,"1,954.26","1,956.77","1,940.44","1,955.25","399,513,500"
2016-05-20,"1,943.84","1,951.50","1,940.36","1,947.67","388,051,500"
2016-05-19,"1,953.91","1,954.29","1,942.48","1,946.78","505,920,400"
2016-05-18,"1,962.78","1,964.34","1,945.56","1,956.73","696,273,000"
2016-05-17,"1,973.86","1,975.10","1,962.57","1,968.06","597,582,700"
2016-05-16,"1,961.91","1,970.53","1,961.32","1,967.91","526,717,500"
2016-05-13,"1,979.97","1,980.45","1,962.77","1,966.99","509,123,300"
2016-05-12,"1,973.28","1,981.49","1,970.54","1,977.49","462,882,300"
2016-05-11,"1,989.17","1,989.17","1,970.48","1,980.10","398,532,000"
2016-05-10,"1,965.86","1,982.50","1,964.90","1,982.50","369,085,300"
2016-05-09,"1,974.52","1,976.14","1,962.92","1,967.81","342,189,300"
2016-05-04,"1,978.24","1,982.38","1,969.22","1,976.71","352,695,700"
2016-05-03,"1,988.34","1,989.41","1,979.66","1,986.41","310,492,400"
2016-05-02,"1,991.84","1,991.84","1,977.03","1,978.15","328,194,600"
2016-04-29,"1,998.68","1,999.34","1,983.30","1,994.15","401,063,000"
2016-04-28,"2,020.83","2,022.99","1,998.60","2,000.93","341,142,700"
2016-04-27,"2,019.31","2,019.86","2,012.75","2,015.40","412,802,900"
2016-04-26,"2,013.26","2,021.59","2,011.85","2,019.63","509,281,500"
2016-04-25,"2,016.05","2,016.65","2,007.18","2,014.55","397,674,800"
2016-04-22,"2,014.93","2,017.90","2,010.94","2,015.49","480,470,600"
2016-04-21,"2,014.60","2,022.10","2,009.45","2,022.10","392,096,100"
2016-04-20,"2,017.05","2,023.77","2,005.82","2,005.83","423,964,100"
2016-04-19,"2,015.10","2,020.29","2,007.68","2,011.36","401,236,400"
2016-04-18,"2,001.35","2,009.55","1,998.49","2,009.10","339,248,200"
2016-04-15,"2,013.38","2,016.95","2,008.68","2,014.71","317,709,600"
2016-04-14,"2,004.15","2,016.03","2,000.83","2,015.93","473,519,500"
2016-04-12,"1,970.50","1,981.73","1,968.50","1,981.32","387,318,700"
2016-04-11,"1,972.25","1,973.90","1,963.21","1,970.37","379,537,300"
2016-04-08,"1,961.29","1,972.12","1,954.11","1,972.05","400,616,200"
2016-04-07,"1,978.75","1,980.43","1,964.99","1,973.89","434,061,800"
2016-04-06,"1,963.17","1,975.09","1,961.51","1,971.32","358,031,900"
2016-04-05,"1,972.38","1,973.17","1,959.26","1,962.74","368,164,800"
2016-04-04,"1,974.73","1,979.03","1,969.35","1,978.97","363,317,200"
2016-04-01,"1,994.77","1,994.77","1,970.17","1,973.57","392,258,100"
2016-03-31,"2,005.72","2,007.43","1,986.74","1,995.85","335,073,900"
2016-03-30,"2,005.24","2,009.10","1,998.51","2,002.14","368,305,100"
2016-03-29,"1,986.93","1,997.33","1,984.07","1,994.91","385,453,500"
2016-03-28,"1,984.93","1,992.46","1,981.37","1,982.54","410,468,300"
2016-03-25,"1,991.06","1,991.06","1,981.53","1,983.81","463,422,000"
2016-03-24,"1,988.46","1,992.76","1,981.17","1,985.97","341,173,000"
2016-03-23,"1,996.47","2,001.67","1,989.84","1,995.12","367,551,300"
2016-03-22,"1,993.37","1,997.76","1,986.87","1,996.81","383,752,300"
2016-03-21,"1,999.25","2,003.12","1,982.70","1,989.76","323,260,200"
2016-03-18,"1,996.31","1,996.31","1,986.04","1,992.12","385,847,500"
2016-03-17,"1,984.69","2,000.30","1,984.33","1,987.99","291,577,500"
2016-03-16,"1,971.58","1,982.08","1,969.66","1,974.90","294,460,700"
2016-03-15,"1,975.61","1,979.46","1,966.44","1,969.97","264,582,900"
2016-03-14,"1,985.74","1,985.90","1,970.56","1,972.27","357,078,200"
2016-03-11,"1,968.30","1,975.87","1,966.65","1,971.41","303,418,500"
2016-03-10,"1,958.87","1,976.19","1,955.67","1,969.33","352,325,400"
2016-03-09,"1,940.55","1,952.95","1,938.32","1,952.95","355,392,200"
2016-03-08,"1,958.94","1,958.94","1,935.55","1,946.12","358,684,900"
2016-03-07,"1,961.26","1,963.43","1,955.97","1,957.87","344,612,700"
2016-03-04,"1,956.01","1,958.46","1,949.47","1,955.63","316,418,000"
2016-03-03,"1,957.83","1,958.17","1,946.57","1,958.17","420,984,300"
2016-03-02,"1,944.27","1,949.94","1,942.24","1,947.42","323,352,300"
2016-02-29,"1,921.76","1,927.05","1,916.66","1,916.66","275,051,500"
2016-02-26,"1,927.10","1,927.80","1,917.07","1,920.16","280,216,800"
2016-02-25,"1,919.08","1,928.49","1,906.99","1,918.57","305,789,900"
2016-02-24,"1,908.71","1,918.63","1,906.19","1,912.53","281,600,500"
2016-02-23,"1,928.85","1,929.53","1,909.79","1,914.22","326,810,600"
2016-02-22,"1,911.56","1,921.14","1,905.85","1,916.36","267,858,900"
2016-02-19,"1,904.50","1,916.24","1,902.24","1,916.24","312,197,900"
2016-02-18,"1,909.40","1,910.12","1,898.49","1,908.84","332,576,100"
2016-02-17,"1,889.41","1,897.37","1,881.03","1,883.94","344,628,500"
2016-02-16,"1,870.10","1,892.15","1,868.11","1,888.30","388,318,400"
2016-02-15,"1,857.33","1,864.62","1,847.60","1,862.20","284,595,200"
2016-02-12,"1,850.67","1,857.12","1,817.97","1,835.28","470,499,700"
2016-02-11,"1,872.68","1,877.77","1,858.90","1,861.54","386,428,200"
2016-02-05,"1,914.55","1,921.76","1,910.31","1,917.79","305,766,600"
2016-02-04,"1,900.48","1,917.09","1,897.18","1,916.26","365,805,300"
2016-02-03,"1,893.83","1,894.72","1,882.75","1,890.67","408,594,700"
2016-02-02,"1,914.96","1,920.02","1,906.06","1,906.60","412,273,100"
2016-02-01,"1,919.62","1,926.11","1,912.85","1,924.82","440,317,300"
2016-01-29,"1,905.01","1,912.07","1,888.48","1,912.06","386,555,400"
2016-01-28,"1,885.38","1,907.56","1,877.78","1,906.94","354,305,700"
2016-01-27,"1,888.07","1,902.03","1,883.39","1,897.87","348,905,000"
2016-01-26,"1,881.87","1,884.13","1,862.98","1,871.69","298,824,600"
2016-01-25,"1,890.15","1,901.22","1,882.74","1,893.43","315,303,600"
2016-01-22,"1,860.30","1,879.43","1,859.54","1,879.43","408,460,000"
2016-01-21,"1,848.10","1,860.02","1,838.04","1,840.53","433,741,800"
2016-01-20,"1,885.36","1,885.36","1,830.06","1,845.45","407,298,700"
2016-01-19,"1,879.80","1,889.90","1,866.76","1,889.64","335,321,400"
2016-01-18,"1,856.03","1,882.21","1,854.55","1,878.45","276,937,400"
2016-01-15,"1,915.83","1,918.30","1,873.35","1,878.87","312,359,700"
2016-01-14,"1,893.18","1,900.48","1,882.02","1,900.01","310,978,800"
2016-01-13,"1,904.33","1,921.00","1,902.49","1,916.28","265,221,400"
2016-01-12,"1,907.61","1,910.59","1,888.94","1,890.86","295,135,800"
2016-01-11,"1,897.18","1,907.43","1,892.69","1,894.84","328,768,300"
2016-01-08,"1,889.42","1,918.25","1,883.82","1,917.62","430,204,400"
2016-01-07,"1,915.71","1,926.41","1,901.24","1,904.33","393,042,000"
2016-01-06,"1,934.25","1,934.25","1,911.61","1,925.43","594,612,800"
2016-01-05,"1,911.93","1,937.57","1,911.93","1,930.53","446,548,800"
2016-01-04,"1,954.47","1,954.52","1,918.76","1,918.76","359,018,200"
2015-12-30,"1,973.03","1,974.67","1,958.78","1,961.31","304,462,500"
2015-12-29,"1,956.49","1,968.57","1,946.21","1,966.31","401,427,800"
2015-12-28,"1,990.59","1,991.19","1,964.06","1,964.06","396,643,300"
2015-12-24,"2,009.34","2,009.99","1,990.65","1,990.65","504,620,200"
2015-12-23,"1,994.20","2,007.42","1,989.30","1,999.22","502,366,900"
2015-12-22,"1,984.37","1,992.72","1,971.32","1,992.56","577,235,900"
2015-12-21,"1,974.26","1,986.66","1,968.14","1,981.19","539,596,300"
2015-12-18,"1,960.32","1,981.42","1,958.12","1,975.32","677,729,200"
2015-12-17,"1,984.06","1,987.83","1,967.64","1,977.96","379,574,400"
2015-12-16,"1,950.15","1,975.63","1,950.05","1,969.40","475,097,700"
2015-12-15,"1,935.82","1,938.04","1,925.75","1,932.97","434,738,100"
2015-12-14,"1,926.36","1,930.40","1,919.22","1,927.82","439,741,100"
2015-12-11,"1,952.82","1,961.00","1,943.67","1,948.62","380,713,300"
2015-12-10,"1,947.21","1,956.84","1,940.40","1,952.07","377,848,900"
2015-12-09,"1,951.39","1,956.70","1,944.78","1,948.24","378,094,800"
2015-12-08,"1,964.22","1,971.07","1,948.43","1,949.04","406,175,700"
2015-12-07,"1,987.62","1,988.04","1,963.66","1,963.67","382,132,500"
2015-12-04,"1,972.16","1,983.02","1,970.48","1,974.40","379,466,100"
2015-12-03,"2,000.20","2,000.20","1,981.59","1,994.07","365,870,100"
2015-12-02,"2,026.08","2,026.19","2,009.29","2,009.29","631,315,400"
2015-12-01,"2,001.51","2,026.33","2,001.51","2,023.93","573,342,000"
2015-11-30,"2,022.38","2,022.38","1,987.12","1,991.97","452,865,600"
2015-11-27,"2,038.71","2,038.72","2,026.40","2,028.99","481,950,700"
2015-11-26,"2,014.88","2,033.18","2,014.88","2,030.68","454,457,000"
2015-11-25,"2,018.24","2,018.93","2,007.91","2,009.42","391,646,800"
2015-11-24,"2,004.29","2,019.95","2,003.06","2,016.29","417,004,900"
2015-11-23,"1,995.92","2,008.34","1,992.86","2,003.70","383,231,200"
2015-11-20,"1,988.96","1,993.97","1,985.93","1,989.86","413,655,500"
2015-11-19,"1,976.94","1,988.92","1,972.85","1,988.91","422,517,100"
2015-11-18,"1,967.25","1,973.16","1,961.43","1,962.88","541,860,300"
2015-11-17,"1,967.36","1,974.08","1,959.22","1,963.58","417,559,000"
2015-11-16,"1,945.68","1,956.09","1,942.85","1,943.02","433,426,900"
2015-11-13,"1,975.97","1,981.27","1,969.71","1,973.29","342,313,200"
2015-11-12,"1,997.32","1,998.66","1,991.28","1,993.36","389,444,800"
2015-11-11,"1,993.81","2,001.73","1,983.14","1,997.27","286,567,400"
2015-11-10,"2,015.45","2,015.45","1,988.54","1,996.59","417,457,900"
2015-11-09,"2,038.59","2,038.59","2,022.52","2,025.70","435,389,300"
2015-11-06,"2,048.17","2,055.14","2,038.46","2,041.07","465,030,300"
2015-11-05,"2,049.30","2,050.44","2,039.93","2,049.41","349,079,000"
2015-11-04,"2,053.51","2,056.12","2,042.38","2,052.77","545,085,600"
2015-11-03,"2,042.60","2,053.24","2,040.75","2,048.40","591,736,800"
2015-11-02,"2,033.15","2,036.05","2,028.20","2,035.24","366,381,600"
2015-10-30,"2,034.78","2,038.56","2,027.80","2,029.47","380,671,200"
2015-10-29,"2,050.97","2,064.72","2,032.56","2,034.16","481,349,200"
2015-10-28,"2,045.67","2,045.67","2,032.39","2,042.51","402,200,900"
2015-10-27,"2,043.52","2,045.81","2,036.22","2,044.65","449,155,400"
2015-10-26,"2,049.41","2,049.60","2,039.97","2,048.08","459,949,500"
2015-10-23,"2,043.67","2,054.82","2,036.92","2,040.40","648,998,700"
2015-10-22,"2,040.43","2,042.57","2,019.53","2,023.00","695,813,800"
2015-10-21,"2,039.25","2,053.95","2,035.59","2,042.98","668,945,000"
2015-10-20,"2,031.50","2,040.24","2,026.67","2,039.36","958,059,600"
2015-10-19,"2,032.36","2,036.30","2,022.25","2,030.27","726,843,300"
2015-10-16,"2,037.98","2,038.06","2,025.19","2,030.26","550,798,400"
2015-10-15,"2,008.29","2,035.80","2,007.46","2,033.27","498,901,000"
2015-10-14,"2,014.47","2,016.14","2,002.63","2,009.55","644,802,600"
2015-10-13,"2,021.20","2,024.50","2,010.16","2,019.05","604,995,700"
2015-10-12,"2,022.33","2,030.92","2,015.43","2,021.63","635,085,200"
2015-10-08,"2,016.36","2,020.19","1,998.66","2,019.53","700,992,800"
2015-10-07,"1,995.87","2,006.24","1,994.55","2,005.84","761,719,700"
2015-10-06,"1,996.29","1,998.02","1,985.17","1,990.65","661,635,500"
2015-10-05,"1,981.60","1,994.65","1,975.55","1,978.25","545,633,800"
2015-10-02,"1,979.41","1,985.57","1,969.68","1,969.68","1,030,976,500"
2015-10-01,"1,963.55","1,986.01","1,958.63","1,979.32","678,977,800"
2015-09-30,"1,915.46","1,962.84","1,915.04","1,962.81","546,992,400"
2015-09-25,"1,948.30","1,951.94","1,932.49","1,942.85","796,574,300"
2015-09-24,"1,956.94","1,958.73","1,944.31","1,947.10","921,264,900"
2015-09-23,"1,960.33","1,968.16","1,944.51","1,944.64","856,989,300"
2015-09-22,"1,973.54","1,983.99","1,966.05","1,982.06","696,371,700"
2015-09-21,"1,973.24","1,980.80","1,960.11","1,964.68","376,423,100"
2015-09-18,"1,978.39","1,996.47","1,964.12","1,995.95","523,798,200"
2015-09-17,"1,989.07","1,989.07","1,972.93","1,976.49","510,173,300"
2015-09-16,"1,949.49","1,978.68","1,949.15","1,975.45","584,757,700"
2015-09-15,"1,930.44","1,938.90","1,927.62","1,937.56","390,824,200"
2015-09-14,"1,947.65","1,948.02","1,921.45","1,931.46","362,914,600"
2015-09-11,"1,942.88","1,951.26","1,939.73","1,941.37","503,010,400"
2015-09-10,"1,918.42","1,962.11","1,915.44","1,962.11","460,344,700"
2015-09-09,"1,903.28","1,934.20","1,902.93","1,934.20","516,171,300"
2015-09-08,"1,889.14","1,894.56","1,868.48","1,878.68","391,891,100"
2015-09-07,"1,883.36","1,895.99","1,870.59","1,883.22","288,156,900"
2015-09-04,"1,921.81","1,923.06","1,879.94","1,886.04","361,089,900"
2015-09-03,"1,929.78","1,931.19","1,911.17","1,915.53","297,283,000"
2015-09-02,"1,886.14","1,920.62","1,883.50","1,915.22","342,022,000"
2015-09-01,"1,934.44","1,939.67","1,914.22","1,914.23","324,479,100"
2015-08-31,"1,934.12","1,941.49","1,925.52","1,941.49","350,942,700"
2015-08-28,"1,932.39","1,938.61","1,927.39","1,937.67","446,751,400"
2015-08-27,"1,912.42","1,920.39","1,898.98","1,908.00","482,660,700"
2015-08-26,"1,843.70","1,895.45","1,835.58","1,894.09","453,386,600"
2015-08-25,"1,840.94","1,864.30","1,806.79","1,846.63","451,586,800"
2015-08-24,"1,860.03","1,872.86","1,800.75","1,829.81","415,178,000"
2015-08-21,"1,862.79","1,886.49","1,856.91","1,876.07","512,313,900"
2015-08-20,"1,929.43","1,933.79","1,912.55","1,914.55","397,527,100"
2015-08-19,"1,954.56","1,959.51","1,915.91","1,939.38","506,786,300"
2015-08-18,"1,977.61","1,979.33","1,954.35","1,956.26","472,766,400"
2015-08-17,"1,991.05","1,991.05","1,968.44","1,968.52","561,574,300"
2015-08-13,"1,975.47","1,990.70","1,966.02","1,983.46","376,591,100"
2015-08-12,"1,980.04","1,989.10","1,948.91","1,975.47","524,252,100"
2015-08-11,"2,020.15","2,021.81","1,986.46","1,986.65","366,407,500"
2015-08-10,"2,008.44","2,008.55","1,993.96","2,003.17","308,327,400"
2015-08-07,"2,009.39","2,012.90","2,001.13","2,010.23","334,578,000"
2015-08-06,"2,037.26","2,038.41","2,011.60","2,013.29","340,506,900"
2015-08-05,"2,027.22","2,035.25","2,022.98","2,029.76","319,211,700"
2015-08-04,"2,007.75","2,027.99","2,007.66","2,027.99","388,790,200"
2015-08-03,"2,026.25","2,026.25","2,005.21","2,008.49","358,746,000"
2015-07-31,"2,026.98","2,030.16","2,004.70","2,030.16","448,192,300"
2015-07-30,"2,040.24","2,044.93","2,019.03","2,019.03","509,318,300"
2015-07-29,"2,053.62","2,055.95","2,037.62","2,037.62","520,572,600"
2015-07-28,"2,026.33","2,045.55","2,015.91","2,039.10","498,527,000"
2015-07-27,"2,034.82","2,048.15","2,032.44","2,038.81","543,243,300"
2015-07-24,"2,060.66","2,060.66","2,040.30","2,045.96","611,868,600"
2015-07-23,"2,068.93","2,069.20","2,053.52","2,065.07","739,793,400"
2015-07-22,"2,071.06","2,075.94","2,059.45","2,064.73","1,160,824,400"
2015-07-21,"2,082.18","2,088.24","2,069.21","2,083.62","727,407,100"
2015-07-20,"2,077.09","2,081.43","2,068.19","2,073.31","870,679,700"
2015-07-17,"2,101.22","2,101.22","2,068.36","2,076.79","819,227,100"
2015-07-16,"2,073.29","2,088.33","2,071.02","2,087.89","697,930,200"
2015-07-15,"2,068.38","2,079.90","2,060.66","2,072.91","619,128,800"
2015-07-14,"2,070.44","2,070.44","2,052.21","2,059.23","503,078,400"
2015-07-13,"2,033.25","2,063.28","2,030.21","2,061.52","426,286,800"
2015-07-10,"2,036.89","2,037.84","2,024.76","2,031.17","381,307,000"
2015-07-09,"2,000.19","2,027.81","1,983.78","2,027.81","408,457,700"
2015-07-08,"2,045.88","2,046.33","2,010.83","2,016.21","453,118,100"
2015-07-07,"2,067.04","2,067.93","2,028.98","2,040.29","502,809,400"
2015-07-06,"2,076.06","2,089.86","2,052.23","2,053.93","474,042,500"
2015-07-03,"2,107.51","2,109.68","2,094.02","2,104.41","419,549,300"
2015-07-02,"2,107.11","2,110.81","2,098.76","2,107.33","565,339,200"
2015-07-01,"2,077.27","2,100.34","2,072.54","2,097.89","471,565,600"
2015-06-30,"2,054.83","2,075.02","2,049.44","2,074.20","392,413,400"
2015-06-29,"2,056.44","2,068.85","2,054.33","2,060.49","503,807,100"
2015-06-26,"2,083.40","2,097.01","2,080.79","2,090.26","492,773,900"
2015-06-25,"2,077.84","2,088.16","2,073.95","2,085.06","575,912,100"
2015-06-24,"2,086.69","2,087.68","2,076.78","2,085.53","400,753,800"
2015-06-23,"2,071.30","2,086.09","2,066.21","2,081.20","329,799,300"
2015-06-22,"2,059.60","2,068.07","2,050.30","2,055.16","266,962,400"
2015-06-19,"2,056.54","2,057.71","2,044.71","2,046.96","400,329,100"
2015-06-18,"2,046.19","2,052.00","2,036.78","2,041.88","390,973,000"
2015-06-17,"2,035.48","2,037.12","2,021.50","2,034.86","354,723,000"
2015-06-16,"2,045.01","2,045.77","2,008.46","2,028.72","381,408,200"
2015-06-15,"2,041.07","2,049.68","2,033.72","2,042.32","313,945,900"
2015-06-12,"2,068.45","2,074.78","2,044.87","2,052.17","388,258,300"
2015-06-11,"2,065.07","2,065.07","2,051.10","2,056.61","457,020,400"
2015-06-10,"2,079.13","2,080.03","2,049.13","2,051.32","427,360,800"
2015-06-09,"2,063.40","2,073.75","2,057.21","2,064.03","421,880,800"
2015-06-08,"2,068.51","2,068.51","2,056.50","2,065.19","393,563,500"
2015-06-05,"2,062.22","2,075.02","2,060.91","2,068.10","394,291,100"
2015-06-04,"2,070.49","2,082.60","2,062.75","2,072.86","400,364,000"
2015-06-03,"2,078.51","2,087.95","2,059.34","2,063.16","541,167,100"
2015-06-02,"2,102.62","2,107.17","2,076.16","2,078.64","520,056,400"
2015-06-01,"2,110.12","2,110.88","2,086.00","2,102.37","426,927,800"
2015-05-29,"2,109.38","2,123.39","2,106.70","2,114.80","456,143,000"
2015-05-28,"2,117.77","2,123.52","2,110.89","2,110.89","416,116,200"
2015-05-27,"2,133.49","2,134.95","2,103.64","2,107.50","439,029,100"
2015-05-26,"2,146.47","2,148.70","2,130.30","2,143.50","381,383,100"
2015-05-22,"2,131.11","2,146.10","2,126.88","2,146.10","444,585,000"
2015-05-21,"2,139.68","2,140.60","2,121.49","2,122.81","398,146,300"
2015-05-20,"2,128.01","2,140.24","2,125.49","2,139.54","452,114,000"
2015-05-19,"2,114.29","2,126.89","2,107.62","2,120.85","418,479,800"
2015-05-18,"2,108.15","2,113.72","2,099.48","2,113.72","445,154,700"
2015-05-15,"2,132.53","2,134.36","2,104.77","2,106.50","491,705,700"
2015-05-14,"2,115.59","2,121.68","2,111.72","2,120.33","430,832,500"
2015-05-13,"2,100.10","2,115.36","2,100.08","2,114.16","377,032,400"
2015-05-12,"2,100.63","2,101.72","2,088.64","2,096.77","391,923,900"
2015-05-11,"2,106.12","2,110.79","2,097.38","2,097.38","329,704,100"
2015-05-08,"2,090.19","2,094.06","2,082.72","2,085.52","309,504,500"
2015-05-07,"2,098.48","2,099.44","2,067.99","2,091.00","423,246,400"
2015-05-06,"2,122.03","2,123.22","2,095.60","2,104.58","428,091,800"
2015-05-04,"2,134.51","2,139.30","2,128.72","2,132.23","355,620,400"
2015-04-30,"2,134.94","2,136.90","2,121.29","2,127.17","509,129,500"
2015-04-29,"2,155.01","2,156.24","2,126.36","2,142.63","458,065,300"
2015-04-28,"2,162.50","2,164.52","2,144.85","2,147.67","415,054,600"
2015-04-27,"2,169.14","2,169.14","2,152.09","2,157.54","392,339,300"
2015-04-24,"2,181.24","2,189.54","2,154.27","2,159.80","508,419,900"
2015-04-23,"2,156.94","2,174.72","2,139.33","2,173.41","521,587,300"
2015-04-22,"2,146.59","2,161.23","2,125.88","2,143.89","769,386,700"
2015-04-21,"2,153.42","2,153.84","2,140.12","2,144.79","561,780,900"
2015-04-20,"2,126.55","2,146.73","2,126.55","2,146.71","509,037,000"
2015-04-17,"2,142.72","2,144.76","2,134.10","2,143.50","464,626,700"
2015-04-16,"2,134.14","2,139.90","2,125.54","2,139.90","476,419,600"
2015-04-15,"2,114.56","2,122.72","2,110.25","2,119.96","451,397,400"
2015-04-14,"2,101.76","2,111.73","2,095.97","2,111.72","648,846,200"
2015-04-13,"2,094.10","2,099.97","2,088.82","2,098.92","561,806,400"
2015-04-10,"2,066.32","2,089.09","2,065.39","2,087.76","658,383,000"
2015-04-09,"2,060.30","2,064.46","2,054.17","2,058.87","529,861,600"
2015-04-08,"2,048.75","2,060.19","2,046.09","2,059.26","552,684,400"
2015-04-07,"2,059.05","2,059.09","2,043.79","2,047.03","436,232,500"
2015-04-06,"2,049.87","2,055.45","2,043.26","2,046.43","460,493,000"
2015-04-03,"2,035.83","2,045.94","2,031.27","2,045.42","498,635,700"
2015-04-02,"2,036.90","2,040.45","2,028.22","2,029.07","655,863,500"
2015-04-01,"2,035.40","2,039.04","2,024.64","2,028.45","542,801,200"
2015-03-31,"2,042.31","2,046.90","2,032.24","2,041.03","555,933,100"
2015-03-30,"2,026.60","2,033.27","2,018.12","2,030.04","439,556,000"
2015-03-27,"2,026.75","2,027.25","2,016.88","2,019.80","448,964,100"
2015-03-26,"2,027.20","2,036.70","2,019.51","2,022.56","342,260,600"
2015-03-25,"2,043.16","2,046.97","2,038.14","2,042.81","423,409,000"
2015-03-24,"2,035.08","2,041.77","2,028.54","2,041.37","328,833,600"
2015-03-23,"2,043.22","2,043.92","2,032.35","2,036.59","314,897,400"
2015-03-20,"2,037.13","2,040.00","2,027.81","2,037.24","351,731,900"
2015-03-19,"2,047.13","2,047.13","2,031.07","2,037.89","468,284,400"
2015-03-18,"2,032.19","2,036.13","2,026.72","2,028.45","362,009,100"
2015-03-17,"1,998.26","2,029.91","1,997.27","2,029.91","356,554,000"
2015-03-16,"1,985.59","1,991.79","1,982.26","1,987.33","319,163,400"
2015-03-13,"1,987.17","1,991.87","1,982.96","1,985.79","326,706,900"
2015-03-12,"1,979.22","1,988.77","1,970.59","1,970.59","384,041,300"
2015-03-11,"1,971.04","1,984.60","1,969.13","1,980.83","399,532,300"
2015-03-10,"2,000.66","2,003.19","1,982.22","1,984.77","433,405,300"
2015-03-09,"2,004.94","2,005.81","1,990.87","1,992.82","296,746,500"
2015-03-06,"2,003.97","2,013.73","2,003.18","2,012.94","393,346,500"
2015-03-05,"1,996.81","2,002.48","1,993.92","1,998.38","373,682,500"
2015-03-04,"2,001.76","2,003.85","1,996.50","1,998.29","374,540,300"
2015-03-03,"2,002.50","2,003.05","1,995.93","2,001.38","444,865,000"
2015-03-02,"1,996.72","1,999.13","1,988.33","1,996.81","373,365,500"
2015-02-27,"1,992.76","1,993.34","1,982.50","1,985.80","424,547,600"
2015-02-26,"1,993.27","1,993.43","1,983.94","1,993.08","385,656,400"
2015-02-25,"1,988.47","1,992.03","1,984.53","1,990.47","369,497,700"
2015-02-24,"1,975.65","1,980.38","1,972.61","1,976.12","309,543,600"
2015-02-23,"1,974.44","1,976.96","1,966.77","1,968.39","347,580,500"
2015-02-17,"1,955.77","1,962.97","1,952.33","1,961.45","304,531,400"
2015-02-16,"1,960.03","1,963.44","1,955.39","1,958.23","350,943,500"
2015-02-13,"1,949.32","1,957.50","1,946.94","1,957.50","351,080,400"
2015-02-12,"1,947.21","1,947.47","1,932.75","1,941.63","334,824,900"
2015-02-11,"1,942.34","1,948.89","1,937.95","1,945.70","307,454,200"
2015-02-10,"1,949.30","1,954.20","1,935.86","1,935.86","329,202,600"
2015-02-09,"1,949.50","1,952.86","1,944.79","1,947.00","310,181,500"
2015-02-06,"1,955.13","1,955.52","1,945.82","1,955.52","309,817,700"
2015-02-05,"1,961.15","1,962.15","1,945.42","1,952.84","395,652,600"
2015-02-04,"1,963.37","1,970.27","1,961.57","1,962.79","348,031,600"
2015-02-03,"1,960.11","1,960.35","1,940.74","1,951.96","369,978,000"
2015-02-02,"1,947.91","1,956.10","1,944.58","1,952.68","364,831,000"
2015-01-30,"1,964.13","1,964.13","1,948.60","1,949.26","441,477,300"
2015-01-29,"1,950.83","1,960.12","1,946.20","1,951.02","391,034,300"
2015-01-28,"1,946.71","1,963.53","1,943.59","1,961.58","400,930,100"
2015-01-27,"1,941.90","1,952.41","1,940.72","1,952.40","466,961,600"
2015-01-26,"1,928.26","1,936.40","1,924.14","1,935.68","330,607,200"
2015-01-23,"1,945.36","1,945.36","1,930.65","1,936.09","367,702,000"
2015-01-22,"1,926.01","1,932.50","1,916.56","1,920.82","343,131,800"
2015-01-21,"1,917.33","1,921.88","1,909.86","1,921.23","300,843,400"
2015-01-20,"1,908.62","1,918.85","1,907.97","1,918.31","280,894,700"
2015-01-19,"1,902.81","1,912.42","1,900.26","1,902.62","281,120,100"
2015-01-16,"1,907.07","1,907.07","1,885.62","1,888.13","298,732,500"
2015-01-15,"1,914.06","1,919.69","1,908.60","1,914.14","266,544,100"
2015-01-14,"1,919.31","1,925.68","1,913.51","1,913.66","297,516,700"
2015-01-13,"1,915.03","1,920.77","1,910.27","1,917.14","338,989,400"
2015-01-12,"1,918.18","1,924.66","1,917.88","1,920.95","311,915,000"
2015-01-09,"1,919.80","1,929.10","1,915.85","1,924.70","308,780,500"
2015-01-08,"1,895.85","1,907.23","1,891.77","1,904.65","262,207,100"
2015-01-07,"1,878.90","1,887.60","1,876.27","1,883.83","280,509,900"
2015-01-06,"1,895.48","1,900.02","1,877.38","1,882.45","303,687,900"
2015-01-05,"1,921.96","1,921.96","1,903.37","1,915.75","313,442,600"
2015-01-02,"1,914.24","1,929.15","1,909.67","1,926.44","258,775,800"
2014-12-30,"1,934.51","1,937.55","1,910.78","1,915.59","256,436,600"
2014-12-29,"1,937.27","1,941.33","1,927.83","1,927.86","265,809,200"
2014-12-26,"1,947.60","1,954.77","1,944.22","1,948.16","297,006,100"
2014-12-24,"1,940.76","1,947.35","1,936.74","1,946.61","283,866,000"
2014-12-23,"1,942.12","1,944.75","1,936.75","1,939.02","300,797,200"
2014-12-22,"1,938.16","1,944.20","1,928.89","1,943.12","324,534,500"
2014-12-19,"1,920.75","1,930.08","1,914.27","1,929.98","291,791,800"
2014-12-18,"1,917.67","1,919.24","1,881.73","1,897.50","337,298,300"
2014-12-17,"1,913.28","1,913.28","1,900.16","1,900.16","307,268,900"
2014-12-16,"1,909.01","1,919.60","1,901.13","1,904.13","369,417,000"
2014-12-15,"1,903.12","1,920.43","1,899.61","1,920.36","294,421,200"
2014-12-12,"1,921.61","1,926.67","1,915.00","1,921.71","363,470,100"
2014-12-11,"1,930.46","1,937.23","1,916.49","1,916.59","343,634,500"
2014-12-10,"1,964.04","1,966.11","1,943.27","1,945.56","367,889,800"
2014-12-09,"1,977.05","1,977.15","1,968.85","1,970.95","541,161,900"
2014-12-08,"1,988.80","1,990.04","1,976.89","1,978.95","295,138,700"
2014-12-05,"1,986.60","1,989.17","1,983.36","1,986.62","305,547,700"
2014-12-04,"1,976.30","1,988.56","1,976.10","1,986.61","244,390,400"
2014-12-03,"1,969.57","1,973.96","1,964.77","1,969.91","271,111,600"
2014-12-02,"1,959.40","1,965.83","1,954.40","1,965.83","317,911,900"
2014-12-01,"1,971.95","1,971.97","1,962.15","1,965.22","333,977,200"
2014-11-28,"1,983.22","1,984.73","1,975.66","1,980.78","340,696,100"
2014-11-27,"1,993.65","1,994.82","1,982.08","1,982.09","295,509,400"
2014-11-26,"1,984.83","1,985.43","1,972.95","1,980.84","253,287,600"
2014-11-25,"1,981.52","1,981.85","1,973.80","1,980.21","283,188,300"
2014-11-24,"1,982.48","1,985.18","1,974.37","1,978.54","325,447,900"
2014-11-21,"1,966.89","1,969.43","1,959.81","1,964.84","345,924,100"
2014-11-20,"1,960.72","1,962.69","1,952.44","1,958.04","339,217,100"
2014-11-19,"1,974.41","1,974.41","1,959.21","1,966.87","279,559,100"
2014-11-18,"1,951.93","1,967.01","1,951.93","1,967.01","251,273,300"
2014-11-17,"1,941.83","1,948.33","1,935.95","1,943.63","277,521,300"
2014-11-14,"1,959.64","1,959.64","1,940.49","1,945.14","314,797,000"
2014-11-13,"1,970.64","1,973.33","1,954.88","1,960.51","332,594,800"
2014-11-12,"1,965.21","1,974.69","1,961.66","1,967.27","348,499,100"
2014-11-11,"1,957.87","1,965.41","1,956.23","1,963.00","311,396,200"
2014-11-10,"1,952.79","1,965.35","1,952.79","1,958.23","313,262,000"
2014-11-07,"1,935.75","1,943.26","1,932.17","1,939.87","255,424,200"
2014-11-06,"1,933.45","1,939.32","1,923.05","1,936.48","360,571,000"
2014-11-05,"1,938.61","1,944.50","1,928.99","1,931.43","332,276,800"
2014-11-04,"1,950.15","1,956.73","1,928.52","1,935.19","391,712,900"
2014-11-03,"1,959.66","1,961.04","1,947.83","1,952.97","344,497,400"
2014-10-31,"1,963.26","1,967.08","1,951.07","1,964.43","349,405,200"
2014-10-30,"1,956.92","1,959.49","1,944.24","1,958.93","311,048,800"
2014-10-29,"1,938.80","1,961.49","1,931.59","1,961.17","396,614,500"
2014-10-28,"1,935.46","1,936.28","1,924.37","1,925.68","414,616,200"
2014-10-27,"1,933.91","1,939.25","1,929.26","1,931.97","408,839,900"
2014-10-24,"1,942.46","1,942.72","1,916.84","1,925.69","419,427,800"
2014-10-23,"1,932.43","1,944.45","1,924.14","1,931.65","372,833,400"
2014-10-22,"1,936.91","1,936.99","1,924.21","1,936.97","399,095,300"
2014-10-21,"1,923.62","1,923.62","1,911.03","1,915.28","405,921,200"
2014-10-20,"1,918.84","1,933.12","1,917.54","1,930.06","344,669,200"
2014-10-17,"1,923.51","1,923.51","1,896.54","1,900.66","362,077,800"
2014-10-16,"1,911.45","1,922.94","1,904.77","1,918.83","313,610,700"
2014-10-15,"1,932.11","1,938.85","1,918.77","1,925.91","310,341,900"
2014-10-14,"1,933.45","1,940.21","1,926.87","1,929.25","335,506,200"
2014-10-13,"1,919.48","1,932.37","1,918.48","1,927.21","308,917,700"
2014-10-10,"1,953.98","1,953.98","1,931.88","1,940.92","342,823,100"
2014-10-08,"1,957.90","1,974.27","1,957.90","1,965.25","266,180,100"
2014-10-07,"1,979.83","1,982.96","1,966.22","1,972.91","328,234,000"
2014-10-06,"1,987.89","1,988.39","1,968.30","1,968.39","325,078,100"
2014-10-02,"1,984.43","1,985.06","1,966.17","1,976.16","322,656,200"
2014-10-01,"2,013.47","2,013.47","1,989.84","1,991.54","351,581,000"
2014-09-30,"2,023.18","2,029.17","2,007.30","2,020.09","322,812,200"
2014-09-29,"2,035.93","2,036.44","2,021.37","2,026.60","339,587,600"
2014-09-26,"2,019.17","2,031.65","2,018.70","2,031.64","313,524,200"
2014-09-25,"2,045.66","2,046.26","2,030.09","2,034.11","325,374,900"
2014-09-24,"2,024.75","2,036.26","2,019.91","2,035.64","332,585,900"
2014-09-23,"2,028.90","2,036.25","2,025.16","2,028.91","427,813,800"
2014-09-22,"2,053.30","2,053.30","2,032.36","2,039.27","323,890,900"
2014-09-19,"2,057.56","2,062.37","2,053.66","2,053.82","397,737,100"
2014-09-18,"2,058.21","2,063.26","2,044.17","2,047.74","394,273,400"
2014-09-17,"2,052.06","2,062.62","2,051.11","2,062.61","351,668,800"
2014-09-16,"2,039.92","2,045.65","2,036.23","2,042.92","365,691,200"
2014-09-15,"2,039.03","2,040.08","2,028.80","2,035.82","297,605,800"
2014-09-12,"2,042.51","2,048.21","2,037.37","2,041.86","362,672,000"
2014-09-11,"2,046.97","2,052.16","2,034.13","2,034.16","333,410,100"
2014-09-05,"2,053.18","2,059.04","2,044.68","2,049.41","343,350,300"
2014-09-04,"2,059.05","2,065.27","2,050.79","2,056.26","376,387,500"
2014-09-03,"2,050.09","2,054.08","2,040.44","2,051.20","337,971,200"
2014-09-02,"2,065.97","2,066.00","2,049.15","2,051.58","323,115,400"
2014-09-01,"2,067.80","2,072.59","2,062.30","2,067.86","272,468,900"
2014-08-29,"2,070.73","2,073.03","2,060.14","2,068.54","301,374,400"
2014-08-28,"2,083.03","2,088.86","2,072.14","2,075.76","305,877,300"
2014-08-27,"2,075.45","2,081.83","2,070.77","2,074.93","337,612,300"
2014-08-26,"2,069.07","2,072.42","2,065.15","2,068.05","288,908,100"
2014-08-25,"2,049.16","2,062.23","2,044.20","2,060.89","272,044,500"
2014-08-22,"2,048.24","2,058.46","2,046.54","2,056.70","277,858,400"
2014-08-21,"2,067.63","2,068.22","2,041.91","2,044.21","307,794,600"
2014-08-20,"2,080.77","2,082.21","2,063.61","2,072.78","315,354,600"
2014-08-19,"2,065.19","2,074.43","2,064.34","2,071.14","327,122,800"
2014-08-18,"2,070.95","2,073.05","2,053.13","2,053.13","300,419,300"
2014-08-14,"2,065.69","2,073.42","2,056.06","2,063.22","270,849,400"
2014-08-13,"2,046.68","2,062.36","2,043.11","2,062.36","280,663,800"
2014-08-12,"2,048.39","2,055.85","2,038.14","2,041.47","312,799,600"
2014-08-11,"2,048.18","2,048.18","2,037.80","2,039.37","285,842,500"
2014-08-08,"2,049.51","2,051.06","2,026.56","2,031.10","354,820,700"
2014-08-07,"2,062.24","2,063.53","2,047.75","2,054.51","292,935,800"
2014-08-06,"2,062.93","2,068.08","2,055.68","2,060.73","377,266,700"
2014-08-05,"2,076.17","2,077.73","2,058.92","2,066.26","346,821,100"
2014-08-04,"2,080.77","2,083.05","2,067.17","2,080.42","253,201,800"
2014-08-01,"2,063.71","2,079.81","2,062.54","2,073.10","271,966,100"
2014-07-31,"2,081.75","2,090.57","2,070.78","2,076.12","383,726,900"
2014-07-30,"2,064.47","2,093.08","2,062.88","2,082.61","343,285,800"
2014-07-29,"2,054.03","2,065.96","2,053.41","2,061.97","408,767,300"
2014-07-28,"2,035.96","2,053.84","2,035.96","2,048.81","349,018,800"
2014-07-25,"2,030.04","2,036.20","2,027.33","2,033.85","282,769,800"
2014-07-24,"2,032.94","2,034.72","2,021.22","2,026.62","323,590,900"
2014-07-23,"2,032.73","2,035.24","2,025.00","2,028.32","353,510,900"
2014-07-22,"2,021.18","2,028.93","2,017.76","2,028.93","265,888,100"
2014-07-21,"2,028.02","2,030.61","2,016.42","2,018.50","274,627,300"
2014-07-18,"2,007.12","2,019.42","2,006.01","2,019.42","304,521,100"
2014-07-17,"2,020.52","2,025.41","2,018.77","2,020.90","322,694,600"
2014-07-16,"2,015.67","2,018.05","2,008.99","2,013.48","315,167,100"
2014-07-15,"2,004.93","2,015.54","2,004.49","2,012.72","361,201,900"
2014-07-14,"1,998.26","2,001.11","1,993.57","1,993.88","270,389,100"
2014-07-11,"1,988.93","1,993.46","1,985.53","1,988.74","277,018,000"
2014-07-10,"2,004.63","2,006.50","1,999.96","2,002.84","327,639,000"
2014-07-09,"1,997.57","2,000.89","1,992.42","2,000.50","272,746,300"
2014-07-08,"2,003.55","2,009.22","1,997.87","2,006.66","259,356,900"
2014-07-07,"2,007.53","2,009.32","1,998.03","2,005.12","228,338,900"
2014-07-04,"2,018.35","2,018.35","2,005.84","2,009.66","241,513,900"
2014-07-03,"2,015.99","2,015.99","2,007.86","2,010.97","259,913,500"
2014-07-02,"2,008.00","2,016.36","2,002.40","2,015.28","318,423,400"
2014-07-01,"1,993.29","1,999.00","1,987.89","1,999.00","238,870,800"
2014-06-30,"1,996.13","2,002.21","1,992.65","2,002.21","201,128,100"
2014-06-27,"1,990.90","1,997.01","1,983.88","1,988.51","218,844,900"
2014-06-26,"1,983.00","1,997.08","1,982.48","1,995.05","273,508,300"
2014-06-25,"1,992.69","1,993.60","1,980.78","1,981.77","336,654,000"
2014-06-24,"1,976.24","1,998.31","1,976.24","1,994.35","250,605,300"
2014-06-23,"1,975.10","1,980.31","1,971.61","1,974.92","231,738,300"
2014-06-20,"1,990.71","1,990.73","1,965.12","1,968.07","232,659,000"
2014-06-19,"1,994.23","1,999.11","1,985.89","1,992.03","257,886,300"
2014-06-18,"2,002.26","2,002.26","1,987.03","1,989.49","216,850,100"
2014-06-17,"1,994.89","2,002.96","1,991.53","2,001.55","236,597,300"
2014-06-16,"1,986.86","1,995.86","1,985.30","1,993.59","233,603,800"
2014-06-13,"2,005.55","2,005.55","1,984.04","1,990.85","223,112,800"
2014-06-12,"2,013.60","2,015.80","2,003.57","2,011.65","251,876,200"
2014-06-11,"2,009.51","2,016.78","2,006.73","2,014.67","238,048,700"
2014-06-10,"2,000.89","2,011.87","1,996.21","2,011.80","234,933,000"
2014-06-09,"2,004.73","2,008.86","1,986.53","1,990.04","209,610,100"
2014-06-05,"2,007.20","2,007.20","1,986.95","1,995.48","222,091,600"
2014-06-03,"2,006.31","2,008.56","1,990.72","2,008.56","266,745,100"
2014-06-02,"1,998.81","2,006.93","1,995.69","2,002.00","265,590,600"
2014-05-30,"2,015.37","2,019.17","1,994.96","1,994.96","247,324,900"
2014-05-29,"2,020.67","2,021.96","2,009.23","2,012.26","228,538,800"
2014-05-28,"2,000.26","2,017.06","1,997.89","2,017.06","210,650,500"
2014-05-27,"2,014.87","2,016.73","1,988.44","1,997.63","221,791,600"
2014-05-26,"2,016.21","2,020.96","2,008.14","2,010.35","196,575,900"
2014-05-23,"2,013.09","2,017.96","2,011.76","2,017.17","241,806,200"
2014-05-22,"2,015.41","2,022.59","2,011.60","2,015.59","231,079,200"
2014-05-21,"2,003.48","2,015.63","2,001.74","2,008.33","224,090,600"
2014-05-20,"2,011.85","2,014.46","2,004.32","2,011.26","248,337,100"
2014-05-19,"2,013.79","2,015.53","2,002.89","2,015.14","265,596,300"
2014-05-16,"2,003.48","2,013.44","1,997.27","2,013.44","232,529,900"
2014-05-15,"2,007.88","2,015.37","2,006.38","2,010.20","259,392,400"
2014-05-14,"1,990.99","2,010.85","1,990.79","2,010.83","233,871,500"
2014-05-13,"1,973.08","1,988.41","1,969.60","1,982.93","242,163,300"
2014-05-12,"1,956.26","1,966.64","1,950.91","1,964.94","201,643,900"
2014-05-09,"1,953.48","1,958.34","1,949.64","1,956.55","205,209,800"
2014-05-08,"1,945.94","1,950.60","1,934.72","1,950.60","222,431,300"
2014-05-07,"1,964.19","1,964.19","1,939.55","1,939.88","193,040,800"
2014-05-02,"1,966.29","1,968.50","1,956.32","1,959.44","179,541,200"
2014-04-30,"1,973.56","1,974.33","1,955.15","1,961.79","227,317,700"
2014-04-29,"1,974.67","1,976.17","1,960.36","1,964.77","177,609,400"
2014-04-28,"1,969.04","1,976.56","1,969.04","1,969.26","168,833,100"
2014-04-25,"1,996.61","1,996.64","1,971.66","1,971.66","208,364,400"
2014-04-24,"2,006.38","2,007.17","1,993.18","1,998.34","235,074,600"
2014-04-23,"2,010.06","2,013.09","1,999.78","2,000.37","241,734,500"
2014-04-22,"2,000.94","2,004.42","1,991.47","2,004.22","212,020,100"
2014-04-21,"2,006.21","2,006.95","1,993.53","1,999.22","205,579,200"
2014-04-18,"1,998.52","2,005.22","1,998.26","2,004.28","206,506,600"
2014-04-17,"2,000.47","2,001.29","1,984.98","1,992.05","200,186,400"
2014-04-16,"1,994.31","1,995.86","1,986.25","1,992.21","230,740,900"
2014-04-15,"2,008.49","2,009.04","1,990.34","1,992.27","194,527,400"
2014-04-14,"1,993.81","2,001.00","1,993.07","1,997.02","205,712,400"
2014-04-11,"1,985.28","1,997.44","1,985.16","1,997.44","218,126,100"
2014-04-10,"2,007.71","2,008.98","1,995.79","2,008.61","232,446,600"
2014-04-09,"1,997.98","2,001.15","1,992.12","1,998.95","233,698,700"
2014-04-08,"1,977.61","1,994.58","1,977.61","1,993.03","218,149,200"
2014-04-07,"1,984.29","1,992.18","1,978.63","1,989.70","186,350,200"
2014-04-04,"1,987.84","1,993.96","1,985.76","1,988.09","225,635,800"
2014-04-03,"1,999.42","2,007.88","1,992.16","1,993.70","225,726,300"
2014-04-02,"2,000.13","2,001.26","1,995.08","1,997.25","220,913,200"
2014-04-01,"1,983.78","1,991.98","1,976.06","1,991.98","214,641,800"
2014-03-31,"1,988.73","1,989.80","1,973.05","1,985.61","241,040,600"
2014-03-28,"1,972.63","1,985.50","1,971.25","1,981.00","244,600,200"
2014-03-27,"1,963.66","1,979.70","1,963.10","1,977.97","218,060,900"
2014-03-26,"1,954.60","1,965.44","1,953.69","1,964.31","248,945,600"
2014-03-25,"1,940.90","1,946.09","1,936.62","1,941.25","225,160,500"
2014-03-24,"1,937.06","1,950.54","1,937.06","1,945.55","228,280,600"
2014-03-21,"1,930.24","1,935.18","1,927.85","1,934.94","252,871,400"
2014-03-20,"1,934.15","1,934.63","1,919.37","1,919.52","220,600,600"
2014-03-19,"1,947.34","1,948.15","1,935.27","1,937.68","249,083,300"
2014-03-18,"1,941.12","1,946.14","1,931.83","1,940.21","274,288,400"
2014-03-17,"1,921.15","1,928.43","1,919.61","1,927.53","214,929,800"
2014-03-14,"1,916.07","1,927.89","1,913.64","1,919.90","254,025,500"
2014-03-13,"1,940.35","1,946.28","1,931.75","1,934.38","259,619,800"
2014-03-12,"1,957.67","1,958.09","1,930.48","1,932.54","329,923,500"
2014-03-11,"1,957.22","1,963.87","1,951.20","1,963.87","247,468,000"
2014-03-10,"1,967.63","1,967.66","1,951.96","1,954.42","214,944,200"
2014-03-07,"1,979.70","1,983.53","1,968.66","1,974.68","231,557,200"
2014-03-06,"1,973.67","1,975.62","1,968.17","1,975.62","193,740,100"
2014-03-05,"1,973.28","1,977.30","1,970.28","1,971.24","197,699,200"
2014-03-04,"1,954.58","1,963.56","1,952.61","1,954.11","200,370,100"
2014-03-03,"1,967.90","1,969.16","1,955.11","1,964.69","222,621,500"
2014-02-28,"1,976.48","1,981.15","1,972.65","1,979.99","252,826,200"
2014-02-27,"1,969.85","1,980.37","1,965.70","1,978.43","201,055,900"
2014-02-26,"1,963.45","1,973.88","1,955.92","1,970.77","209,147,800"
2014-02-25,"1,958.30","1,964.86","1,955.70","1,964.86","226,038,900"
2014-02-24,"1,958.06","1,961.41","1,943.86","1,949.05","193,814,000"
2014-02-21,"1,948.03","1,957.83","1,946.68","1,957.83","216,316,000"
2014-02-20,"1,932.90","1,941.13","1,927.53","1,930.57","232,323,200"
2014-02-19,"1,944.70","1,944.70","1,932.44","1,942.93","213,564,000"
2014-02-18,"1,946.88","1,951.06","1,935.60","1,946.91","200,447,300"
2014-02-17,"1,951.74","1,955.04","1,942.94","1,946.36","215,467,600"
2014-02-14,"1,930.14","1,946.81","1,930.14","1,940.28","216,590,500"
2014-02-13,"1,936.62","1,944.73","1,924.39","1,926.96","187,857,200"
2014-02-12,"1,942.23","1,942.23","1,933.54","1,935.84","225,374,400"
2014-02-11,"1,924.45","1,935.29","1,920.55","1,932.06","226,381,200"
2014-02-10,"1,928.13","1,928.39","1,916.40","1,923.30","207,959,200"
2014-02-07,"1,922.45","1,923.25","1,910.90","1,922.50","272,962,000"
2014-02-06,"1,897.35","1,910.91","1,897.35","1,907.89","259,440,600"
2014-02-05,"1,897.95","1,901.40","1,888.47","1,891.32","244,028,700"
2014-02-04,"1,894.96","1,898.08","1,885.53","1,886.85","250,975,500"
2014-02-03,"1,930.09","1,931.81","1,917.64","1,919.96","229,649,000"
2014-01-29,"1,925.93","1,941.71","1,925.52","1,941.15","219,931,000"
2014-01-28,"1,907.18","1,919.26","1,904.05","1,916.93","270,494,900"
2014-01-27,"1,905.91","1,918.68","1,899.76","1,910.34","340,433,300"
2014-01-24,"1,941.55","1,947.01","1,924.49","1,940.56","279,236,700"
2014-01-23,"1,968.77","1,969.04","1,947.01","1,947.59","229,385,300"
2014-01-22,"1,960.46","1,970.42","1,959.57","1,970.42","243,856,700"
2014-01-21,"1,955.26","1,965.43","1,949.56","1,963.89","289,327,300"
2014-01-20,"1,945.99","1,955.28","1,934.38","1,953.78","279,526,900"
2014-01-17,"1,958.50","1,962.64","1,943.13","1,944.48","260,911,100"
2014-01-16,"1,957.91","1,965.27","1,955.79","1,957.32","379,566,900"
2014-01-15,"1,956.43","1,956.84","1,945.87","1,953.28","250,867,100"
2014-01-14,"1,942.79","1,961.73","1,939.31","1,946.07","244,063,200"
2014-01-13,"1,947.38","1,954.07","1,942.83","1,948.92","267,941,900"
2014-01-10,"1,949.53","1,956.97","1,931.16","1,938.54","262,992,500"
2014-01-09,"1,962.30","1,964.59","1,946.11","1,946.11","276,402,200"
2014-01-08,"1,965.50","1,966.95","1,950.02","1,958.96","217,070,400"
2014-01-07,"1,947.65","1,965.74","1,947.08","1,959.44","193,026,800"
2014-01-06,"1,947.62","1,961.85","1,943.74","1,953.28","193,630,400"
2014-01-03,"1,963.72","1,964.63","1,936.15","1,946.14","188,529,400"
2014-01-02,"2,013.11","2,013.89","1,967.19","1,967.19","207,769,800"
2013-12-30,"2,004.32","2,011.34","1,998.61","2,011.34","172,231,100"
2013-12-27,"1,994.05","2,004.55","1,987.58","2,002.28","207,767,000"
2013-12-26,"2,004.25","2,009.96","1,997.34","1,999.30","230,531,100"
2013-12-24,"2,000.24","2,007.34","1,994.34","2,001.59","214,693,900"
2013-12-23,"1,993.45","2,000.07","1,989.00","1,996.89","222,998,000"
2013-12-20,"1,973.12","1,984.44","1,972.59","1,983.35","247,064,500"
2013-12-19,"1,996.79","1,997.02","1,969.95","1,975.65","255,817,000"
2013-12-18,"1,971.85","1,982.42","1,966.18","1,974.63","258,663,700"
2013-12-17,"1,977.94","1,979.62","1,962.22","1,965.74","253,888,000"
2013-12-16,"1,960.60","1,970.25","1,956.63","1,961.15","213,506,200"
2013-12-13,"1,963.04","1,963.81","1,947.44","1,962.91","234,102,200"
2013-12-12,"1,966.44","1,970.51","1,958.99","1,967.93","255,083,500"
2013-12-11,"1,987.22","2,000.15","1,972.87","1,977.97","231,373,800"
2013-12-10,"2,000.03","2,001.33","1,989.41","1,993.45","200,955,300"
2013-12-09,"2,000.52","2,003.97","1,997.58","2,000.38","230,268,900"
2013-12-06,"1,982.99","1,990.55","1,980.40","1,980.41","201,896,800"
2013-12-05,"1,993.73","1,994.32","1,971.44","1,984.77","217,668,200"
2013-12-04,"1,998.69","2,006.71","1,986.80","1,986.80","230,327,000"
2013-12-03,"2,023.62","2,028.07","2,008.55","2,009.36","294,947,300"
2013-12-02,"2,050.45","2,052.88","2,029.10","2,030.78","229,691,800"
2013-11-29,"2,044.85","2,050.70","2,038.46","2,044.87","245,371,200"
2013-11-28,"2,039.73","2,047.66","2,037.73","2,045.77","276,271,000"
2013-11-27,"2,016.28","2,028.81","2,010.84","2,028.81","284,075,000"
2013-11-26,"2,008.19","2,022.66","1,998.90","2,022.64","275,309,000"
2013-11-25,"2,020.00","2,031.11","2,015.98","2,015.98","295,511,800"
2013-11-22,"2,002.15","2,011.20","1,992.48","2,006.23","350,984,900"
2013-11-21,"2,013.71","2,013.71","1,985.65","1,993.78","292,665,700"
2013-11-20,"2,028.34","2,029.61","2,010.74","2,017.24","334,802,700"
2013-11-19,"2,009.95","2,033.91","2,009.47","2,031.64","402,796,300"
2013-11-18,"2,014.24","2,018.17","2,009.76","2,010.81","313,966,700"
2013-11-15,"1,980.99","2,006.31","1,980.99","2,005.64","264,691,000"
2013-11-14,"1,980.20","1,981.89","1,963.42","1,967.56","323,106,600"
2013-11-13,"1,993.16","1,993.16","1,963.56","1,963.56","251,537,300"
2013-11-12,"1,983.94","2,000.41","1,983.89","1,995.48","247,354,900"
2013-11-11,"1,995.86","1,995.86","1,973.05","1,977.30","286,216,600"
2013-11-08,"1,987.21","1,998.59","1,984.86","1,984.87","287,308,500"
2013-11-07,"2,014.85","2,017.55","2,000.60","2,004.04","310,946,700"
2013-11-06,"2,015.32","2,023.52","2,011.41","2,013.67","273,687,300"
2013-11-05,"2,027.62","2,029.60","2,010.20","2,013.93","257,823,900"
2013-11-04,"2,035.08","2,035.84","2,022.91","2,025.17","235,243,000"
2013-11-01,"2,037.25","2,041.23","2,030.57","2,039.42","294,189,700"
2013-10-31,"2,050.96","2,055.59","2,030.09","2,030.09","254,503,900"
2013-10-30,"2,055.00","2,059.58","2,043.93","2,059.58","263,429,100"
2013-10-29,"2,046.67","2,053.78","2,039.46","2,051.76","307,654,200"
2013-10-28,"2,037.28","2,048.14","2,030.90","2,048.14","257,528,400"
2013-10-25,"2,047.46","2,047.46","2,023.82","2,034.39","234,838,200"
2013-10-24,"2,034.96","2,046.69","2,027.93","2,046.69","254,851,400"
2013-10-23,"2,062.81","2,063.28","2,035.75","2,035.75","367,990,500"
2013-10-22,"2,051.01","2,056.12","2,045.45","2,056.12","378,783,400"
2013-10-21,"2,054.16","2,060.18","2,047.83","2,053.01","281,927,600"
2013-10-18,"2,046.56","2,052.40","2,041.36","2,052.40","257,591,800"
2013-10-17,"2,051.19","2,052.44","2,035.96","2,040.61","306,925,000"
2013-10-16,"2,040.03","2,049.50","2,033.75","2,034.61","267,494,200"
2013-10-15,"2,034.69","2,045.50","2,033.84","2,040.96","233,624,600"
2013-10-14,"2,026.07","2,026.79","2,019.65","2,020.27","220,739,400"
2013-10-11,"2,018.01","2,028.11","2,012.66","2,024.90","254,286,400"
2013-10-10,"2,000.91","2,010.00","1,997.66","2,001.40","222,678,200"
2013-10-08,"1,987.97","2,002.78","1,981.21","2,002.76","329,570,100"
2013-10-07,"1,997.17","2,002.61","1,991.02","1,994.42","249,767,100"
2013-10-04,"1,999.92","2,004.65","1,985.63","1,996.98","241,066,300"
2013-10-02,"2,012.07","2,012.82","1,999.02","1,999.47","238,251,800"
2013-10-01,"1,997.62","2,012.52","1,991.22","1,998.87","281,272,500"
2013-09-30,"2,002.02","2,005.41","1,994.22","1,996.96","292,784,200"
2013-09-27,"2,012.26","2,016.34","2,008.25","2,011.80","282,342,100"
2013-09-26,"1,992.10","2,007.32","1,991.10","2,007.32","255,553,100"
2013-09-25,"2,004.53","2,006.88","1,988.87","1,998.06","294,752,800"
2013-09-24,"2,001.51","2,011.11","1,990.36","2,007.10","309,360,000"
2013-09-23,"2,000.72","2,015.18","1,994.77","2,009.41","249,539,600"
2013-09-17,"2,009.31","2,009.31","1,994.31","2,005.58","264,661,800"
2013-09-16,"2,011.69","2,018.02","2,004.45","2,013.37","248,501,100"
2013-09-13,"1,994.95","2,004.87","1,992.26","1,994.32","253,919,800"
2013-09-12,"2,004.67","2,017.48","1,995.16","2,004.06","359,255,900"
2013-09-11,"1,995.96","2,003.85","1,987.40","2,003.85","299,411,900"
2013-09-10,"1,978.08","1,994.06","1,974.59","1,994.06","264,327,600"
2013-09-09,"1,964.09","1,974.67","1,962.62","1,974.67","270,736,800"
2013-09-06,"1,954.11","1,962.15","1,949.01","1,955.31","324,987,000"
2013-09-05,"1,943.66","1,954.21","1,937.82","1,951.65","286,744,000"
2013-09-04,"1,929.60","1,938.26","1,921.93","1,933.03","284,190,500"
2013-09-03,"1,934.24","1,940.99","1,928.09","1,933.74","300,059,800"
2013-09-02,"1,925.32","1,932.46","1,921.01","1,924.81","243,988,900"
2013-08-30,"1,918.91","1,926.37","1,910.37","1,926.36","300,930,800"
2013-08-29,"1,892.03","1,914.90","1,891.59","1,907.54","301,695,900"
2013-08-28,"1,862.51","1,885.35","1,861.56","1,884.52","378,293,600"
2013-08-27,"1,883.71","1,896.63","1,881.44","1,885.84","409,263,300"
2013-08-26,"1,876.59","1,890.38","1,876.59","1,887.86","316,295,300"
2013-08-23,"1,861.58","1,876.14","1,854.67","1,870.16","374,962,900"
2013-08-22,"1,847.94","1,858.50","1,838.52","1,849.12","425,947,400"
2013-08-21,"1,891.01","1,894.74","1,863.60","1,867.46","411,235,600"
2013-08-20,"1,910.30","1,923.42","1,885.93","1,887.85","350,350,900"
2013-08-19,"1,917.32","1,918.71","1,909.80","1,917.64","302,122,700"
2013-08-16,"1,903.72","1,927.59","1,901.70","1,920.11","348,501,600"
2013-08-14,"1,912.59","1,925.10","1,908.92","1,923.91","363,325,400"
2013-08-13,"1,893.42","1,913.03","1,890.78","1,913.03","362,604,200"
2013-08-12,"1,878.50","1,894.42","1,878.33","1,884.83","297,512,200"
2013-08-09,"1,884.57","1,888.79","1,876.07","1,880.71","283,474,900"
2013-08-08,"1,884.58","1,896.07","1,879.13","1,883.97","338,167,800"
2013-08-07,"1,892.47","1,895.50","1,878.33","1,878.33","312,431,200"
2013-08-06,"1,914.06","1,914.06","1,895.87","1,906.62","294,648,700"
2013-08-05,"1,920.83","1,925.60","1,915.69","1,916.22","233,985,100"
2013-08-02,"1,936.26","1,939.28","1,920.98","1,923.38","298,151,500"
2013-08-01,"1,916.56","1,925.32","1,906.74","1,920.74","336,061,200"
2013-07-31,"1,915.47","1,920.60","1,910.82","1,914.03","384,141,700"
2013-07-30,"1,901.88","1,917.11","1,900.54","1,917.05","366,881,000"
2013-07-29,"1,908.66","1,912.57","1,899.02","1,899.89","337,585,600"
2013-07-26,"1,912.05","1,915.97","1,902.47","1,910.81","320,157,600"
2013-07-25,"1,906.57","1,913.91","1,904.44","1,909.61","311,996,700"
2013-07-24,"1,904.07","1,914.41","1,901.15","1,912.08","322,150,400"
2013-07-23,"1,890.55","1,904.15","1,885.57","1,904.15","352,401,500"
2013-07-22,"1,880.81","1,894.41","1,873.17","1,880.35","356,943,800"
2013-07-19,"1,880.44","1,881.40","1,861.43","1,871.41","319,619,600"
2013-07-18,"1,883.07","1,885.01","1,870.78","1,875.48","380,291,900"
2013-07-17,"1,871.29","1,894.70","1,856.55","1,887.49","382,916,800"
2013-07-16,"1,875.53","1,875.68","1,860.37","1,866.36","303,329,900"
2013-07-15,"1,869.98","1,877.46","1,847.82","1,875.16","330,028,200"
2013-07-12,"1,873.66","1,873.66","1,863.40","1,869.98","265,985,800"
2013-07-11,"1,840.34","1,877.60","1,840.34","1,877.60","331,465,600"
2013-07-10,"1,835.94","1,836.91","1,818.94","1,824.16","267,902,000"
2013-07-09,"1,828.63","1,831.35","1,815.03","1,830.35","257,900,500"
2013-07-08,"1,830.81","1,840.57","1,809.72","1,816.85","303,581,000"
2013-07-05,"1,848.97","1,857.39","1,828.75","1,833.31","285,635,800"
2013-07-04,"1,830.49","1,840.38","1,825.62","1,839.14","313,015,700"
2013-07-03,"1,854.29","1,860.46","1,823.10","1,824.66","405,796,800"
2013-07-02,"1,861.26","1,867.18","1,850.29","1,855.02","483,156,500"
2013-07-01,"1,851.57","1,866.63","1,850.03","1,855.73","220,875,200"
2013-06-28,"1,844.60","1,864.09","1,844.60","1,863.32","251,085,800"
2013-06-27,"1,809.55","1,839.52","1,809.40","1,834.70","286,261,000"
2013-06-26,"1,799.74","1,799.74","1,772.49","1,783.45","296,935,600"
2013-06-25,"1,790.33","1,807.62","1,770.53","1,780.63","332,240,400"
2013-06-24,"1,821.22","1,821.22","1,798.98","1,799.01","220,936,500"
2013-06-21,"1,806.40","1,823.99","1,806.02","1,822.83","290,458,800"
2013-06-20,"1,864.37","1,873.18","1,844.41","1,850.49","355,761,800"
2013-06-19,"1,899.50","1,899.50","1,883.41","1,888.31","279,751,300"
2013-06-18,"1,887.72","1,900.63","1,872.70","1,900.62","278,589,800"
2013-06-17,"1,889.45","1,897.70","1,878.40","1,883.10","264,448,900"
2013-06-14,"1,895.77","1,896.60","1,881.50","1,889.24","279,281,100"
2013-06-13,"1,905.10","1,911.04","1,881.24","1,882.73","306,431,000"
2013-06-12,"1,913.60","1,921.54","1,907.29","1,909.91","253,381,800"
2013-06-11,"1,933.10","1,933.34","1,910.05","1,920.68","288,159,900"
2013-06-10,"1,927.19","1,934.92","1,923.59","1,932.70","271,732,300"
2013-06-07,"1,953.83","1,954.82","1,923.84","1,923.85","341,120,200"
2013-06-05,"1,988.94","1,989.29","1,959.19","1,959.19","340,500,700"
2013-06-04,"1,998.38","1,999.73","1,979.42","1,989.51","334,899,800"
2013-06-03,"1,993.11","2,000.56","1,989.51","1,989.57","333,503,700"
2013-05-31,"2,009.25","2,013.29","2,000.82","2,001.05","397,505,500"
2013-05-30,"1,999.83","2,008.23","1,997.84","2,000.10","435,686,600"
2013-05-29,"1,993.69","2,009.43","1,992.68","2,001.20","362,632,800"
2013-05-28,"1,983.58","1,991.20","1,978.89","1,986.22","311,410,100"
2013-05-27,"1,974.59","1,984.13","1,971.53","1,979.97","256,075,700"
2013-05-24,"1,979.35","1,979.93","1,961.59","1,973.45","273,551,600"
2013-05-23,"1,985.91","1,991.35","1,969.19","1,969.19","342,935,700"
2013-05-22,"1,991.76","1,998.70","1,987.23","1,993.83","326,447,000"
2013-05-21,"1,994.02","1,995.10","1,976.17","1,981.09","245,783,300"
2013-05-20,"1,990.36","1,991.27","1,982.43","1,982.43","274,386,900"
2013-05-16,"1,980.03","1,991.98","1,980.03","1,986.81","322,202,400"
2013-05-15,"1,971.96","1,972.44","1,963.52","1,971.26","246,959,400"
2013-05-14,"1,954.39","1,972.50","1,954.13","1,968.83","328,475,500"
2013-05-13,"1,936.86","1,948.70","1,935.57","1,948.70","251,571,500"
2013-05-10,"1,975.48","1,975.48","1,944.75","1,944.75","283,839,300"
2013-05-09,"1,963.61","1,982.32","1,961.50","1,979.45","332,552,200"
2013-05-08,"1,961.73","1,964.08","1,952.38","1,956.45","337,936,000"
2013-05-07,"1,962.28","1,962.87","1,951.27","1,954.35","299,864,700"
2013-05-06,"1,977.44","1,983.64","1,960.14","1,961.48","294,945,600"
2013-05-03,"1,967.88","1,968.04","1,953.40","1,965.71","312,534,300"
2013-05-02,"1,961.67","1,966.68","1,954.28","1,957.21","349,693,500"
2013-04-30,"1,947.07","1,967.06","1,946.99","1,963.95","403,075,800"
2013-04-29,"1,948.87","1,948.97","1,934.68","1,940.70","266,047,200"
2013-04-26,"1,949.92","1,951.86","1,942.37","1,944.56","280,158,500"
2013-04-25,"1,937.88","1,951.66","1,935.81","1,951.60","334,963,500"
2013-04-24,"1,931.06","1,939.35","1,921.03","1,935.31","341,103,000"
2013-04-23,"1,924.43","1,924.79","1,908.77","1,918.63","260,475,200"
2013-04-22,"1,903.97","1,926.31","1,901.98","1,926.31","258,759,600"
2013-04-19,"1,899.35","1,910.24","1,888.30","1,906.75","331,260,500"
2013-04-18,"1,916.55","1,919.53","1,900.05","1,900.06","343,475,400"
2013-04-17,"1,934.61","1,934.82","1,910.78","1,923.84","415,255,300"
2013-04-16,"1,900.18","1,926.65","1,896.69","1,922.21","393,055,400"
2013-04-15,"1,916.06","1,927.72","1,907.35","1,920.45","332,949,000"
2013-04-12,"1,954.22","1,956.21","1,919.90","1,924.23","407,383,700"
2013-04-11,"1,944.53","1,949.80","1,926.54","1,949.80","386,577,500"
2013-04-10,"1,933.73","1,939.19","1,923.43","1,935.58","320,151,200"
2013-04-09,"1,918.13","1,934.74","1,901.96","1,920.74","356,632,900"
2013-04-08,"1,927.04","1,933.95","1,918.69","1,918.69","313,345,600"
2013-04-05,"1,948.33","1,952.10","1,916.77","1,927.23","372,650,200"
2013-04-04,"1,963.39","1,965.19","1,938.89","1,959.45","415,397,300"
2013-04-03,"1,990.71","1,992.40","1,972.02","1,983.22","396,383,200"
2013-04-02,"1,996.81","2,001.78","1,973.27","1,986.15","496,114,600"
2013-04-01,"2,009.94","2,010.15","1,994.54","1,995.99","269,152,100"
2013-03-29,"2,007.12","2,013.21","2,003.96","2,004.89","341,599,800"
2013-03-28,"1,989.70","1,995.31","1,985.45","1,993.52","367,681,200"
2013-03-27,"1,991.91","1,996.56","1,973.72","1,993.44","362,611,600"
2013-03-26,"1,976.81","1,990.23","1,975.60","1,983.70","298,848,800"
2013-03-25,"1,968.85","1,981.75","1,968.14","1,977.67","276,299,500"
2013-03-22,"1,949.03","1,956.33","1,946.05","1,948.71","259,616,500"
2013-03-21,"1,969.30","1,973.26","1,950.82","1,950.82","262,864,600"
2013-03-20,"1,969.19","1,978.17","1,959.40","1,959.41","332,896,000"
2013-03-19,"1,978.41","1,989.46","1,973.23","1,978.56","326,790,000"
2013-03-18,"1,974.71","1,982.92","1,968.18","1,968.18","304,266,400"
2013-03-15,"2,009.71","2,009.71","1,985.91","1,986.50","307,400,100"
2013-03-14,"2,000.07","2,002.13","1,978.57","2,002.13","330,920,800"
2013-03-13,"1,994.79","1,999.73","1,988.19","1,999.73","353,043,100"
2013-03-12,"2,006.84","2,007.44","1,990.17","1,993.34","390,221,700"
2013-03-11,"2,000.57","2,006.30","1,982.38","2,003.35","398,284,000"
2013-03-08,"2,001.97","2,007.37","1,994.25","2,006.01","312,058,200"
2013-03-07,"2,018.63","2,018.63","1,998.29","2,004.40","386,477,100"
2013-03-06,"2,033.17","2,033.89","2,016.65","2,020.74","395,368,700"
2013-03-05,"2,022.41","2,031.65","2,016.60","2,016.61","491,944,500"
2013-03-04,"2,028.55","2,029.32","2,011.09","2,013.15","357,436,000"
2013-02-28,"2,019.05","2,030.85","2,016.15","2,026.49","421,957,600"
2013-02-27,"2,008.94","2,014.96","1,999.65","2,004.04","417,073,800"
2013-02-26,"1,993.12","2,005.86","1,991.96","2,000.01","433,409,500"
2013-02-25,"2,022.51","2,022.77","2,008.78","2,009.52","338,228,800"
2013-02-22,"2,007.34","2,029.44","2,006.59","2,018.89","409,122,400"
2013-02-21,"2,014.50","2,021.24","2,010.91","2,015.22","391,185,500"
2013-02-20,"1,997.04","2,024.64","1,995.31","2,024.64","407,731,100"
2013-02-19,"1,981.96","1,990.09","1,979.85","1,985.83","344,264,400"
2013-02-18,"1,979.42","1,985.41","1,973.65","1,981.91","420,692,500"
2013-02-15,"1,981.06","1,982.76","1,976.12","1,981.18","598,838,000"
2013-02-14,"1,977.42","1,986.14","1,972.80","1,979.61","336,033,300"
2013-02-13,"1,952.86","1,976.07","1,950.58","1,976.07","331,012,900"
2013-02-12,"1,958.46","1,958.65","1,943.63","1,945.79","307,482,700"
2013-02-08,"1,930.00","1,955.86","1,929.81","1,950.90","291,212,100"
2013-02-07,"1,939.42","1,946.67","1,931.10","1,931.77","412,163,100"
2013-02-06,"1,943.33","1,944.44","1,935.44","1,936.19","349,220,900"
2013-02-05,"1,936.92","1,944.00","1,928.75","1,938.18","366,687,100"
2013-02-04,"1,968.95","1,969.13","1,952.83","1,953.21","345,360,500"
2013-02-01,"1,964.75","1,966.54","1,942.44","1,957.79","385,886,200"
2013-01-31,"1,960.78","1,965.92","1,954.53","1,961.94","399,576,300"
2013-01-30,"1,961.92","1,967.29","1,950.67","1,964.43","523,257,900"
2013-01-29,"1,946.11","1,958.88","1,944.81","1,955.96","465,008,300"
2013-01-28,"1,940.33","1,943.49","1,930.37","1,939.71","349,465,800"
2013-01-25,"1,966.40","1,966.83","1,934.89","1,946.69","401,830,500"
2013-01-24,"1,970.85","1,980.03","1,960.75","1,964.48","558,392,400"
2013-01-23,"2,003.37","2,008.06","1,980.41","1,980.41","491,355,600"
2013-01-22,"1,986.58","1,999.35","1,981.88","1,996.52","553,441,600"
2013-01-21,"1,987.96","1,991.98","1,972.64","1,986.86","446,596,900"
2013-01-18,"1,987.65","1,988.47","1,976.72","1,987.85","583,334,900"
2013-01-17,"1,983.67","1,986.34","1,964.62","1,974.27","828,725,700"
2013-01-16,"1,988.44","1,996.46","1,970.01","1,977.45","457,617,700"
2013-01-15,"2,006.89","2,016.37","1,983.74","1,983.74","546,219,700"
2013-01-14,"1,993.82","2,007.04","1,989.24","2,007.04","454,751,000"
2013-01-11,"2,017.38","2,017.92","1,984.16","1,996.67","472,562,500"
2013-01-10,"1,993.87","2,008.47","1,988.04","2,006.80","500,778,400"
2013-01-09,"2,001.98","2,007.72","1,989.48","1,991.81","607,580,500"
2013-01-08,"2,003.22","2,009.99","1,997.91","1,997.94","493,727,700"
2013-01-07,"2,012.15","2,014.00","1,996.47","2,011.25","536,219,500"
2013-01-04,"2,017.88","2,018.63","2,001.53","2,011.94","378,862,100"
2013-01-03,"2,041.24","2,042.48","2,018.49","2,019.41","491,014,300"
2013-01-02,"2,013.74","2,033.66","2,012.30","2,031.10","364,079,600"
2012-12-28,"1,984.84","2,002.67","1,984.84","1,997.05","302,926,600"
2012-12-27,"1,979.46","1,987.91","1,971.53","1,987.35","376,071,400"
2012-12-26,"1,992.10","2,000.92","1,982.25","1,982.25","457,994,200"
2012-12-24,"1,984.18","1,985.57","1,977.00","1,981.82","348,173,000"
2012-12-21,"2,004.61","2,004.67","1,976.09","1,980.42","553,671,000"
2012-12-20,"2,002.11","2,006.08","1,991.81","1,999.50","421,933,900"
2012-12-18,"1,990.72","1,993.09","1,979.22","1,993.09","454,272,400"
2012-12-17,"1,993.18","1,999.38","1,981.13","1,983.07","366,677,900"
2012-12-14,"1,989.42","1,999.65","1,985.19","1,995.04","350,496,600"
2012-12-13,"1,976.18","2,002.78","1,976.18","2,002.77","421,459,600"
2012-12-12,"1,972.33","1,975.44","1,966.91","1,975.44","459,714,900"
2012-12-11,"1,962.52","1,965.68","1,956.75","1,964.62","404,827,600"
2012-12-10,"1,965.71","1,970.19","1,955.39","1,957.42","367,565,900"
2012-12-07,"1,953.17","1,963.06","1,952.83","1,957.45","413,445,600"
2012-12-06,"1,948.55","1,955.07","1,946.03","1,949.62","345,316,800"
2012-12-05,"1,933.45","1,949.70","1,930.15","1,947.04","492,575,700"
2012-12-04,"1,932.66","1,938.28","1,928.09","1,935.18","294,802,300"
2012-12-03,"1,937.28","1,944.75","1,933.67","1,940.02","314,887,800"
2012-11-30,"1,932.71","1,941.84","1,927.98","1,932.90","337,273,400"
2012-11-29,"1,922.86","1,935.10","1,922.51","1,934.85","388,790,800"
2012-11-28,"1,916.31","1,916.76","1,906.20","1,912.78","408,907,500"
2012-11-27,"1,917.14","1,930.24","1,913.97","1,925.20","588,281,900"
2012-11-26,"1,918.01","1,918.11","1,905.95","1,908.51","276,751,500"
2012-11-23,"1,901.73","1,911.33","1,894.58","1,911.33","329,950,900"
2012-11-22,"1,894.66","1,903.27","1,893.18","1,899.50","412,816,900"
2012-11-21,"1,895.72","1,899.60","1,878.25","1,884.04","380,800,200"
2012-11-20,"1,896.58","1,897.56","1,886.34","1,890.18","372,345,500"
2012-11-19,"1,869.76","1,884.11","1,869.23","1,878.10","349,357,100"
2012-11-16,"1,865.81","1,872.69","1,856.81","1,860.83","465,049,000"
2012-11-15,"1,870.29","1,875.49","1,859.79","1,870.72","450,852,700"
2012-11-14,"1,891.45","1,895.48","1,880.61","1,894.04","533,942,000"
2012-11-13,"1,904.19","1,904.97","1,881.85","1,889.70","494,879,900"
2012-11-12,"1,899.30","1,903.81","1,892.68","1,900.87","473,260,900"
2012-11-09,"1,893.09","1,907.57","1,879.06","1,904.41","636,225,800"
2012-11-08,"1,912.64","1,918.69","1,905.62","1,914.41","659,652,000"
2012-11-07,"1,933.79","1,937.55","1,916.81","1,937.55","556,714,700"
2012-11-06,"1,911.83","1,928.17","1,908.49","1,928.17","545,831,100"
2012-11-05,"1,905.46","1,914.38","1,903.32","1,908.22","343,425,500"
2012-11-02,"1,920.55","1,921.98","1,915.11","1,918.72","441,214,000"
2012-11-01,"1,903.57","1,904.99","1,887.56","1,898.44","402,382,000"
2012-10-31,"1,912.83","1,918.40","1,909.08","1,912.06","397,245,600"
2012-10-30,"1,894.05","1,913.52","1,893.75","1,899.58","334,133,100"
2012-10-29,"1,901.83","1,905.22","1,884.77","1,891.52","371,725,400"
2012-10-26,"1,917.64","1,921.25","1,890.15","1,891.43","437,521,900"
2012-10-25,"1,906.91","1,924.51","1,904.95","1,924.50","438,066,100"
2012-10-24,"1,907.16","1,922.02","1,901.62","1,913.96","564,642,500"
2012-10-23,"1,943.79","1,944.38","1,926.81","1,926.81","538,988,800"
2012-10-22,"1,910.98","1,942.64","1,910.23","1,941.59","458,102,900"
2012-10-19,"1,954.33","1,958.64","1,938.96","1,943.84","383,230,800"
2012-10-18,"1,960.39","1,963.53","1,954.10","1,959.12","494,959,900"
2012-10-17,"1,955.78","1,965.53","1,949.71","1,955.15","499,782,200"
2012-10-16,"1,942.51","1,944.22","1,931.09","1,941.54","538,401,100"
2012-10-15,"1,927.82","1,937.15","1,921.32","1,925.59","567,910,800"
2012-10-12,"1,937.85","1,940.32","1,927.39","1,933.26","398,787,900"
2012-10-11,"1,934.49","1,949.74","1,919.82","1,933.09","464,109,300"
2012-10-10,"1,961.90","1,962.72","1,948.22","1,948.22","449,389,600"
2012-10-09,"1,982.09","1,992.32","1,979.00","1,979.04","516,873,300"
2012-10-08,"1,994.05","1,994.05","1,979.24","1,981.89","508,308,900"
2012-10-05,"2,004.62","2,007.84","1,991.21","1,995.17","681,223,500"
2012-10-04,"1,998.73","1,998.99","1,983.03","1,992.68","596,926,400"
2012-10-02,"1,998.52","2,003.63","1,995.12","1,996.03","496,277,900"
2012-09-28,"2,000.01","2,000.01","1,988.41","1,996.21","678,168,200"
2012-09-27,"1,969.65","1,991.26","1,969.60","1,988.70","693,724,900"
2012-09-26,"1,973.11","1,986.28","1,968.85","1,980.44","1,209,791,100"
2012-09-25,"1,994.08","2,004.26","1,988.88","1,991.41","528,994,300"
2012-09-24,"1,996.42","2,005.45","1,977.70","2,003.44","482,969,000"
2012-09-21,"2,000.05","2,005.11","1,991.56","2,002.37","649,195,100"
2012-09-20,"1,997.65","2,004.54","1,987.94","1,990.33","618,389,500"
2012-09-19,"2,000.20","2,012.74","1,993.91","2,007.88","959,922,900"
2012-09-18,"1,998.30","2,005.73","1,995.83","2,004.96","855,269,700"
2012-09-17,"2,005.54","2,011.50","1,997.79","2,002.35","881,693,900"
2012-09-14,"1,994.42","2,008.97","1,991.13","2,007.58","1,023,863,400"
2012-09-13,"1,948.27","1,955.03","1,938.74","1,950.69","983,078,100"
2012-09-12,"1,931.44","1,953.03","1,927.75","1,950.03","708,399,600"
2012-09-11,"1,920.46","1,923.09","1,912.47","1,920.00","718,729,000"
2012-09-10,"1,934.63","1,937.85","1,924.70","1,924.70","620,841,300"
2012-09-07,"1,918.36","1,929.58","1,915.56","1,929.58","597,675,100"
2012-09-06,"1,881.54","1,888.18","1,873.49","1,881.24","752,888,700"
2012-09-05,"1,894.70","1,894.70","1,874.03","1,874.03","624,137,300"
2012-09-04,"1,911.47","1,916.16","1,906.22","1,907.13","881,536,900"
2012-09-03,"1,909.06","1,921.84","1,885.03","1,912.71","597,138,100"
2012-08-31,"1,897.16","1,912.24","1,896.84","1,905.12","659,107,800"
2012-08-30,"1,922.82","1,922.82","1,897.07","1,906.38","747,759,200"
2012-08-29,"1,920.49","1,931.00","1,914.82","1,928.54","592,385,300"
2012-08-28,"1,922.02","1,925.70","1,910.58","1,916.33","611,920,000"
2012-08-27,"1,909.02","1,925.15","1,907.50","1,917.87","572,932,100"
2012-08-24,"1,921.08","1,927.10","1,913.75","1,919.81","631,348,200"
2012-08-23,"1,934.56","1,942.97","1,924.50","1,942.54","604,385,900"
2012-08-22,"1,939.60","1,947.43","1,917.48","1,935.19","422,801,600"
2012-08-21,"1,954.51","1,961.07","1,942.61","1,943.22","407,533,400"
2012-08-20,"1,944.67","1,949.89","1,938.25","1,946.31","357,941,500"
2012-08-17,"1,964.07","1,964.07","1,941.79","1,946.54","372,453,500"
2012-08-16,"1,956.35","1,959.92","1,947.26","1,957.91","430,510,900"
2012-08-14,"1,942.61","1,957.15","1,939.45","1,956.96","341,112,700"
2012-08-13,"1,945.33","1,946.20","1,932.40","1,932.44","352,650,000"
2012-08-10,"1,937.89","1,948.05","1,933.93","1,946.40","326,529,600"
2012-08-09,"1,907.13","1,947.08","1,907.13","1,940.59","495,272,600"
2012-08-08,"1,896.58","1,919.61","1,896.56","1,903.23","485,570,300"
2012-08-07,"1,883.82","1,891.60","1,881.66","1,886.80","325,270,200"
2012-08-06,"1,883.62","1,894.92","1,881.86","1,885.88","245,574,000"
2012-08-03,"1,846.58","1,864.13","1,843.87","1,848.68","257,938,800"
2012-08-02,"1,883.68","1,885.89","1,864.86","1,869.40","270,464,100"
2012-08-01,"1,870.58","1,886.32","1,867.28","1,879.93","291,295,400"
2012-07-31,"1,845.46","1,896.83","1,842.51","1,881.99","359,152,900"
2012-07-30,"1,847.01","1,850.27","1,841.40","1,843.79","337,204,100"
2012-07-27,"1,812.98","1,829.16","1,805.92","1,829.16","397,606,900"
2012-07-26,"1,778.01","1,787.20","1,766.81","1,782.47","409,561,500"
2012-07-25,"1,760.22","1,785.84","1,758.99","1,769.31","468,021,600"
2012-07-24,"1,784.47","1,796.02","1,781.60","1,793.93","490,621,400"
2012-07-23,"1,799.24","1,799.24","1,780.01","1,789.44","502,128,100"
2012-07-20,"1,823.95","1,830.26","1,818.84","1,822.93","412,102,400"
2012-07-19,"1,820.84","1,830.09","1,815.71","1,822.96","488,683,400"
2012-07-18,"1,821.28","1,827.95","1,790.36","1,794.91","454,661,600"
2012-07-17,"1,808.63","1,835.64","1,802.07","1,821.96","412,609,800"
2012-07-16,"1,820.34","1,821.84","1,807.11","1,817.79","268,353,600"
2012-07-13,"1,790.98","1,820.66","1,773.67","1,812.89","348,543,300"
2012-07-12,"1,827.82","1,830.77","1,785.32","1,785.39","320,828,800"
2012-07-11,"1,825.53","1,827.60","1,813.79","1,826.39","336,687,800"
2012-07-10,"1,843.77","1,845.94","1,823.79","1,829.45","368,859,200"
2012-07-09,"1,840.30","1,844.32","1,833.11","1,836.13","282,036,700"
2012-07-06,"1,877.74","1,880.36","1,850.10","1,858.20","340,653,900"
2012-07-05,"1,870.53","1,878.13","1,866.91","1,875.49","324,184,700"
2012-07-04,"1,875.52","1,881.68","1,871.84","1,874.45","336,135,500"
2012-07-03,"1,858.70","1,871.08","1,858.44","1,867.82","348,202,200"
2012-07-02,"1,864.73","1,865.93","1,851.28","1,851.65","273,628,500"
2012-06-29,"1,808.61","1,854.01","1,801.63","1,854.01","320,633,900"
2012-06-28,"1,826.37","1,827.35","1,806.08","1,819.18","309,660,900"
2012-06-27,"1,815.70","1,821.47","1,795.16","1,817.65","319,484,000"
2012-06-26,"1,818.51","1,826.66","1,814.46","1,817.81","313,272,200"
2012-06-25,"1,842.76","1,842.76","1,813.41","1,825.38","291,234,600"
2012-06-22,"1,861.44","1,863.57","1,843.57","1,847.39","300,707,800"
2012-06-21,"1,895.51","1,900.44","1,879.65","1,889.15","390,169,700"
2012-06-20,"1,908.19","1,908.19","1,895.27","1,904.12","367,741,600"
2012-06-19,"1,885.56","1,895.32","1,883.56","1,891.77","380,909,200"
2012-06-18,"1,892.91","1,901.11","1,887.05","1,891.71","376,281,600"
2012-06-15,"1,871.48","1,871.48","1,847.19","1,858.16","452,511,800"
2012-06-14,"1,856.57","1,871.48","1,855.06","1,871.48","426,635,200"
2012-06-13,"1,867.45","1,867.45","1,849.71","1,859.32","558,261,800"
2012-06-12,"1,840.56","1,857.93","1,840.10","1,854.74","421,369,400"
2012-06-11,"1,860.90","1,869.33","1,859.74","1,867.04","382,218,300"
2012-06-08,"1,854.00","1,854.59","1,832.83","1,835.64","379,828,800"
2012-06-07,"1,839.49","1,853.20","1,839.49","1,847.95","403,444,200"
2012-06-05,"1,799.88","1,806.11","1,791.84","1,801.85","338,828,600"
2012-06-04,"1,782.58","1,794.02","1,776.85","1,783.13","395,063,500"
2012-06-01,"1,832.08","1,842.00","1,821.98","1,834.51","334,418,900"
2012-05-31,"1,819.99","1,843.49","1,813.01","1,843.47","447,945,600"
2012-05-30,"1,846.12","1,846.60","1,828.83","1,844.86","417,042,400"
2012-05-29,"1,821.63","1,851.94","1,817.90","1,849.91","327,998,400"
2012-05-25,"1,818.62","1,831.78","1,815.54","1,824.17","386,489,500"
2012-05-24,"1,807.07","1,816.98","1,800.74","1,814.47","407,901,000"
2012-05-23,"1,815.33","1,815.33","1,796.50","1,808.62","447,564,400"
2012-05-22,"1,825.82","1,831.06","1,813.53","1,828.69","428,370,700"
2012-05-21,"1,801.48","1,804.48","1,788.33","1,799.13","414,130,400"
2012-05-18,"1,813.79","1,813.79","1,779.47","1,782.46","547,767,500"
2012-05-17,"1,842.83","1,856.34","1,833.08","1,845.24","444,286,400"
2012-05-16,"1,886.69","1,889.29","1,840.23","1,840.53","426,185,100"
2012-05-15,"1,897.74","1,904.99","1,881.80","1,898.96","524,594,600"
2012-05-14,"1,917.26","1,921.65","1,900.43","1,913.73","399,003,100"
2012-05-11,"1,939.00","1,939.00","1,915.69","1,917.13","535,932,200"
2012-05-10,"1,944.80","1,951.51","1,937.14","1,944.93","425,055,900"
2012-05-09,"1,958.31","1,962.04","1,945.31","1,950.29","468,022,900"
2012-05-08,"1,967.28","1,969.64","1,961.44","1,967.01","492,688,300"
2012-05-07,"1,956.06","1,960.51","1,952.42","1,956.44","533,662,600"
2012-05-04,"1,987.03","1,992.10","1,981.58","1,989.15","608,821,300"
2012-05-03,"1,995.78","1,998.90","1,990.45","1,995.11","685,809,200"
2012-05-02,"1,994.17","2,001.11","1,989.55","1,999.07","653,036,900"
2012-04-30,"1,989.52","1,991.12","1,975.46","1,981.99","837,865,100"
2012-04-27,"1,972.05","1,983.26","1,967.84","1,975.35","484,704,800"
2012-04-26,"1,976.82","1,979.43","1,955.05","1,964.04","607,424,000"
2012-04-25,"1,980.51","1,980.51","1,961.97","1,961.98","681,754,100"
2012-04-24,"1,956.75","1,972.24","1,954.01","1,963.42","630,804,200"
2012-04-23,"1,971.39","1,980.94","1,964.12","1,972.63","585,159,500"
2012-04-20,"1,988.22","1,988.22","1,970.54","1,974.65","518,733,300"
2012-04-19,"2,000.40","2,008.82","1,994.61","1,999.86","412,119,200"
2012-04-18,"2,014.23","2,014.95","2,001.59","2,004.53","382,937,700"
2012-04-17,"1,995.33","1,999.50","1,982.44","1,985.30","445,682,200"
2012-04-16,"1,985.28","1,998.35","1,982.93","1,992.63","452,523,100"
2012-04-13,"2,001.71","2,011.37","1,996.23","2,008.91","495,288,100"
2012-04-12,"1,985.16","1,986.63","1,969.09","1,986.63","391,510,500"
2012-04-10,"2,000.77","2,011.27","1,990.13","1,994.41","543,735,900"
2012-04-09,"2,008.03","2,009.36","1,995.80","1,997.08","466,746,300"
2012-04-06,"2,026.32","2,033.49","2,022.81","2,029.03","536,307,200"
2012-04-05,"2,006.27","2,030.69","1,997.12","2,028.77","549,308,100"
2012-04-04,"2,046.90","2,048.11","2,015.57","2,018.61","621,544,400"
2012-04-03,"2,040.81","2,051.80","2,038.52","2,049.28","593,278,400"
2012-04-02,"2,022.42","2,031.79","2,015.72","2,029.29","409,917,300"
2012-03-30,"2,011.50","2,018.09","2,002.61","2,014.04","449,871,100"
2012-03-29,"2,019.41","2,025.23","2,004.94","2,014.41","470,321,300"
2012-03-28,"2,034.35","2,038.45","2,028.11","2,031.74","533,800,500"
2012-03-27,"2,042.47","2,043.75","2,028.39","2,039.76","606,412,500"
2012-03-26,"2,035.17","2,041.05","2,012.86","2,019.19","436,975,300"
2012-03-23,"2,015.07","2,029.77","2,013.72","2,026.83","506,769,500"
2012-03-22,"2,026.75","2,031.42","2,017.93","2,026.12","541,726,200"
2012-03-21,"2,031.58","2,039.80","2,022.97","2,027.23","517,066,600"
2012-03-20,"2,046.38","2,055.34","2,035.26","2,042.15","540,336,700"
2012-03-19,"2,040.07","2,050.87","2,036.35","2,047.00","555,800,800"
2012-03-16,"2,054.63","2,054.99","2,034.21","2,034.44","464,242,200"
2012-03-15,"2,044.01","2,050.48","2,038.60","2,043.76","476,105,200"
2012-03-14,"2,050.50","2,057.28","2,045.08","2,045.08","541,113,400"
2012-03-13,"2,012.91","2,028.98","2,012.91","2,025.04","448,922,000"
2012-03-12,"2,018.73","2,019.14","2,001.50","2,002.50","375,479,700"
2012-03-09,"2,017.67","2,022.95","2,001.67","2,018.30","416,398,400"
2012-03-08,"1,989.30","2,004.72","1,978.79","2,000.76","456,093,100"
2012-03-07,"1,968.72","1,987.97","1,966.69","1,982.15","511,287,900"
2012-03-06,"2,019.28","2,023.83","1,988.86","2,000.36","554,732,600"
2012-03-05,"2,028.97","2,030.57","2,011.50","2,016.06","548,008,500"
2012-03-02,"2,041.52","2,046.82","2,033.50","2,034.63","483,187,200"
2012-02-29,"2,015.38","2,033.63","2,015.38","2,030.25","562,639,800"
2012-02-28,"1,995.93","2,006.26","1,992.66","2,003.69","607,928,400"
2012-02-27,"2,013.61","2,013.69","1,987.74","1,991.16","636,009,900"
2012-02-24,"2,010.60","2,019.90","1,998.39","2,019.89","717,913,900"
2012-02-23,"2,016.46","2,016.46","2,001.25","2,007.80","690,116,300"
2012-02-22,"2,018.07","2,028.93","2,015.30","2,028.65","883,739,000"
2012-02-21,"2,022.05","2,030.46","2,007.46","2,024.24","709,018,400"
2012-02-20,"2,041.51","2,047.43","2,024.59","2,024.90","733,914,700"
2012-02-17,"2,025.56","2,031.40","2,019.79","2,023.47","731,089,900"
2012-02-16,"2,005.37","2,012.44","1,995.99","1,997.45","696,685,700"
2012-02-15,"2,012.00","2,026.75","2,009.68","2,025.32","681,465,200"
2012-02-14,"1,999.53","2,008.65","1,995.60","2,002.64","515,881,000"
2012-02-13,"2,000.66","2,010.66","1,991.28","2,005.74","452,786,900"
2012-02-10,"2,010.04","2,011.52","1,986.96","1,993.71","696,742,000"
2012-02-09,"1,998.20","2,014.62","1,978.51","2,014.62","557,635,600"
2012-02-08,"1,985.21","2,003.73","1,982.99","2,003.73","587,908,500"
2012-02-07,"1,976.77","1,983.82","1,971.33","1,981.59","539,408,000"
2012-02-06,"1,994.21","1,996.05","1,964.77","1,973.13","523,216,800"
2012-02-03,"1,982.24","1,982.62","1,961.95","1,972.34","535,879,100"
2012-02-02,"1,982.23","1,993.88","1,977.32","1,984.30","641,047,300"
2012-02-01,"1,948.57","1,969.80","1,947.46","1,959.24","501,061,500"
2012-01-31,"1,943.25","1,960.44","1,936.68","1,955.79","469,194,100"
2012-01-30,"1,956.63","1,961.60","1,936.14","1,940.55","411,695,500"
2012-01-27,"1,960.70","1,966.20","1,949.46","1,964.83","448,919,400"
2012-01-26,"1,959.19","1,962.71","1,949.51","1,957.18","408,022,000"
2012-01-25,"1,947.74","1,973.35","1,945.14","1,952.23","375,932,800"
2012-01-20,"1,922.13","1,952.09","1,922.13","1,949.89","404,776,800"
2012-01-19,"1,912.43","1,914.98","1,902.02","1,914.97","374,371,600"
2012-01-18,"1,891.17","1,898.70","1,884.33","1,892.39","428,002,900"
2012-01-17,"1,878.16","1,892.76","1,878.16","1,892.74","431,987,800"
2012-01-16,"1,860.77","1,863.32","1,843.86","1,859.27","391,915,600"
2012-01-13,"1,865.72","1,881.84","1,861.53","1,875.68","475,032,600"
2012-01-12,"1,853.10","1,864.57","1,837.96","1,864.57","476,341,300"
2012-01-11,"1,857.54","1,857.82","1,843.12","1,845.55","447,955,700"
2012-01-10,"1,841.13","1,859.55","1,840.47","1,853.22","388,644,100"
2012-01-09,"1,832.04","1,832.04","1,810.48","1,826.49","395,512,200"
2012-01-06,"1,867.12","1,867.12","1,824.29","1,843.14","472,680,500"
2012-01-05,"1,869.42","1,875.97","1,860.57","1,863.74","533,768,400"
2012-01-04,"1,883.48","1,884.69","1,866.22","1,866.22","494,500,100"
2012-01-03,"1,846.56","1,875.41","1,846.56","1,875.41","443,474,000"
2012-01-02,"1,831.69","1,837.81","1,814.55","1,826.37","323,358,800"
2011-12-29,"1,815.63","1,835.19","1,806.88","1,825.74","344,645,600"
2011-12-28,"1,833.26","1,833.26","1,817.97","1,825.12","378,657,300"
2011-12-27,"1,856.78","1,864.71","1,813.48","1,842.02","529,919,300"
2011-12-26,"1,873.07","1,873.79","1,851.99","1,856.70","434,745,400"
2011-12-23,"1,861.07","1,872.31","1,859.40","1,867.22","466,331,800"
2011-12-22,"1,841.23","1,847.49","1,835.91","1,847.49","406,414,700"
2011-12-21,"1,837.99","1,850.67","1,831.26","1,848.41","516,912,900"
2011-12-20,"1,791.62","1,797.59","1,780.10","1,793.06","389,772,200"
2011-12-19,"1,829.49","1,829.49","1,750.60","1,776.93","684,313,900"
2011-12-16,"1,827.83","1,842.94","1,823.68","1,839.96","489,950,200"
2011-12-15,"1,834.82","1,840.94","1,817.61","1,819.11","409,620,300"
2011-12-14,"1,852.20","1,864.79","1,851.89","1,857.75","401,927,200"
2011-12-13,"1,877.40","1,880.40","1,863.77","1,864.06","450,082,900"
2011-12-12,"1,902.75","1,903.19","1,890.18","1,899.76","409,625,200"
2011-12-09,"1,883.86","1,894.59","1,872.67","1,874.75","372,813,800"
2011-12-08,"1,911.07","1,925.56","1,898.34","1,912.39","426,921,700"
2011-12-07,"1,914.50","1,921.52","1,904.52","1,919.42","402,803,900"
2011-12-06,"1,914.49","1,920.70","1,892.01","1,902.82","383,429,600"
2011-12-05,"1,928.46","1,929.18","1,911.61","1,922.90","330,235,800"
2011-12-02,"1,914.41","1,920.64","1,905.69","1,916.04","389,329,700"
2011-12-01,"1,911.50","1,926.33","1,908.33","1,916.18","500,455,100"
2011-11-30,"1,847.17","1,858.10","1,838.70","1,847.51","334,553,300"
2011-11-29,"1,828.30","1,856.76","1,823.93","1,856.52","329,521,700"
2011-11-28,"1,804.80","1,816.65","1,795.39","1,815.28","277,682,300"
2011-11-25,"1,780.06","1,790.81","1,766.73","1,776.40","306,413,700"
2011-11-24,"1,775.82","1,800.01","1,769.43","1,795.06","280,369,600"
2011-11-23,"1,820.86","1,820.86","1,780.24","1,783.10","411,238,900"
2011-11-22,"1,798.41","1,830.84","1,797.93","1,826.28","271,102,300"
2011-11-21,"1,833.90","1,833.90","1,811.69","1,820.03","299,736,800"
2011-11-18,"1,839.63","1,850.04","1,832.17","1,839.17","337,050,100"
2011-11-17,"1,862.87","1,876.88","1,835.73","1,876.67","353,143,700"
2011-11-16,"1,898.14","1,911.33","1,853.13","1,856.07","407,755,200"
2011-11-15,"1,888.67","1,900.58","1,878.42","1,886.12","361,433,900"
2011-11-14,"1,889.33","1,907.62","1,889.33","1,902.81","327,268,900"
2011-11-11,"1,840.98","1,863.46","1,823.87","1,863.45","296,906,800"
2011-11-10,"1,860.96","1,862.27","1,813.25","1,813.25","401,929,600"
2011-11-09,"1,925.86","1,929.65","1,897.47","1,907.53","434,624,000"
2011-11-08,"1,927.89","1,928.07","1,900.09","1,903.14","403,211,300"
2011-11-07,"1,932.95","1,932.95","1,915.38","1,919.10","349,698,500"
2011-11-04,"1,911.56","1,929.01","1,906.33","1,928.41","466,597,300"
2011-11-03,"1,895.14","1,895.14","1,863.57","1,869.96","436,424,800"
2011-11-02,"1,870.51","1,899.35","1,859.83","1,898.01","389,593,900"
2011-11-01,"1,891.22","1,925.08","1,891.22","1,909.63","353,625,800"
2011-10-31,"1,922.31","1,941.32","1,902.04","1,909.03","393,703,000"
2011-10-28,"1,961.09","1,963.74","1,920.81","1,929.48","508,760,100"
2011-10-27,"1,906.16","1,923.98","1,891.23","1,922.04","418,276,300"
2011-10-26,"1,871.69","1,896.02","1,864.99","1,894.31","384,785,600"
2011-10-25,"1,900.99","1,905.78","1,883.68","1,888.65","354,772,200"
2011-10-24,"1,858.26","1,898.32","1,858.23","1,898.32","373,903,300"
2011-10-21,"1,831.89","1,843.51","1,809.42","1,838.38","355,182,300"
2011-10-20,"1,857.46","1,870.50","1,804.11","1,805.09","349,122,500"
2011-10-19,"1,851.84","1,855.93","1,834.38","1,855.92","340,011,200"
2011-10-18,"1,826.44","1,845.18","1,822.91","1,838.90","323,455,000"
2011-10-17,"1,855.72","1,865.18","1,845.43","1,865.18","367,734,800"
2011-10-14,"1,816.19","1,839.19","1,803.42","1,835.40","349,010,000"
2011-10-13,"1,831.95","1,837.49","1,823.10","1,823.10","431,553,400"
2011-10-12,"1,789.65","1,810.51","1,778.97","1,809.50","355,346,900"
2011-10-11,"1,810.36","1,811.14","1,792.78","1,795.02","399,985,200"
2011-10-10,"1,763.30","1,783.37","1,761.68","1,766.44","274,638,600"
2011-10-07,"1,751.55","1,765.43","1,747.42","1,759.77","334,731,600"
2011-10-06,"1,714.84","1,733.70","1,707.77","1,710.32","352,625,100"
2011-10-05,"1,718.52","1,718.52","1,659.31","1,666.52","336,295,800"
2011-10-04,"1,683.94","1,706.45","1,658.06","1,706.19","301,541,400"
2011-09-30,"1,759.52","1,774.29","1,742.89","1,769.65","354,163,400"
2011-09-29,"1,713.10","1,769.75","1,706.90","1,769.29","373,918,600"
2011-09-28,"1,751.04","1,762.67","1,723.08","1,723.09","344,432,000"
2011-09-27,"1,704.25","1,735.71","1,695.05","1,735.71","339,821,700"
2011-09-26,"1,720.50","1,721.03","1,644.11","1,652.71","424,262,200"
2011-09-23,"1,736.38","1,743.49","1,697.39","1,697.44","411,836,600"
2011-09-22,"1,807.24","1,819.81","1,785.69","1,800.55","295,389,600"
2011-09-21,"1,842.17","1,869.77","1,831.95","1,854.28","297,584,400"
2011-09-20,"1,819.84","1,840.73","1,793.75","1,837.97","321,238,000"
2011-09-19,"1,818.90","1,839.82","1,813.10","1,820.94","335,584,600"
2011-09-16,"1,819.45","1,844.52","1,807.62","1,840.10","430,066,000"
2011-09-15,"1,797.18","1,806.63","1,742.91","1,774.08","392,100,700"
2011-09-14,"1,804.09","1,807.47","1,743.78","1,749.16","339,699,300"
2011-09-09,"1,817.10","1,847.05","1,812.90","1,812.93","331,918,800"
2011-09-08,"1,858.05","1,858.05","1,826.44","1,846.64","416,660,800"
2011-09-07,"1,811.60","1,833.54","1,798.79","1,833.46","417,888,900"
2011-09-06,"1,752.98","1,790.47","1,744.03","1,766.71","505,301,300"
2011-09-05,"1,829.30","1,829.75","1,785.82","1,785.83","414,041,300"
2011-09-02,"1,872.62","1,890.86","1,853.70","1,867.75","442,558,400"
2011-09-01,"1,887.21","1,928.40","1,877.40","1,880.70","500,399,600"
2011-08-31,"1,846.89","1,880.11","1,837.82","1,880.11","410,349,500"
2011-08-30,"1,853.77","1,863.51","1,835.65","1,843.82","493,170,500"
2011-08-29,"1,807.60","1,836.66","1,787.29","1,829.50","339,096,300"
2011-08-26,"1,754.39","1,782.90","1,754.39","1,778.95","310,994,000"
2011-08-25,"1,791.08","1,803.77","1,762.79","1,764.58","398,182,000"
2011-08-24,"1,788.39","1,799.11","1,744.07","1,754.78","412,561,000"
2011-08-23,"1,735.23","1,781.92","1,719.97","1,776.68","428,457,100"
2011-08-22,"1,756.59","1,763.64","1,704.54","1,710.70","420,268,200"
2011-08-19,"1,789.78","1,797.18","1,744.86","1,744.88","503,835,200"
2011-08-18,"1,891.82","1,894.94","1,833.34","1,860.58","503,353,700"
2011-08-17,"1,868.85","1,906.61","1,868.60","1,892.67","430,980,200"
2011-08-16,"1,850.53","1,879.87","1,848.82","1,879.87","423,449,800"
2011-08-12,"1,844.13","1,847.12","1,788.97","1,793.31","468,854,100"
2011-08-11,"1,733.92","1,832.48","1,733.92","1,817.44","438,895,400"
2011-08-10,"1,877.40","1,877.40","1,802.29","1,806.24","486,308,000"
2011-08-09,"1,807.88","1,828.63","1,684.68","1,801.35","684,990,600"
2011-08-08,"1,916.57","1,939.92","1,800.00","1,869.45","571,105,300"
2011-08-05,"1,937.17","1,966.73","1,920.67","1,943.75","480,967,600"
2011-08-04,"2,067.17","2,071.03","2,015.23","2,018.47","356,390,800"
2011-08-03,"2,079.19","2,080.76","2,056.53","2,066.26","434,482,200"
2011-08-02,"2,152.85","2,155.44","2,114.75","2,121.27","350,312,300"
2011-08-01,"2,160.09","2,173.28","2,158.24","2,172.31","262,845,700"
2011-07-29,"2,159.27","2,159.27","2,133.21","2,133.21","328,774,000"
2011-07-28,"2,138.61","2,160.44","2,138.61","2,155.85","299,515,000"
2011-07-27,"2,152.66","2,174.73","2,151.84","2,174.31","297,092,300"
2011-07-26,"2,163.08","2,168.70","2,148.22","2,168.70","330,150,600"
2011-07-25,"2,154.00","2,158.35","2,146.99","2,150.48","341,968,600"
2011-07-22,"2,162.00","2,171.24","2,153.49","2,171.23","412,963,800"
2011-07-21,"2,153.94","2,155.49","2,135.66","2,145.04","362,339,700"
2011-07-20,"2,158.88","2,164.22","2,149.25","2,154.95","373,913,900"
2011-07-19,"2,127.13","2,140.44","2,123.43","2,130.21","303,460,100"
2011-07-18,"2,149.97","2,149.97","2,121.73","2,130.48","329,000,900"
2011-07-15,"2,123.57","2,145.20","2,123.00","2,145.20","272,102,700"
2011-07-14,"2,119.06","2,130.08","2,105.24","2,130.07","307,417,600"
2011-07-13,"2,117.12","2,129.64","2,107.63","2,129.64","306,086,900"
2011-07-12,"2,131.07","2,136.98","2,107.95","2,109.73","286,417,000"
2011-07-11,"2,167.94","2,171.29","2,151.84","2,157.16","240,690,700"
2011-07-08,"2,192.83","2,192.83","2,173.96","2,180.35","323,023,900"
2011-07-07,"2,167.18","2,184.94","2,165.15","2,180.59","355,587,100"
2011-07-06,"2,156.94","2,171.19","2,155.33","2,171.19","275,939,900"
2011-07-05,"2,149.40","2,163.37","2,145.87","2,161.75","284,884,900"
2011-07-04,"2,143.24","2,153.29","2,141.98","2,145.30","290,459,100"
2011-07-01,"2,120.03","2,131.67","2,116.68","2,125.74","273,414,000"
2011-06-30,"2,103.59","2,105.47","2,091.09","2,100.69","257,291,200"
2011-06-29,"2,097.87","2,098.95","2,081.71","2,094.42","256,146,400"
2011-06-28,"2,092.94","2,099.94","2,062.91","2,062.91","328,640,100"
2011-06-27,"2,076.01","2,076.94","2,058.40","2,070.29","246,532,300"
2011-06-24,"2,063.92","2,090.82","2,062.26","2,090.81","294,101,700"
2011-06-23,"2,048.06","2,064.96","2,048.06","2,055.86","259,637,800"
2011-06-22,"2,066.91","2,074.46","2,059.36","2,063.90","263,839,400"
2011-06-21,"2,041.15","2,051.19","2,015.86","2,048.17","278,609,700"
2011-06-20,"2,034.35","2,047.12","2,017.52","2,019.65","229,183,500"
2011-06-17,"2,057.46","2,058.67","2,008.84","2,031.93","282,482,800"
2011-06-16,"2,057.16","2,068.17","2,043.81","2,046.63","234,157,600"
2011-06-15,"2,087.96","2,091.00","2,064.82","2,086.53","229,155,900"
2011-06-14,"2,045.22","2,082.25","2,040.69","2,076.83","209,519,200"
2011-06-13,"2,030.54","2,057.65","2,025.42","2,048.74","218,484,500"
2011-06-10,"2,085.85","2,093.94","2,045.24","2,046.67","265,874,300"
2011-06-09,"2,076.70","2,088.82","2,067.58","2,071.42","283,662,200"
2011-06-08,"2,102.97","2,109.11","2,068.78","2,083.35","281,368,400"
2011-06-07,"2,093.45","2,106.85","2,091.26","2,099.71","246,620,500"
2011-06-03,"2,123.47","2,131.93","2,108.75","2,113.47","264,107,600"
2011-06-02,"2,098.37","2,126.80","2,093.97","2,114.20","248,778,900"
2011-06-01,"2,142.67","2,152.95","2,132.85","2,141.34","294,707,600"
2011-05-31,"2,104.16","2,146.79","2,102.77","2,142.47","303,263,900"
2011-05-30,"2,115.27","2,116.13","2,085.75","2,093.79","213,193,400"
2011-05-27,"2,087.36","2,111.36","2,085.24","2,100.24","272,782,000"
2011-05-26,"2,059.93","2,094.35","2,056.49","2,091.91","296,695,400"
2011-05-25,"2,073.53","2,082.12","2,030.68","2,035.87","344,973,300"
2011-05-24,"2,052.44","2,070.64","2,048.55","2,061.76","268,517,200"
2011-05-23,"2,100.44","2,100.44","2,055.71","2,055.71","292,953,000"
2011-05-20,"2,101.45","2,112.48","2,084.06","2,111.50","282,777,300"
2011-05-19,"2,141.29","2,143.41","2,092.61","2,095.51","283,358,400"
2011-05-18,"2,110.70","2,138.72","2,106.41","2,135.78","259,990,800"
2011-05-17,"2,103.82","2,111.44","2,092.32","2,102.41","300,785,100"
2011-05-16,"2,104.67","2,115.25","2,097.16","2,104.18","273,618,900"
2011-05-13,"2,133.99","2,134.53","2,103.06","2,120.08","397,072,800"
2011-05-12,"2,139.24","2,149.42","2,122.60","2,122.65","382,253,600"
2011-05-11,"2,161.44","2,166.63","2,144.94","2,166.63","378,035,800"
2011-05-09,"2,157.95","2,161.93","2,136.59","2,139.17","253,934,200"
2011-05-06,"2,153.50","2,156.81","2,133.97","2,147.45","344,194,100"
2011-05-04,"2,196.90","2,201.69","2,173.21","2,180.64","393,735,500"
2011-05-03,"2,224.40","2,228.04","2,188.11","2,200.73","375,102,700"
2011-05-02,"2,203.09","2,229.09","2,202.92","2,228.96","302,491,000"
2011-04-29,"2,211.33","2,219.60","2,177.80","2,192.36","364,121,300"
2011-04-28,"2,215.42","2,225.35","2,194.15","2,208.35","354,849,800"
2011-04-27,"2,225.95","2,231.47","2,191.82","2,206.70","423,197,900"
2011-04-26,"2,219.47","2,222.56","2,196.76","2,206.30","439,336,200"
2011-04-25,"2,205.20","2,218.07","2,199.27","2,216.00","354,021,600"
2011-04-22,"2,203.04","2,208.06","2,190.87","2,197.82","390,812,200"
2011-04-21,"2,190.64","2,211.36","2,183.52","2,198.54","415,979,700"
2011-04-20,"2,146.38","2,169.94","2,138.80","2,169.91","374,320,200"
2011-04-19,"2,117.94","2,136.95","2,111.60","2,122.68","375,025,100"
2011-04-18,"2,146.83","2,149.45","2,128.02","2,137.72","358,280,700"
2011-04-15,"2,136.27","2,142.71","2,126.59","2,140.50","356,652,300"
2011-04-14,"2,116.49","2,141.07","2,109.63","2,141.06","371,732,200"
2011-04-13,"2,091.68","2,121.93","2,081.98","2,121.92","348,085,400"
2011-04-12,"2,117.21","2,117.21","2,088.67","2,089.40","311,138,200"
2011-04-11,"2,127.20","2,135.33","2,115.89","2,122.39","316,066,100"
2011-04-08,"2,119.01","2,135.98","2,118.72","2,127.97","392,841,600"
2011-04-07,"2,133.31","2,135.73","2,111.54","2,122.14","382,813,800"
2011-04-06,"2,129.13","2,136.29","2,119.66","2,126.71","423,048,300"
2011-04-05,"2,118.08","2,130.43","2,107.78","2,130.43","327,664,500"
2011-04-04,"2,124.37","2,125.53","2,103.82","2,115.87","301,800,500"
2011-04-01,"2,107.67","2,121.02","2,101.83","2,121.01","337,942,400"
2011-03-31,"2,098.09","2,106.74","2,089.12","2,106.70","317,892,000"
2011-03-30,"2,075.91","2,100.20","2,074.26","2,091.38","316,864,200"
2011-03-29,"2,052.87","2,072.13","2,050.09","2,072.13","250,466,600"
2011-03-28,"2,054.28","2,059.92","2,043.99","2,056.39","285,363,400"
2011-03-25,"2,058.35","2,060.29","2,041.72","2,054.04","311,218,300"
2011-03-24,"2,022.26","2,036.93","2,022.08","2,036.78","295,491,600"
2011-03-23,"2,019.18","2,022.14","2,005.59","2,012.18","312,568,400"
2011-03-22,"2,012.48","2,016.27","2,004.36","2,013.66","304,108,000"
2011-03-21,"1,985.47","2,005.32","1,985.15","2,003.42","292,259,500"
2011-03-18,"1,963.17","1,988.04","1,960.49","1,981.13","291,299,000"
2011-03-17,"1,921.59","1,961.09","1,919.13","1,959.03","305,714,300"
2011-03-16,"1,951.68","1,965.15","1,931.38","1,957.97","284,415,500"
2011-03-15,"1,966.82","1,985.82","1,882.09","1,923.92","403,890,200"
2011-03-14,"1,949.08","1,971.23","1,928.99","1,971.23","388,621,900"
2011-03-11,"1,956.34","1,970.70","1,949.32","1,955.54","267,174,300"
2011-03-10,"1,999.38","2,001.27","1,973.88","1,981.58","288,387,200"
2011-03-09,"2,007.79","2,016.68","1,991.52","2,001.47","315,357,400"
2011-03-08,"1,984.08","2,007.24","1,974.73","1,996.32","304,750,300"
2011-03-07,"1,996.48","2,005.43","1,978.13","1,980.27","255,919,200"
2011-03-04,"1,989.88","2,008.89","1,984.15","2,004.68","334,578,600"
2011-03-03,"1,942.24","1,970.66","1,941.23","1,970.66","284,828,500"
2011-03-02,"1,922.38","1,940.78","1,921.34","1,928.24","207,670,200"
2011-02-28,"1,954.40","1,958.59","1,935.93","1,939.30","263,868,900"
2011-02-25,"1,956.02","1,965.48","1,941.15","1,963.43","306,887,800"
2011-02-24,"1,957.63","1,970.66","1,945.41","1,949.88","281,574,200"
2011-02-23,"1,962.70","1,977.99","1,951.75","1,961.63","308,585,600"
2011-02-22,"1,978.34","1,982.70","1,958.77","1,969.92","346,086,600"
2011-02-21,"2,014.15","2,014.98","1,991.70","2,005.30","324,237,400"
2011-02-18,"1,989.24","2,015.78","1,981.75","2,013.14","493,969,200"
2011-02-17,"2,002.00","2,006.59","1,959.71","1,977.22","340,275,600"
2011-02-16,"2,007.08","2,021.69","1,989.11","1,989.11","297,634,200"
2011-02-15,"2,018.40","2,029.99","2,003.58","2,010.52","275,028,700"
2011-02-14,"1,999.09","2,015.84","1,986.94","2,014.59","279,514,500"
2011-02-11,"2,010.29","2,021.42","1,975.47","1,977.19","317,288,600"
2011-02-10,"2,041.07","2,043.07","2,008.50","2,008.50","309,759,800"
2011-02-09,"2,077.12","2,077.12","2,037.30","2,045.58","333,190,900"
2011-02-08,"2,090.47","2,092.43","2,066.71","2,069.70","300,331,500"
2011-02-07,"2,102.76","2,107.83","2,081.73","2,081.74","285,935,700"
2011-02-01,"2,079.92","2,086.56","2,071.73","2,072.03","290,810,500"
2011-01-31,"2,080.60","2,089.72","2,069.73","2,069.73","320,903,100"
2011-01-28,"2,115.69","2,119.49","2,095.36","2,107.87","412,955,300"
2011-01-27,"2,115.04","2,121.06","2,108.53","2,115.01","358,857,400"
2011-01-26,"2,093.59","2,112.33","2,092.41","2,110.46","369,360,500"
2011-01-25,"2,092.27","2,105.33","2,083.80","2,086.67","420,955,900"
2011-01-24,"2,067.32","2,082.97","2,064.00","2,082.16","340,241,100"
2011-01-21,"2,103.74","2,104.39","2,066.82","2,069.92","395,396,300"
2011-01-20,"2,111.41","2,114.20","2,102.61","2,106.66","335,461,500"
2011-01-19,"2,106.53","2,119.24","2,084.08","2,115.69","425,470,200"
2011-01-18,"2,095.85","2,111.40","2,093.32","2,096.48","454,894,700"
2011-01-17,"2,112.37","2,118.86","2,099.84","2,099.85","428,363,800"
2011-01-14,"2,089.70","2,108.17","2,076.44","2,108.17","424,721,400"
2011-01-13,"2,097.04","2,109.34","2,083.80","2,089.48","424,205,300"
2011-01-12,"2,091.70","2,098.00","2,085.99","2,094.95","433,264,300"
2011-01-11,"2,079.85","2,088.32","2,059.67","2,088.32","410,949,100"
2011-01-10,"2,082.29","2,088.64","2,069.30","2,080.81","342,636,700"
2011-01-07,"2,073.68","2,086.20","2,068.66","2,086.20","335,558,900"
2011-01-06,"2,094.35","2,096.65","2,066.10","2,077.61","407,829,100"
2011-01-05,"2,083.10","2,087.14","2,076.92","2,082.55","386,064,900"
2011-01-04,"2,074.56","2,085.14","2,069.12","2,085.14","415,906,500"
2011-01-03,"2,063.69","2,070.09","2,054.83","2,070.08","354,083,400"
2010-12-30,"2,047.82","2,052.97","2,041.66","2,051.00","305,880,900"
2010-12-29,"2,028.57","2,043.49","2,027.52","2,043.49","282,562,500"
2010-12-28,"2,028.41","2,041.83","2,026.57","2,033.32","360,188,100"
2010-12-27,"2,024.56","2,034.62","2,018.75","2,022.19","282,871,600"
2010-12-24,"2,040.64","2,042.89","2,027.96","2,029.60","317,437,800"
2010-12-23,"2,042.41","2,043.62","2,028.78","2,037.53","341,067,300"
2010-12-22,"2,039.35","2,045.39","2,035.25","2,038.11","335,352,100"
2010-12-21,"2,035.11","2,043.81","2,032.66","2,037.09","370,450,400"
2010-12-20,"2,008.14","2,021.70","1,996.44","2,020.28","409,153,300"
2010-12-17,"2,018.28","2,027.55","2,010.75","2,026.30","503,495,300"
2010-12-16,"2,009.86","2,019.49","2,002.33","2,009.24","362,506,200"
2010-12-15,"2,009.20","2,017.48","2,004.06","2,017.48","490,269,400"
2010-12-14,"2,000.60","2,009.05","1,996.82","2,009.05","396,589,100"
2010-12-13,"1,993.42","1,997.36","1,983.93","1,996.59","385,628,300"
2010-12-10,"1,984.11","1,991.96","1,979.73","1,986.14","373,855,300"
2010-12-09,"1,963.88","1,988.96","1,961.68","1,988.96","448,348,600"
2010-12-08,"1,960.30","1,970.91","1,953.97","1,955.72","496,386,300"
2010-12-07,"1,955.63","1,964.64","1,952.56","1,962.52","639,161,700"
2010-12-06,"1,961.23","1,961.47","1,946.35","1,953.64","460,284,300"
2010-12-03,"1,960.61","1,960.61","1,948.51","1,957.26","438,585,300"
2010-12-02,"1,943.71","1,950.26","1,940.23","1,950.26","439,005,100"
2010-12-01,"1,907.70","1,929.32","1,904.71","1,929.32","339,156,500"
2010-11-30,"1,889.89","1,917.57","1,889.86","1,904.63","443,687,800"
2010-11-29,"1,904.95","1,912.53","1,880.58","1,895.54","299,800,700"
2010-11-26,"1,932.78","1,936.72","1,893.94","1,901.80","459,214,400"
2010-11-25,"1,934.97","1,935.59","1,916.16","1,927.68","323,352,100"
2010-11-24,"1,883.92","1,928.45","1,882.52","1,925.98","451,503,200"
2010-11-23,"1,938.91","1,943.48","1,919.15","1,928.94","377,789,600"
2010-11-22,"1,947.01","1,954.78","1,939.51","1,944.34","330,549,800"
2010-11-19,"1,936.74","1,940.96","1,927.81","1,940.96","292,690,700"
2010-11-18,"1,908.38","1,929.24","1,904.37","1,927.86","271,425,000"
2010-11-17,"1,877.23","1,908.17","1,875.34","1,897.11","293,291,800"
2010-11-16,"1,912.11","1,916.07","1,890.00","1,899.13","336,328,400"
2010-11-15,"1,918.69","1,925.43","1,900.25","1,913.81","303,804,800"
2010-11-12,"1,951.35","1,958.22","1,899.49","1,913.12","465,469,000"
2010-11-11,"1,966.50","1,976.46","1,914.73","1,914.73","373,175,300"
2010-11-10,"1,945.73","1,967.85","1,945.28","1,967.85","366,012,600"
2010-11-09,"1,943.56","1,947.66","1,935.38","1,947.46","298,818,800"
2010-11-08,"1,946.76","1,948.44","1,930.29","1,942.41","312,653,900"
2010-11-05,"1,962.34","1,966.99","1,938.57","1,938.96","401,398,300"
2010-11-04,"1,941.56","1,945.58","1,936.04","1,942.50","324,776,100"
2010-11-03,"1,931.13","1,943.23","1,930.11","1,935.97","358,979,600"
2010-11-02,"1,912.28","1,920.29","1,907.18","1,918.04","340,827,300"
2010-11-01,"1,889.57","1,914.74","1,880.25","1,914.74","343,303,100"
2010-10-29,"1,913.61","1,913.95","1,875.31","1,882.95","375,835,500"
2010-10-28,"1,909.38","1,914.89","1,901.80","1,907.87","348,382,700"
2010-10-27,"1,919.48","1,924.61","1,902.18","1,909.54","392,948,600"
2010-10-26,"1,913.25","1,919.56","1,909.27","1,919.41","351,859,300"
2010-10-25,"1,902.51","1,918.87","1,899.08","1,915.71","408,170,400"
2010-10-22,"1,882.08","1,897.31","1,880.25","1,897.31","348,415,600"
2010-10-21,"1,878.51","1,879.08","1,858.38","1,874.69","414,874,100"
2010-10-20,"1,844.41","1,875.76","1,837.08","1,870.44","367,889,900"
2010-10-19,"1,878.98","1,885.23","1,857.32","1,857.32","426,766,300"
2010-10-18,"1,904.57","1,904.79","1,875.42","1,875.42","372,185,700"
2010-10-15,"1,898.85","1,903.25","1,893.76","1,902.29","369,334,400"
2010-10-14,"1,886.68","1,899.76","1,884.45","1,899.76","375,103,500"
2010-10-13,"1,878.58","1,881.20","1,866.41","1,876.15","318,752,000"
2010-10-12,"1,892.27","1,893.13","1,857.93","1,868.04","315,469,800"
2010-10-11,"1,908.55","1,909.01","1,885.08","1,889.91","341,187,700"
2010-10-08,"1,900.86","1,900.86","1,887.98","1,897.07","374,067,700"
2010-10-07,"1,901.20","1,906.02","1,893.14","1,900.85","398,964,700"
2010-10-06,"1,897.07","1,905.73","1,894.02","1,903.95","392,055,100"
2010-10-05,"1,874.10","1,885.00","1,868.89","1,878.94","342,730,400"
2010-10-04,"1,884.49","1,889.50","1,875.93","1,879.29","392,496,900"
2010-10-01,"1,872.39","1,884.00","1,868.90","1,876.73","366,196,800"
2010-09-30,"1,870.21","1,872.81","1,861.18","1,872.81","353,547,100"
2010-09-29,"1,865.27","1,873.79","1,864.43","1,866.45","359,927,800"
2010-09-28,"1,859.04","1,862.72","1,852.52","1,855.97","357,137,600"
2010-09-27,"1,856.42","1,862.03","1,851.97","1,860.83","383,634,000"
2010-09-24,"1,830.22","1,846.60","1,825.80","1,846.60","274,233,000"
2010-09-20,"1,821.52","1,833.78","1,818.60","1,832.63","242,696,200"
2010-09-17,"1,823.64","1,828.54","1,812.05","1,827.35","317,383,600"
2010-09-16,"1,822.35","1,824.61","1,811.85","1,811.85","336,254,400"
2010-09-15,"1,817.30","1,827.00","1,813.09","1,823.88","338,940,300"
2010-09-14,"1,824.78","1,827.03","1,810.78","1,815.25","387,030,200"
2010-09-13,"1,812.03","1,819.12","1,807.59","1,818.86","386,840,200"
2010-09-10,"1,792.75","1,808.18","1,791.95","1,802.58","340,652,100"
2010-09-09,"1,786.83","1,790.47","1,775.07","1,784.36","367,865,000"
2010-09-08,"1,780.48","1,785.48","1,770.78","1,779.22","322,530,900"
2010-09-07,"1,792.07","1,796.50","1,786.37","1,787.74","316,855,700"
2010-09-06,"1,791.76","1,794.07","1,784.49","1,792.42","328,107,200"
2010-09-03,"1,780.80","1,786.04","1,774.95","1,780.02","312,016,300"
2010-09-02,"1,783.22","1,783.85","1,767.67","1,775.73","292,783,600"
2010-09-01,"1,751.96","1,767.21","1,748.30","1,764.69","305,272,500"
2010-08-31,"1,746.85","1,752.07","1,736.23","1,742.75","289,492,200"
2010-08-30,"1,749.02","1,760.35","1,746.21","1,760.13","247,357,900"
2010-08-27,"1,724.00","1,732.84","1,719.20","1,729.56","245,580,600"
2010-08-26,"1,744.08","1,744.40","1,729.76","1,729.76","303,049,000"
2010-08-25,"1,745.77","1,753.57","1,734.79","1,734.79","346,277,900"
2010-08-24,"1,757.10","1,771.76","1,749.11","1,760.53","401,705,200"
2010-08-23,"1,780.59","1,788.71","1,766.77","1,767.71","330,334,800"
2010-08-20,"1,769.02","1,776.35","1,765.58","1,775.54","362,003,800"
2010-08-19,"1,763.60","1,781.07","1,762.98","1,779.64","344,946,500"
2010-08-18,"1,763.84","1,765.01","1,753.68","1,761.99","371,484,600"
2010-08-17,"1,737.36","1,757.22","1,734.51","1,755.03","426,996,800"
2010-08-16,"1,735.36","1,746.02","1,716.86","1,743.31","314,462,400"
2010-08-13,"1,731.15","1,747.11","1,725.24","1,746.24","278,599,900"
2010-08-12,"1,731.34","1,742.80","1,721.75","1,721.75","359,758,500"
2010-08-11,"1,775.34","1,776.99","1,754.18","1,758.19","380,356,000"
2010-08-10,"1,792.12","1,794.55","1,779.57","1,781.13","301,058,800"
2010-08-09,"1,779.38","1,790.21","1,776.72","1,790.17","290,699,300"
2010-08-06,"1,782.47","1,785.98","1,769.46","1,783.83","336,263,800"
2010-08-05,"1,796.63","1,797.42","1,773.49","1,783.86","338,134,600"
2010-08-04,"1,795.23","1,795.23","1,774.48","1,789.26","335,352,700"
2010-08-03,"1,796.00","1,796.28","1,784.57","1,790.60","349,327,700"
2010-08-02,"1,771.38","1,784.10","1,767.60","1,782.27","332,860,000"
2010-07-30,"1,768.24","1,774.74","1,754.58","1,759.33","370,940,100"
2010-07-29,"1,770.44","1,776.96","1,767.96","1,770.88","348,621,600"
2010-07-28,"1,773.69","1,775.82","1,764.54","1,773.47","325,704,400"
2010-07-27,"1,775.47","1,778.72","1,765.42","1,768.31","361,543,300"
2010-07-26,"1,760.10","1,774.05","1,758.99","1,769.07","320,599,000"
2010-07-23,"1,756.38","1,760.62","1,745.04","1,758.06","372,763,700"
2010-07-22,"1,744.70","1,752.58","1,732.49","1,735.53","405,179,300"
2010-07-21,"1,752.69","1,755.66","1,740.11","1,748.78","375,929,200"
2010-07-20,"1,727.38","1,740.82","1,724.60","1,736.77","308,028,500"
2010-07-19,"1,719.14","1,737.90","1,717.97","1,731.95","282,114,000"
2010-07-16,"1,751.20","1,754.28","1,736.66","1,738.45","376,492,800"
2010-07-15,"1,754.71","1,759.19","1,748.98","1,751.29","392,852,700"
2010-07-14,"1,754.43","1,764.81","1,754.12","1,758.01","534,459,400"
2010-07-13,"1,737.92","1,750.48","1,732.85","1,735.08","412,054,400"
2010-07-12,"1,731.73","1,734.05","1,724.60","1,734.05","345,884,300"
2010-07-09,"1,708.72","1,723.14","1,697.61","1,723.01","471,781,300"
2010-07-08,"1,699.17","1,702.65","1,692.93","1,698.64","330,725,100"
2010-07-07,"1,685.77","1,685.77","1,668.61","1,675.65","345,701,700"
2010-07-06,"1,664.87","1,684.94","1,650.30","1,684.94","337,490,200"
2010-07-05,"1,675.43","1,680.39","1,664.22","1,675.37","356,620,100"
2010-07-02,"1,688.95","1,693.75","1,667.38","1,671.82","344,944,800"
2010-07-01,"1,687.00","1,693.90","1,664.54","1,686.24","327,661,700"
2010-06-30,"1,678.54","1,699.55","1,675.47","1,698.29","341,734,800"
2010-06-29,"1,735.31","1,739.97","1,703.47","1,707.76","381,278,200"
2010-06-28,"1,734.53","1,735.27","1,726.25","1,732.03","346,985,000"
2010-06-25,"1,721.53","1,733.70","1,719.08","1,729.84","303,711,600"
2010-06-24,"1,724.85","1,739.87","1,721.72","1,739.87","313,774,800"
2010-06-23,"1,722.52","1,731.78","1,721.41","1,725.82","371,812,100"
2010-06-22,"1,727.96","1,734.42","1,723.96","1,731.48","404,657,500"
2010-06-21,"1,728.37","1,741.48","1,723.77","1,739.68","391,909,000"
2010-06-18,"1,710.40","1,712.35","1,701.92","1,711.95","293,741,800"
2010-06-17,"1,707.29","1,711.48","1,701.28","1,707.92","369,769,500"
2010-06-16,"1,707.98","1,710.57","1,694.92","1,705.33","379,960,100"
2010-06-15,"1,687.85","1,696.74","1,684.52","1,690.03","347,778,100"
2010-06-14,"1,683.29","1,698.21","1,681.95","1,690.60","373,940,500"
2010-06-11,"1,674.61","1,681.70","1,662.75","1,675.34","369,418,200"
2010-06-10,"1,651.92","1,662.32","1,643.71","1,651.70","307,926,800"
2010-06-09,"1,653.12","1,655.61","1,638.38","1,647.22","315,107,200"
2010-06-08,"1,635.01","1,656.37","1,630.43","1,651.48","280,287,800"
2010-06-07,"1,628.06","1,638.88","1,618.57","1,637.97","300,882,100"
2010-06-04,"1,660.99","1,670.94","1,658.52","1,664.13","286,092,900"
2010-06-03,"1,643.74","1,663.67","1,641.77","1,661.84","308,759,700"
2010-06-01,"1,634.55","1,643.08","1,623.40","1,630.40","314,094,800"
2010-05-31,"1,625.08","1,641.25","1,621.09","1,641.25","299,378,900"
2010-05-28,"1,630.14","1,630.18","1,606.76","1,622.78","315,905,100"
2010-05-27,"1,565.59","1,611.59","1,565.40","1,607.50","357,562,000"
2010-05-26,"1,575.29","1,582.12","1,549.65","1,582.12","358,160,300"
2010-05-25,"1,585.17","1,585.60","1,532.68","1,560.83","475,232,200"
2010-05-24,"1,589.83","1,612.91","1,585.62","1,604.93","270,820,400"
2010-05-20,"1,624.17","1,640.47","1,591.93","1,600.18","358,175,600"
2010-05-19,"1,621.32","1,630.31","1,601.54","1,630.08","417,502,500"
2010-05-18,"1,662.31","1,663.15","1,629.35","1,643.24","493,335,000"
2010-05-17,"1,668.57","1,673.01","1,644.71","1,651.51","402,483,500"
2010-05-14,"1,685.75","1,699.59","1,677.44","1,695.63","432,900,300"
2010-05-13,"1,683.76","1,700.00","1,682.91","1,694.58","400,382,800"
2010-05-12,"1,678.79","1,680.16","1,657.67","1,663.03","453,193,200"
2010-05-11,"1,692.40","1,692.40","1,661.71","1,670.24","457,059,000"
2010-05-10,"1,661.61","1,679.58","1,654.41","1,677.63","383,503,700"
2010-05-07,"1,632.45","1,658.30","1,625.83","1,647.50","456,385,400"
2010-05-06,"1,679.79","1,689.16","1,674.11","1,684.71","448,574,000"
2010-05-04,"1,730.57","1,734.47","1,714.17","1,718.75","380,986,200"
2010-05-03,"1,735.68","1,740.15","1,709.81","1,721.21","414,096,500"
2010-04-30,"1,742.32","1,749.69","1,739.81","1,741.56","412,070,500"
2010-04-29,"1,738.77","1,738.77","1,720.67","1,728.42","446,710,000"
2010-04-28,"1,716.17","1,733.91","1,714.53","1,733.91","399,809,700"
2010-04-27,"1,748.84","1,756.15","1,742.27","1,749.55","432,378,000"
2010-04-26,"1,745.98","1,757.76","1,745.80","1,752.20","420,565,700"
2010-04-23,"1,747.92","1,748.46","1,732.88","1,737.03","463,207,000"
2010-04-22,"1,737.29","1,740.04","1,727.61","1,739.52","528,081,400"
2010-04-21,"1,730.37","1,748.19","1,729.77","1,747.58","535,040,300"
2010-04-20,"1,715.83","1,721.36","1,710.18","1,718.03","522,272,600"
2010-04-19,"1,708.39","1,720.03","1,700.69","1,705.30","367,559,600"
2010-04-16,"1,742.24","1,743.65","1,723.28","1,734.49","381,109,400"
2010-04-15,"1,745.52","1,747.38","1,729.59","1,743.91","464,868,400"
2010-04-14,"1,720.42","1,735.33","1,720.42","1,735.33","431,590,700"
2010-04-13,"1,714.96","1,716.09","1,699.58","1,710.59","369,616,400"
2010-04-12,"1,730.37","1,733.30","1,707.92","1,710.30","416,640,400"
2010-04-09,"1,735.00","1,737.45","1,710.11","1,724.47","452,531,000"
2010-04-08,"1,722.13","1,733.78","1,719.51","1,733.78","362,550,400"
2010-04-07,"1,725.31","1,729.23","1,722.19","1,726.60","399,748,400"
2010-04-06,"1,732.98","1,732.98","1,719.14","1,726.09","420,897,400"
2010-04-05,"1,728.27","1,731.00","1,711.16","1,724.99","426,893,900"
2010-04-02,"1,723.29","1,725.39","1,715.56","1,723.49","355,087,500"
2010-04-01,"1,695.30","1,719.74","1,695.30","1,719.17","296,992,300"
2010-03-31,"1,702.58","1,704.81","1,689.92","1,692.85","328,321,200"
2010-03-30,"1,705.51","1,705.57","1,693.83","1,700.19","321,044,100"
2010-03-29,"1,681.99","1,699.81","1,681.44","1,691.99","339,607,100"
2010-03-26,"1,683.96","1,699.94","1,680.91","1,697.72","397,619,700"
2010-03-25,"1,680.42","1,688.39","1,677.05","1,688.39","389,685,600"
2010-03-24,"1,693.56","1,695.03","1,678.07","1,681.01","371,518,400"
2010-03-23,"1,685.07","1,689.46","1,677.91","1,681.82","414,286,500"
2010-03-22,"1,678.51","1,680.94","1,664.88","1,672.67","347,596,300"
2010-03-19,"1,682.52","1,687.68","1,677.62","1,686.11","441,810,300"
2010-03-18,"1,679.21","1,687.70","1,675.10","1,675.17","434,503,300"
2010-03-17,"1,663.30","1,682.86","1,659.64","1,682.86","606,001,000"
2010-03-16,"1,654.52","1,655.27","1,642.86","1,648.01","512,563,700"
2010-03-15,"1,663.86","1,667.44","1,643.51","1,649.50","343,806,100"
2010-03-12,"1,666.59","1,666.86","1,653.03","1,662.74","369,512,400"
2010-03-11,"1,670.82","1,672.48","1,656.48","1,656.62","529,002,100"
2010-03-10,"1,662.00","1,662.88","1,653.69","1,662.24","500,080,900"
2010-03-09,"1,657.94","1,661.26","1,653.98","1,660.83","634,705,800"
2010-03-08,"1,653.54","1,660.28","1,649.67","1,660.04","367,810,500"
2010-03-05,"1,624.80","1,634.57","1,624.74","1,634.57","344,079,200"
2010-03-04,"1,625.35","1,631.10","1,612.47","1,618.20","383,043,600"
2010-03-03,"1,615.25","1,622.63","1,611.35","1,622.44","403,469,300"
2010-03-02,"1,612.43","1,620.15","1,608.97","1,615.12","415,100,900"
2010-02-26,"1,593.73","1,596.55","1,580.70","1,594.58","331,755,400"
2010-02-25,"1,620.25","1,621.84","1,582.22","1,587.51","403,209,500"
2010-02-24,"1,616.55","1,618.46","1,606.24","1,612.83","390,679,000"
2010-02-23,"1,626.75","1,630.45","1,616.04","1,628.90","352,019,300"
2010-02-22,"1,617.16","1,630.51","1,617.16","1,627.10","307,159,900"
2010-02-19,"1,611.09","1,623.25","1,592.92","1,593.90","345,772,700"
2010-02-18,"1,630.89","1,631.71","1,618.81","1,621.19","313,983,200"
2010-02-17,"1,619.04","1,628.31","1,618.27","1,627.43","383,622,600"
2010-02-16,"1,589.97","1,608.86","1,586.87","1,601.05","275,272,200"
2010-02-12,"1,595.95","1,598.41","1,577.89","1,593.66","292,260,900"
2010-02-11,"1,574.95","1,600.41","1,574.77","1,597.81","393,755,800"
2010-02-10,"1,578.83","1,581.56","1,565.79","1,570.12","436,122,600"
2010-02-09,"1,550.80","1,571.96","1,549.11","1,570.49","433,885,400"
2010-02-08,"1,565.24","1,566.30","1,548.78","1,552.79","445,719,700"
2010-02-05,"1,567.59","1,575.16","1,560.99","1,567.12","460,773,800"
2010-02-04,"1,615.48","1,619.37","1,607.87","1,616.42","396,780,500"
2010-02-03,"1,614.16","1,618.86","1,602.55","1,615.02","438,151,600"
2010-02-02,"1,618.60","1,618.60","1,591.24","1,595.81","434,956,300"
2010-02-01,"1,603.87","1,611.99","1,590.80","1,606.44","382,241,200"
2010-01-29,"1,621.00","1,626.57","1,595.39","1,602.43","473,945,200"
2010-01-28,"1,632.58","1,649.46","1,619.26","1,642.43","479,611,800"
2010-01-27,"1,641.88","1,643.64","1,620.55","1,625.48","446,537,800"
2010-01-26,"1,670.47","1,671.66","1,626.98","1,637.34","576,948,700"
2010-01-25,"1,662.77","1,681.83","1,660.58","1,670.20","585,001,100"
2010-01-22,"1,696.21","1,706.09","1,665.60","1,684.35","615,072,800"
2010-01-21,"1,700.53","1,722.01","1,695.18","1,722.01","543,454,400"
2010-01-20,"1,723.01","1,723.01","1,708.58","1,714.38","695,737,300"
2010-01-19,"1,719.41","1,723.22","1,706.73","1,710.22","384,378,700"
2010-01-18,"1,696.14","1,716.62","1,688.89","1,711.78","420,751,500"
2010-01-15,"1,694.65","1,704.43","1,686.12","1,701.80","415,903,900"
2010-01-14,"1,680.68","1,692.78","1,677.46","1,685.77","433,753,000"
2010-01-13,"1,683.51","1,687.58","1,671.11","1,671.41","361,932,600"
2010-01-12,"1,695.83","1,701.16","1,683.29","1,698.64","383,755,300"
2010-01-11,"1,700.79","1,705.73","1,694.12","1,694.12","407,679,800"
2010-01-08,"1,694.06","1,695.26","1,668.84","1,695.26","379,952,300"
2010-01-07,"1,702.92","1,707.90","1,683.45","1,683.45","462,402,700"
2010-01-06,"1,697.88","1,706.89","1,696.10","1,705.32","426,040,100"
2010-01-05,"1,701.62","1,702.39","1,686.45","1,690.62","408,854,100"
2010-01-04,"1,681.71","1,696.14","1,681.71","1,696.14","296,548,000"
2009-12-30,"1,670.19","1,682.77","1,661.11","1,682.77","326,529,600"
2009-12-29,"1,674.96","1,683.05","1,662.07","1,672.48","318,034,800"
2009-12-28,"1,695.19","1,695.33","1,679.56","1,685.59","389,501,400"
2009-12-24,"1,663.66","1,687.08","1,662.31","1,682.34","330,904,900"
2009-12-23,"1,661.44","1,661.68","1,654.87","1,661.35","371,780,800"
2009-12-22,"1,656.18","1,658.10","1,647.21","1,655.54","472,133,800"
2009-12-21,"1,646.32","1,650.89","1,637.23","1,644.23","288,556,800"
2009-12-18,"1,639.25","1,651.02","1,632.09","1,647.04","264,013,600"
2009-12-17,"1,663.65","1,664.65","1,647.66","1,647.84","376,797,000"
2009-12-16,"1,666.16","1,670.10","1,652.10","1,664.24","370,484,100"
2009-12-15,"1,659.77","1,667.73","1,657.85","1,665.85","366,145,300"
2009-12-14,"1,662.74","1,664.85","1,644.75","1,664.77","411,974,500"
2009-12-11,"1,650.57","1,664.05","1,641.54","1,656.90","438,802,500"
2009-12-10,"1,635.58","1,652.73","1,612.71","1,652.73","470,001,400"
2009-12-09,"1,615.65","1,634.17","1,609.81","1,634.17","354,625,500"
2009-12-08,"1,630.78","1,638.22","1,622.31","1,627.78","355,531,800"
2009-12-07,"1,633.30","1,635.72","1,625.44","1,632.65","267,038,100"
2009-12-04,"1,609.07","1,629.80","1,608.39","1,624.76","281,880,500"
2009-12-03,"1,597.31","1,615.00","1,594.50","1,615.00","282,331,300"
2009-12-02,"1,582.62","1,597.12","1,579.99","1,591.63","329,365,600"
2009-12-01,"1,550.35","1,569.72","1,541.09","1,569.72","304,882,000"
2009-11-30,"1,547.65","1,566.51","1,547.65","1,555.60","311,492,300"
2009-11-27,"1,574.56","1,581.44","1,519.40","1,524.50","389,951,300"
2009-11-26,"1,606.73","1,621.21","1,599.51","1,599.52","282,560,100"
2009-11-25,"1,608.83","1,614.90","1,599.08","1,611.88","287,006,800"
2009-11-24,"1,626.93","1,627.11","1,601.14","1,606.42","397,849,500"
2009-11-23,"1,623.80","1,630.41","1,611.73","1,619.05","256,974,500"
2009-11-20,"1,613.28","1,624.90","1,612.32","1,620.60","262,293,300"
2009-11-19,"1,608.94","1,625.35","1,608.58","1,620.54","281,502,600"
2009-11-18,"1,595.88","1,612.63","1,594.86","1,603.97","279,956,100"
2009-11-17,"1,599.79","1,602.67","1,585.97","1,585.98","295,962,800"
2009-11-16,"1,577.63","1,592.48","1,566.83","1,592.47","246,309,600"
2009-11-13,"1,581.60","1,587.07","1,561.93","1,571.99","260,027,800"
2009-11-12,"1,598.55","1,603.01","1,572.72","1,572.73","282,770,900"
2009-11-11,"1,590.44","1,594.82","1,574.78","1,594.82","263,272,900"
2009-11-10,"1,595.33","1,600.41","1,580.03","1,582.30","276,940,100"
2009-11-09,"1,577.92","1,592.10","1,573.36","1,576.79","246,233,000"
2009-11-06,"1,577.64","1,577.64","1,565.48","1,572.46","254,308,200"
2009-11-05,"1,568.67","1,571.80","1,551.94","1,552.24","204,375,300"
2009-11-04,"1,556.02","1,579.93","1,550.73","1,579.93","267,395,800"
2009-11-03,"1,562.10","1,565.01","1,549.10","1,549.92","274,472,800"
2009-11-02,"1,543.24","1,570.15","1,543.24","1,559.09","289,875,400"
2009-10-30,"1,605.12","1,605.12","1,580.69","1,580.69","272,706,200"
2009-10-29,"1,584.52","1,587.19","1,564.41","1,585.85","372,461,100"
2009-10-28,"1,648.80","1,652.46","1,604.01","1,609.71","370,004,200"
2009-10-27,"1,646.76","1,651.63","1,637.15","1,649.53","334,695,700"
2009-10-26,"1,634.33","1,663.03","1,633.92","1,657.11","314,207,700"
2009-10-23,"1,643.62","1,647.27","1,633.11","1,640.17","331,326,500"
2009-10-22,"1,638.01","1,650.03","1,623.96","1,630.33","386,905,000"
2009-10-21,"1,649.81","1,664.52","1,645.56","1,653.86","366,290,100"
2009-10-20,"1,663.95","1,665.65","1,649.27","1,659.15","402,306,500"
2009-10-19,"1,633.34","1,649.69","1,614.85","1,649.07","279,879,600"
2009-10-16,"1,656.07","1,667.49","1,638.49","1,640.36","372,952,100"
2009-10-15,"1,661.69","1,672.08","1,653.33","1,658.99","374,175,100"
2009-10-14,"1,642.10","1,653.22","1,637.78","1,649.09","412,055,700"
2009-10-13,"1,634.49","1,642.78","1,614.46","1,628.93","420,335,200"
2009-10-12,"1,660.19","1,661.37","1,631.59","1,639.81","413,658,500"
2009-10-09,"1,622.12","1,648.98","1,614.61","1,646.79","440,504,900"
2009-10-08,"1,607.86","1,615.46","1,591.15","1,615.46","377,006,500"
2009-10-07,"1,619.07","1,625.11","1,598.00","1,598.00","411,268,700"
2009-10-06,"1,620.31","1,626.02","1,590.47","1,598.44","390,392,600"
2009-10-05,"1,622.10","1,629.01","1,603.71","1,606.90","318,999,700"
2009-10-01,"1,680.46","1,685.01","1,629.55","1,644.63","337,358,400"
2009-09-30,"1,688.60","1,704.24","1,665.90","1,673.14","369,850,200"
2009-09-29,"1,695.94","1,696.71","1,680.69","1,690.05","343,691,900"
2009-09-28,"1,678.57","1,685.34","1,668.97","1,675.55","351,376,000"
2009-09-25,"1,686.41","1,691.71","1,662.52","1,691.48","391,939,700"
2009-09-24,"1,706.19","1,715.55","1,680.96","1,693.88","421,172,300"
2009-09-23,"1,723.03","1,723.17","1,705.98","1,711.47","503,233,400"
2009-09-22,"1,701.96","1,720.73","1,701.57","1,718.88","448,385,700"
2009-09-21,"1,700.56","1,709.34","1,691.92","1,695.50","517,256,700"
2009-09-18,"1,695.17","1,713.22","1,691.64","1,699.71","500,095,400"
2009-09-17,"1,700.19","1,704.88","1,682.04","1,695.47","527,873,700"
2009-09-16,"1,660.43","1,693.84","1,660.43","1,683.33","568,410,200"
2009-09-15,"1,646.29","1,654.92","1,640.87","1,653.40","550,449,600"
2009-09-14,"1,653.17","1,653.59","1,628.96","1,634.91","432,398,200"
2009-09-11,"1,644.31","1,653.77","1,639.83","1,651.70","514,657,300"
2009-09-10,"1,615.71","1,644.68","1,613.76","1,644.68","581,051,100"
2009-09-09,"1,622.25","1,622.81","1,602.69","1,607.77","518,366,900"
2009-09-08,"1,616.48","1,622.73","1,610.91","1,619.69","523,925,700"
2009-09-07,"1,618.79","1,619.98","1,601.04","1,608.57","411,219,200"
2009-09-04,"1,623.07","1,623.07","1,597.20","1,608.90","594,778,800"
2009-09-03,"1,614.53","1,620.06","1,605.96","1,613.53","493,292,200"
2009-09-02,"1,598.66","1,622.82","1,592.48","1,613.16","561,693,100"
2009-09-01,"1,592.29","1,624.34","1,583.11","1,623.06","444,448,800"
2009-08-31,"1,607.61","1,611.65","1,580.28","1,591.85","443,613,100"
2009-08-28,"1,612.93","1,616.29","1,599.68","1,607.94","455,462,300"
2009-08-27,"1,608.83","1,614.07","1,590.98","1,599.33","426,334,000"
2009-08-26,"1,607.70","1,615.05","1,602.40","1,614.12","451,615,800"
2009-08-25,"1,603.03","1,610.33","1,596.00","1,601.38","461,069,200"
2009-08-24,"1,604.31","1,614.05","1,602.34","1,612.22","541,262,600"
2009-08-21,"1,582.61","1,590.15","1,564.45","1,580.98","514,683,200"
2009-08-20,"1,559.99","1,577.08","1,544.50","1,576.39","454,917,900"
2009-08-19,"1,555.03","1,564.90","1,545.93","1,545.96","521,615,400"
2009-08-18,"1,534.22","1,560.73","1,530.65","1,550.24","598,313,700"
2009-08-17,"1,588.73","1,588.73","1,541.74","1,547.06","594,931,000"
2009-08-14,"1,582.21","1,594.46","1,579.17","1,591.41","606,500,500"
2009-08-13,"1,578.95","1,581.34","1,564.64","1,564.64","562,763,800"
2009-08-12,"1,571.74","1,571.74","1,552.51","1,565.35","510,512,400"
2009-08-11,"1,572.33","1,580.44","1,570.51","1,579.21","573,986,700"
2009-08-10,"1,585.35","1,588.15","1,573.22","1,576.11","490,582,900"
2009-08-07,"1,563.13","1,576.80","1,559.18","1,576.00","477,559,400"
2009-08-06,"1,555.64","1,572.17","1,546.50","1,565.04","492,249,900"
2009-08-05,"1,571.71","1,575.03","1,557.79","1,559.47","494,913,000"
2009-08-04,"1,576.95","1,586.12","1,558.47","1,566.37","589,855,000"
2009-08-03,"1,561.94","1,570.01","1,554.77","1,564.98","490,193,800"
2009-07-31,"1,543.05","1,559.07","1,536.86","1,557.29","466,525,900"
2009-07-30,"1,524.56","1,535.36","1,511.13","1,534.74","431,268,600"
2009-07-29,"1,524.08","1,529.80","1,516.03","1,524.32","486,409,700"
2009-07-28,"1,521.49","1,528.55","1,518.50","1,526.03","431,427,200"
2009-07-27,"1,510.75","1,529.26","1,505.85","1,524.05","504,075,200"
2009-07-24,"1,508.32","1,510.82","1,496.89","1,502.59","533,011,900"
2009-07-23,"1,495.39","1,504.70","1,484.83","1,496.49","642,853,300"
2009-07-22,"1,492.37","1,496.49","1,485.04","1,494.04","506,893,700"
2009-07-21,"1,489.45","1,496.87","1,480.64","1,488.99","514,660,100"
2009-07-20,"1,447.85","1,480.49","1,447.11","1,478.51","505,042,500"
2009-07-17,"1,443.49","1,445.60","1,432.80","1,440.10","403,676,500"
2009-07-16,"1,438.02","1,442.10","1,426.51","1,432.22","423,962,100"
2009-07-15,"1,402.76","1,422.41","1,402.28","1,420.86","398,395,000"
2009-07-14,"1,400.53","1,402.00","1,377.60","1,385.56","426,814,400"
2009-07-13,"1,426.31","1,426.31","1,378.12","1,378.12","446,682,300"
2009-07-10,"1,435.52","1,436.50","1,415.99","1,428.62","456,473,100"
2009-07-09,"1,428.74","1,443.81","1,426.41","1,430.89","437,278,200"
2009-07-08,"1,424.92","1,431.02","1,412.68","1,431.02","435,416,900"
2009-07-07,"1,434.47","1,439.57","1,426.95","1,434.20","456,757,700"
2009-07-06,"1,419.17","1,434.31","1,416.20","1,428.94","384,595,400"
2009-07-03,"1,389.93","1,420.04","1,389.39","1,420.04","398,642,600"
2009-07-02,"1,419.15","1,419.15","1,403.18","1,411.48","464,119,300"
2009-07-01,"1,386.33","1,414.79","1,381.09","1,411.66","505,528,200"
2009-06-30,"1,402.30","1,409.10","1,385.76","1,390.07","473,132,100"
2009-06-29,"1,399.64","1,408.94","1,386.03","1,388.45","426,317,500"
2009-06-26,"1,401.57","1,404.01","1,388.38","1,394.53","425,874,400"
2009-06-25,"1,366.78","1,402.35","1,366.78","1,392.73","449,173,800"
2009-06-24,"1,366.01","1,370.00","1,350.31","1,363.79","436,479,400"
2009-06-23,"1,369.87","1,374.44","1,354.98","1,360.54","509,170,100"
2009-06-22,"1,381.85","1,399.92","1,379.75","1,399.71","410,177,500"
2009-06-19,"1,386.52","1,388.75","1,369.76","1,383.34","471,006,400"
2009-06-18,"1,390.22","1,396.75","1,371.38","1,375.76","502,154,100"
2009-06-17,"1,391.97","1,397.21","1,384.13","1,391.17","456,091,100"
2009-06-16,"1,394.70","1,410.01","1,389.33","1,399.15","473,881,400"
2009-06-15,"1,427.75","1,427.75","1,401.19","1,412.42","434,553,700"
2009-06-12,"1,428.87","1,436.23","1,416.50","1,428.59","508,570,900"
2009-06-11,"1,411.92","1,435.28","1,407.50","1,419.39","490,783,800"
2009-06-10,"1,379.61","1,414.88","1,376.46","1,414.88","501,867,200"
2009-06-09,"1,406.66","1,410.00","1,371.52","1,371.84","485,670,600"
2009-06-08,"1,394.23","1,411.27","1,387.41","1,393.30","516,708,200"
2009-06-05,"1,392.63","1,394.71","1,373.24","1,394.71","511,501,300"
2009-06-04,"1,410.24","1,411.11","1,375.94","1,378.14","583,311,100"
2009-06-03,"1,423.80","1,427.05","1,402.76","1,414.89","731,509,200"
2009-06-02,"1,437.15","1,437.76","1,411.62","1,412.85","705,294,500"
2009-06-01,"1,394.92","1,415.10","1,384.45","1,415.10","558,960,200"
2009-05-29,"1,393.25","1,398.44","1,380.68","1,395.89","549,745,800"
2009-05-28,"1,355.89","1,392.17","1,345.10","1,392.17","657,878,200"
2009-05-27,"1,394.74","1,396.77","1,360.30","1,362.02","786,694,200"
2009-05-26,"1,407.58","1,409.29","1,361.58","1,372.04","684,648,800"
2009-05-25,"1,393.99","1,414.14","1,315.21","1,400.90","825,371,100"
2009-05-22,"1,406.27","1,431.32","1,402.80","1,403.75","676,836,700"
2009-05-21,"1,431.03","1,433.07","1,412.73","1,421.65","867,644,000"
2009-05-20,"1,427.98","1,436.92","1,424.60","1,435.70","698,912,100"
2009-05-19,"1,416.95","1,428.21","1,411.89","1,428.21","767,835,400"
2009-05-18,"1,385.71","1,387.20","1,366.58","1,386.68","552,497,200"
2009-05-15,"1,395.15","1,399.84","1,385.83","1,391.73","702,846,900"
2009-05-14,"1,395.60","1,400.38","1,380.91","1,380.95","700,942,400"
2009-05-13,"1,409.59","1,414.63","1,400.35","1,414.52","713,985,200"
2009-05-12,"1,406.44","1,411.21","1,395.91","1,403.51","770,682,200"
2009-05-11,"1,416.42","1,420.31","1,405.42","1,415.16","681,599,400"
2009-05-08,"1,400.47","1,412.14","1,390.83","1,412.13","732,205,800"
2009-05-07,"1,414.55","1,415.48","1,389.82","1,401.08","770,554,100"
2009-05-06,"1,399.82","1,408.57","1,385.35","1,393.45","738,945,900"
2009-05-04,"1,386.02","1,397.92","1,381.12","1,397.92","749,111,200"
2009-04-30,"1,353.67","1,377.82","1,350.46","1,369.36","811,764,000"
2009-04-29,"1,310.62","1,338.43","1,299.98","1,338.42","599,342,800"
2009-04-28,"1,344.77","1,353.80","1,298.86","1,300.24","759,036,300"
2009-04-27,"1,358.20","1,366.66","1,334.02","1,339.83","547,298,300"
2009-04-24,"1,371.81","1,375.80","1,343.55","1,354.10","683,433,500"
2009-04-23,"1,367.30","1,371.95","1,353.16","1,368.80","747,016,800"
2009-04-22,"1,347.79","1,360.41","1,336.41","1,356.02","730,162,800"
2009-04-21,"1,307.95","1,338.48","1,303.22","1,336.81","639,590,900"
2009-04-20,"1,331.76","1,338.90","1,311.73","1,336.39","566,858,100"
2009-04-17,"1,354.93","1,360.90","1,316.11","1,329.00","794,015,800"
2009-04-16,"1,356.88","1,371.28","1,334.65","1,336.72","746,708,900"
2009-04-15,"1,321.60","1,341.32","1,305.16","1,333.09","815,701,800"
2009-04-14,"1,353.25","1,356.31","1,323.64","1,342.63","933,384,200"
2009-04-13,"1,341.74","1,353.27","1,328.99","1,338.26","815,421,700"
2009-04-10,"1,340.87","1,355.69","1,319.52","1,336.04","920,396,500"
2009-04-09,"1,274.03","1,317.29","1,272.02","1,316.35","933,678,300"
2009-04-08,"1,284.98","1,287.59","1,260.73","1,262.07","751,439,800"
2009-04-07,"1,296.32","1,304.28","1,282.41","1,300.10","686,776,100"
2009-04-06,"1,292.42","1,315.30","1,292.42","1,297.85","726,430,800"
2009-04-03,"1,288.56","1,292.60","1,274.45","1,283.75","618,670,700"
2009-04-02,"1,254.38","1,278.56","1,249.94","1,276.97","732,210,800"
2009-04-01,"1,214.06","1,238.04","1,201.71","1,233.36","586,123,800"
2009-03-31,"1,205.98","1,228.21","1,203.16","1,206.26","503,563,500"
2009-03-30,"1,239.80","1,244.78","1,196.32","1,197.46","527,829,600"
2009-03-27,"1,248.70","1,256.70","1,233.95","1,237.51","702,348,100"
2009-03-26,"1,226.51","1,243.97","1,216.49","1,243.80","588,056,300"
2009-03-25,"1,216.29","1,229.02","1,211.20","1,229.02","495,050,900"
2009-03-24,"1,225.94","1,225.94","1,205.08","1,221.70","512,523,900"
2009-03-23,"1,179.60","1,201.23","1,179.13","1,199.50","461,575,600"
2009-03-20,"1,165.03","1,180.38","1,163.59","1,170.94","374,670,500"
2009-03-19,"1,180.39","1,186.91","1,158.19","1,161.81","532,575,700"
2009-03-18,"1,176.86","1,176.86","1,157.11","1,169.95","520,429,500"
2009-03-17,"1,140.32","1,166.60","1,132.75","1,163.88","726,952,900"
2009-03-16,"1,126.09","1,142.58","1,119.33","1,125.46","436,008,800"
2009-03-13,"1,137.35","1,147.83","1,124.71","1,126.03","506,177,100"
2009-03-12,"1,126.60","1,132.30","1,107.60","1,128.39","536,880,500"
2009-03-11,"1,122.91","1,127.88","1,118.12","1,127.51","574,391,000"
2009-03-10,"1,060.61","1,096.59","1,060.61","1,092.20","614,109,100"
2009-03-09,"1,068.98","1,077.13","1,052.41","1,071.73","457,910,900"
2009-03-06,"1,036.29","1,059.33","1,036.29","1,055.03","465,730,700"
2009-03-05,"1,068.25","1,074.56","1,050.90","1,058.18","509,907,400"
2009-03-04,"1,018.90","1,062.69","1,008.67","1,059.26","490,794,000"
2009-03-03,993.85,"1,029.18",992.69,"1,025.57","543,381,800"
2009-03-02,"1,044.28","1,044.28","1,010.87","1,018.81","413,948,900"
2009-02-27,"1,056.71","1,076.81","1,048.05","1,063.03","498,308,900"
2009-02-26,"1,077.71","1,100.45","1,036.67","1,054.79","575,092,800"
2009-02-25,"1,094.70","1,095.73","1,061.60","1,067.08","735,368,000"
2009-02-24,"1,061.56","1,071.93","1,055.86","1,063.88","576,296,400"
2009-02-23,"1,058.54","1,099.55","1,051.52","1,099.55","396,061,700"
2009-02-20,"1,095.25","1,102.44","1,056.34","1,065.95","587,441,100"
2009-02-19,"1,109.99","1,121.27","1,092.96","1,107.10","641,510,900"
2009-02-18,"1,111.35","1,120.65","1,096.00","1,113.19","598,230,400"
2009-02-17,"1,167.22","1,167.22","1,121.41","1,127.19","546,440,300"
2009-02-16,"1,183.52","1,199.50","1,174.73","1,175.47","509,491,600"
2009-02-13,"1,179.63","1,192.48","1,165.25","1,192.44","574,846,400"
2009-02-12,"1,183.68","1,187.35","1,162.58","1,179.84","488,111,300"
2009-02-11,"1,168.42","1,193.55","1,162.57","1,190.18","469,845,700"
2009-02-10,"1,215.05","1,219.76","1,186.33","1,198.87","468,812,200"
2009-02-09,"1,224.44","1,227.73","1,199.93","1,202.69","475,950,000"
2009-02-06,"1,199.17","1,210.26","1,190.67","1,210.26","570,791,500"
2009-02-05,"1,187.05","1,206.73","1,177.88","1,177.88","463,562,100"
2009-02-04,"1,183.22","1,195.52","1,176.10","1,195.37","450,221,400"
2009-02-03,"1,152.94","1,174.28","1,137.83","1,163.20","347,702,500"
2009-02-02,"1,145.87","1,170.70","1,136.37","1,146.95","374,571,200"
2009-01-30,"1,147.57","1,163.76","1,144.52","1,162.11","377,035,000"
2009-01-29,"1,165.82","1,179.15","1,160.75","1,166.56","384,745,300"
2009-01-28,"1,123.23","1,160.19","1,122.33","1,157.98","345,266,300"
2009-01-23,"1,105.43","1,105.43","1,087.66","1,093.40","268,188,800"
2009-01-22,"1,125.22","1,127.35","1,106.74","1,116.23","346,827,400"
2009-01-21,"1,087.43","1,118.40","1,085.72","1,103.61","334,555,600"
2009-01-20,"1,136.16","1,136.48","1,115.07","1,126.81","319,532,600"
2009-01-19,"1,146.09","1,159.88","1,141.31","1,150.65","370,319,100"
2009-01-16,"1,120.69","1,135.79","1,109.69","1,135.20","335,687,700"
2009-01-15,"1,138.47","1,145.41","1,108.15","1,111.34","366,484,900"
2009-01-14,"1,161.01","1,184.52","1,151.80","1,182.68","358,877,300"
2009-01-13,"1,147.99","1,168.04","1,133.94","1,167.71","381,507,200"
2009-01-12,"1,170.69","1,177.19","1,150.41","1,156.75","352,671,100"
2009-01-09,"1,214.50","1,220.59","1,179.06","1,180.96","443,544,200"
2009-01-08,"1,212.70","1,218.43","1,195.15","1,205.70","472,344,000"
2009-01-07,"1,198.85","1,228.56","1,195.20","1,228.17","568,555,600"
2009-01-06,"1,183.52","1,203.59","1,179.94","1,194.28","444,194,900"
2009-01-05,"1,180.98","1,185.22","1,166.66","1,173.57","414,759,900"
2009-01-02,"1,132.87","1,157.40","1,118.84","1,157.40","340,781,000"
2008-12-30,"1,124.60","1,144.24","1,121.32","1,124.47","357,926,200"
2008-12-29,"1,109.40","1,118.35","1,084.26","1,117.59","312,516,300"
2008-12-26,"1,128.54","1,134.57","1,108.86","1,117.86","345,548,600"
2008-12-24,"1,140.08","1,143.68","1,113.17","1,128.51","407,844,800"
2008-12-23,"1,168.15","1,175.32","1,140.13","1,144.31","436,408,400"
2008-12-22,"1,189.85","1,201.14","1,167.63","1,179.61","450,639,200"
2008-12-19,"1,174.24","1,194.52","1,171.38","1,180.97","685,025,300"
2008-12-18,"1,183.38","1,189.83","1,164.60","1,175.91","557,762,100"
2008-12-17,"1,190.09","1,196.37","1,146.04","1,169.75","647,792,600"
2008-12-16,"1,148.68","1,165.29","1,137.05","1,161.56","626,697,400"
2008-12-15,"1,138.42","1,164.72","1,138.42","1,158.19","485,361,900"
2008-12-12,"1,128.66","1,152.99","1,089.94","1,103.82","622,304,100"
2008-12-11,"1,145.06","1,166.27","1,135.50","1,154.43","576,699,600"
2008-12-10,"1,112.44","1,155.08","1,105.71","1,145.87","562,091,600"
2008-12-09,"1,116.09","1,120.66","1,092.49","1,105.84","486,456,000"
2008-12-08,"1,041.41","1,111.27","1,037.64","1,105.05","541,792,600"
2008-12-05,"1,017.48","1,032.68","1,008.30","1,028.13","401,605,000"
2008-12-04,"1,042.16","1,042.16",997,"1,006.54","402,237,800"
2008-12-03,"1,038.41","1,038.41","1,013.56","1,022.67","478,714,700"
2008-12-02,"1,007.71","1,038.41","1,007.26","1,023.20","421,112,300"
2008-12-01,"1,074.00","1,083.01","1,058.62","1,058.62","627,338,200"
2008-11-28,"1,066.84","1,084.03","1,061.52","1,076.07","555,246,800"
2008-11-27,"1,058.63","1,070.67","1,046.46","1,063.48","563,629,600"
2008-11-26,993.07,"1,030.70",993.07,"1,029.78","515,467,000"
2008-11-25,"1,016.09","1,029.46",966.28,983.32,"486,153,500"
2008-11-24,996.23,"1,014.49",969.49,970.14,"464,190,800"
2008-11-21,929.74,"1,013.12",914.02,"1,003.73","602,106,200"
2008-11-20,967.46,984.51,947.44,948.69,"424,069,900"
2008-11-19,"1,038.74","1,038.74",994.57,"1,016.82","404,606,600"
2008-11-18,"1,053.29","1,075.68","1,036.10","1,036.16","377,419,700"
2008-11-17,"1,074.33","1,104.66","1,050.40","1,078.32","413,383,400"
2008-11-14,"1,126.94","1,129.40","1,078.44","1,088.26","440,485,600"
2008-11-13,"1,074.75","1,088.46","1,040.34","1,088.44","566,758,600"
2008-11-12,"1,103.88","1,143.18","1,096.63","1,123.86","605,657,200"
2008-11-11,"1,133.34","1,160.30","1,114.50","1,128.73","600,725,800"
2008-11-10,"1,152.26","1,165.57","1,124.13","1,152.46","717,483,800"
2008-11-07,"1,054.35","1,134.50","1,038.72","1,134.49","846,308,400"
2008-11-06,"1,133.78","1,140.85","1,081.79","1,092.22","657,625,600"
2008-11-05,"1,184.92","1,217.82","1,159.67","1,181.50","790,190,900"
2008-11-04,"1,135.53","1,154.45","1,114.41","1,153.35","603,572,900"
2008-11-03,"1,117.13","1,158.87","1,109.32","1,129.08","568,246,600"
2008-10-31,"1,083.14","1,158.66","1,061.46","1,113.06","864,749,600"
2008-10-30,"1,036.83","1,094.89",992.89,"1,084.72","621,627,900"
2008-10-29,"1,047.48","1,078.33",920.35,968.97,"763,398,300"
2008-10-28,916.85,"1,012.73",901.49,999.16,"649,428,800"
2008-10-27,937.18,966.41,892.16,946.45,"540,707,800"
2008-10-24,"1,051.58","1,051.92",925.57,938.75,"443,157,000"
2008-10-23,"1,089.57","1,089.57","1,028.50","1,049.71","401,511,800"
2008-10-22,"1,190.50","1,195.28","1,095.56","1,134.59","374,865,700"
2008-10-21,"1,223.75","1,232.73","1,181.88","1,196.10","389,189,900"
2008-10-20,"1,195.90","1,211.09","1,149.39","1,207.63","373,014,900"
2008-10-17,"1,245.15","1,245.15","1,166.88","1,180.67","420,175,000"
2008-10-16,"1,258.38","1,265.85","1,205.14","1,213.78","409,090,900"
2008-10-15,"1,338.46","1,353.44","1,327.42","1,340.28","347,683,200"
2008-10-14,"1,342.31","1,367.70","1,339.86","1,367.69","460,906,500"
2008-10-13,"1,272.95","1,294.19","1,252.44","1,288.53","384,723,000"
2008-10-10,"1,248.53","1,248.53","1,178.51","1,241.47","461,327,600"
2008-10-09,"1,289.67","1,324.36","1,274.46","1,294.89","451,806,100"
2008-10-08,"1,323.96","1,334.34","1,281.47","1,286.69","431,464,100"
2008-10-07,"1,340.92","1,371.24","1,321.81","1,366.10","349,569,400"
2008-10-06,"1,389.68","1,389.68","1,351.72","1,358.75","312,408,600"
2008-10-02,"1,450.16","1,458.68","1,410.35","1,419.65","317,945,400"
2008-10-01,"1,453.40","1,453.40","1,429.57","1,439.67","314,216,300"
2008-09-30,"1,383.97","1,448.06","1,376.72","1,448.06","412,809,500"
2008-09-29,"1,491.11","1,496.30","1,449.33","1,456.36","365,883,000"
2008-09-26,"1,492.42","1,498.74","1,469.83","1,476.33","405,920,400"
2008-09-25,"1,487.73","1,503.83","1,469.23","1,501.63","419,072,700"
2008-09-24,"1,479.04","1,501.09","1,472.31","1,495.98","498,528,600"
2008-09-23,"1,447.90","1,484.01","1,445.50","1,481.37","470,349,500"
2008-09-22,"1,472.08","1,488.94","1,457.10","1,460.34","354,332,500"
2008-09-19,"1,441.31","1,464.59","1,435.72","1,455.78","468,688,400"
2008-09-18,"1,385.47","1,400.35","1,366.88","1,392.42","413,388,500"
2008-09-17,"1,420.49","1,441.24","1,412.60","1,425.26","398,283,500"
2008-09-16,"1,381.24","1,401.79","1,372.55","1,387.75","392,767,400"
2008-09-12,"1,468.41","1,480.77","1,463.58","1,477.92","311,745,300"
2008-09-11,"1,459.69","1,467.90","1,439.38","1,443.24","362,999,800"
2008-09-10,"1,432.90","1,466.26","1,430.05","1,464.98","421,193,000"
2008-09-09,"1,469.54","1,469.54","1,446.53","1,454.50","443,712,000"
2008-09-08,"1,437.59","1,481.41","1,437.59","1,476.65","399,130,200"
2008-09-05,"1,394.39","1,415.24","1,393.33","1,404.38","298,481,500"
2008-09-04,"1,421.16","1,436.62","1,409.33","1,426.43","372,856,000"
2008-09-03,"1,403.89","1,430.94","1,396.13","1,426.89","367,103,100"
2008-09-02,"1,418.26","1,430.43","1,392.55","1,407.14","373,370,700"
2008-09-01,"1,453.14","1,456.69","1,413.43","1,414.43","316,592,600"
2008-08-29,"1,488.25","1,496.14","1,470.87","1,474.24","242,100,600"
2008-08-28,"1,503.26","1,503.74","1,473.00","1,474.15","216,132,700"
2008-08-27,"1,487.78","1,498.38","1,466.46","1,493.92","241,558,900"
2008-08-26,"1,477.04","1,502.33","1,474.64","1,490.25","213,143,600"
2008-08-25,"1,505.13","1,510.98","1,496.63","1,502.11","198,258,900"
2008-08-22,"1,508.67","1,508.67","1,477.55","1,496.91","226,289,200"
2008-08-21,"1,539.55","1,540.45","1,511.69","1,512.59","259,520,600"
2008-08-20,"1,531.87","1,549.53","1,524.87","1,540.71","243,670,500"
2008-08-19,"1,554.21","1,554.92","1,528.31","1,541.41","261,100,800"
2008-08-18,"1,579.13","1,582.76","1,561.57","1,567.71","260,761,400"
2008-08-14,"1,553.65","1,578.30","1,553.65","1,572.19","247,613,000"
2008-08-13,"1,572.87","1,581.46","1,553.94","1,562.72","231,583,800"
2008-08-12,"1,581.10","1,590.12","1,570.88","1,577.12","251,631,900"
2008-08-11,"1,592.30","1,597.31","1,581.09","1,581.09","254,544,600"
2008-08-08,"1,547.70","1,573.18","1,544.10","1,568.72","221,286,100"
2008-08-07,"1,577.36","1,582.51","1,553.21","1,564.00","219,017,100"
2008-08-06,"1,567.30","1,580.25","1,560.88","1,578.71","276,646,200"
2008-08-05,"1,540.32","1,556.96","1,533.43","1,535.54","244,785,200"
2008-08-04,"1,567.01","1,571.23","1,531.52","1,543.05","246,520,500"
2008-08-01,"1,578.55","1,587.49","1,562.29","1,573.77","231,176,200"
2008-07-31,"1,583.99","1,600.15","1,577.81","1,594.67","233,013,200"
2008-07-30,"1,594.04","1,595.84","1,572.17","1,577.70","265,698,000"
2008-07-29,"1,572.16","1,573.62","1,542.89","1,567.20","261,582,700"
2008-07-28,"1,609.57","1,611.15","1,588.56","1,598.29","252,277,500"
2008-07-25,"1,595.28","1,610.45","1,589.48","1,597.93","266,623,600"
2008-07-24,"1,603.52","1,627.87","1,603.24","1,626.14","347,691,900"
2008-07-23,"1,586.27","1,598.89","1,577.94","1,591.76","351,644,600"
2008-07-22,"1,551.09","1,563.75","1,549.00","1,561.23","252,499,300"
2008-07-21,"1,530.68","1,569.45","1,530.05","1,562.92","296,053,100"
2008-07-18,"1,542.73","1,542.91","1,504.00","1,509.99","304,142,900"
2008-07-17,"1,541.38","1,546.84","1,524.85","1,525.56","319,702,700"
2008-07-16,"1,518.57","1,529.87","1,488.75","1,507.40","296,909,200"
2008-07-15,"1,550.95","1,550.95","1,506.41","1,509.33","297,854,100"
2008-07-14,"1,562.88","1,581.70","1,554.01","1,558.62","257,133,800"
2008-07-11,"1,543.01","1,573.06","1,526.67","1,567.51","326,548,300"
2008-07-10,"1,498.78","1,542.34","1,495.44","1,537.43","354,189,700"
2008-07-09,"1,557.07","1,563.07","1,519.05","1,519.38","328,759,000"
2008-07-08,"1,577.04","1,577.04","1,509.20","1,533.47","332,006,400"
2008-07-07,"1,568.25","1,583.49","1,560.00","1,579.72","250,026,400"
2008-07-04,"1,604.47","1,610.65","1,574.60","1,577.94","246,967,300"
2008-07-03,"1,591.21","1,616.65","1,580.83","1,606.54","352,001,000"
2008-07-02,"1,665.52","1,667.97","1,607.88","1,623.60","335,993,700"
2008-07-01,"1,675.70","1,681.45","1,652.03","1,666.46","278,015,900"
2008-06-30,"1,682.86","1,689.61","1,671.11","1,674.92","261,908,300"
2008-06-27,"1,673.27","1,685.88","1,669.69","1,684.45","285,310,400"
2008-06-26,"1,717.57","1,734.86","1,714.38","1,717.66","328,759,900"
2008-06-25,"1,710.45","1,717.81","1,695.01","1,717.79","345,354,200"
2008-06-24,"1,706.92","1,717.23","1,699.81","1,710.84","364,190,800"
2008-06-23,"1,705.61","1,720.74","1,694.79","1,715.59","303,197,700"
2008-06-20,"1,752.95","1,755.60","1,723.41","1,731.00","331,018,600"
2008-06-19,"1,756.36","1,757.26","1,731.51","1,740.72","401,514,500"
2008-06-18,"1,745.50","1,775.11","1,742.68","1,774.13","343,036,100"
2008-06-17,"1,766.34","1,767.50","1,738.71","1,750.71","334,937,500"
2008-06-16,"1,763.86","1,768.63","1,755.55","1,760.82","375,411,600"
2008-06-13,"1,753.67","1,760.72","1,730.25","1,747.35","402,038,300"
2008-06-12,"1,755.90","1,761.29","1,739.36","1,739.36","379,807,900"
2008-06-11,"1,781.14","1,786.98","1,760.66","1,781.67","282,784,900"
2008-06-10,"1,813.36","1,814.06","1,765.35","1,774.38","322,795,100"
2008-06-09,"1,787.90","1,810.21","1,785.16","1,808.96","249,280,700"
2008-06-05,"1,830.14","1,832.82","1,816.35","1,832.31","274,963,300"
2008-06-04,"1,821.30","1,836.13","1,813.12","1,833.81","235,894,400"
2008-06-03,"1,832.31","1,836.71","1,814.50","1,819.39","258,920,500"
2008-06-02,"1,848.30","1,853.50","1,831.66","1,847.53","234,490,900"
2008-05-30,"1,846.98","1,852.36","1,833.42","1,852.02","287,614,500"
2008-05-29,"1,819.33","1,842.56","1,819.33","1,841.22","298,969,300"
2008-05-28,"1,835.38","1,835.71","1,802.01","1,805.64","299,607,200"
2008-05-27,"1,806.20","1,825.48","1,806.20","1,825.23","260,268,000"
2008-05-26,"1,813.63","1,820.74","1,791.40","1,800.58","281,848,500"
2008-05-23,"1,836.42","1,840.78","1,826.16","1,827.94","299,062,000"
2008-05-22,"1,826.06","1,836.63","1,810.68","1,835.42","357,259,200"
2008-05-21,"1,848.97","1,861.58","1,844.95","1,847.51","315,979,100"
2008-05-20,"1,886.52","1,889.85","1,857.05","1,873.15","336,306,100"
2008-05-19,"1,893.54","1,901.13","1,875.05","1,885.37","355,995,700"
2008-05-16,"1,893.99","1,899.57","1,882.69","1,888.88","301,669,700"
2008-05-15,"1,852.74","1,886.95","1,852.67","1,885.71","414,795,300"
2008-05-14,"1,841.44","1,848.02","1,828.07","1,843.75","297,692,500"
2008-05-13,"1,829.37","1,842.80","1,813.98","1,842.80","265,300,900"
2008-05-09,"1,854.73","1,854.73","1,818.27","1,823.70","280,073,300"
2008-05-08,"1,831.17","1,854.55","1,830.46","1,848.00","319,209,100"
2008-05-07,"1,863.77","1,868.09","1,839.76","1,854.01","384,071,600"
2008-05-06,"1,849.81","1,859.27","1,843.36","1,859.06","303,686,700"
2008-05-02,"1,851.64","1,851.64","1,843.14","1,848.27","267,832,500"
2008-04-30,"1,808.74","1,825.58","1,803.49","1,825.47","244,969,400"
2008-04-29,"1,829.01","1,831.23","1,803.08","1,811.51","272,357,600"
2008-04-28,"1,829.45","1,831.84","1,814.20","1,823.17","371,631,600"
2008-04-25,"1,809.00","1,825.83","1,809.00","1,824.68","328,040,300"
2008-04-24,"1,808.88","1,812.62","1,794.64","1,799.34","497,246,800"
2008-04-23,"1,784.23","1,809.02","1,784.23","1,800.79","340,431,800"
2008-04-22,"1,799.72","1,803.35","1,785.47","1,787.49","346,695,000"
2008-04-21,"1,793.19","1,802.81","1,791.40","1,800.48","299,017,000"
2008-04-18,"1,772.89","1,778.81","1,762.94","1,771.90","237,574,100"
2008-04-17,"1,782.51","1,783.85","1,765.59","1,768.67","265,021,600"
2008-04-16,"1,757.83","1,765.81","1,753.79","1,758.56","286,331,300"
2008-04-15,"1,749.29","1,754.30","1,734.13","1,742.17","238,471,100"
2008-04-14,"1,746.88","1,755.28","1,739.03","1,746.71","223,464,300"
2008-04-11,"1,768.13","1,779.92","1,759.29","1,779.71","272,362,000"
2008-04-10,"1,745.60","1,764.64","1,735.78","1,764.64","214,922,200"
2008-04-08,"1,770.98","1,770.98","1,749.64","1,754.71","267,226,900"
2008-04-07,"1,769.74","1,786.57","1,763.38","1,773.56","275,341,100"
2008-04-04,"1,762.94","1,768.06","1,756.74","1,766.49","256,796,600"
2008-04-03,"1,745.72","1,765.53","1,742.43","1,763.63","253,831,700"
2008-04-02,"1,738.64","1,743.54","1,734.42","1,742.19","326,486,900"
2008-04-01,"1,701.64","1,717.83","1,694.53","1,702.25","320,397,600"
2008-03-31,"1,705.17","1,709.31","1,685.19","1,703.99","291,721,100"
2008-03-28,"1,671.06","1,704.28","1,670.89","1,701.83","350,467,100"
2008-03-27,"1,671.98","1,677.31","1,660.45","1,676.24","257,893,800"
2008-03-26,"1,676.81","1,681.91","1,670.31","1,679.67","280,421,000"
2008-03-25,"1,676.74","1,680.77","1,667.93","1,674.93","319,949,800"
2008-03-24,"1,653.82","1,663.57","1,645.89","1,655.30","258,053,200"
2008-03-21,"1,644.05","1,645.78","1,634.51","1,645.69","283,934,900"
2008-03-20,"1,602.29","1,624.48","1,592.94","1,623.39","243,414,100"
2008-03-19,"1,626.28","1,632.68","1,614.96","1,622.23","280,387,800"
2008-03-18,"1,585.32","1,590.28","1,566.96","1,588.75","243,063,200"
2008-03-17,"1,588.53","1,588.53","1,537.53","1,574.44","298,745,000"
2008-03-14,"1,637.78","1,638.66","1,578.45","1,600.26","297,667,700"
2008-03-13,"1,657.21","1,657.21","1,609.17","1,615.62","309,590,600"
2008-03-12,"1,685.44","1,687.63","1,658.17","1,658.83","325,278,400"
2008-03-11,"1,605.31","1,643.66","1,602.35","1,641.48","279,827,100"
2008-03-10,"1,634.42","1,650.56","1,621.40","1,625.17","318,105,300"
2008-03-07,"1,682.17","1,682.17","1,650.74","1,663.97","304,211,100"
2008-03-06,"1,681.39","1,705.97","1,680.11","1,697.44","359,685,600"
2008-03-05,"1,680.63","1,687.20","1,667.87","1,677.10","263,574,700"
2008-03-04,"1,677.10","1,686.59","1,665.10","1,676.18","278,567,800"
2008-03-03,"1,676.30","1,676.30","1,657.79","1,671.73","237,089,900"
2008-02-29,"1,717.69","1,721.85","1,708.21","1,711.62","315,818,500"
2008-02-28,"1,726.08","1,739.60","1,713.25","1,736.17","257,437,200"
2008-02-27,"1,725.96","1,732.80","1,715.81","1,720.89","306,566,600"
2008-02-26,"1,724.55","1,726.47","1,704.50","1,709.13","283,720,900"
2008-02-25,"1,701.75","1,715.00","1,701.64","1,709.13","299,191,900"
2008-02-22,"1,687.63","1,687.63","1,670.69","1,686.45","281,412,400"
2008-02-21,"1,708.01","1,713.64","1,694.58","1,704.36","241,929,500"
2008-02-20,"1,704.66","1,718.15","1,683.70","1,687.91","321,609,400"
2008-02-19,"1,717.10","1,722.71","1,708.93","1,720.52","362,834,400"
2008-02-18,"1,701.75","1,714.20","1,681.02","1,696.24","374,014,000"
2008-02-15,"1,672.39","1,696.37","1,668.41","1,694.77","485,515,500"
2008-02-14,"1,660.45","1,697.45","1,660.45","1,697.45","503,946,300"
2008-02-13,"1,663.29","1,663.95","1,629.57","1,631.78","318,951,400"
2008-02-12,"1,653.60","1,654.62","1,641.05","1,643.29","291,250,000"
2008-02-11,"1,648.51","1,651.72","1,633.46","1,640.67","234,302,200"
2008-02-05,"1,686.20","1,697.99","1,680.39","1,696.57","253,903,400"
2008-02-04,"1,655.78","1,696.56","1,655.78","1,690.13","333,083,300"
2008-02-01,"1,645.05","1,648.97","1,619.65","1,634.53","308,087,300"
2008-01-31,"1,582.19","1,630.12","1,570.87","1,624.68","334,127,600"
2008-01-30,"1,653.00","1,653.20","1,578.29","1,589.06","380,515,100"
2008-01-29,"1,657.90","1,662.90","1,622.52","1,637.91","275,313,500"
2008-01-28,"1,668.07","1,674.47","1,620.90","1,627.19","259,312,700"
2008-01-25,"1,682.93","1,692.66","1,674.21","1,692.41","272,610,400"
2008-01-24,"1,663.36","1,675.69","1,649.00","1,663.00","270,632,900"
2008-01-23,"1,652.62","1,659.28","1,604.54","1,628.42","272,141,900"
2008-01-22,"1,628.92","1,636.06","1,578.37","1,609.02","316,867,100"
2008-01-21,"1,723.95","1,724.39","1,673.42","1,683.56","286,056,100"
2008-01-18,"1,689.28","1,737.42","1,684.39","1,734.72","287,708,800"
2008-01-17,"1,726.03","1,732.64","1,687.10","1,723.55","296,032,100"
2008-01-16,"1,715.97","1,735.51","1,701.32","1,704.97","295,614,000"
2008-01-15,"1,781.53","1,781.53","1,723.14","1,746.95","295,548,400"
2008-01-14,"1,781.00","1,790.69","1,754.13","1,765.88","249,323,900"
2008-01-11,"1,844.57","1,847.11","1,776.26","1,782.27","280,815,000"
2008-01-10,"1,847.94","1,855.07","1,824.78","1,824.78","315,477,300"
2008-01-09,"1,802.06","1,844.47","1,794.15","1,844.47","277,671,400"
2008-01-08,"1,838.64","1,840.62","1,818.69","1,826.23","296,573,500"
2008-01-07,"1,815.73","1,840.99","1,814.35","1,831.14","268,129,800"
2008-01-04,"1,853.54","1,869.76","1,824.41","1,863.90","299,084,400"
2008-01-03,"1,834.44","1,858.08","1,821.61","1,852.73","253,668,400"
2008-01-02,"1,891.45","1,892.50","1,852.78","1,853.45","247,085,900"
2007-12-28,"1,892.56","1,911.67","1,890.81","1,897.13","229,424,100"
2007-12-27,"1,901.93","1,915.19","1,891.29","1,908.62","235,851,200"
2007-12-26,"1,924.91","1,926.09","1,901.91","1,906.72","260,977,000"
2007-12-24,"1,899.20","1,921.39","1,894.79","1,919.47","317,065,100"
2007-12-21,"1,855.06","1,878.32","1,832.34","1,878.32","362,582,200"
2007-12-20,"1,878.59","1,882.61","1,843.73","1,844.37","401,817,300"
2007-12-18,"1,821.30","1,869.71","1,808.86","1,861.47","277,037,000"
2007-12-17,"1,873.15","1,886.39","1,839.58","1,839.82","282,471,900"
2007-12-14,"1,914.47","1,921.53","1,877.27","1,895.05","301,462,000"
2007-12-13,"1,921.65","1,937.50","1,897.25","1,915.90","328,586,000"
2007-12-12,"1,887.50","1,928.77","1,887.23","1,927.45","314,547,300"
2007-12-11,"1,922.66","1,929.71","1,904.21","1,925.07","264,530,800"
2007-12-10,"1,930.36","1,935.86","1,900.95","1,906.42","284,758,600"
2007-12-07,"1,969.49","1,969.56","1,934.32","1,934.32","361,150,100"
2007-12-06,"1,965.89","1,972.37","1,946.13","1,953.17","339,167,200"
2007-12-05,"1,911.92","1,945.03","1,905.65","1,938.20","310,280,600"
2007-12-04,"1,904.33","1,921.83","1,901.51","1,917.83","288,561,000"
2007-12-03,"1,907.95","1,912.71","1,888.08","1,902.43","291,553,600"
2007-11-30,"1,886.58","1,918.12","1,884.92","1,906.00","339,307,800"
2007-11-29,"1,885.32","1,891.45","1,871.59","1,877.56","347,703,900"
2007-11-28,"1,881.86","1,883.99","1,833.80","1,834.69","324,836,700"
2007-11-27,"1,813.09","1,865.69","1,787.95","1,859.79","338,311,800"
2007-11-26,"1,803.76","1,855.33","1,795.00","1,855.33","290,918,900"
2007-11-23,"1,806.02","1,820.61","1,745.26","1,772.88","326,672,000"
2007-11-22,"1,790.25","1,815.33","1,771.39","1,799.02","306,221,200"
2007-11-21,"1,865.91","1,875.98","1,803.77","1,806.99","307,454,400"
2007-11-20,"1,853.41","1,875.46","1,819.18","1,872.24","331,755,100"
2007-11-19,"1,936.38","1,936.50","1,892.87","1,893.47","292,323,700"
2007-11-16,"1,916.88","1,928.93","1,890.25","1,926.20","304,256,300"
2007-11-15,"1,970.13","1,985.38","1,932.03","1,947.74","367,679,000"
2007-11-14,"1,982.93","1,984.84","1,956.90","1,972.58","362,093,800"
2007-11-13,"1,928.78","1,935.93","1,887.76","1,932.89","394,895,000"
2007-11-12,"1,957.78","1,957.78","1,901.87","1,923.42","312,693,700"
2007-11-09,"2,001.11","2,017.37","1,968.86","1,990.47","366,607,700"
2007-11-08,"2,009.64","2,022.61","1,971.95","1,979.56","330,635,900"
2007-11-07,"2,074.18","2,085.03","2,043.19","2,043.19","339,566,000"
2007-11-06,"2,023.41","2,055.53","2,020.24","2,054.24","312,248,300"
2007-11-05,"2,025.04","2,027.21","1,992.24","2,015.76","300,209,600"
2007-11-02,"2,014.65","2,049.62","2,014.65","2,019.34","388,387,200"
2007-11-01,"2,085.33","2,085.45","2,048.68","2,063.14","401,962,900"
2007-10-31,"2,052.60","2,065.53","2,043.93","2,064.85","365,438,700"
2007-10-30,"2,058.78","2,066.00","2,037.75","2,052.37","402,154,200"
2007-10-29,"2,051.62","2,070.86","2,044.09","2,062.92","481,228,300"
2007-10-26,"1,987.20","2,028.07","1,968.82","2,028.06","438,858,100"
2007-10-25,"1,967.08","1,982.19","1,941.05","1,976.75","453,612,100"
2007-10-24,"1,966.55","2,003.20","1,923.07","1,933.36","481,127,500"
2007-10-23,"1,936.92","1,952.32","1,909.61","1,947.98","371,171,100"
2007-10-22,"1,901.15","1,910.19","1,875.23","1,903.81","354,483,300"
2007-10-19,"2,003.27","2,003.27","1,970.10","1,970.10","390,278,200"
2007-10-18,"1,989.60","2,012.32","1,977.50","2,005.09","426,884,700"
2007-10-17,"2,000.39","2,009.67","1,933.82","1,983.94","507,309,700"
2007-10-16,"2,014.36","2,042.84","2,001.30","2,005.76","548,706,100"
2007-10-15,"2,043.93","2,047.02","2,012.04","2,035.39","383,873,500"
2007-10-12,"2,047.67","2,057.39","2,020.80","2,026.44","456,901,300"
2007-10-11,"2,040.35","2,058.87","2,033.45","2,058.85","519,170,300"
2007-10-10,"2,033.69","2,044.78","2,026.90","2,041.12","368,707,700"
2007-10-09,"2,014.94","2,022.87","1,995.05","2,014.13","471,522,300"
2007-10-08,"2,020.34","2,022.01","2,002.43","2,012.82","504,195,200"
2007-10-05,"2,007.84","2,009.68","1,990.82","1,996.03","380,390,200"
2007-10-04,"1,998.56","2,013.21","1,992.01","2,003.60","462,563,200"
2007-10-02,"1,991.00","2,014.96","1,981.64","2,014.09","473,922,300"
2007-10-01,"1,948.78","1,970.11","1,946.13","1,962.67","436,096,700"
2007-09-28,"1,950.99","1,951.18","1,936.86","1,946.48","541,690,400"
2007-09-27,"1,944.87","1,952.39","1,935.02","1,945.28","394,523,000"
2007-09-21,"1,909.37","1,921.23","1,902.11","1,919.26","440,059,300"
2007-09-20,"1,902.23","1,915.19","1,894.76","1,908.97","441,854,400"
2007-09-19,"1,892.78","1,905.75","1,886.95","1,902.65","480,112,300"
2007-09-18,"1,867.61","1,870.83","1,837.22","1,838.61","403,834,700"
2007-09-17,"1,873.65","1,876.04","1,853.45","1,871.68","315,811,300"
2007-09-14,"1,856.17","1,875.95","1,849.37","1,870.02","373,100,600"
2007-09-13,"1,817.87","1,848.99","1,805.88","1,848.02","338,424,500"
2007-09-12,"1,853.94","1,855.31","1,813.33","1,813.52","433,936,400"
2007-09-11,"1,844.68","1,851.35","1,827.90","1,847.36","420,500,000"
2007-09-10,"1,845.59","1,846.82","1,811.34","1,835.87","360,190,600"
2007-09-07,"1,886.60","1,899.04","1,869.56","1,884.90","392,540,500"
2007-09-06,"1,862.00","1,889.06","1,844.64","1,888.81","447,294,200"
2007-09-05,"1,883.83","1,898.67","1,859.52","1,865.59","382,864,900"
2007-09-04,"1,881.17","1,899.66","1,871.87","1,874.74","425,710,800"
2007-09-03,"1,876.92","1,881.92","1,863.21","1,881.81","385,653,100"
2007-08-31,"1,844.28","1,873.35","1,844.09","1,873.24","360,373,500"
2007-08-30,"1,859.45","1,866.32","1,836.09","1,841.70","423,271,200"
2007-08-29,"1,773.59","1,831.23","1,773.05","1,826.19","385,910,900"
2007-08-28,"1,806.58","1,829.43","1,792.07","1,829.31","414,125,500"
2007-08-27,"1,825.97","1,834.65","1,802.58","1,803.03","366,028,400"
2007-08-24,"1,793.17","1,802.71","1,775.07","1,791.33","376,031,900"
2007-08-23,"1,801.48","1,816.19","1,795.07","1,799.72","394,699,300"
2007-08-22,"1,741.93","1,764.61","1,737.06","1,759.50","402,644,700"
2007-08-21,"1,740.85","1,764.25","1,721.18","1,736.18","458,897,400"
2007-08-20,"1,700.48","1,732.39","1,693.42","1,731.27","366,720,100"
2007-08-17,"1,702.66","1,705.17","1,626.87","1,638.07","493,204,300"
2007-08-16,"1,754.19","1,755.32","1,681.71","1,691.98","508,224,300"
2007-08-14,"1,841.15","1,857.13","1,801.07","1,817.89","405,732,300"
2007-08-13,"1,840.89","1,849.31","1,820.96","1,849.26","330,052,100"
2007-08-10,"1,853.22","1,854.62","1,814.30","1,828.49","388,049,200"
2007-08-09,"1,923.99","1,928.64","1,899.32","1,908.68","413,873,300"
2007-08-08,"1,879.61","1,905.22","1,873.99","1,903.41","381,958,600"
2007-08-07,"1,888.58","1,888.76","1,849.68","1,859.82","315,654,000"
2007-08-06,"1,832.54","1,855.36","1,829.22","1,855.05","325,170,200"
2007-08-03,"1,875.07","1,890.63","1,865.75","1,876.80","350,261,900"
2007-08-02,"1,874.98","1,890.81","1,810.62","1,853.07","371,814,500"
2007-08-01,"1,920.07","1,920.07","1,836.28","1,856.45","389,622,900"
2007-07-31,"1,915.45","1,933.27","1,899.56","1,933.27","373,768,300"
2007-07-30,"1,874.08","1,906.71","1,859.12","1,906.71","386,209,600"
2007-07-27,"1,924.01","1,924.11","1,863.39","1,883.22","517,224,100"
2007-07-26,"2,012.04","2,015.48","1,963.46","1,963.54","617,007,200"
2007-07-25,"1,992.16","2,011.17","1,962.16","2,004.22","588,350,300"
2007-07-24,"2,001.52","2,005.02","1,975.75","1,992.26","589,377,700"
2007-07-23,"1,978.05","1,993.97","1,968.55","1,993.05","538,578,300"
2007-07-20,"1,949.50","1,983.54","1,939.69","1,983.54","638,754,400"
2007-07-19,"1,935.10","1,950.86","1,922.14","1,937.90","586,289,400"
2007-07-18,"1,953.25","1,956.82","1,930.51","1,930.70","634,998,900"
2007-07-16,"1,965.66","1,972.33","1,932.86","1,949.51","519,502,900"
2007-07-13,"1,946.08","1,962.94","1,941.55","1,962.93","507,569,800"
2007-07-12,"1,897.59","1,922.25","1,897.59","1,909.75","445,537,300"
2007-07-11,"1,880.71","1,904.35","1,875.43","1,889.96","473,883,200"
2007-07-10,"1,887.35","1,895.98","1,881.36","1,894.53","406,270,600"
2007-07-09,"1,870.35","1,890.83","1,865.79","1,883.59","430,588,200"
2007-07-06,"1,855.03","1,863.01","1,838.75","1,861.01","414,382,100"
2007-07-05,"1,841.56","1,865.52","1,836.93","1,847.79","534,044,800"
2007-07-04,"1,815.77","1,838.82","1,814.44","1,838.41","417,011,000"
2007-07-03,"1,791.69","1,806.06","1,787.45","1,805.50","401,957,000"
2007-07-02,"1,741.41","1,771.39","1,736.63","1,771.35","302,331,300"
2007-06-29,"1,755.84","1,766.25","1,742.88","1,743.60","281,675,500"
2007-06-28,"1,745.82","1,752.24","1,737.93","1,751.75","282,804,300"
2007-06-27,"1,749.01","1,749.01","1,724.82","1,733.10","306,932,200"
2007-06-26,"1,762.48","1,768.69","1,732.44","1,749.55","401,034,100"
2007-06-25,"1,754.20","1,785.87","1,747.86","1,757.73","394,468,700"
2007-06-22,"1,801.20","1,802.43","1,759.95","1,770.98","531,617,700"
2007-06-21,"1,775.48","1,802.91","1,770.17","1,794.24","579,501,600"
2007-06-20,"1,812.82","1,813.05","1,778.26","1,783.79","685,989,900"
2007-06-19,"1,813.53","1,813.84","1,797.18","1,807.85","650,869,300"
2007-06-18,"1,786.29","1,807.51","1,784.44","1,806.88","613,244,900"
2007-06-15,"1,772.03","1,776.80","1,762.22","1,772.26","539,961,200"
2007-06-14,"1,742.12","1,769.18","1,740.70","1,769.18","580,495,600"
2007-06-13,"1,721.37","1,732.57","1,714.76","1,721.99","715,327,300"
2007-06-12,"1,714.54","1,730.63","1,712.13","1,729.88","431,747,100"
2007-06-11,"1,740.46","1,742.86","1,709.96","1,716.56","475,878,100"
2007-06-08,"1,735.96","1,739.14","1,717.18","1,727.28","503,237,500"
2007-06-07,"1,722.47","1,753.24","1,717.30","1,753.04","496,218,100"
2007-06-05,"1,735.87","1,745.99","1,721.02","1,742.19","488,031,300"
2007-06-04,"1,734.27","1,744.02","1,713.50","1,737.59","465,229,500"
2007-06-01,"1,712.97","1,745.39","1,707.75","1,716.24","615,433,700"
2007-05-31,"1,683.35","1,702.01","1,677.78","1,700.91","497,058,700"
2007-05-30,"1,661.83","1,662.72","1,638.03","1,662.72","488,636,300"
2007-05-29,"1,663.32","1,666.85","1,653.24","1,661.80","495,105,400"
2007-05-28,"1,650.53","1,658.43","1,646.15","1,657.91","379,269,400"
2007-05-25,"1,629.18","1,645.08","1,627.59","1,644.56","375,034,000"
2007-05-23,"1,647.44","1,651.61","1,638.36","1,646.59","447,334,300"
2007-05-22,"1,634.09","1,643.11","1,627.01","1,642.88","529,315,600"
2007-05-21,"1,602.64","1,628.68","1,602.64","1,628.20","512,785,500"
2007-05-18,"1,613.12","1,617.77","1,600.24","1,612.25","454,777,400"
2007-05-17,"1,614.00","1,616.00","1,608.21","1,615.58","450,568,700"
2007-05-16,"1,591.07","1,600.72","1,586.00","1,600.60","417,084,300"
2007-05-15,"1,600.91","1,611.93","1,589.24","1,589.37","480,250,800"
2007-05-14,"1,612.73","1,622.16","1,599.87","1,605.77","477,817,400"
2007-05-11,"1,588.09","1,604.63","1,582.76","1,603.56","373,583,600"
2007-05-10,"1,602.56","1,616.06","1,599.68","1,599.68","408,579,100"
2007-05-09,"1,582.91","1,593.42","1,578.58","1,593.42","358,531,400"
2007-05-08,"1,585.52","1,589.07","1,577.18","1,582.65","384,029,200"
2007-05-07,"1,574.86","1,585.70","1,574.86","1,584.46","434,480,200"
2007-05-04,"1,563.16","1,567.74","1,556.62","1,567.74","254,508,300"
2007-05-03,"1,563.42","1,564.01","1,555.28","1,559.86","249,677,900"
2007-05-02,"1,550.39","1,555.62","1,546.60","1,553.30","274,336,000"
2007-04-30,"1,538.69","1,542.25","1,530.67","1,542.24","315,970,600"
2007-04-27,"1,547.20","1,553.23","1,537.37","1,542.52","356,441,700"
2007-04-26,"1,560.22","1,565.03","1,553.13","1,553.13","391,552,100"
2007-04-25,"1,558.20","1,558.72","1,536.12","1,545.55","445,538,300"
2007-04-24,"1,545.61","1,557.65","1,538.11","1,556.71","393,475,400"
2007-04-23,"1,545.45","1,554.50","1,538.33","1,544.35","386,979,600"
2007-04-20,"1,518.58","1,533.09","1,518.58","1,533.08","397,530,600"
2007-04-19,"1,536.89","1,537.43","1,506.14","1,513.66","363,738,700"
2007-04-18,"1,532.57","1,538.29","1,530.02","1,534.58","352,532,000"
2007-04-17,"1,538.89","1,538.89","1,524.33","1,528.66","422,556,200"
2007-04-16,"1,523.89","1,533.09","1,519.30","1,532.04","462,199,300"
2007-04-13,"1,523.82","1,526.09","1,512.36","1,520.78","426,238,400"
2007-04-12,"1,510.27","1,525.61","1,507.56","1,525.61","360,181,700"
2007-04-11,"1,508.68","1,519.31","1,507.57","1,513.42","386,765,400"
2007-04-10,"1,500.79","1,502.34","1,492.35","1,499.16","359,301,400"
2007-04-09,"1,489.79","1,501.06","1,489.13","1,501.06","388,207,600"
2007-04-06,"1,487.73","1,488.58","1,477.69","1,484.15","313,663,400"
2007-04-05,"1,485.53","1,485.77","1,478.45","1,482.04","328,412,700"
2007-04-04,"1,474.65","1,484.86","1,471.05","1,483.41","353,988,700"
2007-04-03,"1,463.41","1,464.48","1,452.56","1,463.75","340,652,400"
2007-04-02,"1,456.19","1,464.93","1,456.06","1,459.53","303,521,900"
2007-03-30,"1,457.58","1,459.69","1,447.85","1,452.55","288,432,700"
2007-03-29,"1,434.58","1,453.11","1,432.80","1,450.95","283,080,600"
2007-03-28,"1,451.47","1,456.78","1,433.12","1,439.74","297,972,600"
2007-03-27,"1,450.02","1,456.39","1,442.49","1,453.23","259,867,400"
2007-03-26,"1,451.12","1,455.51","1,444.25","1,449.77","312,613,400"
2007-03-23,"1,449.99","1,454.34","1,443.04","1,447.38","278,884,100"
2007-03-22,"1,452.13","1,456.18","1,447.79","1,448.53","301,021,300"
2007-03-21,"1,446.07","1,452.05","1,435.36","1,442.85","342,963,700"
2007-03-20,"1,449.43","1,449.79","1,440.42","1,444.17","364,484,600"
2007-03-19,"1,425.22","1,444.76","1,420.89","1,443.39","280,843,100"
2007-03-16,"1,428.63","1,431.75","1,416.30","1,427.88","304,139,400"
2007-03-15,"1,418.77","1,429.38","1,414.98","1,426.93","254,363,600"
2007-03-14,"1,409.66","1,416.80","1,405.13","1,407.37","259,289,300"
2007-03-13,"1,441.60","1,442.04","1,433.67","1,436.05","256,424,600"
2007-03-12,"1,429.68","1,441.83","1,429.68","1,441.33","245,053,500"
2007-03-09,"1,433.27","1,434.70","1,415.71","1,423.58","227,388,000"
2007-03-08,"1,409.02","1,433.15","1,408.34","1,423.89","285,796,900"
2007-03-07,"1,415.35","1,415.50","1,397.83","1,410.95","254,195,300"
2007-03-06,"1,382.70","1,403.75","1,382.70","1,402.93","239,219,100"
2007-03-05,"1,400.80","1,404.23","1,375.84","1,376.15","232,595,000"
2007-03-02,"1,407.19","1,423.58","1,406.63","1,414.47","243,110,200"
2007-02-28,"1,396.44","1,417.34","1,393.96","1,417.34","324,108,800"
2007-02-27,"1,468.28","1,468.28","1,453.85","1,454.60","261,582,700"
2007-02-26,"1,466.92","1,470.95","1,462.19","1,470.03","261,756,500"
2007-02-23,"1,470.44","1,471.04","1,459.81","1,469.88","310,566,800"
2007-02-22,"1,452.71","1,471.04","1,452.62","1,465.41","310,280,800"
2007-02-21,"1,455.18","1,457.37","1,444.84","1,451.38","258,240,200"
2007-02-20,"1,450.96","1,453.25","1,443.97","1,452.96","220,471,000"
2007-02-16,"1,444.46","1,448.96","1,439.03","1,448.81","207,157,000"
2007-02-15,"1,450.55","1,450.84","1,441.79","1,443.63","216,082,500"
2007-02-14,"1,430.02","1,440.51","1,430.01","1,436.10","214,653,000"
2007-02-13,"1,412.72","1,424.66","1,410.81","1,418.44","219,251,200"
2007-02-12,"1,416.84","1,416.84","1,403.75","1,414.29","209,291,000"
2007-02-09,"1,424.49","1,432.29","1,422.97","1,427.68","227,566,700"
2007-02-08,"1,424.99","1,431.01","1,416.05","1,423.58","189,043,200"
2007-02-07,"1,430.85","1,431.25","1,419.48","1,426.29","193,224,700"
2007-02-06,"1,416.65","1,428.91","1,414.58","1,428.58","188,881,700"
2007-02-05,"1,413.77","1,420.42","1,409.71","1,417.95","181,594,900"
2007-02-02,"1,386.78","1,413.34","1,386.06","1,413.14","219,152,000"
2007-02-01,"1,367.07","1,382.90","1,362.04","1,382.90","168,200,900"
2007-01-31,"1,374.76","1,374.76","1,357.87","1,360.23","192,326,700"
2007-01-30,"1,365.00","1,371.59","1,360.42","1,370.72","161,252,800"
2007-01-29,"1,376.48","1,378.28","1,361.23","1,363.10","136,329,000"
2007-01-26,"1,372.36","1,378.48","1,366.10","1,371.33","160,882,700"
2007-01-25,"1,392.55","1,392.55","1,379.66","1,382.36","157,048,600"
2007-01-24,"1,369.96","1,383.75","1,369.02","1,383.06","197,926,400"
2007-01-23,"1,353.06","1,367.03","1,352.50","1,363.09","184,014,900"
2007-01-22,"1,363.84","1,364.67","1,348.46","1,363.41","190,989,700"
2007-01-19,"1,369.09","1,372.63","1,356.22","1,360.56","222,672,400"
2007-01-18,"1,378.37","1,385.22","1,372.93","1,383.21","181,231,500"
2007-01-17,"1,391.75","1,391.75","1,369.08","1,379.48","205,372,800"
2007-01-16,"1,392.00","1,393.42","1,385.20","1,389.71","171,336,100"
2007-01-15,"1,396.87","1,397.64","1,385.81","1,390.96","163,884,700"
2007-01-12,"1,379.00","1,389.00","1,372.87","1,388.37","213,766,200"
2007-01-11,"1,357.57","1,375.31","1,355.63","1,365.31","211,751,100"
2007-01-10,"1,372.52","1,372.52","1,345.08","1,355.79","225,461,600"
2007-01-09,"1,376.71","1,381.99","1,367.74","1,374.34","216,844,000"
2007-01-08,"1,376.76","1,384.65","1,366.48","1,370.81","177,591,500"
2007-01-05,"1,398.60","1,400.59","1,372.36","1,385.76","277,291,800"
2007-01-04,"1,410.55","1,411.12","1,388.50","1,397.29","241,172,400"
2007-01-03,"1,436.42","1,437.79","1,409.31","1,409.35","203,207,800"
2007-01-02,"1,438.89","1,439.71","1,430.06","1,435.26","147,738,800"
2006-12-28,"1,433.63","1,437.48","1,425.84","1,434.46","160,604,200"
2006-12-27,"1,426.80","1,429.84","1,418.77","1,425.10","175,940,000"
2006-12-26,"1,434.58","1,441.21","1,422.37","1,433.92","218,666,400"
2006-12-22,"1,432.03","1,439.27","1,432.03","1,437.49","218,348,500"
2006-12-21,"1,444.41","1,445.51","1,434.47","1,436.47","193,026,000"
2006-12-20,"1,429.77","1,445.50","1,429.77","1,442.28","240,498,500"
2006-12-19,"1,431.07","1,436.40","1,425.60","1,427.76","215,448,500"
2006-12-18,"1,427.14","1,437.64","1,427.14","1,433.23","244,628,800"
2006-12-15,"1,418.53","1,425.78","1,412.17","1,421.87","319,547,600"
2006-12-14,"1,385.50","1,418.38","1,376.87","1,418.38","250,160,400"
2006-12-13,"1,375.31","1,386.69","1,373.52","1,383.28","186,913,100"
2006-12-12,"1,392.22","1,392.90","1,373.03","1,376.98","195,341,700"
2006-12-11,"1,390.26","1,396.15","1,389.65","1,390.73","213,259,900"
2006-12-08,"1,400.98","1,400.98","1,386.26","1,390.43","221,668,900"
2006-12-07,"1,411.73","1,416.13","1,407.66","1,410.30","237,406,800"
2006-12-06,"1,422.75","1,423.07","1,399.68","1,413.73","237,546,200"
2006-12-05,"1,432.97","1,436.69","1,420.40","1,420.59","300,827,300"
2006-12-04,"1,431.01","1,433.28","1,426.34","1,426.46","197,279,100"
2006-12-01,"1,433.40","1,436.80","1,428.24","1,434.36","231,104,000"
2006-11-30,"1,427.67","1,434.85","1,427.67","1,432.21","252,191,600"
2006-11-29,"1,413.91","1,424.91","1,413.54","1,422.55","254,273,900"
2006-11-28,"1,407.52","1,413.71","1,404.67","1,411.47","252,352,000"
2006-11-27,"1,419.80","1,425.13","1,415.22","1,425.13","297,935,700"
2006-11-24,"1,419.99","1,424.82","1,411.27","1,421.73","314,623,000"
2006-11-23,"1,419.51","1,424.33","1,414.80","1,419.23","237,547,700"
2006-11-22,"1,405.34","1,422.54","1,405.21","1,422.54","247,167,300"
2006-11-21,"1,402.75","1,406.58","1,399.97","1,405.90","277,287,900"
2006-11-20,"1,413.74","1,413.88","1,400.83","1,402.21","232,530,700"
2006-11-17,"1,414.17","1,416.40","1,407.26","1,412.22","250,382,900"
2006-11-16,"1,417.68","1,417.68","1,409.22","1,410.75","259,276,900"
2006-11-15,"1,412.07","1,413.69","1,406.86","1,412.54","236,746,500"
2006-11-14,"1,402.92","1,407.54","1,400.74","1,407.37","205,371,300"
2006-11-13,"1,399.51","1,399.98","1,386.76","1,396.69","178,608,200"
2006-11-10,"1,393.88","1,399.87","1,391.69","1,395.73","168,512,100"
2006-11-09,"1,382.40","1,399.44","1,382.11","1,399.44","197,535,000"
2006-11-08,"1,391.23","1,393.51","1,379.34","1,380.07","197,670,300"
2006-11-07,"1,389.12","1,392.51","1,385.41","1,387.44","213,063,400"
2006-11-06,"1,379.37","1,379.37","1,363.71","1,379.19","209,560,800"
2006-11-03,"1,385.17","1,385.39","1,379.26","1,383.88","215,318,800"
2006-11-02,"1,371.51","1,383.73","1,370.30","1,383.73","218,346,100"
2006-11-01,"1,372.03","1,378.11","1,366.60","1,374.35","233,251,800"
2006-10-31,"1,356.91","1,364.83","1,351.08","1,364.55","255,789,100"
2006-10-30,"1,363.34","1,363.34","1,353.46","1,356.11","159,718,900"
2006-10-27,"1,378.06","1,379.51","1,362.44","1,369.09","205,034,100"
2006-10-26,"1,373.99","1,377.40","1,369.66","1,373.65","241,700,100"
2006-10-25,"1,368.36","1,375.01","1,365.80","1,371.43","231,825,100"
2006-10-24,"1,373.57","1,374.43","1,364.07","1,366.50","244,727,900"
2006-10-23,"1,367.14","1,369.85","1,358.93","1,364.95","240,373,800"
2006-10-20,"1,357.37","1,366.94","1,357.14","1,364.24","269,190,200"
2006-10-19,"1,356.61","1,358.95","1,350.36","1,354.06","295,221,600"
2006-10-18,"1,345.60","1,355.92","1,338.00","1,354.26","279,679,500"
2006-10-17,"1,360.56","1,360.56","1,339.89","1,351.30","308,567,400"
2006-10-16,"1,356.59","1,358.88","1,350.80","1,356.72","208,576,900"
2006-10-13,"1,349.50","1,353.93","1,345.97","1,348.60","305,316,700"
2006-10-12,"1,325.70","1,337.70","1,323.80","1,331.78","256,985,600"
2006-10-11,"1,317.68","1,332.28","1,315.84","1,325.49","198,428,600"
2006-10-10,"1,322.44","1,334.41","1,322.44","1,328.37","251,539,600"
2006-10-09,"1,356.59","1,365.01","1,303.62","1,319.40","400,255,500"
2006-10-04,"1,366.16","1,371.72","1,345.83","1,352.00","223,065,500"
2006-10-02,"1,370.27","1,380.91","1,367.74","1,374.22","231,198,300"
2006-09-29,"1,375.38","1,377.37","1,367.78","1,371.41","248,282,000"
2006-09-28,"1,362.72","1,372.22","1,359.47","1,371.43","228,240,200"
2006-09-27,"1,352.22","1,361.12","1,351.83","1,360.03","242,744,800"
2006-09-26,"1,360.88","1,361.56","1,338.98","1,343.97","241,627,700"
2006-09-25,"1,347.88","1,357.69","1,345.56","1,355.21","201,956,800"
2006-09-22,"1,358.45","1,360.18","1,343.27","1,348.38","250,124,700"
2006-09-21,"1,373.35","1,378.79","1,363.48","1,366.79","237,537,200"
2006-09-20,"1,366.51","1,369.18","1,355.04","1,366.44","233,742,600"
2006-09-19,"1,375.23","1,378.99","1,370.44","1,373.95","237,298,100"
2006-09-18,"1,360.66","1,378.04","1,358.57","1,374.30","305,450,200"
2006-09-15,"1,355.08","1,361.20","1,351.26","1,361.10","342,889,300"
2006-09-14,"1,333.66","1,358.75","1,329.11","1,358.75","288,839,600"
2006-09-13,"1,341.62","1,342.38","1,332.87","1,333.13","249,303,200"
2006-09-12,"1,334.35","1,339.31","1,323.90","1,328.04","266,773,200"
2006-09-11,"1,357.29","1,357.29","1,333.84","1,334.08","248,049,600"
2006-09-08,"1,345.61","1,358.10","1,344.68","1,354.89","260,043,500"
2006-09-07,"1,351.55","1,353.67","1,342.57","1,351.17","251,102,300"
2006-09-06,"1,362.45","1,364.86","1,353.55","1,357.01","219,140,700"
2006-09-05,"1,360.97","1,362.47","1,356.29","1,361.24","235,655,400"
2006-09-04,"1,363.69","1,365.08","1,359.04","1,359.06","238,692,500"
2006-09-01,"1,354.77","1,357.01","1,349.63","1,356.67","215,901,100"
2006-08-31,"1,348.05","1,361.48","1,344.57","1,352.74","279,257,100"
2006-08-30,"1,346.69","1,346.99","1,337.96","1,341.35","257,237,300"
2006-08-29,"1,336.40","1,345.30","1,336.40","1,344.61","261,284,000"
2006-08-28,"1,329.90","1,335.64","1,325.04","1,327.89","189,855,000"
2006-08-25,"1,317.65","1,333.89","1,317.16","1,329.35","201,747,800"
2006-08-24,"1,322.16","1,322.22","1,309.55","1,315.73","192,323,900"
2006-08-23,"1,332.52","1,333.13","1,319.95","1,324.95","208,087,100"
2006-08-22,"1,321.76","1,336.11","1,321.76","1,334.96","185,508,100"
2006-08-21,"1,333.26","1,337.70","1,316.51","1,321.67","189,260,600"
2006-08-18,"1,330.06","1,336.38","1,324.62","1,331.10","192,914,400"
2006-08-17,"1,325.74","1,335.41","1,325.74","1,327.78","225,534,800"
2006-08-16,"1,311.56","1,319.48","1,306.45","1,315.61","231,678,500"
2006-08-14,"1,295.43","1,303.89","1,287.65","1,295.11","176,474,200"
2006-08-11,"1,312.18","1,317.19","1,291.90","1,292.10","226,689,000"
2006-08-10,"1,310.94","1,314.76","1,293.53","1,304.31","224,418,100"
2006-08-09,"1,306.99","1,321.55","1,297.28","1,314.93","195,817,100"
2006-08-08,"1,290.56","1,311.10","1,290.56","1,311.10","197,973,500"
2006-08-07,"1,308.36","1,308.59","1,289.23","1,289.54","161,898,900"
2006-08-04,"1,296.50","1,305.80","1,296.50","1,304.51","189,519,500"
2006-08-03,"1,302.45","1,304.77","1,288.03","1,292.05","182,403,700"
2006-08-02,"1,281.92","1,295.11","1,277.31","1,295.11","156,721,400"
2006-08-01,"1,296.71","1,306.91","1,286.43","1,287.36","186,834,800"
2006-07-31,"1,313.91","1,316.12","1,297.82","1,297.82","173,375,000"
2006-07-28,"1,293.02","1,301.69","1,292.52","1,297.07","194,446,400"
2006-07-27,"1,280.65","1,299.80","1,277.19","1,296.27","208,569,500"
2006-07-26,"1,284.59","1,286.22","1,277.08","1,279.08","152,765,500"
2006-07-25,"1,278.27","1,287.48","1,276.59","1,279.77","195,200,100"
2006-07-24,"1,258.87","1,267.63","1,245.98","1,263.35","155,833,800"
2006-07-21,"1,260.25","1,271.58","1,259.32","1,271.33","180,752,200"
2006-07-20,"1,264.03","1,273.42","1,260.89","1,273.30","212,460,800"
2006-07-19,"1,236.26","1,244.58","1,231.05","1,233.65","178,604,300"
2006-07-18,"1,241.57","1,243.58","1,233.08","1,233.42","188,801,400"
2006-07-14,"1,261.24","1,261.24","1,246.65","1,255.13","197,528,800"
2006-07-13,"1,283.83","1,299.07","1,273.13","1,285.02","186,871,800"
2006-07-12,"1,302.99","1,311.27","1,291.61","1,296.69","200,706,200"
2006-07-11,"1,296.06","1,301.95","1,289.12","1,300.44","185,853,100"
2006-07-10,"1,265.58","1,299.41","1,260.75","1,299.29","215,414,700"
2006-07-07,"1,274.25","1,278.94","1,267.99","1,273.93","191,851,700"
2006-07-06,"1,270.82","1,277.32","1,255.02","1,263.96","180,430,000"
2006-07-05,"1,260.69","1,286.47","1,259.62","1,279.85","192,705,000"
2006-07-04,"1,304.45","1,305.67","1,285.26","1,285.92","190,721,300"
2006-07-03,"1,294.57","1,298.04","1,284.63","1,294.61","181,039,300"
2006-06-30,"1,290.37","1,295.43","1,287.15","1,295.15","226,999,600"
2006-06-29,"1,247.80","1,267.90","1,247.80","1,263.02","205,096,400"
2006-06-28,"1,226.59","1,238.74","1,223.11","1,238.71","165,952,000"
2006-06-27,"1,245.44","1,253.41","1,242.68","1,247.54","196,452,900"
2006-06-26,"1,227.00","1,239.54","1,221.65","1,238.05","225,966,800"
2006-06-23,"1,226.27","1,228.96","1,210.99","1,228.62","187,619,900"
2006-06-22,"1,246.19","1,248.28","1,236.15","1,238.83","227,952,400"
2006-06-21,"1,229.29","1,232.63","1,216.10","1,227.19","188,199,000"
2006-06-20,"1,244.50","1,244.56","1,221.13","1,225.83","201,141,500"
2006-06-19,"1,254.59","1,260.22","1,242.20","1,251.67","166,261,500"
2006-06-16,"1,246.11","1,264.87","1,245.81","1,262.19","234,036,100"
2006-06-15,"1,232.72","1,239.86","1,213.09","1,219.40","196,279,900"
2006-06-14,"1,194.46","1,230.02","1,192.09","1,221.73","210,747,700"
2006-06-13,"1,215.55","1,218.39","1,201.60","1,203.86","189,712,900"
2006-06-12,"1,229.96","1,239.84","1,219.18","1,239.84","194,882,100"
2006-06-09,"1,236.80","1,240.05","1,217.76","1,235.65","230,379,300"
2006-06-08,"1,259.39","1,262.36","1,223.13","1,223.13","272,299,300"
2006-06-07,"1,273.07","1,279.27","1,262.87","1,266.84","243,225,800"
2006-06-05,"1,315.77","1,315.77","1,295.59","1,301.62","207,499,100"
2006-06-02,"1,312.77","1,314.77","1,285.43","1,309.04","248,486,800"
2006-06-01,"1,308.44","1,319.05","1,294.92","1,295.09","238,045,600"
2006-05-30,"1,329.40","1,330.60","1,311.30","1,317.70","219,732,400"
2006-05-29,"1,333.59","1,340.33","1,327.53","1,329.22","224,009,100"
2006-05-26,"1,315.10","1,326.34","1,312.75","1,322.43","235,586,800"
2006-05-25,"1,333.63","1,333.65","1,295.47","1,295.76","213,557,300"
2006-05-24,"1,325.94","1,335.09","1,303.67","1,333.38","249,758,400"
2006-05-23,"1,323.98","1,334.85","1,314.59","1,329.86","256,194,800"
2006-05-22,"1,375.95","1,376.08","1,338.37","1,338.59","244,384,300"
2006-05-19,"1,364.18","1,372.29","1,346.31","1,372.29","291,358,400"
2006-05-18,"1,360.76","1,366.78","1,356.04","1,365.15","355,782,800"
2006-05-17,"1,386.93","1,403.68","1,386.93","1,401.47","270,247,700"
2006-05-16,"1,415.81","1,416.45","1,373.52","1,382.11","285,855,400"
2006-05-15,"1,424.58","1,424.58","1,406.88","1,413.98","250,685,100"
2006-05-12,"1,448.57","1,454.14","1,429.92","1,445.20","260,776,200"
2006-05-11,"1,448.30","1,464.70","1,445.86","1,464.70","273,369,500"
2006-05-10,"1,449.72","1,455.83","1,441.81","1,451.09","270,623,500"
2006-05-09,"1,452.01","1,461.20","1,446.80","1,450.44","275,914,400"
2006-05-08,"1,459.39","1,461.05","1,449.75","1,452.23","257,203,400"
2006-05-04,"1,436.60","1,441.46","1,424.72","1,441.02","266,810,300"
2006-05-03,"1,440.85","1,453.50","1,435.16","1,435.17","301,940,000"
2006-05-02,"1,419.64","1,435.00","1,408.80","1,434.90","296,677,700"
2006-04-28,"1,443.63","1,443.63","1,413.70","1,419.73","328,120,300"
2006-04-27,"1,455.09","1,458.67","1,446.37","1,452.53","363,521,000"
2006-04-26,"1,433.38","1,451.22","1,430.74","1,451.22","312,333,900"
2006-04-25,"1,426.68","1,441.72","1,419.64","1,431.15","313,969,000"
2006-04-24,"1,448.04","1,448.04","1,425.75","1,430.94","291,168,800"
2006-04-21,"1,441.11","1,458.35","1,437.70","1,451.31","381,810,700"
2006-04-20,"1,439.78","1,445.20","1,430.92","1,434.15","368,821,500"
2006-04-19,"1,445.77","1,450.93","1,434.87","1,437.84","409,369,400"
2006-04-18,"1,415.76","1,432.90","1,415.14","1,427.00","321,896,100"
2006-04-17,"1,435.16","1,436.65","1,416.92","1,422.63","336,627,500"
2006-04-14,"1,410.49","1,434.68","1,405.46","1,432.72","339,442,100"
2006-04-13,"1,384.03","1,405.72","1,382.55","1,405.72","306,707,700"
2006-04-12,"1,375.84","1,384.21","1,372.24","1,383.59","294,011,500"
2006-04-11,"1,395.27","1,397.46","1,373.25","1,386.08","314,822,700"
2006-04-10,"1,394.64","1,402.30","1,391.66","1,398.29","316,159,400"
2006-04-07,"1,397.04","1,402.36","1,390.63","1,402.36","336,346,200"
2006-04-06,"1,397.51","1,406.03","1,388.74","1,397.00","425,051,000"
2006-04-05,"1,390.27","1,395.64","1,383.39","1,388.77","387,920,400"
2006-04-04,"1,380.49","1,388.99","1,374.84","1,385.64","392,032,200"
2006-04-03,"1,362.35","1,381.67","1,361.14","1,379.75","347,086,800"
2006-03-31,"1,338.50","1,360.13","1,337.35","1,359.60","314,759,500"
2006-03-30,"1,339.11","1,342.66","1,332.18","1,338.14","294,954,400"
2006-03-29,"1,319.24","1,337.08","1,314.63","1,332.72","388,500,500"
2006-03-28,"1,327.66","1,334.12","1,322.12","1,331.31","359,739,500"
2006-03-27,"1,317.46","1,335.25","1,317.25","1,330.34","323,596,100"
2006-03-24,"1,311.88","1,321.23","1,302.47","1,321.23","368,496,700"
2006-03-23,"1,321.40","1,327.42","1,300.44","1,312.26","333,040,800"
2006-03-22,"1,326.74","1,326.74","1,306.07","1,309.83","306,298,500"
2006-03-21,"1,347.30","1,348.20","1,335.45","1,336.65","289,596,000"
2006-03-20,"1,339.73","1,350.02","1,335.22","1,346.69","320,750,900"
2006-03-17,"1,331.38","1,342.83","1,320.54","1,341.12","277,187,600"
2006-03-16,"1,340.58","1,347.13","1,332.55","1,335.98","314,016,900"
2006-03-15,"1,337.21","1,342.44","1,332.53","1,333.98","356,087,400"
2006-03-14,"1,339.69","1,340.35","1,316.47","1,326.30","348,694,400"
2006-03-13,"1,332.28","1,338.50","1,328.56","1,338.28","317,901,200"
2006-03-10,"1,315.13","1,328.72","1,308.74","1,320.07","282,769,900"
2006-03-09,"1,313.75","1,324.21","1,310.58","1,311.21","278,388,100"
2006-03-08,"1,303.58","1,322.51","1,296.78","1,314.05","316,687,600"
2006-03-07,"1,336.47","1,336.47","1,314.27","1,316.67","297,278,900"
2006-03-06,"1,332.71","1,344.77","1,324.39","1,344.76","300,003,400"
2006-03-03,"1,365.35","1,367.17","1,325.59","1,328.95","339,815,200"
2006-03-02,"1,377.46","1,379.30","1,367.68","1,367.70","405,524,600"
2006-02-28,"1,377.44","1,379.71","1,363.93","1,371.59","296,104,700"
2006-02-27,"1,365.41","1,374.89","1,360.46","1,374.88","302,259,500"
2006-02-24,"1,363.73","1,366.71","1,352.76","1,365.82","329,356,700"
2006-02-23,"1,348.51","1,362.03","1,346.69","1,361.23","341,971,700"
2006-02-22,"1,344.90","1,356.76","1,324.40","1,340.58","363,829,400"
2006-02-21,"1,350.45","1,352.17","1,339.20","1,346.49","385,044,200"
2006-02-20,"1,336.01","1,357.73","1,329.45","1,348.25","385,414,800"
2006-02-17,"1,325.49","1,333.83","1,315.25","1,332.73","283,771,300"
2006-02-16,"1,308.00","1,320.10","1,299.73","1,314.32","312,832,800"
2006-02-15,"1,342.28","1,342.40","1,300.76","1,303.84","419,995,400"
2006-02-14,"1,315.14","1,330.05","1,303.19","1,328.21","286,698,300"
2006-02-13,"1,338.70","1,338.96","1,310.37","1,320.79","351,461,600"
2006-02-10,"1,328.41","1,338.33","1,314.94","1,335.23","356,354,800"
2006-02-09,"1,326.87","1,329.46","1,313.82","1,321.66","348,014,100"
2006-02-08,"1,325.68","1,344.38","1,308.87","1,310.99","356,997,000"
2006-02-07,"1,340.84","1,348.24","1,329.60","1,332.28","349,785,800"
2006-02-06,"1,326.23","1,342.21","1,307.77","1,341.64","378,538,300"
2006-02-03,"1,357.17","1,362.37","1,330.68","1,333.50","444,564,800"
2006-02-02,"1,387.50","1,389.55","1,357.71","1,374.44","449,616,600"
2006-02-01,"1,390.43","1,398.19","1,366.56","1,375.97","469,703,500"
2006-01-31,"1,391.51","1,403.30","1,381.75","1,399.83","406,454,300"
2006-01-27,"1,369.00","1,384.56","1,363.12","1,384.56","469,534,900"
2006-01-26,"1,349.48","1,352.84","1,329.65","1,352.75","367,817,400"
2006-01-25,"1,339.36","1,353.32","1,335.80","1,342.59","510,688,100"
2006-01-24,"1,307.36","1,328.32","1,292.84","1,326.83","540,136,900"
2006-01-23,"1,307.40","1,327.26","1,285.63","1,297.43","534,801,600"
2006-01-20,"1,368.85","1,377.59","1,321.96","1,324.78","528,394,600"
2006-01-19,"1,357.32","1,367.53","1,347.97","1,360.64","408,111,100"
2006-01-18,"1,378.73","1,379.46","1,333.75","1,352.91","567,080,400"
2006-01-17,"1,423.76","1,426.21","1,389.51","1,389.58","473,737,600"
2006-01-16,"1,423.08","1,425.05","1,409.53","1,421.79","402,104,100"
2006-01-13,"1,397.15","1,416.28","1,388.15","1,416.28","418,900,500"
2006-01-12,"1,399.64","1,411.82","1,399.04","1,402.58","447,862,500"
2006-01-11,"1,394.65","1,400.30","1,384.27","1,394.09","534,599,000"
2006-01-10,"1,413.14","1,417.84","1,388.70","1,396.29","476,499,600"
2006-01-09,"1,421.90","1,421.90","1,405.05","1,408.33","531,485,300"
2006-01-06,"1,399.23","1,412.79","1,395.26","1,412.78","587,866,700"
2006-01-05,"1,405.31","1,405.31","1,378.96","1,395.51","538,071,000"
2006-01-04,"1,408.19","1,412.15","1,400.08","1,402.11","527,991,200"
2006-01-03,"1,393.14","1,394.92","1,376.17","1,394.87","541,279,400"
2006-01-02,"1,383.32","1,389.27","1,370.61","1,389.27","396,300,200"
2005-12-29,"1,371.86","1,383.14","1,370.38","1,379.37","445,933,000"
2005-12-28,"1,357.29","1,369.42","1,353.24","1,368.16","368,806,400"
2005-12-27,"1,371.35","1,376.77","1,370.03","1,373.55","423,771,700"
2005-12-26,"1,363.81","1,371.63","1,362.31","1,367.57","382,128,900"
2005-12-23,"1,358.51","1,360.00","1,347.14","1,359.53","418,649,500"
2005-12-22,"1,361.35","1,364.48","1,342.08","1,350.87","532,939,000"
2005-12-21,"1,345.09","1,356.39","1,343.46","1,354.16","498,138,200"
2005-12-20,"1,333.07","1,344.31","1,331.56","1,341.00","523,432,200"
2005-12-19,"1,325.61","1,339.48","1,320.88","1,339.40","513,997,700"
2005-12-16,"1,322.40","1,330.46","1,314.52","1,321.04","621,722,700"
2005-12-15,"1,338.16","1,343.05","1,326.01","1,337.68","688,576,000"
2005-12-14,"1,346.52","1,349.87","1,325.76","1,334.27","466,021,400"
2005-12-13,"1,337.25","1,339.69","1,328.24","1,336.48","484,876,600"
2005-12-12,"1,321.07","1,337.82","1,321.07","1,333.23","462,717,500"
2005-12-09,"1,319.01","1,332.64","1,313.33","1,317.42","436,781,900"
2005-12-08,"1,321.51","1,328.64","1,310.34","1,324.20","512,041,100"
2005-12-07,"1,319.96","1,328.95","1,314.36","1,324.75","542,807,600"
2005-12-06,"1,311.90","1,324.22","1,304.88","1,321.06","534,915,000"
2005-12-05,"1,312.56","1,315.41","1,306.43","1,315.15","440,623,700"
2005-12-02,"1,318.94","1,319.28","1,309.86","1,310.12","565,151,600"
2005-12-01,"1,295.56","1,306.02","1,288.98","1,305.98","465,432,200"
2005-11-30,"1,283.58","1,300.88","1,283.47","1,297.44","493,098,700"
2005-11-29,"1,286.11","1,295.08","1,271.91","1,279.38","512,445,800"
2005-11-28,"1,297.35","1,298.83","1,287.90","1,293.74","469,724,400"
2005-11-25,"1,294.79","1,298.25","1,285.24","1,293.22","527,890,800"
2005-11-24,"1,290.35","1,297.96","1,281.37","1,291.71","556,565,100"
2005-11-23,"1,251.90","1,283.57","1,250.47","1,282.02","575,405,800"
2005-11-22,"1,266.23","1,266.23","1,241.27","1,244.50","502,491,600"
2005-11-21,"1,276.26","1,277.85","1,259.09","1,268.80","452,361,100"
2005-11-18,"1,277.36","1,281.18","1,263.90","1,272.25","559,617,900"
2005-11-17,"1,266.47","1,272.80","1,259.92","1,269.35","489,645,500"
2005-11-16,"1,248.34","1,267.20","1,245.90","1,267.16","555,800,100"
2005-11-15,"1,254.92","1,257.55","1,236.82","1,253.86","433,998,100"
2005-11-14,"1,260.28","1,262.24","1,253.67","1,257.63","458,056,600"
2005-11-11,"1,246.71","1,257.25","1,246.71","1,256.12","586,758,200"
2005-11-10,"1,226.78","1,235.08","1,224.77","1,234.43","456,468,200"
2005-11-09,"1,224.53","1,238.73","1,218.98","1,227.59","393,734,200"
2005-11-08,"1,219.78","1,226.72","1,215.00","1,226.71","411,848,500"
2005-11-07,"1,226.96","1,227.06","1,205.48","1,218.47","345,055,300"
2005-11-04,"1,223.37","1,229.17","1,215.03","1,221.98","400,041,600"
2005-11-03,"1,220.51","1,220.69","1,211.92","1,217.97","382,065,800"
2005-11-02,"1,195.01","1,208.66","1,191.19","1,208.38","328,617,500"
2005-11-01,"1,165.77","1,191.29","1,165.31","1,188.95","427,219,800"
2005-10-31,"1,152.95","1,159.67","1,143.20","1,158.11","320,464,700"
2005-10-28,"1,148.88","1,149.35","1,137.23","1,140.72","341,221,100"
2005-10-27,"1,174.95","1,185.70","1,165.19","1,166.36","445,814,400"
2005-10-26,"1,184.60","1,186.22","1,170.97","1,179.00","405,832,100"
2005-10-25,"1,199.68","1,204.34","1,178.59","1,181.28","447,696,300"
2005-10-24,"1,188.86","1,193.08","1,176.33","1,184.60","426,324,100"
2005-10-21,"1,146.71","1,183.49","1,144.78","1,183.48","532,270,100"
2005-10-20,"1,169.85","1,173.68","1,157.67","1,162.23","510,905,200"
2005-10-19,"1,174.69","1,174.69","1,147.90","1,153.13","564,435,300"
2005-10-18,"1,182.02","1,191.91","1,180.45","1,186.22","524,463,000"
2005-10-17,"1,195.62","1,199.91","1,170.90","1,176.36","482,113,900"
2005-10-14,"1,202.33","1,207.24","1,177.68","1,190.17","576,230,100"
2005-10-13,"1,206.25","1,208.00","1,186.30","1,193.44","615,053,900"
2005-10-12,"1,243.23","1,245.85","1,214.95","1,217.06","598,663,500"
2005-10-11,"1,221.68","1,244.27","1,218.45","1,244.27","503,997,300"
2005-10-10,"1,210.11","1,228.44","1,209.37","1,227.18","443,571,800"
2005-10-07,"1,195.29","1,215.25","1,193.74","1,201.01","498,302,400"
2005-10-06,"1,213.43","1,214.60","1,198.46","1,202.49","512,653,700"
2005-10-05,"1,242.49","1,246.41","1,222.57","1,227.40","514,779,200"
2005-10-04,"1,228.03","1,244.37","1,228.03","1,242.78","439,359,100"
2005-09-30,"1,237.75","1,238.72","1,217.70","1,221.01","403,062,800"
2005-09-29,"1,230.64","1,232.98","1,220.21","1,231.22","422,839,500"
2005-09-28,"1,212.49","1,228.57","1,209.57","1,228.57","470,377,400"
2005-09-27,"1,209.77","1,211.90","1,200.73","1,209.63","488,097,900"
2005-09-26,"1,181.94","1,206.41","1,181.94","1,206.41","400,044,500"
2005-09-23,"1,198.89","1,199.77","1,175.83","1,175.88","445,852,700"
2005-09-22,"1,190.69","1,200.23","1,187.43","1,199.97","485,728,500"
2005-09-21,"1,187.95","1,199.91","1,185.62","1,196.67","503,450,900"
2005-09-20,"1,192.11","1,192.25","1,179.27","1,190.93","422,269,700"
2005-09-16,"1,172.42","1,176.06","1,164.13","1,174.13","385,977,200"
2005-09-15,"1,164.10","1,178.61","1,160.46","1,169.59","516,638,600"
2005-09-14,"1,154.73","1,170.77","1,152.61","1,170.77","532,403,800"
2005-09-13,"1,160.27","1,166.22","1,150.76","1,158.12","379,763,700"
2005-09-12,"1,158.09","1,166.80","1,156.69","1,158.36","487,837,600"
2005-09-09,"1,145.48","1,152.51","1,139.14","1,152.50","373,874,000"
2005-09-08,"1,152.68","1,153.63","1,135.78","1,145.26","464,467,400"
2005-09-07,"1,136.25","1,143.00","1,132.82","1,142.99","414,587,800"
2005-09-06,"1,120.11","1,135.53","1,119.22","1,122.65","494,878,200"
2005-09-05,"1,120.32","1,121.84","1,111.95","1,114.50","337,238,300"
2005-09-02,"1,110.11","1,118.87","1,108.95","1,115.83","362,125,500"
2005-09-01,"1,093.47","1,106.37","1,092.14","1,106.37","401,783,100"
2005-08-31,"1,068.89","1,085.14","1,067.30","1,083.33","344,646,300"
2005-08-30,"1,074.63","1,078.42","1,055.54","1,072.61","331,642,500"
2005-08-29,"1,068.14","1,073.37","1,059.21","1,063.16","369,428,700"
2005-08-26,"1,097.55","1,103.74","1,086.53","1,086.55","385,559,100"
2005-08-25,"1,085.54","1,104.25","1,079.14","1,097.29","337,856,100"
2005-08-24,"1,111.90","1,111.91","1,088.74","1,094.21","339,738,500"
2005-08-23,"1,118.17","1,121.89","1,108.59","1,115.84","367,014,000"
2005-08-22,"1,095.24","1,116.68","1,091.76","1,116.68","383,445,700"
2005-08-19,"1,088.15","1,092.58","1,078.53","1,089.88","398,076,700"
2005-08-18,"1,115.49","1,115.82","1,092.37","1,092.71","439,399,400"
2005-08-17,"1,107.27","1,114.42","1,100.68","1,113.25","452,668,200"
2005-08-16,"1,131.72","1,137.46","1,115.85","1,116.93","407,787,400"
2005-08-12,"1,127.39","1,131.97","1,120.39","1,130.22","409,333,200"
2005-08-11,"1,104.69","1,123.77","1,104.35","1,123.77","438,882,400"
2005-08-10,"1,103.61","1,114.40","1,100.20","1,104.86","448,547,100"
2005-08-09,"1,082.76","1,099.79","1,079.53","1,099.77","462,130,800"
2005-08-08,"1,081.69","1,088.52","1,079.63","1,086.64","390,223,100"
2005-08-05,"1,098.56","1,101.15","1,084.23","1,089.36","556,850,300"
2005-08-04,"1,119.76","1,122.46","1,105.10","1,111.39","679,075,800"
2005-08-03,"1,126.92","1,129.92","1,116.95","1,117.11","656,493,500"
2005-08-02,"1,117.21","1,118.85","1,110.31","1,118.83","565,867,400"
2005-08-01,"1,113.90","1,116.75","1,107.78","1,115.98","501,118,000"
2005-07-29,"1,113.43","1,113.43","1,101.37","1,111.29","546,000,100"
2005-07-28,"1,101.84","1,106.44","1,097.38","1,104.72","651,331,800"
2005-07-27,"1,092.91","1,098.67","1,084.12","1,093.03","630,529,000"
2005-07-26,"1,089.96","1,094.82","1,085.87","1,090.60","695,012,100"
2005-07-25,"1,075.50","1,089.96","1,073.66","1,089.70","637,547,600"
2005-07-22,"1,067.50","1,076.70","1,063.12","1,074.22","684,896,500"
2005-07-21,"1,083.55","1,086.00","1,068.49","1,074.65","701,781,800"
2005-07-20,"1,077.29","1,086.95","1,068.65","1,074.40","967,839,300"
2005-07-19,"1,062.32","1,075.51","1,062.15","1,075.48","547,713,500"
2005-07-18,"1,061.71","1,068.51","1,057.03","1,062.43","500,564,500"
2005-07-15,"1,065.09","1,066.97","1,057.49","1,059.60","567,772,700"
2005-07-14,"1,056.00","1,064.92","1,052.52","1,061.93","599,040,300"
2005-07-13,"1,047.53","1,050.78","1,042.19","1,050.16","744,616,600"
2005-07-12,"1,048.44","1,051.28","1,042.67","1,043.88","781,356,400"
2005-07-11,"1,034.59","1,043.18","1,033.28","1,040.43","770,516,600"
2005-07-08,"1,027.09","1,029.37","1,020.45","1,021.95","614,161,100"
2005-07-07,"1,015.76","1,029.20","1,014.86","1,026.82","677,408,000"
2005-07-06,"1,023.77","1,025.24","1,015.94","1,019.01","687,971,200"
2005-07-05,"1,023.32","1,025.25","1,017.27","1,018.81","568,714,200"
2005-07-04,"1,022.67","1,024.05","1,018.54","1,021.71","552,723,400"
2005-07-01,"1,003.56","1,018.04","1,002.38","1,018.02","494,732,400"
2005-06-30,997.59,"1,009.96",997.59,"1,008.16","507,090,000"
2005-06-29,"1,000.27","1,006.19",994.29,999.08,"408,259,000"
2005-06-28,989.54,995.45,987.78,994.74,"430,648,100"
2005-06-27,996.73,997.71,985.93,991.11,"401,821,800"
2005-06-24,"1,001.62","1,007.95",995.55,"1,002.43","406,136,600"
2005-06-23,"1,002.24","1,010.91","1,001.13","1,010.80","449,216,300"
2005-06-22,988.46,"1,003.34",986.64,"1,002.15","534,744,200"
2005-06-21,992.25,997.8,986.61,989.99,"408,248,500"
2005-06-20,"1,003.80","1,004.21",991.47,994.65,"367,185,000"
2005-06-17,"1,006.65","1,007.20",997.44,"1,003.68","451,298,700"
2005-06-16,"1,000.71","1,006.32",999.53,"1,003.14","475,058,500"
2005-06-15,984.58,"1,001.94",981.95,"1,001.94","402,704,800"
2005-06-14,989.65,994.07,982.59,983.75,"345,840,700"
2005-06-13,993.14,999.36,989.76,990.49,"405,793,900"
2005-06-10,987.02,994.9,983.76,990.79,"517,839,200"
2005-06-09,972.75,987.58,970.97,987.58,"453,825,700"
2005-06-08,968.44,977.55,968.36,976.22,"340,328,500"
2005-06-07,975.39,975.39,968.28,970.88,"317,561,700"
2005-06-03,972.72,976.09,970.01,976.09,"322,968,200"
2005-06-02,976.97,979.36,970.88,970.88,"312,312,600"
2005-06-01,964.08,972.56,963.78,969.51,"256,650,900"
2005-05-31,968.78,972.17,960.39,970.21,"252,372,500"
2005-05-30,962.25,969.04,959.98,969.04,"299,302,300"
2005-05-27,953.8,962.9,950.74,960.91,"303,151,800"
2005-05-26,940.71,943.94,938.88,943.91,"264,524,300"
2005-05-25,951.37,955.74,939.65,941.3,"279,809,700"
2005-05-24,954.92,955.71,947.59,951.61,"321,241,300"
2005-05-23,955.05,955.05,946.8,951.05,"315,715,000"
2005-05-20,954.66,956.06,948.38,952.19,"341,238,900"
2005-05-19,941.31,952.74,941.31,952.09,"366,589,600"
2005-05-18,935.18,937,926.97,930.36,"333,346,600"
2005-05-17,938.27,940.8,921.77,927.16,"288,217,000"
2005-05-16,925.41,935.53,925.05,929.04,"405,543,500"
2005-05-13,918.77,925.08,910.72,923.19,"295,679,400"
2005-05-12,923.26,928.87,921.21,921.21,"307,792,300"
2005-05-11,927.31,928.43,921.01,923.38,"268,607,100"
2005-05-10,939.18,941.45,933.56,934.28,"347,689,800"
2005-05-09,942.01,942.32,926.48,935.2,"362,534,800"
2005-05-06,933.38,942.67,933.24,940.85,"314,695,800"
2005-05-04,916.29,931.19,916.29,929.35,"330,702,300"
2005-05-03,920.94,923.53,911.14,913.82,"373,033,100"
2005-05-02,916.48,918.45,912.43,918.42,"298,907,100"
2005-04-29,907.63,914.25,902.88,911.3,"335,607,000"
2005-04-28,931.34,931.96,917.71,917.73,"369,839,100"
2005-04-27,936.34,936.37,924.44,930.16,"398,222,100"
2005-04-26,947.31,949.33,944.3,944.46,"429,942,900"
2005-04-25,936.25,946.87,932.76,946.17,"387,340,400"
2005-04-22,952.8,952.96,940.78,940.79,"438,261,000"
2005-04-21,925.17,941.63,916.74,939.14,"443,311,100"
2005-04-20,940.36,948.73,930.06,937.36,"410,506,100"
2005-04-19,931.6,936.7,928.77,932.45,"360,814,100"
2005-04-18,930.85,934.37,917.41,925,"367,619,600"
2005-04-15,954.61,955.38,940.04,947.22,"378,262,400"
2005-04-14,973.4,973.86,953.92,953.92,"419,598,900"
2005-04-13,985.82,986.82,979.31,981.31,"438,078,600"
2005-04-12,982.44,985.99,979.73,981.79,"477,498,200"
2005-04-11,988.21,988.5,981.74,985.94,"411,837,500"
2005-04-08,995.87,996.9,989.56,992.17,"489,898,500"
2005-04-07,991.36,993.03,985.87,988.9,"571,335,400"
2005-04-06,985.65,990.34,975.28,988,"473,792,700"
2005-04-04,981,984.09,976.28,982.5,"458,761,200"
2005-04-01,963.78,982.49,963.57,981.9,"480,856,700"
2005-03-31,969.85,970.38,961.54,965.68,"435,277,600"
2005-03-30,952.4,957.08,946.41,955.45,"442,964,200"
2005-03-29,977.98,978.47,956.34,958.96,"524,503,900"
2005-03-28,969.48,981.54,969.48,977.7,"607,947,500"
2005-03-25,960.65,965.42,956.45,965.3,"594,106,200"
2005-03-24,970.29,972.85,949.98,956.33,"542,355,000"
2005-03-23,974.22,980.65,964.08,966.81,"519,675,100"
2005-03-22,978.09,986.15,972.94,980.41,"520,612,300"
2005-03-21,979.31,986.88,968.95,979.27,"530,874,600"
2005-03-18,981.13,988.37,977.29,979.72,"664,842,900"
2005-03-17,983.52,988.37,972.9,980.05,"745,031,000"
2005-03-16,990.54,997.57,982.22,993.13,"669,646,700"
2005-03-15,"1,024.08","1,024.34",992.46,993.13,"741,326,500"
2005-03-14,"1,018.33","1,021.30","1,015.17","1,019.69","550,421,100"
2005-03-11,"1,006.50","1,022.79","1,006.50","1,022.79","699,407,600"
2005-03-10,"1,007.21","1,012.81",998.66,998.66,"591,338,600"
2005-03-09,996.86,"1,008.79",990.44,"1,008.79","532,633,500"
2005-03-08,"1,010.62","1,012.40",995.92,"1,000.28","588,662,600"
2005-03-07,"1,021.63","1,025.08",998.89,"1,007.50","599,485,600"
2005-03-04,"1,013.79","1,016.18","1,007.68","1,012.96","587,259,600"
2005-03-03,"1,008.22","1,015.28",999.86,"1,010.92","615,895,600"
2005-03-02,"1,015.16","1,015.51","1,003.11","1,007.48","721,282,000"
2005-02-28,"1,003.65","1,011.65",999.1,"1,011.36","534,145,700"
2005-02-25,994.01,"1,000.26",990.2,996.95,"531,397,200"
2005-02-24,972.95,989.27,971.54,987.1,"581,343,400"
2005-02-23,968.16,971.71,963.9,968.43,"483,567,300"
2005-02-22,988.63,990.62,975.57,977.8,"631,044,900"
2005-02-21,992.46,992.46,982.96,988.71,"629,088,300"
2005-02-18,969.13,984.1,967.04,984.1,"543,689,900"
2005-02-17,972.9,974.77,968.53,972.56,"511,739,800"
2005-02-16,973.61,979,965.58,971.56,"557,295,700"
2005-02-15,965.74,968.88,961.07,968.88,"547,940,500"
2005-02-14,957.22,967.8,954.36,964.79,"537,088,400"
2005-02-11,944.28,947.94,936.17,947.23,"381,953,400"
2005-02-07,942.15,949.45,941.14,949.19,"421,374,400"
2005-02-04,928.21,936.45,926.1,933.55,"385,532,900"
2005-02-03,922.43,930.73,921.04,928.79,"398,293,400"
2005-02-02,925.98,926.54,918.44,921.44,"453,665,400"
2005-02-01,930.16,931.86,923.08,923.69,"434,696,300"
2005-01-31,920.99,934.1,920.99,932.7,"466,827,000"
2005-01-28,924.09,924.91,915.74,921.59,"393,167,200"
2005-01-27,928.67,930.59,920.93,924.87,"500,471,800"
2005-01-26,918.75,930.2,917.09,927,"492,321,600"
2005-01-25,915.94,918.08,911.26,915.1,"486,453,500"
2005-01-24,918.21,928.52,911.75,923.11,"527,615,100"
2005-01-21,910.04,920.35,906.23,919.61,"463,481,400"
2005-01-20,910.4,914.93,907.51,909.37,"467,070,000"
2005-01-19,923.36,926.71,914.3,916.27,"415,606,200"
2005-01-18,923.52,926.85,920.08,920.57,"432,798,300"
2005-01-17,915.22,925.01,912.68,923.08,"416,677,800"
2005-01-14,879.83,905.52,877.44,905.1,"356,837,400"
2005-01-13,881.39,886.73,876.72,885.54,"290,672,400"
2005-01-12,884.47,886.79,878.03,880.03,"321,629,200"
2005-01-11,874.79,884.29,869.91,884.29,"364,432,500"
2005-01-10,872.82,875,866.17,874.18,"275,961,200"
2005-01-07,876.36,878.89,866.72,870.84,"294,803,600"
2005-01-06,878.23,886.31,871.28,871.28,"394,697,000"
2005-01-05,874.92,885.2,873.18,885.19,"343,142,000"
2005-01-04,890.56,895.4,884.94,886.9,"331,633,300"
2005-01-03,896,897.59,890.93,893.71,"252,567,600"
2004-12-30,886.2,896.1,885.43,895.92,"248,583,600"
2004-12-29,869.23,884.27,868.04,884.27,"257,901,900"
2004-12-28,874.53,881.28,872.33,878.43,"307,691,500"
2004-12-27,881.82,882.78,873.84,876.98,"229,732,500"
2004-12-24,877.4,879.92,872.92,879.92,"283,176,800"
2004-12-23,890.32,890.32,873.11,876.88,"272,297,500"
2004-12-22,888.2,890.81,880.38,883.38,"325,403,300"
2004-12-21,882.9,887.38,876.35,882.82,"350,621,100"
2004-12-20,872.3,884.49,870.6,884.31,"359,898,200"
2004-12-17,874.23,880.95,868.61,875.13,"446,430,200"
2004-12-16,869.92,878.67,868.9,873.7,"325,689,800"
2004-12-15,854.99,868.87,853.64,868.84,"311,206,700"
2004-12-14,846.02,852.26,842.7,849.4,"277,258,700"
2004-12-13,841.34,847.92,838.1,844.2,"239,839,600"
2004-12-10,862.16,862.77,841.77,844.85,"259,799,300"
2004-12-09,870.61,871.87,855.88,861.31,"268,371,500"
2004-12-08,855.53,871.74,855.07,871.74,"346,291,900"
2004-12-07,867.83,872.39,861.07,861.07,"336,156,100"
2004-12-06,875.53,876.38,867.7,870.75,"280,851,400"
2004-12-03,890.59,893.42,877.46,882.55,"331,025,300"
2004-12-02,891.14,893.51,882.58,884.1,"335,555,600"
2004-12-01,874.47,878.91,871.13,876.8,"316,628,100"
2004-11-30,865.78,878.06,857.85,878.06,"333,125,300"
2004-11-29,861.17,867.37,855.81,865.4,"315,897,100"
2004-11-26,877.82,883.85,856.89,858.12,"310,251,900"
2004-11-25,873.87,879.92,871.12,872.49,"257,875,300"
2004-11-24,859.5,873.73,855.35,872.56,"317,701,800"
2004-11-23,857.51,862.43,851.18,860.4,"285,326,900"
2004-11-22,857.33,858.46,844.11,849.99,"247,641,100"
2004-11-19,878.59,882.12,863.52,867.03,"360,721,200"
2004-11-18,886.38,888.07,874.96,875.84,"345,297,600"
2004-11-17,881.26,889.71,876.75,885.42,"279,052,200"
2004-11-16,882.97,885.55,875.78,876.61,"300,176,600"
2004-11-15,879.88,891.71,876.7,882.33,"266,418,600"
2004-11-12,875.48,882.59,870.99,876.67,"298,814,300"
2004-11-11,856.66,867.25,855.51,861.26,"290,885,200"
2004-11-10,847.53,860.54,847.53,860.54,"291,732,700"
2004-11-09,845.49,850.13,840.24,844.15,"342,566,000"
2004-11-08,865.65,865.94,845.79,846.11,"269,258,300"
2004-11-05,862.44,865.38,857.74,860.68,"277,644,600"
2004-11-04,860.19,860.19,851.2,851.2,"267,153,100"
2004-11-03,848.83,861.16,844.27,861.05,"255,524,600"
2004-11-02,839.59,849.71,838.39,846.67,"272,101,400"
2004-11-01,832.52,842.16,831.32,835.66,"221,463,900"
2004-10-29,826.89,835.26,823.07,834.84,"248,659,500"
2004-10-28,825.85,833.54,821.54,833.54,"280,800,400"
2004-10-27,820.73,822.3,803.72,809.91,"303,320,300"
2004-10-26,812.18,817,809.79,813.7,"260,612,600"
2004-10-25,816.11,816.54,801.01,808.14,"274,795,800"
2004-10-22,824.12,832.1,822.2,828.17,"272,424,800"
2004-10-21,830.24,831.05,814.64,820.63,"325,421,700"
2004-10-20,851.42,851.43,827.68,828.61,"385,413,800"
2004-10-19,860.87,863.75,851.92,855.77,"322,589,700"
2004-10-18,845,851.97,840.6,848.27,"296,287,100"
2004-10-15,837.96,849.92,833.45,841.94,"288,638,900"
2004-10-14,849.09,852.56,839.87,846.63,"267,515,500"
2004-10-13,863.26,866.07,852.65,856.18,"319,032,600"
2004-10-12,878.25,878.56,856.67,858.09,"373,013,200"
2004-10-11,876.56,882.05,873.16,881.11,"370,250,300"
2004-10-08,877.89,892.12,877.34,881.38,"458,788,200"
2004-10-07,887.39,891.25,878.8,885.33,"344,413,500"
2004-10-06,885.94,896.24,879.58,887.45,"391,262,100"
2004-10-05,882.5,887.61,876.56,884.84,"368,877,900"
2004-10-04,859.12,880.84,858.92,880.84,"358,516,100"
2004-10-01,835.5,846.01,834.75,846.01,"296,489,600"
2004-09-30,829.93,836.54,827.17,835.09,"290,814,900"
2004-09-24,828.78,836.38,823.05,832.1,"335,359,800"
2004-09-23,829.32,834,824.85,829.68,"378,873,700"
2004-09-22,861.8,863.19,835.1,835.1,"362,676,800"
2004-09-21,859.2,861.31,854.1,857.15,"358,417,800"
2004-09-20,849.46,862.98,849.45,856.87,"332,116,800"
2004-09-17,854.35,859.57,846.08,848.11,"317,272,200"
2004-09-16,846.08,863.12,844.06,855.38,"434,923,900"
2004-09-15,851.52,856.39,848.79,850.63,"429,057,600"
2004-09-14,857.74,859.93,848.08,851.42,"439,637,600"
2004-09-13,842.15,852.06,841.41,851.91,"396,936,600"
2004-09-10,826.06,837.37,816.64,836.34,"354,410,000"
2004-09-09,815.65,823.19,809.03,821.88,"452,864,500"
2004-09-08,820.18,828.38,815.33,815.85,"391,327,500"
2004-09-07,822.29,824.96,817.68,818.8,"436,803,500"
2004-09-06,823.64,824.98,817.18,824.21,"357,218,300"
2004-09-03,826,826.26,814.09,820.69,"398,395,700"
2004-09-02,818.69,823.83,815.74,823.83,"394,238,600"
2004-09-01,803.51,817.37,801.58,817.36,"345,050,900"
2004-08-31,800.62,805.26,797.62,803.57,"346,465,100"
2004-08-30,811.55,815.05,802.75,805.19,"333,640,800"
2004-08-27,812.65,814.05,806.75,810.3,"307,373,900"
2004-08-26,808.11,813.77,808.11,810.21,"285,528,500"
2004-08-25,791,804.83,790.17,803.97,"262,674,000"
2004-08-24,791.38,793.5,781.46,792.34,"267,154,800"
2004-08-23,792.5,796.84,783.5,787.65,"255,376,000"
2004-08-20,785.82,789.23,783.06,787.64,"295,745,200"
2004-08-19,780.26,789.78,780.26,788.53,"383,465,000"
2004-08-18,772.84,776.15,768.94,773.19,"332,491,300"
2004-08-17,782.59,783.48,768.76,771.03,"302,590,000"
2004-08-16,774.29,777.96,767.26,773.85,"307,763,900"
2004-08-13,762.81,777.84,761.61,776.02,"372,509,800"
2004-08-12,755.43,767.03,753.67,766.7,"321,747,000"
2004-08-11,752.6,758.61,751.26,753.06,"378,492,600"
2004-08-10,738.92,748.63,738.36,748.62,"338,093,500"
2004-08-09,728.66,742.61,724.5,742.13,"274,589,100"
2004-08-06,733.76,745.05,733.24,733.95,"312,685,200"
2004-08-05,730.64,743.37,726.87,743.35,"394,292,900"
2004-08-04,719.61,729.41,713.99,729.41,"283,774,700"
2004-08-03,726.88,728.13,722.46,726.44,"301,668,500"
2004-08-02,730.61,730.64,719.59,719.59,"282,251,300"
2004-07-30,737.92,741.32,734.15,735.34,"288,536,100"
2004-07-29,742.58,742.58,730.47,730.61,"326,279,700"
2004-07-28,747.02,748.82,740.19,744.42,"420,808,200"
2004-07-27,735.22,739.6,726.71,738.51,"368,900,100"
2004-07-26,730.15,739.56,729.8,736.21,"307,946,400"
2004-07-23,742.51,743.65,733.74,737.51,"337,066,300"
2004-07-22,738.98,744.5,733.41,742.63,"435,149,100"
2004-07-21,750.59,756.44,747.89,753.32,"422,743,200"
2004-07-20,742.24,745.41,737,737,"334,955,500"
2004-07-19,730.58,750.4,729.57,750.4,"267,804,200"
2004-07-16,728.37,741.41,717.77,739.39,"348,154,200"
2004-07-15,735.85,739.07,720.92,732.74,"369,246,800"
2004-07-14,745.43,751.6,734.85,736.57,"331,125,200"
2004-07-13,753.03,753.21,740.16,750.95,"397,541,900"
2004-07-12,752.71,757.9,740.98,746.27,"334,229,500"
2004-07-09,745.09,751.92,741.26,747.46,"309,481,300"
2004-07-08,753.68,759.71,743.64,743.64,"346,295,300"
2004-07-07,742.21,761.93,735.72,761.88,"395,042,000"
2004-07-06,753.14,763.93,751.26,758.47,"400,146,600"
2004-07-05,754.16,758.72,744.39,756.72,"400,907,300"
2004-07-02,764.38,764.54,754.26,755.42,"431,878,900"
2004-07-01,784.85,792.77,776.35,778.03,"314,986,200"
2004-06-30,783.24,787.6,777.73,785.79,"400,194,400"
2004-06-29,766.82,780.57,763.34,778.72,"295,057,800"
2004-06-28,777.85,780.31,764.29,770.95,"279,497,100"
2004-06-25,763.02,780,760.57,779.03,"305,356,700"
2004-06-24,752.64,763.42,747.51,763.13,"373,278,500"
2004-06-23,753.28,755.88,737.23,738.93,"368,500,000"
2004-06-22,744.86,749.26,732.79,746.48,"327,223,400"
2004-06-21,745.22,758.58,743.69,749.3,"376,088,500"
2004-06-18,751.69,754.05,732.89,741.73,"379,819,200"
2004-06-17,756.92,760.1,742.47,760.09,"361,068,500"
2004-06-16,756.33,769.66,746.48,752.34,"369,896,600"
2004-06-15,747.54,752.54,729.06,752.1,"481,764,800"
2004-06-14,744.25,761.29,737.65,738.79,"377,975,700"
2004-06-11,780.16,780.41,748.34,751.53,"458,723,100"
2004-06-10,785.83,794.16,776.61,782.3,"444,564,200"
2004-06-09,816.93,820.68,794.1,794.53,"603,579,400"
2004-06-08,817.11,820.87,804.43,809.31,"356,049,200"
2004-06-07,788.41,809.51,788.41,809.45,"390,667,600"
2004-06-04,772.94,781.96,764.93,780.74,"421,765,700"
2004-06-03,810.98,812.54,770.06,770.06,"465,568,000"
2004-06-02,808.84,811.59,797.68,804.39,"263,379,600"
2004-06-01,807.55,817,804.31,815.77,"315,870,100"
2004-05-31,811.46,811.59,793.77,803.84,"288,474,600"
2004-05-28,811.54,816.64,805.21,816.51,"357,724,300"
2004-05-27,802.4,810.69,797.11,802.46,"293,069,400"
2004-05-25,791.38,791.67,776.71,784.06,"331,745,700"
2004-05-24,795.99,802.04,790.73,799.64,"302,773,600"
2004-05-21,780.99,786.36,768.63,786.36,"324,174,400"
2004-05-20,766.04,782.92,757.49,767.79,"357,496,100"
2004-05-19,752.5,784.14,751.59,777.95,"379,674,200"
2004-05-18,724.68,748.26,716.95,741.99,"383,581,600"
2004-05-17,766.56,774.39,723.51,728.98,"371,689,700"
2004-05-14,798.8,802.32,759.65,768.46,"372,337,600"
2004-05-13,815.28,816.26,790.13,790.13,"395,038,400"
2004-05-12,802.88,820.72,801.28,817.09,"387,172,500"
2004-05-11,789.54,802.29,776.72,791.02,"362,902,600"
2004-05-10,831.1,831.37,771.31,790.68,"403,021,900"
2004-05-07,837.73,843.01,819.61,838.74,"372,059,100"
2004-05-06,864.52,865.1,836.15,837.68,"359,542,900"
2004-05-04,871.57,876.3,865.68,867.48,"376,756,900"
2004-05-03,863.03,867.25,856.84,866.11,"331,728,300"
2004-04-30,867.99,875.51,854.39,862.84,"378,723,600"
2004-04-29,890.61,896.45,872.63,875.41,"442,767,200"
2004-04-28,917.32,919.86,901.82,901.83,"373,377,200"
2004-04-27,918.82,921.42,911.56,915.47,"435,455,200"
2004-04-26,935.01,935.28,919.27,919.74,"388,049,300"
2004-04-23,938.25,939.52,929.8,936.06,"480,356,500"
2004-04-22,931.09,933.84,921.97,924.01,"519,749,100"
2004-04-21,910.68,931.21,910.68,929.95,"553,997,100"
2004-04-20,909.91,919.13,902.47,918.9,"456,844,100"
2004-04-19,900.48,902.1,891.27,902.1,"476,138,800"
2004-04-16,903.84,908.72,897.73,898.88,"391,726,000"
2004-04-14,909.95,919.38,907.36,916.31,"407,157,700"
2004-04-13,925.19,927.67,916.2,917.63,"468,918,900"
2004-04-12,905.44,926.07,905.44,918.86,"366,189,000"
2004-04-09,910.48,910.48,901.24,905.44,"352,119,000"
2004-04-08,913.52,916.86,908.07,916.86,"431,836,900"
2004-04-07,906.78,915.13,903.24,909.93,"528,214,100"
2004-04-06,899.43,906.43,898,906.19,"491,556,200"
2004-04-02,886.09,889.6,882.82,883.69,"541,842,200"
2004-04-01,878.78,883.23,875.09,882.75,"294,602,800"
2004-03-31,881.75,883.88,868.41,880.5,"327,687,800"
2004-03-30,879.41,879.41,870.86,873.46,"287,738,000"
2004-03-29,868.1,878.37,867.21,874.67,"335,584,500"
2004-03-26,866.29,873.01,861.63,863.95,"303,970,800"
2004-03-25,862.3,868.78,849.56,853.38,"357,256,400"
2004-03-24,860.39,867.15,856.54,861.72,"311,093,400"
2004-03-23,854.92,868.99,849.76,866.17,"383,757,800"
2004-03-22,878.62,881,862.63,863.69,"371,613,000"
2004-03-19,874.57,883.33,868.97,883.33,"425,077,800"
2004-03-18,879.22,879.56,869.09,872.82,"488,459,100"
2004-03-17,858.15,872.78,857.29,872.38,"524,436,600"
2004-03-16,843.83,850.15,838.11,850.13,"440,153,900"
2004-03-15,855.84,857.96,848.23,852.26,"383,660,100"
2004-03-12,866.72,867.35,822.05,848.8,"655,649,800"
2004-03-11,869.67,878.1,866.33,869.93,"468,743,000"
2004-03-10,887.11,890.33,874.58,876.02,"457,319,300"
2004-03-09,891.1,893.73,888.46,891.58,"474,379,100"
2004-03-08,909.15,910.67,899.07,900.1,"506,522,500"
2004-03-05,907.21,909.08,904.01,905.38,"515,727,000"
2004-03-04,898.16,908.82,896.76,907.43,"589,054,200"
2004-03-03,897.49,900.44,895.52,895.81,"554,723,200"
2004-03-02,892.57,899.99,892.38,899.21,"489,083,500"
2004-02-27,865.51,883.42,861.86,883.42,"458,651,700"
2004-02-26,870.31,873.15,861.77,864.86,"522,863,400"
2004-02-25,865.22,870.03,862.97,866.87,"524,662,600"
2004-02-24,872.45,876.71,864.34,864.59,"549,389,800"
2004-02-23,874.93,881.43,867.99,877.52,"476,208,000"
2004-02-20,875.76,879.63,872.42,877.49,"475,493,700"
2004-02-19,880.68,884.89,874.75,881.65,"734,768,500"
2004-02-18,889.23,890.51,877.1,877.1,"370,523,200"
2004-02-17,884.15,888.73,880.87,884.8,"435,761,900"
2004-02-16,879.23,885.65,876.56,881.28,"437,969,400"
2004-02-13,876.06,883.35,870.08,882.18,"385,305,900"
2004-02-12,882.04,882.39,872.27,877.95,"444,121,600"
2004-02-11,870.54,877.72,870.24,876.34,"475,304,200"
2004-02-10,866.06,869.62,862.85,866.8,"450,039,200"
2004-02-09,860.9,866.87,859.58,864.77,"475,219,200"
2004-02-06,842.16,853.58,839.43,850.23,"541,538,000"
2004-02-05,835.77,842.44,834.73,840.92,"635,917,900"
2004-02-04,838.52,842.6,834.7,835.5,"378,597,300"
2004-02-03,853.13,853.13,837.63,839.87,"461,984,000"
2004-02-02,850.28,855.43,847.74,854.89,"425,187,000"
2004-01-30,854.21,859.13,846.05,848.5,"447,364,700"
2004-01-29,851.7,854.82,847.98,853.47,"365,346,400"
2004-01-28,860.37,869.21,859.08,859.59,"432,891,300"
2004-01-27,873.61,873.61,860.88,863.03,"437,707,000"
2004-01-26,867.65,871.94,861.82,869.04,"494,021,300"
2004-01-20,854.03,864.26,853.05,861.37,"364,450,400"
2004-01-19,854.96,859.34,851.34,856.8,"404,253,100"
2004-01-16,853.67,854.46,845.4,847.95,"424,963,700"
2004-01-15,849.02,852.19,841.84,845.66,"388,389,800"
2004-01-14,847.27,855.29,844.55,849.62,"453,005,400"
2004-01-13,855.42,855.45,844.82,848.43,"400,184,400"
2004-01-12,843.96,853.5,840.11,850.79,"443,937,900"
2004-01-09,835.42,849.5,835.05,845.27,"543,285,500"
2004-01-08,831.1,839.28,824.15,824.15,"428,758,500"
2004-01-07,826.08,831.07,825.23,827.07,"404,563,800"
2004-01-06,831.26,831.26,819.53,823.43,"484,054,800"
2004-01-05,817.28,825.43,816.55,824.1,"408,258,500"
2004-01-02,816.26,821.87,813.63,821.26,"307,493,600"
2003-12-30,802.5,811.89,800.15,810.71,"385,852,400"
2003-12-29,779.24,792.44,779.24,792.44,"282,393,300"
2003-12-26,791.39,794.78,786.11,788.85,"414,254,200"
2003-12-24,808.41,808.58,792.37,792.55,"503,657,400"
2003-12-23,809.9,812.75,801.62,801.88,"406,065,500"
2003-12-22,809.57,815.55,804.53,804.54,"344,954,300"
2003-12-19,814.89,817.5,809.17,811.2,"480,452,600"
2003-12-18,803.6,808.94,797.46,807.5,"493,068,900"
2003-12-17,816.98,817.39,799.82,800.09,"479,488,500"
2003-12-16,807.32,817.56,804.17,810.79,"462,744,400"
2003-12-15,821.62,824.26,814.73,822.16,"404,611,700"
2003-12-12,806.42,810.68,801.33,806.08,"423,443,400"
2003-12-11,797.12,805.81,791.13,791.13,"424,779,500"
2003-12-10,774.53,794.64,774.04,794.64,"454,614,200"
2003-12-09,790.52,793.13,784.6,787.35,"398,091,900"
2003-12-08,780.23,791.77,777.08,784.8,"339,973,200"
2003-12-05,802.71,802.86,789.41,789.41,"426,505,500"
2003-12-04,805.1,809.68,800.31,805.13,"493,935,100"
2003-12-03,807.17,816.02,801.08,808.34,"440,581,900"
2003-12-02,813.49,813.95,806.3,807.78,"531,989,500"
2003-12-01,796.36,811.49,790.8,807.39,"584,981,600"
2003-11-28,783.17,797.07,783.17,796.18,"597,539,000"
2003-11-27,783.13,784.86,776.4,781.68,"502,461,400"
2003-11-26,769.76,783.8,769.3,782.65,"532,139,200"
2003-11-25,768.1,770.28,761.98,768.11,"526,446,200"
2003-11-24,765.82,769.6,752.14,753.65,"577,949,100"
2003-11-21,764.12,777.96,762.36,770.78,"624,925,400"
2003-11-20,775.19,778.1,763.67,769.45,"605,281,700"
2003-11-19,785.28,785.28,769.43,771.7,"717,181,100"
2003-11-18,794.24,801.2,787.6,800.97,"642,402,800"
2003-11-17,803.48,803.95,790.14,794.47,"504,100,300"
2003-11-14,809.94,818.34,807.67,809.89,"597,547,000"
2003-11-13,805.79,813.11,803.93,813.11,"510,306,800"
2003-11-12,788.91,798.33,786,796.31,"509,123,500"
2003-11-11,788.34,790.11,782.03,787.77,"504,103,100"
2003-11-10,800.98,802.32,788.65,796.56,"537,184,300"
2003-11-07,796.58,804.05,789.97,804.05,"469,093,000"
2003-11-06,809.92,811.97,790.04,790.04,"610,742,800"
2003-11-05,796.36,806.79,794.58,805.51,"604,294,700"
2003-11-04,800.42,802.66,790.99,796.06,"606,374,800"
2003-11-03,783.08,793.53,778.04,791.96,"434,447,000"
2003-10-31,787.95,789.46,775.38,782.36,"484,313,300"
2003-10-30,784.78,787.82,778.42,785.94,"471,880,000"
2003-10-29,787.61,793.35,779.66,779.66,"567,926,200"
2003-10-28,760.8,782.31,759.56,775.36,"491,641,100"
2003-10-27,752.82,761.61,750.5,761.61,"412,847,600"
2003-10-24,752.31,759.55,743.38,748.17,"362,656,200"
2003-10-23,764.36,768.31,750.16,754.14,"428,501,300"
2003-10-22,780.54,784.14,773.3,779.28,"486,357,100"
2003-10-21,780.56,785.02,772.91,779.89,"448,313,000"
2003-10-20,766.33,777.97,765.13,776.44,"473,194,600"
2003-10-17,776.99,783.08,767.75,767.75,"519,240,200"
2003-10-16,759.12,776.97,758.07,776.97,"519,719,300"
2003-10-15,771.38,773.13,759.86,764.23,"462,560,500"
2003-10-14,763.62,772.29,762.96,766.52,"529,574,700"
2003-10-13,754.5,764.33,747.02,757.02,"453,894,100"
2003-10-10,735.25,759.6,735.25,757.89,"445,795,500"
2003-10-09,723.13,736.16,722.94,736.16,"603,003,000"
2003-10-08,731.12,731.45,721.29,722.76,"316,708,700"
2003-10-07,725.21,727.37,722.38,727.09,"402,770,100"
2003-10-06,723.47,726.77,719.33,723.13,"393,278,300"
2003-10-02,716.27,718.36,708.03,715.24,"451,448,300"
2003-10-01,690.47,704.29,688.62,704.29,"434,294,800"
2003-09-30,701.75,709.16,697.52,697.52,"461,262,900"
2003-09-29,697.26,698.77,688.07,696.06,"379,962,800"
2003-09-26,704.01,711.5,697.13,697.4,"431,810,000"
2003-09-25,707.58,714.56,699.83,713.52,"412,759,400"
2003-09-24,721,725.49,715.86,724.7,"419,845,000"
2003-09-23,713.67,719.71,702.31,718.84,"475,526,800"
2003-09-22,741.54,741.68,714.75,714.89,"426,497,700"
2003-09-19,766.23,767.05,745.16,748.25,"443,018,400"
2003-09-18,768.39,769.28,756.73,758.18,"411,543,300"
2003-09-17,771.61,772.35,764.46,766.59,"469,797,000"
2003-09-16,751.95,764.12,751.53,763.63,"479,461,500"
2003-09-15,764.68,767.27,753.61,753.61,"411,237,800"
2003-09-09,763.36,775.88,763.36,767.46,"408,452,600"
2003-09-08,759.49,761.91,756.01,760.25,"343,379,200"
2003-09-05,766.43,768.9,759.81,761.55,"376,792,300"
2003-09-04,768.1,769.98,763.87,764.15,"407,009,300"
2003-09-03,770.87,771.78,763.35,766.32,"424,949,000"
2003-09-02,768.43,768.91,763.34,766.5,"493,042,000"
2003-09-01,763.22,765.64,759.36,764.11,"370,540,300"
2003-08-29,756.76,760.09,746.92,759.47,"431,254,900"
2003-08-28,763.46,765.27,749.34,752.81,"461,035,300"
2003-08-27,757.72,763.99,756.04,758.98,"497,011,700"
2003-08-26,754.23,755.63,749.2,753,"426,878,100"
2003-08-25,754.17,760.85,752.34,756.73,"419,627,000"
2003-08-22,754.88,759.15,751.7,754.72,"506,637,600"
2003-08-21,741.7,754.34,741.7,754.34,"534,409,400"
2003-08-20,740.44,745.03,736.64,737.2,"497,967,100"
2003-08-19,745.65,745.77,738,740.13,"614,968,600"
2003-08-18,728.92,734.81,727.56,730.1,"498,360,600"
2003-08-14,714.2,727.01,713.46,727.01,"482,912,200"
2003-08-13,705.58,713.81,704.93,713.08,"407,921,200"
2003-08-12,707.01,708.08,699.94,701.3,"366,109,100"
2003-08-11,700.41,704.59,693.7,704.58,"398,684,500"
2003-08-08,710.54,712.31,704.14,704.14,"418,308,800"
2003-08-07,709.57,709.82,703.05,709.81,"412,240,100"
2003-08-06,710.87,713.32,705.86,707.88,"464,486,900"
2003-08-05,723.15,726.3,720.64,721.84,"481,029,800"
2003-08-04,719.57,724.17,717.46,718.54,"439,405,100"
2003-08-01,718.84,728.38,718.25,727.26,"456,998,200"
2003-07-31,716.5,718.49,710.01,713.52,"388,887,900"
2003-07-30,721.66,724.23,714.07,714.15,"502,180,800"
2003-07-29,718.42,722.47,715.01,722.33,"566,861,700"
2003-07-28,715.44,719.21,714.42,717.8,"466,942,500"
2003-07-25,698.53,705.6,696.64,705.09,"489,038,900"
2003-07-24,693.15,705.53,690.59,702.94,"732,725,000"
2003-07-23,702.71,703.82,693.04,695.74,"571,574,700"
2003-07-22,691.43,699.99,691.43,699.7,"707,482,800"
2003-07-21,699.12,702.84,692.12,693.5,"662,571,500"
2003-07-18,700.52,707.43,697.67,699.35,"546,269,700"
2003-07-16,720.89,722.85,709.55,716.48,"589,353,000"
2003-07-15,723.08,724.53,712.36,713.45,"719,789,300"
2003-07-14,709.09,720.59,705.4,720.1,"559,538,400"
2003-07-11,694.14,704.54,691.59,704.15,"560,477,400"
2003-07-10,701.43,710.26,700.49,700.51,"577,869,200"
2003-07-09,708.55,710.28,704.34,705.5,"543,852,000"
2003-07-08,715.54,715.8,706.12,708.34,"568,608,500"
2003-07-07,699.32,704.31,696.76,704.29,"439,453,800"
2003-07-04,687.03,693.95,684.64,693.25,"442,799,600"
2003-07-03,696.54,699.34,684.94,686.83,"544,331,200"
2003-07-02,682.57,687.04,680.68,685.8,"482,616,200"
2003-07-01,666.45,674.75,663.35,674.75,"344,509,900"
2003-06-30,673.66,674.9,666.91,669.93,"320,728,800"
2003-06-27,682.14,686.18,675.48,677.28,"486,105,800"
2003-06-26,668.32,679.57,667.72,675.75,"461,919,300"
2003-06-25,665.98,674.96,665.88,674.03,"505,214,900"
2003-06-24,664.4,665.63,659.77,664.01,"451,359,900"
2003-06-23,685.97,686.6,673.33,674.59,"471,989,600"
2003-06-20,684.04,690.7,683.76,686.22,"534,519,900"
2003-06-19,681.03,690.59,679.06,690.49,"588,424,100"
2003-06-18,673.84,681.38,672.52,675.75,"584,095,800"
2003-06-17,673.76,677.58,670.33,674.66,"661,646,700"
2003-06-16,661.6,664.01,655.86,657.82,"432,731,700"
2003-06-13,663.1,670.2,655.76,665.24,"503,052,200"
2003-06-12,658.43,661.89,653.73,657.95,"611,953,300"
2003-06-11,651.93,657.92,650.27,651.29,"497,477,900"
2003-06-10,645.41,652.9,644.18,649.75,"361,328,900"
2003-06-09,640.58,651.16,638.31,650.35,"351,400,600"
2003-06-05,647.72,648.35,641.58,642.38,"521,559,100"
2003-06-04,642.35,642.79,632.47,640.27,"442,208,900"
2003-06-03,641.74,643.69,633.56,636.94,"494,561,100"
2003-06-02,643.93,649.69,642.61,648.71,"514,965,100"
2003-05-30,632.15,635.81,627.02,633.42,"470,149,000"
2003-05-29,624.1,636.2,623.01,632.43,"454,445,600"
2003-05-28,629.19,630.92,622.53,628.36,"603,929,100"
2003-05-27,619.86,620,609.05,614.3,"470,044,100"
2003-05-26,611.15,621.65,607.76,617.65,"483,847,200"
2003-05-23,602.8,612.07,601.03,611.51,"441,168,300"
2003-05-22,599.06,607.98,591.73,595.38,"448,997,800"
2003-05-21,599.55,603.24,596.29,600.57,"442,311,700"
2003-05-20,585.86,602.09,584.62,602.08,"421,521,600"
2003-05-19,603.77,603.77,592.84,596.36,"350,449,200"
2003-05-16,619.12,622.64,607.74,610.81,"506,441,400"
2003-05-15,613.63,620.45,605.62,619.35,"634,665,400"
2003-05-14,610.63,616.82,606.06,609.97,"484,389,800"
2003-05-13,631.82,633.81,613.25,614.07,"614,456,600"
2003-05-12,631.9,637.19,630.14,631.04,"655,917,000"
2003-05-09,612.25,619.25,608.41,619.11,"588,222,000"
2003-05-07,610.87,618.48,606.88,618.08,"513,433,600"
2003-05-06,603.05,609.72,602.29,604.33,"570,746,900"
2003-05-02,600.47,602.62,582.87,597.44,"437,577,400"
2003-04-30,597.23,604.21,593.16,599.35,"452,148,600"
2003-04-29,580.44,599.1,579.11,597.36,"529,782,300"
2003-04-28,559.03,573.34,556.15,569.02,"467,204,000"
2003-04-25,578.2,578.2,560.53,566.63,"660,783,300"
2003-04-24,598.2,600.93,584.43,588.35,"692,374,800"
2003-04-23,609.2,611.92,597.93,598.09,"747,944,400"
2003-04-22,614.98,614.98,601.85,603.32,"773,184,700"
2003-04-21,623.89,627.5,615.77,620.83,"752,354,700"
2003-04-18,623.17,625.13,616.29,624.77,"839,908,200"
2003-04-17,614.67,619.62,611.94,612.72,"789,830,900"
2003-04-16,616.32,625.01,614.45,621.34,"894,670,000"
2003-04-15,606.6,608.19,599.15,604.99,"789,489,300"
2003-04-14,590.04,603.41,588.91,594.4,"719,566,500"
2003-04-11,577.09,597.02,574.3,582.97,"900,313,100"
2003-04-10,569.51,578.56,565.83,577.73,"741,397,400"
2003-04-09,581.3,582.6,569.47,569.47,"761,952,600"
2003-04-08,576.46,593.09,574.16,587.32,"861,426,200"
2003-04-07,566.93,589.34,563.26,585.9,"796,940,900"
2003-04-04,540.26,558.84,536.7,558.01,"550,499,200"
2003-04-03,555.73,556.21,543.58,545.24,"626,889,200"
2003-04-02,540.92,543.54,533.13,542.92,"639,598,000"
2003-04-01,529.07,538.68,525.51,538.56,"525,127,000"
2003-03-31,547.75,549.32,534.23,535.7,"545,045,400"
2003-03-28,552.13,556.33,544.67,556.33,"484,310,200"
2003-03-27,550.54,551.8,546.46,549.26,"604,574,200"
2003-03-26,562.2,565.5,551.41,554.79,"890,660,400"
2003-03-25,550.55,558.44,550.28,554.98,"882,061,600"
2003-03-24,579.08,579.08,568.27,569.85,"876,051,800"
2003-03-21,569.67,576.95,565.34,575.77,"822,452,500"
2003-03-20,553.63,568.66,548.45,568.46,"1,076,215,100"
2003-03-19,534.86,546.68,534.64,541.78,"615,585,400"
2003-03-18,536.69,539.3,526.86,537.31,"682,899,400"
2003-03-17,535.79,535.79,512.3,515.24,"640,102,400"
2003-03-14,547.29,548.45,534.51,537.65,"758,918,300"
2003-03-13,530.86,531.78,514.43,531.78,"679,689,800"
2003-03-12,531.17,534.76,524.53,531.81,"793,803,500"
2003-03-11,531.78,538.62,530.55,532.53,"657,882,800"
2003-03-10,545.54,548.29,541.29,544.24,"607,064,100"
2003-03-07,547.89,555.38,544.09,546.02,"635,049,700"
2003-03-06,564.74,564.87,551.8,555.33,"735,616,100"
2003-03-05,567.3,567.53,557.68,560.26,"764,029,400"
2003-03-04,581.09,581.68,573.15,576.58,"584,630,800"
2003-03-03,578.5,590.55,577.54,590.04,"605,605,600"
2003-02-28,586.07,587.94,573.3,575.43,"596,286,500"
2003-02-27,580.91,585.33,576.07,582.46,"562,681,700"
2003-02-26,594.42,597.69,588.94,590.26,"567,686,100"
2003-02-25,604.67,605.34,592.25,592.25,"524,940,100"
2003-02-24,608.77,619.45,608.77,616.29,"615,301,300"
2003-02-21,605.26,605.26,597.04,603.6,"798,922,800"
2003-02-20,601.29,606.22,597.97,605.51,"1,035,938,300"
2003-02-19,613.15,616.79,600.51,600.83,"531,013,500"
2003-02-18,602.57,606.4,593.76,603.45,"547,232,400"
2003-02-17,590.39,602.23,588.22,601.87,"648,037,800"
2003-02-14,574.89,577.09,567.46,575.24,"533,853,400"
2003-02-13,584.97,585.74,572.42,575.67,"402,030,400"
2003-02-12,572.87,583.29,572.46,583.29,"353,607,900"
2003-02-11,582.47,585.71,561.69,575.98,"563,284,000"
2003-02-10,573.09,579.71,571.96,577.25,"459,064,100"
2003-02-07,587.68,587.7,571.2,577.48,"466,702,800"
2003-02-06,601.74,603.55,586.43,589.5,"519,869,100"
2003-02-05,598.34,606.7,595.39,600.68,"755,849,400"
2003-02-04,602.29,605.59,596.78,603.78,"709,178,200"
2003-02-03,591.88,602.85,586.14,600.41,"425,272,400"
2003-01-30,589.07,593.7,586.03,591.86,"510,747,600"
2003-01-29,601.25,602.18,581.13,583.35,"562,754,500"
2003-01-28,590.54,600.56,589.51,600.56,"345,205,600"
2003-01-27,597.82,597.82,587.72,593.09,"384,229,500"
2003-01-24,625.69,629.79,604.74,609.43,"444,638,000"
2003-01-23,622.54,626.98,615.11,625.18,"507,648,900"
2003-01-22,627.11,631.66,617.43,622.49,"525,275,900"
2003-01-21,635.67,636.04,624.46,632.86,"470,957,100"
2003-01-20,627.78,634.91,626.41,634.5,"480,825,000"
2003-01-17,640.31,649.1,636.46,636.46,"640,387,600"
2003-01-16,639.56,649.54,635.79,648.69,"484,260,500"
2003-01-15,656.23,659.05,643.52,648.29,"582,278,200"
2003-01-14,645.66,652.63,639.91,650.05,"712,860,700"
2003-01-13,627.01,648.06,624.46,648.06,"847,846,300"
2003-01-10,643.28,644.48,618.68,628.36,"700,708,600"
2003-01-09,643.5,644.43,630.4,630.4,"627,178,200"
2003-01-08,655.97,660.39,650.93,651.72,"604,873,200"
2003-01-07,679,679.3,652.14,652.2,"690,116,500"
2003-01-06,665.1,667.71,657.61,666.71,"721,798,300"
2003-01-03,651.59,662.4,649.62,661.1,"1,005,749,500"
2003-01-02,633.03,637.1,623.75,635.17,"742,864,400"
2002-12-30,652.07,652.07,613.76,627.55,"650,409,800"
2002-12-27,658.23,668.1,655.69,656.92,"798,036,500"
2002-12-26,674.4,679.47,667.1,671.89,"775,641,700"
2002-12-24,688.24,692.07,673.98,677.82,"728,621,100"
2002-12-23,711.72,713.32,690.23,691.38,"742,898,900"
2002-12-20,705.05,712.5,702.62,709.44,"901,070,100"
2002-12-18,698.75,711.81,695.56,709.22,"1,236,821,800"
2002-12-17,703.75,705.56,701.95,704.49,"1,135,841,700"
2002-12-16,698.54,700.48,690.81,692.42,"859,630,900"
2002-12-13,709.83,711.56,701.56,708.13,"579,527,000"
2002-12-12,702.91,715.38,701.6,715.38,"1,174,456,300"
2002-12-11,705.26,707.53,695.86,698.61,"816,287,500"
2002-12-10,696.65,705.43,695.34,702.44,"742,219,000"
2002-12-09,720.22,722.45,705.67,709.11,"956,291,300"
2002-12-06,716.13,723.09,712.62,718.09,"677,446,600"
2002-12-05,715.73,722.79,708.45,722.76,"572,612,700"
2002-12-04,724.72,725.25,713.2,714.5,"675,223,500"
2002-12-03,730.74,737.7,726.89,736.57,"924,637,800"
2002-12-02,724.99,731.47,719.95,730.16,"741,233,400"
2002-11-29,719.46,724.8,713.01,724.8,"713,328,700"
2002-11-28,719.33,725.6,713.67,714.54,"795,972,600"
2002-11-27,694.69,709.12,694.51,708.07,"706,906,700"
2002-11-26,705.94,707.21,697.39,702.27,"1,445,122,900"
2002-11-25,695.48,706.82,694.98,705.86,"1,486,753,400"
2002-11-22,703.98,704.38,692.49,692.87,"737,549,500"
2002-11-21,695.37,699.29,689.86,690.38,"862,131,400"
2002-11-20,669.18,682.83,666.71,682,"1,134,261,400"
2002-11-19,663.35,672.7,663.13,671.44,"1,511,451,600"
2002-11-18,672.92,678.12,665.63,667.13,"671,426,800"
2002-11-15,669.15,673.5,665.34,672.95,"1,059,452,500"
2002-11-14,656.41,659.73,650.45,652.15,"640,960,500"
2002-11-13,656.13,658.5,646.76,653.85,"727,446,200"
2002-11-12,644.67,656.6,643.39,654.43,"907,884,300"
2002-11-11,669.16,669.16,654.65,657.78,"672,687,500"
2002-11-08,668.06,674.87,664.24,674.85,"693,831,300"
2002-11-07,678.76,688.47,674.34,681.27,"852,319,000"
2002-11-06,673.94,683.36,672.5,682.56,"1,257,734,200"
2002-11-05,672.72,674.65,660.97,664.9,"1,263,958,800"
2002-11-04,661.24,672.68,658,672.68,"1,720,024,100"
2002-11-01,652.34,657.12,646.15,647.65,"829,022,500"
2002-10-31,664.8,670.18,653.11,658.92,"1,038,910,400"
2002-10-30,672.43,672.83,651.86,658.03,"1,356,098,600"
2002-10-29,675.09,682.81,672.47,673.18,"1,643,543,800"
2002-10-28,666.96,680.07,664.54,678.14,"1,248,923,000"
2002-10-25,646.1,662.32,646.09,655.88,"1,017,029,800"
2002-10-24,661.47,666.21,650.7,654.98,"1,678,859,200"
2002-10-23,640.56,657.54,631.24,657.43,"1,703,736,700"
2002-10-22,665.54,665.85,632.45,639.27,"1,094,948,100"
2002-10-21,666.51,668.31,652.67,652.67,"1,622,877,800"
2002-10-18,660.67,674.19,657.03,670.79,"1,160,610,600"
2002-10-17,633.46,647.79,625.67,644.66,"1,290,310,500"
2002-10-16,641.12,641.58,631.37,636.25,"1,207,442,300"
2002-10-15,620.76,634.44,613.09,629.57,"793,237,400"
2002-10-14,604.43,617.16,603.8,614.27,"585,670,500"
2002-10-11,602.88,604.47,576.49,587.51,"690,062,300"
2002-10-10,610.68,613.97,584.04,584.04,"680,107,400"
2002-10-09,637.01,637.01,618.75,619.94,"568,193,800"
2002-10-08,626.09,634.84,623.06,634.84,"581,087,000"
2002-10-07,644.32,644.32,627.16,627.4,"605,891,300"
2002-10-04,642.43,654.7,638,650.92,"777,589,100"
2002-10-02,666.77,666.97,646.45,648.1,"755,568,200"
2002-10-01,637.81,652.24,637.77,652.13,"481,474,100"
2002-09-30,645.28,648.84,639.74,646.42,"505,725,900"
2002-09-27,665.2,672.26,660.53,663.72,"1,083,853,600"
2002-09-26,672.91,676.42,659.2,662.41,"624,147,200"
2002-09-25,669.36,669.73,651.93,657.96,"504,471,300"
2002-09-24,667.21,677.75,665.98,672.28,"582,653,300"
2002-09-23,692.14,693.26,677.17,679.43,"488,582,700"
2002-09-19,705.11,715.16,702.02,704.12,"439,798,900"
2002-09-18,708.06,710,699.77,703.87,"568,574,000"
2002-09-17,715.16,726.84,709.73,726.8,"662,836,100"
2002-09-16,721.45,721.71,700.75,704.38,"839,562,100"
2002-09-13,726.13,727.43,716.49,718.17,"1,242,204,600"
2002-09-12,725.43,739.22,722.84,739.22,"688,102,100"
2002-09-11,717.97,726.26,716.34,724.71,"582,442,300"
2002-09-10,701.67,713.3,701.67,713.3,"636,420,100"
2002-09-09,714.58,716.72,696.15,697.89,"904,301,100"
2002-09-06,716.25,720.15,707.21,708.73,"655,078,700"
2002-09-05,730.97,731.26,720.74,720.98,"578,390,300"
2002-09-04,726.58,728.87,717.09,723.05,"593,329,700"
2002-09-03,752.86,755.44,740.41,740.59,"780,361,800"
2002-09-02,739.84,751.98,738.09,751.98,"673,331,000"
2002-08-30,726.25,736.4,721.02,736.4,"805,516,200"
2002-08-29,720.56,724.94,717.04,724.94,"1,105,447,100"
2002-08-28,718.35,732.11,718.35,724.05,"652,832,900"
2002-08-27,737.09,737.51,723.49,724.17,"699,629,100"
2002-08-26,731.82,737.3,730.37,734.79,"685,231,400"
2002-08-23,748.1,753.5,738.81,740.51,"824,173,900"
2002-08-22,749.3,752.43,743.34,745.75,"1,315,689,200"
2002-08-21,734.42,746.51,731.45,745.12,"1,508,209,100"
2002-08-20,732.62,740.25,730.69,736.7,"1,700,652,900"
2002-08-19,722.85,729.05,713.3,717.58,"1,144,882,400"
2002-08-16,724.33,729.21,715.98,718.29,"796,053,900"
2002-08-14,699.29,713.72,697.74,711.24,"862,480,200"
2002-08-13,695.14,708.71,693.31,708.63,"803,033,200"
2002-08-12,693.99,702.83,692.48,695.39,"827,067,700"
2002-08-09,699.09,705.75,691.87,692.45,"1,457,247,700"
2002-08-08,684.4,687.53,677.85,684.49,"981,676,100"
2002-08-07,685.06,689.45,677.63,679.37,"1,028,879,500"
2002-08-06,660.94,674.76,660.94,673.78,"1,421,847,500"
2002-08-05,690.77,692.12,672.59,675.76,"1,645,395,900"
2002-08-02,693.95,704.09,689.38,700.68,"1,611,173,800"
2002-08-01,720.99,721.31,702.44,707.8,"1,385,222,700"
2002-07-31,725.03,727.58,717.42,717.99,"1,956,029,400"
2002-07-30,722.58,731.31,722.23,724.08,"1,415,779,700"
2002-07-29,704.08,707.98,694.95,700.35,"1,983,859,200"
2002-07-26,716.97,722.92,688.68,697.84,"964,888,000"
2002-07-25,752.78,752.78,723.52,723.52,"1,359,029,800"
2002-07-24,723.76,726.23,715.1,721.41,"1,965,409,400"
2002-07-23,715.81,743.52,709.37,743.52,"2,379,294,200"
2002-07-22,724.49,736.58,719.38,720.9,"1,445,390,500"
2002-07-19,759.41,761.68,744.36,754.62,"2,149,078,200"
2002-07-18,774.25,780.28,770.86,773.85,"1,804,749,400"
2002-07-16,785.28,792.61,767.87,771.45,"1,977,388,100"
2002-07-15,787.65,799.87,780.3,783.52,"1,763,575,700"
2002-07-12,780.49,793.44,776.45,792.93,"1,805,029,700"
2002-07-11,782.75,782.75,764.88,764.88,"1,136,289,700"
2002-07-10,795.02,802.75,790.45,794.71,"731,639,900"
2002-07-09,787.83,801.99,784.13,801.99,"1,480,465,600"
2002-07-08,807.12,807.36,778.78,783.35,"972,603,700"
2002-07-05,768.51,797.42,768.51,787.83,"989,047,700"
2002-07-04,762.16,768.74,754.42,768.74,"1,420,591,700"
2002-07-03,740.86,756.06,733.57,753.36,"415,963,000"
2002-07-02,722.58,750.6,720.7,746.23,"430,079,600"
2002-06-28,723.73,747.62,722.63,742.72,"640,958,200"
2002-06-27,717.89,722.06,703.52,710.43,"894,867,700"
2002-06-26,735.44,735.44,699.15,701.87,"605,443,900"
2002-06-25,773.75,778.68,753.82,755.92,"660,801,500"
2002-06-24,767.83,773.83,755.81,767.92,"614,255,500"
2002-06-21,767.5,783.35,758.95,778.53,"773,181,900"
2002-06-20,769.83,779.93,764.53,776.81,"834,507,400"
2002-06-19,806.36,814.25,770.48,776.37,"687,808,600"
2002-06-18,824.25,827.49,809.39,809.4,"661,367,900"
2002-06-17,824.18,828.07,809.16,809.16,"645,257,600"
2002-06-14,820.43,832.26,820.2,822.01,"596,568,400"
2002-06-12,809.53,823.06,807.37,823.06,"615,826,700"
2002-06-11,810.08,816.17,803.2,815.33,"952,172,400"
2002-06-10,803.18,814.69,802.02,811.9,"1,128,181,000"
2002-06-07,793.9,799.26,788.12,795.16,"833,273,000"
2002-06-05,813.04,818.55,808.08,809.59,"703,392,500"
2002-06-04,789,807.19,785.58,806.33,"584,330,600"
2002-06-03,793.53,807.15,787.04,804.93,"566,885,900"
2002-05-31,815.14,820.51,794.92,796.4,"686,763,300"
2002-05-30,825.84,831.52,812.12,815.61,"589,170,500"
2002-05-29,838.73,838.73,821.81,835.19,"839,177,400"
2002-05-28,845.78,849.34,834.64,848.8,"806,576,600"
2002-05-27,850.12,860.37,836.89,840.57,"618,475,300"
2002-05-24,853.41,861.03,851.01,854.57,"786,317,900"
2002-05-23,858.5,863.16,844.15,845.51,"952,260,100"
2002-05-22,837.59,863.06,829.5,863.06,"664,461,700"
2002-05-21,858.42,862.92,836.62,837.56,"740,654,900"
2002-05-20,876.37,878.68,865.11,865.78,"620,172,400"
2002-05-17,867.44,878.39,866.7,875.03,"862,082,700"
2002-05-16,861.95,867.21,856.7,858.04,"881,741,000"
2002-05-15,850.58,866.03,850.58,862.62,"625,594,600"
2002-05-14,834.49,839.8,826.96,837.37,"702,627,700"
2002-05-13,808.97,827.03,804.91,821.89,"414,170,100"
2002-05-10,835.03,842.33,812.8,817.93,"447,522,300"
2002-05-09,865.3,869.45,838.67,838.67,"968,372,200"
2002-05-08,839.02,850.9,837.26,844.67,"658,847,400"
2002-05-07,814.06,826.34,811.66,826.34,"564,492,300"
2002-05-06,840.93,843.57,826.87,826.87,"493,877,600"
2002-05-03,852.04,859.32,836.71,856.72,"630,183,300"
2002-05-02,855.41,860.72,844.2,859.86,"695,008,700"
2002-04-30,840.31,847.19,829.16,842.34,"992,265,800"
2002-04-29,848.52,863.1,833.42,838.51,"584,423,100"
2002-04-26,871.54,878.32,864.06,869.65,"648,921,800"
2002-04-25,898.44,903.4,872.58,872.58,"615,701,200"
2002-04-24,921.75,927.15,906.01,915.69,"745,379,000"
2002-04-23,918.06,927.1,909.07,925.7,"803,273,700"
2002-04-22,930.1,943.54,912.54,920.89,"804,784,300"
2002-04-19,936.89,941.46,922.18,923.94,"851,675,800"
2002-04-18,926.69,941.74,925.06,937.61,"884,764,200"
2002-04-17,919.47,932.67,918.67,930.51,"775,594,200"
2002-04-16,896.41,904.61,891,901.29,"741,695,400"
2002-04-15,879.04,897.1,877.99,894.28,"942,710,500"
2002-04-12,855.04,875.72,854.12,875.69,"802,882,700"
2002-04-11,858.22,873.25,853.18,862.86,"726,329,300"
2002-04-10,882.08,882.08,855.47,856.03,"562,308,400"
2002-04-09,903.79,905.26,884.43,888.67,"656,987,700"
2002-04-08,920.83,926.23,900.24,900.69,"556,228,100"
2002-04-04,912.94,920.87,908.82,918.01,"500,371,700"
2002-04-03,899.98,919.89,898.28,918.59,"547,821,200"
2002-04-02,878.9,905.34,871.45,905.34,"506,168,100"
2002-04-01,900.47,900.47,874.9,875.83,"489,777,800"
2002-03-29,902.05,906.25,893.18,895.58,"454,918,300"
2002-03-28,905.19,914.93,892.67,892.67,"654,126,600"
2002-03-27,888.32,903.98,884.84,902.46,"608,037,800"
2002-03-26,872.57,884.18,872.57,881.03,"465,575,700"
2002-03-25,901.43,903.77,879.41,879.41,"576,101,900"
2002-03-22,890.32,908.4,883.26,895.98,"664,129,300"
2002-03-21,875.61,891.56,875.61,885.64,"648,152,300"
2002-03-20,895.33,903.79,882.1,887.48,"760,329,900"
2002-03-19,872.65,890.44,869.86,889.98,"701,778,900"
2002-03-18,877.19,878.32,863.65,869.71,"753,887,000"
2002-03-15,847.57,868.02,845.4,860.36,"717,113,400"
2002-03-14,846.64,856.86,829.05,856.86,"686,322,400"
2002-03-13,841.93,854.48,839.48,849.13,"593,072,500"
2002-03-12,824.48,846.03,824.48,846.03,"651,580,100"
2002-03-11,828.22,830.38,818.43,827.02,"541,713,700"
2002-03-08,828.9,833.72,815.54,825.27,"626,575,100"
2002-03-07,847.86,850.08,826.2,829.44,"734,593,700"
2002-03-06,840.45,850.61,837.05,843.06,"904,900,600"
2002-03-05,847.86,847.86,834.95,841.95,"762,958,100"
2002-03-04,842.21,847.39,834.21,834.21,"621,760,100"
2002-02-28,825.12,826.6,815.52,819.99,"676,070,700"
2002-02-27,800.7,822.11,800.7,822.11,"695,057,200"
2002-02-26,806.22,810.43,795.42,801.14,"591,104,500"
2002-02-25,796.8,801.97,786.73,791.48,"478,974,600"
2002-02-22,774.78,792.64,773.4,792,"683,505,800"
2002-02-21,788.63,789.48,772.5,787.62,"639,435,000"
2002-02-20,774.01,780.54,769.71,776.89,"589,389,100"
2002-02-19,794.33,797.73,779.95,782.27,"677,906,300"
2002-02-18,783.75,795.37,782.93,790.37,"869,360,800"
2002-02-15,781.99,793.67,781.66,783.59,"747,938,200"
2002-02-14,764.15,796.18,762.41,796.18,"759,498,000"
2002-02-08,730.82,739.66,722.53,739.66,"522,879,500"
2002-02-07,736.62,746.96,724.69,727.71,"504,378,800"
2002-02-06,736.45,745.63,736.45,741.55,"585,578,700"
2002-02-05,720.7,739.91,718.86,739.91,"553,696,800"
2002-02-04,740.98,747.36,728.58,730.21,"554,917,800"
2002-02-01,757.07,761.85,739.15,742.42,"758,400,300"
2002-01-31,761.12,762.22,742.89,748.07,"670,587,800"
2002-01-30,748.78,759.24,745.77,749.45,"778,489,800"
2002-01-29,780.47,784.46,769.53,774.03,"679,201,300"
2002-01-28,787.65,787.65,773.49,780.24,"705,795,800"
2002-01-25,769.51,784.12,766.59,774.68,"760,386,000"
2002-01-24,749.6,763.42,748.18,757.71,"717,441,600"
2002-01-23,715.79,742.84,714.61,742.62,"588,836,700"
2002-01-22,721.65,731.09,717.77,724.36,"700,489,000"
2002-01-21,704.73,717.35,701.01,717.35,"522,465,000"
2002-01-18,713.35,718.39,705.21,708.47,"537,672,800"
2002-01-17,703.43,715.9,698.3,713.5,"714,740,600"
2002-01-16,718.08,723.89,710.95,710.95,"548,370,700"
2002-01-15,732.58,732.58,716.34,718.64,"730,824,800"
2002-01-14,721.43,744.03,720.78,744.03,"751,476,000"
2002-01-11,737.31,742.34,718.74,727.36,"798,940,600"
2002-01-10,747.44,751.83,728.22,728.23,"1,057,131,400"
2002-01-09,732.38,751.61,729.34,751.61,"942,646,400"
2002-01-08,747.21,750.89,734.76,734.76,"799,323,100"
2002-01-07,748.54,757.81,735.55,751.48,"753,589,700"
2002-01-04,744.46,750.83,739.14,747.72,"630,662,100"
2002-01-03,726.76,735.77,722.35,727.66,"752,580,700"
2002-01-02,698,725.06,690.36,724.95,"618,721,600"
2001-12-28,680.22,695.96,680.22,693.7,"514,805,300"
2001-12-27,650.31,672.55,646.3,668.55,"541,630,900"
2001-12-26,650.23,655.2,648.84,653.87,"568,377,500"
2001-12-24,647.73,655.3,642.26,646.49,"390,805,100"
2001-12-21,651.9,653.93,641.7,644.71,"355,178,200"
2001-12-20,649.3,666.48,642.86,664.51,"503,988,400"
2001-12-19,652.91,654.63,642.65,647.05,"627,555,400"
2001-12-18,655.97,662.59,639.62,643.76,"600,155,700"
2001-12-17,661.29,662.08,645.87,648.28,"531,845,100"
2001-12-14,666.99,676.66,660.76,665.2,"498,285,700"
2001-12-13,682.47,684.31,667.95,676.59,"577,062,500"
2001-12-12,667.01,683.26,658.17,681.43,"539,219,700"
2001-12-11,659.76,671.68,655.65,670.08,"565,259,400"
2001-12-10,701.36,702.01,665.74,668.77,"669,062,400"
2001-12-07,691.37,708.15,683.62,704.5,"670,358,700"
2001-12-06,707.06,715.93,678.81,686.61,"869,664,800"
2001-12-05,663.48,696.06,663.48,688.31,"789,588,200"
2001-12-04,648.51,656.33,642.74,649.9,"897,584,000"
2001-12-03,643.61,654,631.87,650.66,"888,594,800"
2001-11-30,645.63,649.4,640.23,643.89,"792,573,500"
2001-11-29,624.18,641.11,616.51,628.86,"650,927,000"
2001-11-28,661.98,665.07,630.76,632.02,"717,858,500"
2001-11-27,674.61,680.91,661.44,670.1,"807,313,900"
2001-11-26,655.08,674.56,654.87,674.56,"783,739,500"
2001-11-23,627.45,647.2,627.45,645.18,"802,072,400"
2001-11-22,617.82,624.56,609.81,624.56,"771,318,700"
2001-11-21,609.88,621.17,609.18,615.45,"709,144,500"
2001-11-20,630.97,636.06,614.19,616.33,"918,016,900"
2001-11-19,610.77,630.02,610.77,626.43,"973,073,300"
2001-11-16,605.71,612.53,602.83,610.88,"705,216,700"
2001-11-15,602.09,612.32,600.72,606.44,"803,718,300"
2001-11-14,595,606.68,592.89,606.68,"943,719,600"
2001-11-13,580.87,589.64,577.19,588.83,"861,855,200"
2001-11-12,581.71,584.48,575.58,584.48,"743,090,000"
2001-11-09,575.1,579.19,569.71,576.75,"823,656,700"
2001-11-08,564.82,574.75,564.82,573.04,"531,372,500"
2001-11-07,567.03,567.94,560.88,562.03,"449,356,400"
2001-11-06,567.35,569.82,565.47,565.47,"493,971,000"
2001-11-05,555.62,561.62,552.89,561.62,"417,335,100"
2001-11-02,547.99,554.05,547.51,550.57,"855,826,900"
2001-11-01,540.63,546.12,536.2,544.09,"461,559,900"
2001-10-31,530.53,537.81,529.75,537.81,"592,318,700"
2001-10-30,538.99,539.93,533.2,533.87,"359,384,600"
2001-10-29,548.22,550.93,544.07,547.87,"412,828,900"
2001-10-26,545.15,547.25,539.91,543.41,"359,667,300"
2001-10-25,542.83,545.12,539.62,542.19,"640,981,100"
2001-10-24,532.63,541.96,531.46,541.49,"382,280,600"
2001-10-23,533.68,538.29,530.45,530.5,"466,383,700"
2001-10-22,532,532.12,524.32,528.7,"428,960,700"
2001-10-19,522.93,530.08,521.42,528.04,"661,533,600"
2001-10-18,522.31,526.49,519.41,524.21,"387,713,300"
2001-10-17,527.81,529.54,522.37,528.29,"448,538,700"
2001-10-16,514.43,522.16,514.04,521.91,"419,500,500"
2001-10-15,513.55,517.47,511.29,513.99,"373,171,800"
2001-10-12,526.06,526.2,510.93,516.4,"628,108,600"
2001-10-11,514.84,519.56,513.87,517.05,"598,511,100"
2001-10-10,503.08,505.41,500.44,503.46,"474,785,200"
2001-10-09,501.02,509.21,501.02,507.61,"655,188,900"
2001-10-08,497.44,501.56,493.12,496.13,"687,411,300"
2001-10-05,499.8,502.11,496.66,501.92,"781,826,300"
2001-10-04,498.87,501.22,494.76,500.64,"547,904,300"
2001-09-28,475.56,483.21,472.71,479.68,"426,736,300"
2001-09-27,467.45,472.38,464.42,472.38,"453,272,300"
2001-09-26,473.41,475.8,468.48,472.85,"423,397,700"
2001-09-25,491.59,491.68,470.38,472.13,"640,132,800"
2001-09-24,473.75,482.19,471.91,482.19,"538,750,900"
2001-09-21,466.57,472.31,463.54,472.31,"564,256,600"
2001-09-20,482.79,482.79,473.5,480.27,"627,795,000"
2001-09-19,484.16,491.99,480.4,486.75,"783,894,400"
2001-09-18,481.45,485.12,478.24,484.93,"693,026,500"
2001-09-17,475.31,476.42,464.39,468.76,"732,185,000"
2001-09-14,497.15,497.15,472.98,482.29,"1,021,324,700"
2001-09-13,491.61,499.25,484.49,499.25,"1,022,942,500"
2001-09-12,490.14,499.9,474.58,475.6,"242,831,800"
2001-09-11,550.9,553.61,539.72,540.57,"612,392,900"
2001-09-10,547.99,551.26,545.16,550.73,"595,823,200"
2001-09-07,546.79,555.51,544.73,555.08,"491,275,400"
2001-09-06,552.41,559.17,551.35,552.59,"588,149,800"
2001-09-05,550.43,553.61,547.88,551.91,"788,717,000"
2001-09-04,543.1,558.79,540.33,558.79,"499,962,300"
2001-09-03,545.02,547.63,539.17,541.83,"415,212,200"
2001-08-31,552.78,554.48,542.21,545.11,"720,384,500"
2001-08-30,555.98,564.36,554.47,564.36,"711,803,700"
2001-08-29,569.77,570.03,563.28,565.63,"468,999,600"
2001-08-28,577.75,578.62,573.1,576.51,"445,220,200"
2001-08-27,577.46,585.34,574.71,578.74,"478,607,700"
2001-08-24,571.97,573.19,563.9,569.31,"415,286,200"
2001-08-23,578.62,580.51,568.82,570.07,"482,270,500"
2001-08-22,560.53,575.3,560.53,574.87,"525,815,700"
2001-08-21,571.77,572.86,561.44,568.68,"356,393,600"
2001-08-20,568.88,574.16,566.42,567.09,"381,820,700"
2001-08-17,582.93,585.36,577.1,580.99,"437,366,000"
2001-08-16,571.19,582.8,569.53,580.95,"525,647,000"
2001-08-14,565.2,577.24,564.86,577.15,"539,431,800"
2001-08-13,558.48,562,552.17,562,"298,623,700"
2001-08-10,556.04,558.27,552,555.34,"286,535,800"
2001-08-09,554.46,559.17,549.67,549.67,"318,622,100"
2001-08-08,568.07,568.85,561.35,565.94,"362,125,900"
2001-08-07,562.17,568.57,561.29,567.5,"366,593,600"
2001-08-06,564.72,573.56,563.53,569.37,"375,431,700"
2001-08-03,572,572,563.55,568.69,"267,802,500"
2001-08-02,565.39,572.03,557.29,567.46,"445,704,300"
2001-08-01,546.3,563.67,542,562.79,"441,170,100"
2001-07-31,534.84,541.55,532.55,541.55,"202,397,700"
2001-07-30,542.08,542.08,532.85,533.53,"274,101,300"
2001-07-27,536.86,542.58,534.94,541.13,"395,951,100"
2001-07-26,529.65,531.96,527.22,529.22,"313,189,300"
2001-07-25,519.74,528.33,516.64,526.08,"371,429,700"
2001-07-24,518.94,527.37,512.78,526.62,"485,589,900"
2001-07-23,535,538.35,522.38,524.21,"265,250,800"
2001-07-20,540.26,541.95,534.39,537.71,"275,155,500"
2001-07-19,534.13,545.74,534.13,545.74,"263,163,900"
2001-07-18,550.94,551.97,539.04,540.53,"275,322,200"
2001-07-16,551.43,554.93,545.17,548.93,"228,143,700"
2001-07-13,571.16,571.16,546.97,548.49,"259,004,700"
2001-07-12,561.5,566.26,559.95,559.95,"302,702,400"
2001-07-11,547.15,558.53,545.76,553.65,"208,227,400"
2001-07-10,563.21,565.51,557.51,558.6,"228,984,700"
2001-07-09,565.34,568.21,555.66,560,"250,533,900"
2001-07-06,581.85,585.08,578.13,578.54,"215,957,100"
2001-07-05,598.95,600.51,592.8,593.61,"195,564,600"
2001-07-04,591.01,597.25,586.31,597.25,"226,701,900"
2001-07-03,598.67,598.67,593.56,594.31,"209,112,400"
2001-07-02,593.03,598.24,592.9,596.74,"201,673,900"
2001-06-29,594.02,595.13,589.18,595.13,"225,172,300"
2001-06-28,585.66,591.03,582.91,583.27,"268,780,100"
2001-06-27,587.31,590.74,580.75,584.76,"330,389,400"
2001-06-26,597.81,598.96,586.12,588.71,"312,735,600"
2001-06-25,597.37,602.77,594.04,598.02,"309,867,500"
2001-06-22,597.34,602.7,593.33,599.08,"395,237,300"
2001-06-21,597.72,599.76,589.46,595.53,"404,196,800"
2001-06-20,603.29,604.78,593.75,595.72,"440,475,300"
2001-06-19,606.04,615.85,605.8,608.91,"436,625,700"
2001-06-18,617.66,619.82,607.93,608.78,"474,207,500"
2001-06-15,609.54,618.96,604.37,618.96,"375,830,100"
2001-06-14,612.96,623.37,610.36,613.75,"420,520,500"
2001-06-13,611.79,614.05,607.48,614.05,"392,415,100"
2001-06-12,605.36,611.88,603.91,607.15,"319,877,500"
2001-06-11,612.46,615.41,607.2,608.23,"340,123,800"
2001-06-08,608.48,621.9,608.33,621.78,"442,483,300"
2001-06-07,594.28,601.35,594.28,601.14,"328,043,700"
2001-06-05,612.63,615,597.66,597.66,"360,313,700"
2001-06-04,609.06,613.21,606.72,610.91,"341,323,200"
2001-06-01,615.67,617.09,603.84,607.07,"358,791,000"
2001-05-31,612.45,617.66,608.8,612.16,"384,983,600"
2001-05-30,629.45,629.9,620.95,628.42,"449,656,200"
2001-05-29,616.94,632.09,615.87,632.05,"530,442,400"
2001-05-28,620.2,622.67,618.14,618.47,"434,841,200"
2001-05-25,626.97,633.16,623.05,624.11,"634,244,500"
2001-05-24,614.22,624.46,612.62,622.28,"561,542,800"
2001-05-23,620.03,625.8,616.56,622.6,"526,291,000"
2001-05-22,628.82,630.08,617.99,617.99,"794,303,400"
2001-05-21,606.87,620.89,606.46,618.96,"750,100,400"
2001-05-18,594.56,600.54,591.63,600.54,"595,397,600"
2001-05-17,588.15,596.39,585.59,596.39,"565,112,100"
2001-05-16,578.68,585.67,572.36,572.4,"529,252,100"
2001-05-15,583.73,585.74,579.08,581.3,"557,552,700"
2001-05-14,585.13,588.13,580.82,584.08,"526,955,100"
2001-05-11,581.74,584.28,577.91,583.06,"546,701,200"
2001-05-10,579.16,584.33,575.43,581.38,"557,126,700"
2001-05-09,589.06,589.42,578.34,578.84,"527,729,000"
2001-05-08,594.32,597.95,590.65,590.91,"484,398,500"
2001-05-07,588.88,599.05,584.79,596.5,"471,719,100"
2001-05-04,575.69,585.6,575.69,585.6,"392,471,300"
2001-05-03,583.22,584.68,576.53,584.4,"390,072,400"
2001-05-02,586.27,587.18,580.39,583.7,"594,622,800"
2001-04-30,565.44,577.52,564.72,577.36,"371,499,600"
2001-04-27,561.06,563.76,553.67,556.63,"231,120,800"
2001-04-26,569.58,570.99,560.84,561.62,"305,802,800"
2001-04-25,552.69,566.34,551.15,566.34,"376,545,600"
2001-04-24,552.32,556.48,547.39,555.64,"346,704,300"
2001-04-23,559.09,566.47,556.52,560.94,"420,369,700"
2001-04-20,567.66,572.08,556.22,556.29,"475,641,400"
2001-04-19,567.49,581.63,558.97,563.31,"561,585,000"
2001-04-18,523.26,540,520.31,540,"494,863,700"
2001-04-17,506.92,516.12,505.92,513.97,"319,534,600"
2001-04-16,514.55,518.26,508.35,508.35,"328,653,900"
2001-04-13,518.64,518.65,512.35,516.1,"346,891,100"
2001-04-12,516.73,519.48,511.73,514.21,"408,940,800"
2001-04-11,505.24,508.75,501.63,507.53,"354,280,200"
2001-04-10,500.97,501.65,491.21,491.21,"261,934,700"
2001-04-09,503.07,506.46,497.46,497.46,"283,858,800"
2001-04-06,518.06,518.2,504.54,506.22,"373,586,900"
2001-04-04,496.03,501.32,493.57,493.69,"313,640,800"
2001-04-03,505.38,507.67,498.27,503.26,"277,552,100"
2001-04-02,520.56,522.09,512.4,515.2,"231,820,300"
2001-03-30,524.63,528.6,516.97,523.22,"417,225,200"
2001-03-29,522.99,531.85,521.04,523.8,"484,168,200"
2001-03-28,541.43,541.71,528.79,528.79,"402,642,800"
2001-03-27,546.27,546.27,532.9,532.9,"433,273,400"
2001-03-26,544.75,550.26,542.09,545.98,"433,275,800"
2001-03-23,532.01,539.19,531.63,537.97,"364,379,400"
2001-03-22,530.88,532.25,524.25,527.05,"402,499,100"
2001-03-21,520.71,532.59,520.41,532.59,"364,742,600"
2001-03-20,542.13,542.79,531.39,531.59,"279,529,500"
2001-03-19,531.84,541.2,528.88,534.33,"253,799,700"
2001-03-16,541.31,543.81,536.7,538.67,"332,615,500"
2001-03-15,523.38,542.3,522.74,541.83,"385,191,400"
2001-03-14,541.42,545,539.12,543.28,"415,188,300"
2001-03-13,527.94,533.25,522.65,527.97,"358,141,000"
2001-03-12,554.36,556.84,545.05,545.05,"360,939,400"
2001-03-09,572.11,573.67,562.53,565.76,"316,003,400"
2001-03-08,569.79,579.28,568.09,579.28,"349,375,100"
2001-03-07,574.52,576.94,566.08,568.64,"364,058,600"
2001-03-06,569.14,574.9,564.12,568.15,"485,018,800"
2001-03-05,549.27,565.38,549.27,565.38,"309,881,500"
2001-03-02,574.61,574.61,557.2,559.44,"329,687,200"
2001-02-28,571.64,581.44,571.04,578.1,"351,257,300"
2001-02-27,590.14,597.12,576.66,577.57,"475,761,000"
2001-02-26,585.16,588.92,580.59,585.32,"448,986,500"
2001-02-23,579.97,590.49,579.45,583.52,"400,765,300"
2001-02-22,589.3,589.3,571.72,583.41,"434,981,600"
2001-02-21,605.49,605.49,594.45,594.53,"439,148,600"
2001-02-20,595.77,609.36,593.17,608.74,"498,568,800"
2001-02-19,595.66,597.76,588.73,596.67,"316,677,900"
2001-02-16,605.93,611.54,604.27,604.92,"319,525,800"
2001-02-15,611.26,612.26,602.41,603.63,"359,764,300"
2001-02-14,594.93,607.59,592.32,603.83,"413,234,800"
2001-02-13,603.15,605.35,594.41,598.78,"336,730,900"
2001-02-12,587.62,602.9,584.37,599.2,"318,923,200"
2001-02-09,588.36,598.97,581.49,595.47,"374,564,100"
2001-02-08,577.12,591.66,577.12,591.57,"282,243,300"
2001-02-07,584.93,584.93,574.44,576.19,"322,720,500"
2001-02-06,577.25,587.23,573.52,586.58,"326,302,400"
2001-02-05,594.91,595.47,575.58,579.16,"354,074,000"
2001-02-02,614.51,616.67,602.13,608.48,"345,289,400"
2001-02-01,606.49,620.78,605.42,612.3,"396,006,900"
2001-01-31,594.76,617.91,593.54,617.91,"442,127,200"
2001-01-30,601.29,608.05,591.34,591.34,"498,673,100"
2001-01-29,592.75,598.11,587.42,596.54,"461,154,800"
2001-01-26,623.68,624,591.73,591.73,"443,736,600"
2001-01-22,622.52,627.45,614.08,627.45,"484,953,800"
2001-01-19,622.25,622.25,613.66,619.78,"432,454,200"
2001-01-18,597.15,612.9,596.66,604.05,"453,764,800"
2001-01-17,600.75,610.47,587.26,595.83,"501,660,400"
2001-01-16,600.68,608.51,588.42,603.42,"606,278,900"
2001-01-15,595.06,608.22,588.87,599,"611,961,800"
2001-01-12,578.95,601.09,578.95,587.87,"713,787,700"
2001-01-11,568.26,570.57,557.86,561.79,"518,788,600"
2001-01-10,586.63,593.86,560.81,560.81,"642,378,200"
2001-01-09,583.85,589.92,572.55,589.92,"558,967,700"
2001-01-08,573.72,587.91,572.48,586.65,"558,645,100"
2001-01-05,559.54,581.41,555.4,580.85,"578,286,000"
2001-01-04,551.53,567.16,550.91,558.02,"444,540,900"
2001-01-03,512.74,524.58,510.7,521.43,"324,584,400"
2001-01-02,503.31,521.34,500.97,520.95,"231,014,600"
2000-12-26,509.09,509.95,501.64,504.62,"252,890,800"
2000-12-22,514.54,518.9,500.41,500.6,"332,697,200"
2000-12-21,498.6,515.76,497.31,511.9,"290,298,000"
2000-12-20,517.37,525.79,513.24,514.21,"304,295,300"
2000-12-19,541.23,541.25,530.18,530.8,"290,170,800"
2000-12-18,529.37,541.78,529.37,539.27,"251,260,100"
2000-12-15,544.53,551.29,533.65,534,"297,847,100"
2000-12-14,548.14,554.89,540.73,547.38,"298,434,100"
2000-12-13,540.35,560.16,539.51,557.84,"302,753,800"
2000-12-12,556.22,558.5,541.99,543.08,"320,886,200"
2000-12-11,543.46,557.79,543.46,554.8,"388,717,000"
2000-12-08,523.4,535.47,523.4,534.81,"321,364,200"
2000-12-07,517.48,523.78,510.86,523.78,"300,980,000"
2000-12-06,535.19,540.63,517.87,517.89,"391,918,800"
2000-12-05,505.1,516.97,502.94,516.96,"257,240,900"
2000-12-04,520.14,520.52,499.72,501.73,"267,606,600"
2000-12-01,490.88,514.46,489.53,514.46,"329,920,500"
2000-11-30,518.82,518.82,499.52,509.23,"310,417,300"
2000-11-29,522.98,522.98,511.93,516.44,"281,000,700"
2000-11-28,544.44,547.31,535.96,536.94,"341,209,700"
2000-11-27,542.27,554.04,542.27,554.04,"392,920,000"
2000-11-24,518.15,530.84,515.32,530.84,"315,548,800"
2000-11-23,515.48,522.54,512.41,514.31,"312,320,600"
2000-11-22,525.5,532.95,520.61,522.33,"314,620,800"
2000-11-21,529.51,531.45,515.41,531.45,"293,148,800"
2000-11-20,543.78,547.56,537.24,537.4,"289,753,000"
2000-11-17,548.43,551.26,543.6,551.26,"331,720,400"
2000-11-16,557.85,561.17,550.46,555.04,"310,692,900"
2000-11-15,566.41,570.36,552.89,557.48,"325,306,800"
2000-11-14,543.53,552.99,543.53,552.99,"253,047,600"
2000-11-13,552.44,552.44,536.45,538.94,"272,836,300"
2000-11-10,557.94,567.34,555.11,565.18,"322,181,700"
2000-11-09,549.44,562.66,548.14,560.66,"323,912,800"
2000-11-08,549.21,562.89,545.77,558.09,"354,231,700"
2000-11-07,560.55,564.38,550.39,553.35,"346,588,700"
2000-11-06,557.64,581.47,555.41,556.66,"423,810,800"
2000-11-03,563.5,567.07,556.38,560.41,"406,518,500"
2000-11-02,543.94,563.98,540.92,558.1,"461,059,700"
2000-11-01,524.69,550.05,522.78,548.76,"366,443,700"
2000-10-31,497.59,514.48,483.58,514.48,"350,639,800"
2000-10-30,514.82,520.01,504.73,504.73,"285,728,400"
2000-10-27,528.59,534.84,515.34,515.34,"284,257,600"
2000-10-26,528.27,530.8,517.82,523.66,"212,838,400"
2000-10-25,539.92,545.86,532.99,542.33,"308,132,900"
2000-10-24,527.36,549.79,523.02,545.04,"311,594,600"
2000-10-23,555.11,556,527.17,528.37,"271,144,600"
2000-10-20,540.67,554.65,540.49,545.97,"371,649,700"
2000-10-19,510.19,531.2,506.49,515.04,"312,613,000"
2000-10-18,501.09,519.54,485,514.16,"398,598,900"
2000-10-17,536.2,545.08,512.85,512.85,"313,674,300"
2000-10-16,557.11,565.88,543.2,550.1,"341,166,400"
2000-10-13,514.82,525.71,498.56,524.6,"330,309,900"
2000-10-12,548.44,564.09,534.71,534.71,"259,668,800"
2000-10-11,576.44,576.44,548.29,557.17,"311,532,500"
2000-10-10,588.72,595.79,578.2,588.34,"283,529,300"
2000-10-09,606.8,606.9,589.17,589.17,"343,128,400"
2000-10-06,601.57,610.52,601.04,608.85,"369,623,000"
2000-10-05,605.8,616.22,604.25,606.79,"456,972,700"
2000-10-04,578.37,598.41,571.58,598.41,"311,588,300"
2000-10-02,595.67,599.03,585.53,589.22,"243,067,800"
2000-09-29,612.11,620.08,599.88,613.22,"328,155,600"
2000-09-28,606.6,610.53,595.97,605.85,"330,225,500"
2000-09-27,586.57,601.02,585.16,599.3,"367,123,000"
2000-09-26,576.95,593.72,574.32,587.6,"403,772,800"
2000-09-25,562.79,584.84,562.48,584.63,"328,326,400"
2000-09-22,574.26,578.22,551,553.25,"305,092,500"
2000-09-21,603.51,613.01,577.78,595.99,"350,392,900"
2000-09-20,594.32,607.78,594.24,606.08,"340,228,000"
2000-09-19,564.92,587.21,556.74,571.16,"327,625,600"
2000-09-18,591.98,595.1,552.78,577.55,"314,544,600"
2000-09-15,642.1,652.5,621.4,628.2,"338,683,100"
2000-09-14,636.7,650.14,621.26,650.14,"319,763,300"
2000-09-08,658.46,664.07,647.99,653.67,"302,698,900"
2000-09-07,663.09,664.1,654.36,656.37,"251,207,300"
2000-09-06,677.55,690.99,673.91,676.69,"211,877,800"
2000-09-05,677.74,685.05,668.08,679.24,"216,307,100"
2000-09-04,690.95,693.66,677.55,681.3,"224,053,900"
2000-09-01,690.93,698.28,685.32,692.19,"202,369,200"
2000-08-31,713.41,713.41,682.68,688.62,"263,369,100"
2000-08-30,726.63,727.39,718.93,718.93,"217,557,000"
2000-08-29,733.72,739.53,722.85,731.56,"253,336,700"
2000-08-28,728.88,735.32,726.36,731.81,"271,849,400"
2000-08-25,718.88,729.9,710.58,729.8,"275,525,900"
2000-08-24,722.62,729,706.21,718.86,"293,440,900"
2000-08-23,739.04,740.7,719.37,719.79,"298,530,400"
2000-08-22,722.94,739.02,722.94,738.61,"302,511,100"
2000-08-21,721.02,731.45,720.24,722.58,"227,405,900"
2000-08-18,747.65,750.42,726.9,728.32,"277,077,900"
2000-08-17,751.39,754.09,739.67,743.49,"317,263,900"
2000-08-16,748.73,754.46,745.68,751.14,"314,527,200"
2000-08-14,741.55,745.79,731.44,733.25,"323,611,800"
2000-08-11,711.42,732.78,708.25,722.21,"300,611,800"
2000-08-10,710.31,729.28,695.87,729.28,"259,932,700"
2000-08-09,677.22,710.23,677.22,710.23,"295,426,200"
2000-08-08,676.22,686.96,665.63,666.08,"209,184,800"
2000-08-07,693.5,694.48,675.59,675.59,"218,357,100"
2000-08-04,717.14,719.07,702.47,710,"221,052,300"
2000-08-03,734.49,736.23,719.27,722.08,"259,426,500"
2000-08-02,723.32,733.99,715.18,728.33,"328,689,300"
2000-08-01,710.05,727.53,700.83,727.1,"297,939,900"
2000-07-31,686.35,706.73,678.35,705.97,"218,984,300"
2000-07-28,706.56,712.57,691.01,692.65,"239,029,800"
2000-07-27,730.76,734.51,718.66,727.68,"255,855,300"
2000-07-26,742.45,748.61,723.32,743.84,"333,085,600"
2000-07-25,730.49,743.52,720.72,737.64,"352,571,300"
2000-07-24,766.44,769.81,736.38,737.89,"393,315,600"
2000-07-21,785.98,789.85,771.5,783.06,"408,138,100"
2000-07-20,786.22,791.41,774.47,778.9,"426,306,900"
2000-07-19,806.75,806.75,787.58,797.3,"442,795,100"
2000-07-18,822.3,829.19,806.88,812.33,"317,068,200"
2000-07-14,847.6,850.26,826.82,827.95,"366,311,100"
2000-07-13,840.45,849.03,833.05,845.75,"477,914,000"
2000-07-12,841.15,846.8,830.06,839.76,"466,956,600"
2000-07-11,856.17,863.53,836.86,836.86,"849,974,100"
2000-07-10,847.6,856.83,847.14,851.47,"532,552,500"
2000-07-07,841.5,851.62,837.84,841.74,"569,845,900"
2000-07-06,822.76,840.91,818.24,837.63,"696,036,300"
2000-07-05,818.4,830.4,810.1,830.4,"531,940,900"
2000-07-04,840.2,841.52,818.47,818.53,"439,140,700"
2000-07-03,824.83,836.53,824.83,835.21,"440,790,300"
2000-06-30,815.03,823.36,812.26,821.22,"462,872,900"
2000-06-29,828.59,830.8,807.93,818.9,"338,970,900"
2000-06-28,810.44,822.04,806.87,818.73,"500,101,300"
2000-06-27,799.58,810.7,795.55,809.87,"465,832,700"
2000-06-26,782.28,794.89,779.39,791.55,"286,734,200"
2000-06-23,772.18,778.94,768.29,778.94,"261,847,400"
2000-06-22,795.08,804.2,771.06,782.24,"369,637,800"
2000-06-21,793.67,799.44,780.68,781.87,"529,238,100"
2000-06-20,772.98,785.32,764.98,785.32,"340,770,900"
2000-06-19,748.47,777.13,744.9,755.38,"270,286,200"
2000-06-16,759.58,775.26,753.96,759.04,"317,141,600"
2000-06-15,814.62,814.62,770.7,770.95,"380,637,100"
2000-06-14,814.05,821.13,792.3,819.27,"438,192,500"
2000-06-13,833.18,835.29,800.32,804.45,"426,604,200"
2000-06-12,851.06,858.34,828.66,845.81,"516,737,000"
2000-06-09,800.28,836.82,790.43,836.4,"506,778,100"
2000-06-08,825.56,842.13,795.99,800.11,"669,048,700"
2000-06-07,798.23,822.98,792.71,822.54,"493,503,300"
2000-06-05,778.48,799.34,778.48,794.21,"464,377,100"
2000-06-02,759.22,776.49,750.38,760.69,"430,574,300"
2000-06-01,730.55,746.7,722.24,738.49,"314,335,700"
2000-05-31,708.04,744.6,708.04,731.88,"503,781,200"
2000-05-30,668.65,692.31,668.65,691.26,"389,664,600"
2000-05-29,627.4,664.27,625.14,655.93,"309,609,400"
2000-05-26,690.54,693.1,656.66,656.66,"350,449,900"
2000-05-25,696.69,708.59,685.18,699.53,"401,991,600"
2000-05-24,669.21,689.55,643.97,674.95,"289,350,600"
2000-05-23,674.03,694.44,674.03,679.76,"211,387,100"
2000-05-22,715.55,718.3,688.58,691.61,"176,623,700"
2000-05-19,712.13,730.71,695.73,730.68,"196,287,300"
2000-05-18,705.62,718.72,699,712.95,"201,440,000"
2000-05-17,752.52,769.01,726.89,727.18,"219,006,000"
2000-05-16,729.1,746.77,723.71,746.77,"172,348,300"
2000-05-15,737.21,740.16,719.6,728.67,"193,275,600"
2000-05-12,762.8,763.01,737.07,740.3,"189,057,800"
2000-05-10,757.36,764.64,753.73,759.51,"193,571,200"
2000-05-09,768.01,771.51,758.89,760.85,"181,010,700"
2000-05-08,759.15,778.46,759.15,770.24,"195,512,000"
2000-05-04,753.18,760.99,745.39,751.29,"190,225,800"
2000-05-03,751.07,755.62,742.94,752.76,"179,778,700"
2000-05-02,731.76,753.46,729.84,752.59,"195,974,000"
2000-04-28,698.06,727.26,698.06,725.39,"228,151,600"
2000-04-27,699.29,710.7,688.36,692.07,"224,445,000"
2000-04-26,751.89,760.21,712.42,713.23,"241,941,500"
2000-04-25,738.56,742.15,730.43,737.2,"168,481,200"
2000-04-24,767.05,770.72,746.16,747.58,"176,656,200"
2000-04-21,764.81,772.86,759.34,767.16,"202,142,300"
2000-04-20,752.04,765.01,749.61,761.25,"204,060,600"
2000-04-19,767.27,781.55,745.77,755.08,"292,378,700"
2000-04-18,738.1,769.38,724.05,747.3,"273,026,900"
2000-04-17,762.96,762.96,699.22,707.72,"287,741,400"
2000-04-14,808.46,816.07,793.74,800.89,"229,815,800"
2000-04-12,841.16,853.61,834.75,837.01,"213,510,800"
2000-04-11,864.65,864.65,839.82,855.05,"255,140,500"
2000-04-10,861.72,880.41,851.3,870.17,"325,320,300"
2000-04-07,811.38,838.82,811.38,837.38,"205,116,300"
2000-04-06,827.23,827.89,804.15,804.35,"172,973,200"
2000-04-04,835.24,850.1,814.54,830.16,"203,031,600"
2000-04-03,866.75,876.81,837.36,846.44,"209,591,300"
2000-03-31,872.02,885.74,860.52,860.94,"214,731,300"
2000-03-30,905.59,909.51,889.23,889.95,"264,077,000"
2000-03-29,886.69,913.35,881.52,908.51,"280,750,500"
2000-03-28,886.51,902.76,882.22,891.29,"262,748,100"
2000-03-27,893.13,893.13,876.52,886.71,"282,359,600"
2000-03-24,876.93,900.06,861.64,889.24,"281,925,800"
2000-03-23,888.89,892.78,862.84,867.62,"254,907,800"
2000-03-22,869.88,886.53,865.97,882.43,"296,027,600"
2000-03-21,850.91,863.41,838.98,863.41,"227,937,900"
2000-03-20,862.68,867.54,843.46,850.51,"227,934,700"
2000-03-17,864.36,869.82,850.04,855.57,"300,844,800"
2000-03-16,847.9,860.4,832.17,841.22,"298,875,300"
2000-03-15,837.35,841.73,820.3,837.53,"312,898,300"
2000-03-14,843.14,858.68,838.31,846.74,"330,753,900"
2000-03-13,890.87,890.87,849.52,854.66,"364,402,200"
2000-03-10,902.31,913.6,886.26,891.36,"330,623,800"
2000-03-09,922.71,928.55,884.59,884.59,"370,033,900"
2000-03-08,895.93,919.03,883.53,915.94,"313,736,100"
2000-03-07,907.01,907.85,893.09,907.34,"339,274,800"
2000-03-06,907.56,913.51,899.58,909.33,"352,623,600"
2000-03-03,909.81,910.02,882.48,894.83,"311,250,400"
2000-03-02,864.78,900.3,857.05,894.66,"317,753,500"
2000-02-29,843.31,846.37,810.53,828.38,"275,728,800"
2000-02-28,850.36,850.48,819.01,819.01,"253,125,000"
2000-02-25,856.06,873.08,847.14,864.76,"255,182,700"
2000-02-24,874.53,887.82,857.68,867.37,"256,688,900"
2000-02-23,866.14,882.79,852.89,880.67,"346,449,200"
2000-02-22,844.11,867.68,835.97,850.02,"244,389,800"
2000-02-21,864.61,866.32,843.65,845.32,"213,794,500"
2000-02-18,900.71,918.04,879.14,879.14,"258,281,900"
2000-02-17,869.35,901.83,869.35,897.52,"212,421,200"
2000-02-16,881.03,886.63,843.58,879.5,"214,045,500"
2000-02-15,916.89,919.43,875.05,879.7,"218,598,900"
2000-02-14,932.94,941.23,907.91,910.87,"234,180,200"
2000-02-11,990.11,990.75,941.24,953.22,"274,780,500"
2000-02-10,966.36,991.71,957.73,966.18,"251,614,600"
2000-02-09,967.53,979.92,966.15,976.05,"240,446,000"
2000-02-08,977.07,981.42,960.47,961.22,"229,490,300"
2000-02-07,953.23,982.03,951.31,973.13,"271,765,200"
2000-02-03,950.26,959,934.11,950.22,"277,121,400"
2000-02-02,929.69,950.13,923.4,943.59,"310,406,300"
2000-02-01,955.44,959.31,923.52,928.75,"306,143,200"
2000-01-31,924.83,948.84,922.92,943.88,"289,435,100"
2000-01-28,922.74,943.95,916.86,941.67,"293,137,400"
2000-01-27,888.27,912.49,879,909.23,"344,911,800"
2000-01-26,896.34,902.43,875.82,885.54,"231,146,300"
2000-01-25,909.12,913.19,891.22,891.22,"242,591,300"
2000-01-24,917.93,944.31,915.7,926.77,"210,413,800"
2000-01-21,928.55,940.7,911.83,925.16,"255,135,400"
2000-01-20,927.12,945.9,906.26,945.9,"226,684,400"
2000-01-19,969.31,969.31,938.74,938.78,"235,726,500"
2000-01-18,992.31,992.85,967.96,981.53,"212,080,400"
2000-01-17,962.67,986.09,959.36,983.27,"212,058,400"
2000-01-14,958.82,970.59,937.75,948.03,"224,957,900"
2000-01-13,955.06,960.73,939.25,951.05,"223,001,400"
2000-01-12,957.98,968.68,949.2,955.01,"227,079,000"
2000-01-11,992.17,"1,005.87",981.23,981.33,"257,070,600"
2000-01-10,979.67,994.94,974.82,987.24,"240,175,400"
2000-01-07,949.17,970.16,930.84,948.65,"215,664,100"
2000-01-06,"1,013.95","1,014.90",953.5,960.79,"203,523,500"
2000-01-05,"1,006.87","1,026.52",984.05,986.31,"257,696,100"
2000-01-04,"1,028.33","1,066.18","1,016.59","1,059.04","195,898,600"
1999-12-28,"1,010.41","1,038.04","1,004.21","1,028.07","259,758,800"
1999-12-27,"1,016.14","1,022.58",997.48,"1,005.73","233,564,700"
1999-12-24,992.51,"1,003.95",983.31,991.63,"257,328,600"
1999-12-23,964.69,"1,003.01",959.26,974.16,"294,765,500"
1999-12-22,963.4,967.87,941.84,967.83,"300,239,800"
1999-12-21,981.91,987.78,957.84,958.8,"286,049,700"
1999-12-20,966.32,978.92,960.26,967.05,"254,435,300"
1999-12-17,958.55,965.28,934.22,949.26,"295,717,900"
1999-12-16,956.94,974.65,944.36,948.57,"305,273,700"
1999-12-15,998.76,999.24,950.02,963.58,"356,427,600"
1999-12-14,"1,018.18","1,026.16","1,002.23","1,002.64","399,625,500"
1999-12-13,"1,030.66","1,036.56","1,013.65","1,013.65","354,426,200"
1999-12-10,989.97,"1,019.49",982.78,"1,018.17","393,982,100"
1999-12-09,982.89,995.71,976.68,980.54,"329,751,300"
1999-12-08,992.29,998.16,974.79,988.32,"277,927,700"
1999-12-07,"1,001.36","1,009.74",984.63,999.92,"285,494,600"
1999-12-06,978.36,999.77,971.6,998.11,"258,357,100"
1999-12-03,973.85,982.19,955.38,966.59,"259,368,500"
1999-12-02,"1,008.55","1,013.84",959.84,967.9,"305,621,500"
1999-12-01,992.62,"1,007.29",984.38,999.16,"294,842,700"
1999-11-30,965.45,"1,009.19",964.44,996.66,"338,998,000"
1999-11-29,955.38,964.26,936.25,964.26,"276,924,700"
1999-11-26,977.77,978.85,945.78,949.16,"310,884,200"
1999-11-25,975.19,992.65,965.34,972.71,"351,882,900"
1999-11-24,969.23,973.15,957.57,969.29,"303,187,500"
1999-11-23,974.63,986.85,965.22,974.05,"277,302,100"
1999-11-22,995.92,"1,000.11",970.58,977.88,"308,438,600"
1999-11-19,973.83,"1,001.38",968.52,993.11,"390,512,100"
1999-11-18,963.16,981.85,945.27,970.19,"384,227,600"
1999-11-17,"1,014.44","1,024.08",967.63,967.64,"496,358,300"
1999-11-16,973.01,"1,007.72",965.32,"1,007.72","464,286,000"
1999-11-15,990,"1,003.61",965.99,974.73,"471,541,400"
1999-11-12,961.43,983.47,957.07,969.26,"538,907,900"
1999-11-11,943.46,968.57,938.75,947.42,"465,917,900"
1999-11-10,944.5,958.31,936.36,938.76,"422,270,300"
1999-11-09,908.71,943.46,906.18,943.46,"355,506,800"
1999-11-08,916.37,920.42,906.1,907.6,"385,364,200"
1999-11-05,917.68,928.23,908.46,913.09,"413,326,800"
1999-11-04,895.36,911.82,895.36,911.82,"418,853,600"
1999-11-03,893.95,901.59,884.56,887.15,"413,121,900"
1999-11-02,876.56,890.18,870.73,890.18,"401,247,400"
1999-11-01,863.5,876.55,857.09,876.55,"348,220,100"
1999-10-29,834.38,848.75,832.17,833.51,"313,101,800"
1999-10-28,790.91,823.66,790.91,820.95,"242,629,600"
1999-10-27,795.31,804.13,788.85,793.42,"226,602,300"
1999-10-26,784.93,803.8,778.9,797.01,"227,739,600"
1999-10-25,819.32,822.09,790.19,798.84,"278,881,600"
1999-10-22,814.83,826.14,811.47,819.52,"238,549,400"
1999-10-21,838.07,848.44,813.77,818.51,"339,683,500"
1999-10-20,821.72,834.14,815.94,830.69,"314,376,400"
1999-10-19,835.01,839.55,805.78,811.44,"252,566,000"
1999-10-18,839.91,844.93,823.82,826.25,"268,265,300"
1999-10-15,870.61,877.06,854.44,862.63,"335,717,800"
1999-10-14,851.17,873.69,841.8,866.02,"334,600,400"
1999-10-13,848.4,856.36,840.14,855.52,"287,222,700"
1999-10-12,830.1,856.25,829.88,856.25,"298,504,600"
1999-10-11,845.8,850.96,830.32,834.39,"245,309,400"
1999-10-08,846.62,853.16,833.64,839.41,"311,794,300"
1999-10-07,838.04,852.37,828.69,851.15,"341,780,300"
1999-10-06,799.34,837.44,792.05,835.31,"277,999,400"
1999-10-05,825.17,838.96,788.22,791.55,"284,855,500"
1999-10-04,840.14,853.02,818.28,818.37,"233,746,200"
1999-10-01,838.65,847.29,800.97,839.35,"262,919,100"
1999-09-30,859.67,879,836.18,836.18,"231,427,000"
1999-09-29,895.7,895.7,868.88,868.88,"251,792,600"
1999-09-28,909.2,919.56,894.38,900.73,"225,047,100"
1999-09-27,941.7,941.7,903.79,903.79,"219,379,500"
1999-09-22,956.7,960.36,940.13,941.57,"301,875,000"
1999-09-21,944.01,963.68,941.34,957.42,"305,231,600"
1999-09-20,933.86,939.56,923.56,933.88,"234,856,400"
1999-09-17,902.53,931.18,893.08,925.2,"222,790,600"
1999-09-16,948.49,949.62,916.1,916.16,"246,102,000"
1999-09-15,967.72,970.89,947.85,952.69,"261,235,200"
1999-09-14,981.66,982.32,964.49,968.54,"289,964,800"
1999-09-13,973.71,984.57,971.28,980.91,"297,900,300"
1999-09-10,951.95,974.15,951.95,961.98,"297,618,500"
1999-09-09,940.02,950.53,938.52,950.53,"234,209,000"
1999-09-08,942.98,952.37,932.45,936.93,"278,591,800"
1999-09-07,947.34,959.01,943.92,943.92,"280,856,500"
1999-09-06,919.01,944.47,918.94,943.22,"290,480,800"
1999-09-03,902.29,920.82,887.76,910.62,"318,001,800"
1999-09-02,886.62,912.43,877.91,898.97,"305,807,700"
1999-09-01,944.5,947.47,905.52,905.52,"316,135,200"
1999-08-31,932.24,940.22,922.34,937.88,"265,484,400"
1999-08-30,962.14,970.26,942.41,942.57,"300,490,400"
1999-08-27,953.99,970.51,945.77,960.28,"325,166,600"
1999-08-26,971.14,978.4,955.87,959.88,"366,364,900"
1999-08-25,933.43,972.08,933.43,963,"380,360,700"
1999-08-24,927.81,939.43,917.41,932.41,"343,802,500"
1999-08-23,889.89,919.07,883.55,917.58,"306,431,300"
1999-08-20,873.1,879.18,859.77,878.39,"255,149,700"
1999-08-19,874.98,885.08,867.62,871.18,"280,272,800"
1999-08-18,861.86,878.68,841.27,868.94,"326,412,300"
1999-08-17,911.45,925.63,872.57,873.7,"270,865,400"
1999-08-16,904.22,924.8,895.11,907.28,"219,584,000"
1999-08-13,940.62,942.53,908.49,917.47,"270,181,000"
1999-08-12,946.48,958.83,939.58,949.35,"255,837,400"
1999-08-11,965.73,973.91,941.56,944.08,"291,834,700"
1999-08-10,949.77,968.85,944.7,968.66,"291,165,100"
1999-08-09,938.74,963.3,931.1,948.97,"294,555,600"
1999-08-06,944.35,959.78,924.12,938.26,"236,914,800"
1999-08-05,967.96,974.78,933.87,939.07,"285,808,200"
1999-08-04,977.12,995.08,974.41,975.45,"381,668,200"
1999-08-03,961,977.91,953.14,973.33,"344,336,100"
1999-08-02,967.7,982.32,939.6,959.81,"352,442,700"
1999-07-30,997.49,"1,010.89",957.28,969.72,"405,544,200"
1999-07-29,958.61,998.71,956.51,998.71,"390,695,000"
1999-07-28,923.94,972.96,919.65,944.46,"394,201,600"
1999-07-27,881.73,931.01,880.18,928.85,"390,090,800"
1999-07-26,891.38,902.68,860.13,872.94,"349,097,800"
1999-07-23,972.78,972.78,902.22,904.96,"413,126,400"
1999-07-22,957.99,977.49,935.22,976.66,"397,389,800"
1999-07-21,989.73,990.36,949.55,965.11,"379,599,600"
1999-07-20,"1,019.59","1,027.13",998.42,998.45,"406,346,100"
1999-07-19,"1,034.41","1,044.28","1,001.79","1,024.58","379,345,600"
1999-07-16,986.79,"1,022.13",986.79,"1,020.82","360,296,600"
1999-07-15,952.89,982.14,952.89,982.14,"307,739,400"
1999-07-14,986.46,997.07,953.67,953.67,"349,162,500"
1999-07-13,999.64,"1,018.35",976.68,987.5,"364,175,500"
1999-07-12,"1,037.74","1,052.59","1,001.41","1,004.25","489,180,400"
1999-07-09,"1,004.68","1,027.93",989.48,"1,027.93","448,719,000"
1999-07-08,"1,010.77","1,022.88",997.99,999.11,"441,965,600"
1999-07-07,994.29,"1,006.40",980.84,"1,005.98","399,674,900"
1999-07-06,962.16,989.43,953.64,989.43,"341,929,400"
1999-07-05,949.01,963.06,945.38,962.84,"349,838,800"
1999-07-02,925.24,934.88,919.62,933.42,"300,145,000"
1999-07-01,894.4,923.99,894.4,919.98,"279,151,600"
1999-06-30,900.31,909.33,872.32,883,"259,890,100"
1999-06-29,900.46,907.26,891.64,897.45,"233,321,600"
1999-06-28,888.22,907.41,888.22,903.05,"229,258,700"
1999-06-25,873,882.08,862.05,882.08,"240,575,300"
1999-06-24,893.28,902.45,877.3,877.3,"278,612,900"
1999-06-23,880.16,897.22,871.67,888.63,"291,170,400"
1999-06-22,870.46,881.12,861.17,875.97,"310,894,900"
1999-06-21,846.54,869.7,846.54,869,"242,845,800"
1999-06-18,836.6,850.95,827.21,837.73,"196,035,000"
1999-06-17,838.8,861.72,832.26,832.26,"224,397,500"
1999-06-16,811.38,833.52,808.13,829.53,"175,559,100"
1999-06-15,810.32,823.41,789.82,803.72,"208,133,500"
1999-06-14,834.62,840.89,811.02,821.91,"208,808,900"
1999-06-11,848.66,867.74,832.8,848.61,"285,122,800"
1999-06-10,807.35,856.06,793.15,856.06,"232,255,500"
1999-06-09,847.08,847.28,803.46,803.46,"250,992,300"
1999-06-08,850.01,854.56,830.67,853.6,"307,694,200"
1999-06-07,816.35,842.32,812.82,842.32,"260,399,800"
1999-06-04,779.54,801.94,779.54,797.5,"205,881,300"
1999-06-03,782.34,789.12,759.62,778.21,"233,429,300"
1999-06-02,760.57,784.73,760.57,775,"235,452,100"
1999-06-01,733.28,761.03,728.34,753.72,"160,908,300"
1999-05-31,734.76,747.97,733.26,736.02,"185,907,200"
1999-05-28,730.93,734.98,721.93,732.24,"206,053,800"
1999-05-27,726.23,742.37,723.07,726.66,"235,461,100"
1999-05-26,701.35,720.05,693.53,720.05,"203,931,700"
1999-05-25,690.88,704.01,690.04,698.69,"153,858,100"
1999-05-24,706.76,708.17,692.03,695.6,"134,666,400"
1999-05-21,710.64,715.81,699.64,710.49,"170,489,600"
1999-05-20,735,735.14,704.6,708.6,"198,029,700"
1999-05-19,732.17,740.26,726.22,734.98,"229,010,200"
1999-05-18,717.08,729.29,713.15,729.29,"169,130,800"
1999-05-17,736.25,736.25,716.42,717.83,"173,418,900"
1999-05-14,744.02,758.16,729.7,737.83,"255,148,700"
1999-05-13,773.55,774.01,742.37,742.37,"293,465,500"
1999-05-12,782.28,787.04,760.89,773.13,"298,315,200"
1999-05-11,813.68,820.36,781.39,781.41,"367,382,200"
1999-05-10,810.22,818.68,799.78,814.24,"356,625,100"
1999-05-07,813.71,826.04,806.08,810.62,"376,248,300"
1999-05-06,775.68,810.59,775.68,810.54,"383,618,700"
1999-05-04,757.6,776.26,757.6,771.17,"327,403,000"
1999-05-03,757.6,765.17,747.17,756.53,"319,727,100"
1999-04-30,756.38,761.78,739.3,752.59,"314,755,000"
1999-04-29,787.56,789.93,752.61,752.61,"332,692,200"
1999-04-28,791.44,806.41,779.61,790.03,"392,374,800"
1999-04-27,779.86,795.94,774.25,793.98,"372,360,200"
1999-04-26,752.37,778.06,749.89,776.3,"340,061,100"
1999-04-23,742.81,762.56,742.46,750.99,"303,243,800"
1999-04-22,742.84,750.35,721.64,740.4,"268,284,400"
1999-04-21,769.05,772.67,743.26,743.26,"336,263,600"
1999-04-20,768.13,780.73,759.81,770.43,"340,105,200"
1999-04-19,742.51,766.59,739.38,766.59,"315,354,200"
1999-04-16,721.11,740.28,718.22,725.14,"387,938,700"
1999-04-15,688.64,722.03,688.64,722.01,"370,697,600"
1999-04-14,692.63,695.6,684.75,687.41,"272,608,600"
1999-04-13,689.01,701.03,683.09,689.8,"318,184,500"
1999-04-12,692.6,700.44,681.87,689.64,"343,317,300"
1999-04-09,685.81,692.02,677.47,687.42,"342,030,000"
1999-04-08,672.36,683.34,667.15,681.19,"270,582,600"
1999-04-07,668.6,690.52,668.6,673.36,"318,903,700"
1999-04-06,650.71,669.28,650.71,666.73,"269,134,200"
1999-04-02,640.15,651.94,640.15,646.78,"262,748,700"
1999-04-01,618.34,638.29,616.84,636.89,"206,111,800"
1999-03-31,618.2,622.91,614.83,618.98,"165,618,400"
1999-03-30,609.05,619.28,609.05,618.04,"160,000,900"
1999-03-29,603.71,606.8,596.73,601.07,"151,172,900"
1999-03-26,611.42,619.79,609.13,609.79,"153,963,900"
1999-03-25,607.45,621.17,604.62,611.07,"205,006,300"
1999-03-24,610.36,613.41,603.25,611.48,"193,839,600"
1999-03-23,610.07,614.34,603.44,614.34,"163,812,100"
1999-03-22,605.22,620.53,598.96,607.74,"196,401,900"
1999-03-19,580.75,606,580.75,604.22,"183,829,000"
1999-03-18,597.72,605.96,578.74,578.98,"188,121,700"
1999-03-17,606.73,613.35,598.49,600.52,"276,950,400"
1999-03-16,591.49,602.16,587.03,601.83,"203,417,400"
1999-03-15,595.62,604.82,589.63,592.02,"234,664,200"
1999-03-12,585.95,593.24,583.45,590.79,"247,652,600"
1999-03-11,568.34,587.65,568.34,582,"242,645,300"
1999-03-10,571.22,571.22,560.67,569.27,"157,426,300"
1999-03-09,575.53,580.58,565.34,572.85,"217,889,100"
1999-03-08,544.5,573.25,544.5,571.84,"223,095,300"
1999-03-05,530.22,540.82,525.44,538.19,"145,299,900"
1999-03-04,535.09,537.03,527.54,532.29,"119,408,000"
1999-03-03,535.66,541.1,528.47,534.49,"130,704,000"
1999-03-02,524.98,543.58,524.76,533.97,"156,815,400"
1999-02-26,503.97,520.05,503.97,520.05,"127,012,200"
1999-02-25,494.84,506.9,489.75,499.14,"129,439,100"
1999-02-24,501.74,509.79,498.42,498.42,"114,832,600"
1999-02-23,508.28,515.77,495.69,502.88,"111,718,100"
1999-02-22,514.51,514.51,502.89,508.49,"117,541,800"
1999-02-19,532.16,532.16,509.14,522.17,"132,799,800"
1999-02-18,556.42,556.96,536.16,536.41,"122,919,900"
1999-02-12,529.55,551.87,529.55,551.77,"154,762,000"
1999-02-11,524.59,534.88,523.08,523.99,"120,331,800"
1999-02-10,519.91,525.54,507.87,524.49,"148,324,700"
1999-02-09,539.41,539.41,518.22,523.38,"129,978,400"
1999-02-08,552.48,558.88,545.38,545.38,"135,832,800"
1999-02-05,550.4,557.94,543.39,551.39,"143,485,200"
1999-02-04,552.49,558.26,542.94,550.15,"133,163,500"
1999-02-03,566.66,566.66,549.95,553.33,"177,479,600"
1999-02-02,582.82,583.26,562.37,567.28,"201,991,700"
1999-02-01,572.95,582.16,570.34,581.66,"185,069,500"
1999-01-29,570.53,576.14,563.73,571.42,"177,932,700"
1999-01-28,567.88,578.1,565.17,571.47,"206,550,700"
1999-01-27,534.78,565.2,534.78,565.2,"191,976,700"
1999-01-26,550.85,562.46,531.2,531.23,"169,700,300"
1999-01-25,554.45,557.05,538.35,539.76,"162,838,800"
1999-01-22,576.97,576.97,550.58,550.58,"216,856,500"
1999-01-21,609.84,609.84,581.88,582.04,"206,789,000"
1999-01-20,622.64,627.75,611.74,613.42,"215,276,200"
1999-01-19,622.16,631.58,606.52,618.12,"289,520,600"
1999-01-18,617.38,630.21,617.38,622.52,"288,866,500"
1999-01-15,604.5,619.29,600.38,614.57,"295,538,200"
1999-01-14,628.3,628.3,597.54,604.41,"316,402,300"
1999-01-13,634.91,640.04,622.37,633.03,"326,842,900"
1999-01-12,648.13,651.95,621.66,631.19,"313,905,400"
1999-01-11,632.45,642.02,629.69,640.95,"336,979,200"
1999-01-08,635.16,642.54,625.55,626.33,"292,231,300"
1999-01-07,620.99,638.41,617.46,637.59,"299,019,000"
1999-01-06,602.66,612.38,596.54,612.36,"260,319,900"
1999-01-05,590.03,599.9,585.71,598.54,"252,579,400"
1999-01-04,575.41,600.45,575.41,587.57,"198,368,700"
1998-12-28,557.88,571.02,556.96,562.46,"248,464,100"
1998-12-24,554.55,561.47,547.79,555.36,"231,841,700"
1998-12-23,554.48,564.21,545.29,553.53,"231,042,900"
1998-12-22,565.17,572.86,546.03,547.75,"304,126,200"
1998-12-21,533.22,565.27,533.22,565.27,"258,943,100"
1998-12-18,528.4,537.55,515.74,524.85,"234,483,200"
1998-12-17,537.09,544.04,518.57,528.89,"243,990,300"
1998-12-16,582.16,599.32,539.54,545.97,"394,136,000"
1998-12-15,558.01,586.11,554.2,579.86,"331,135,300"
1998-12-14,558.42,570.54,541.26,559.29,"330,022,400"
1998-12-11,561.29,576.14,551.66,555.16,"335,463,700"
1998-12-10,534.47,568.79,534.47,567.61,"357,466,600"
1998-12-09,511.9,526.52,511.9,526.52,"304,744,700"
1998-12-08,514.67,541.23,505.35,509.85,"329,460,600"
1998-12-07,491.98,518.22,491.98,514.52,"328,263,000"
1998-12-05,469.63,496.13,469.63,490.71,"180,549,100"
1998-12-04,449.15,466.34,446.82,466.34,"244,841,100"
1998-12-03,447.87,455.66,447.87,448.11,"206,904,900"
1998-12-02,446.17,449.6,442.14,446.35,"206,682,400"
1998-12-01,451.85,451.85,438.42,445.96,"191,707,500"
1998-11-30,455.44,461.16,450.31,451.88,"238,353,600"
1998-11-28,447.06,457,447.06,455.66,"136,736,100"
1998-11-27,445.97,450.29,439.19,447,"167,643,300"
1998-11-26,462.95,465.23,446.59,446.59,"213,501,800"
1998-11-25,461.27,467.13,457.87,464.01,"220,863,600"
1998-11-24,454.5,466.34,454.5,460.78,"187,198,200"
1998-11-23,452.91,458.17,446.4,453.95,"186,094,700"
1998-11-21,453.55,459.5,448.18,457.4,"113,330,800"
1998-11-20,443.34,464.12,440.87,452.93,"243,186,900"
1998-11-19,422,441.06,422,441.06,"185,422,200"
1998-11-18,425.78,428.33,420.64,423.74,"162,222,100"
1998-11-17,423.59,432.3,423.59,424.43,"166,984,800"
1998-11-16,418.61,426.07,412.56,422.21,"166,946,500"
1998-11-14,404.75,414.71,404.75,414.22,"108,393,900"
1998-11-13,402.61,405.37,396.51,404.3,"122,671,900"
1998-11-12,402.7,407.63,400.72,403.52,"132,652,800"
1998-11-11,401.6,406.72,393.98,400.7,"143,346,600"
1998-11-10,423.2,423.2,403.24,403.24,"206,995,900"
1998-11-09,416.74,424.45,413.06,424.45,"205,814,300"
1998-11-07,416.8,420.39,412.07,417.06,"128,038,300"
1998-11-06,419.34,436.12,416.07,416.3,"233,512,800"
1998-11-05,415.45,420.46,410.54,418.2,"204,122,600"
1998-11-04,407.5,413.49,401.79,413.47,"152,805,600"
1998-11-03,405.12,416.1,402.7,407.64,"163,449,100"
1998-11-02,406.97,410.84,403.02,404.61,"145,795,500"
1998-10-31,392.41,404.62,392.41,403.44,"100,373,300"
1998-10-30,373.23,389.06,373.23,384.75,"119,626,900"
1998-10-29,365.11,374.31,363.68,370.3,"96,927,400"
1998-10-28,360.58,367.7,359.12,363.91,"93,455,700"
1998-10-27,371.57,371.57,353.69,360.43,"93,817,500"
1998-10-26,380.6,380.6,372.1,373.32,"92,888,400"
1998-10-24,379.07,383.68,379.07,380.81,"72,455,500"
1998-10-23,383.13,384.84,374.14,378.83,"125,777,900"
1998-10-22,380.33,388.16,378.82,382.52,"139,234,600"
1998-10-21,390.41,394.59,379.52,380.8,"167,869,800"
1998-10-20,372.87,388.35,370.19,388.35,"122,524,000"
1998-10-19,385.12,387.33,371.25,373.97,"129,126,000"
1998-10-17,374.05,383.47,374.05,383.47,"71,941,200"
1998-10-16,375.34,385.03,370.28,374.01,"143,562,500"
1998-10-15,347.99,369.04,347.99,368.74,"135,817,900"
1998-10-14,347.25,347.96,340.03,346.13,"98,001,000"
1998-10-13,352.77,358.31,344.91,346.08,"136,352,200"
1998-10-12,339.71,353.54,336.12,352.17,"135,188,000"
1998-10-10,331.66,340.93,331.66,338.43,"81,334,600"
1998-10-09,310.37,328.61,310.37,327.96,"113,292,000"
1998-10-08,315.41,320.97,305.22,305.22,"93,087,400"
1998-10-07,309.83,315.98,309.83,313.49,"70,436,900"
1998-10-02,304.77,308.44,302.7,308.25,"68,479,000"
1998-10-01,309.52,309.52,304.3,305.64,"61,359,600"
1998-09-30,311.97,313.51,308.95,310.32,"74,743,000"
1998-09-29,305.77,312.36,305.14,312.33,"61,598,000"
1998-09-28,307.82,312.92,305.38,305.73,"53,972,500"
1998-09-26,303.94,306.3,302.83,306.3,"41,895,200"
1998-09-25,309.97,309.97,302.58,303.79,"58,286,300"
1998-09-24,293.48,310.75,293.48,310.75,"80,547,500"
1998-09-23,291.81,292.83,287.45,291.93,"52,479,600"
1998-09-22,297.1,299.64,292.58,292.61,"56,453,700"
1998-09-21,301.25,301.25,295.63,297.45,"61,090,700"
1998-09-19,300.23,301.79,298.12,301.23,"38,927,100"
1998-09-18,308.31,308.31,299.17,302.2,"68,678,200"
1998-09-17,313.39,315,310.88,310.88,"67,339,300"
1998-09-16,310.42,314.82,310.42,313.17,"63,601,500"
1998-09-15,313.91,315.45,307.27,310.29,"86,427,100"
1998-09-14,319.24,319.24,313.83,314.24,"77,557,400"
1998-09-12,320.57,321.33,317.7,320.33,"49,865,200"
1998-09-11,329.24,329.24,320.61,320.61,"79,424,200"
1998-09-10,329.27,338.95,326.86,338.95,"105,871,400"
1998-09-09,327.43,329.97,324.11,329.22,"91,644,200"
1998-09-08,329.76,334.42,324.77,326.35,"86,311,600"
1998-09-07,316.41,328.22,316.41,328.22,"89,797,400"
1998-09-05,314.48,316.02,313.89,315.83,"40,946,600"
1998-09-04,314.47,318.73,314.06,314.22,"72,663,700"
1998-09-03,314.95,315.97,311.58,314.77,"83,729,400"
1998-09-02,311.42,317.19,311.42,314.39,"84,373,500"
1998-09-01,309.74,312.66,306.12,309.7,"81,781,400"
1998-08-31,307.52,311.7,307.37,310.16,"75,233,700"
1998-08-29,307.3,307.3,304.12,304.79,"48,324,100"
1998-08-28,308.98,309.32,302.63,309.32,"79,408,700"
1998-08-27,317.13,317.13,311.57,313.92,"81,256,200"
1998-08-26,311.07,319.73,311.07,317.56,"93,220,200"
1998-08-25,305.29,313.3,305.29,310.23,"72,710,000"
1998-08-24,305.39,308.23,302.3,305.14,"61,766,400"
1998-08-22,315.58,315.58,303.62,305.33,"46,096,400"
1998-08-21,317.6,319.41,313.91,316.62,"94,039,400"
1998-08-20,303.19,317.64,301.76,316.58,"91,660,800"
1998-08-19,294.13,303.07,294.13,301.89,"77,474,100"
1998-08-18,296.64,296.64,288.06,291.14,"79,558,000"
1998-08-17,304.39,305.77,301.62,301.62,"63,634,900"
1998-08-14,302.73,305.79,297.33,304.61,"69,176,700"
1998-08-13,305.38,308.04,302.58,303.01,"72,531,100"
1998-08-12,309.37,309.37,301.74,305.35,"67,355,200"
1998-08-11,312.52,318.92,311.25,311.25,"72,033,200"
1998-08-10,314.45,315.79,308.37,311.95,"75,866,000"
1998-08-08,320.77,320.77,314.31,314.31,"48,829,900"
1998-08-07,320.66,324.22,319.52,321.7,"75,817,700"
1998-08-06,320.31,324.37,318.1,320.57,"85,472,400"
1998-08-05,333.82,335.36,317.22,322.83,"91,424,200"
1998-08-04,328.1,335.1,326.33,333.2,"75,553,400"
1998-08-03,336.12,338.71,329.44,329.47,"83,774,700"
1998-08-01,341.85,341.85,336.55,337.49,"68,303,000"
1998-07-31,346.05,349.05,340.03,343.33,"133,075,100"
1998-07-30,343.97,346.92,339.35,344.91,"94,242,300"
1998-07-29,337.13,354.34,337.13,344.41,"112,490,600"
1998-07-28,329.98,335.33,329.98,335.33,"67,792,900"
1998-07-27,328.83,332.72,323.89,329.8,"76,276,400"
1998-07-25,340.34,340.78,327.89,328.44,"68,794,100"
1998-07-24,340.91,347.96,334.26,343.79,"113,724,700"
1998-07-23,362.49,366.57,341.46,341.46,"120,826,300"
1998-07-22,364.74,366.04,357.63,362.07,"159,602,100"
1998-07-21,366.76,374.08,364.24,364.76,"134,940,700"
1998-07-20,348.64,365.18,345.8,365.18,"121,263,700"
1998-07-18,333.13,353.22,333.13,344.18,"76,192,600"
1998-07-16,314.68,330.35,314.68,330.35,"82,183,600"
1998-07-15,307.99,316.1,307.99,313.42,"81,680,500"
1998-07-14,301.91,306.79,301.91,306.73,"59,446,200"
1998-07-13,303.74,304.91,299.68,301.37,"55,536,300"
1998-07-11,307.33,307.33,302.98,304.97,"43,214,900"
1998-07-10,319.3,320.76,306.41,309.27,"81,849,800"
1998-07-09,319.89,323.66,316.62,319.02,"85,580,700"
1998-07-08,321.49,323.39,318.01,318.79,"85,562,400"
1998-07-07,310.48,319.97,310.48,317.5,"76,107,600"
1998-07-06,306.12,310.57,305.06,309.61,"61,513,600"
1998-07-04,308.5,311.82,307.07,307.85,"48,472,300"
1998-07-03,312.12,316.08,306.37,308.52,"64,542,500"
1998-07-02,315.24,321.39,309.83,311.77,"88,636,200"
1998-07-01,298.01,318.74,298.01,315.56,"100,133,500"
1998-06-30,296.38,299.29,293.45,297.88,"52,653,400"
1998-06-29,302.8,305.45,296.27,298.6,"65,484,600"
1998-06-27,299.2,302.37,298.66,301.89,"33,990,500"
1998-06-26,299.87,305.13,297.94,298.54,"60,780,500"
1998-06-25,299.56,301.42,294.93,300.57,"62,092,600"
1998-06-24,300.32,304.08,296.27,301.72,"74,141,000"
1998-06-23,308.39,308.39,299.27,303.31,"56,463,500"
1998-06-22,316.16,319.55,311.27,311.27,"60,825,000"
1998-06-20,314.69,317.44,309.58,315.75,"43,640,900"
1998-06-19,323.05,324.26,308.99,313.26,"79,468,900"
1998-06-18,310.12,330.14,310.12,325.49,"115,398,800"
1998-06-17,287.98,303.81,287.98,303.81,"78,078,400"
1998-06-16,283.41,291.01,277.37,280,"69,412,300"
1998-06-15,300.69,303.61,288.2,288.2,"53,370,400"
1998-06-13,299.7,306.66,297.24,302.81,"38,394,100"
1998-06-12,318.31,318.31,301.1,302.08,"73,659,900"
1998-06-11,323.14,328.7,317.54,328.7,"69,626,600"
1998-06-10,341.79,344.37,324.54,324.54,"79,712,400"
1998-06-09,344.2,344.2,334.19,339.22,"76,618,800"
1998-06-08,345.38,353.29,345.38,345.88,"78,775,200"
1998-06-05,334.01,341.53,333.37,341.53,"78,299,800"
1998-06-03,324.82,332.61,324.82,332.46,"85,645,600"
1998-06-02,335.48,335.48,323.67,324.1,"67,700,600"
1998-06-01,334.1,342.11,333.01,336.7,"83,724,900"
1998-05-30,338.2,339.59,330.75,332.03,"48,613,300"
1998-05-29,323.77,337.89,323.77,336.63,"70,264,300"
1998-05-28,313.81,331.93,309.57,323.08,"72,168,600"
1998-05-27,313.83,313.83,301.22,313.48,"59,777,700"
1998-05-26,324.95,324.95,308.45,311.99,"48,019,400"
1998-05-25,353.4,353.4,331.75,331.9,"51,988,700"
1998-05-23,354.84,359.11,354.84,356.05,"34,708,200"
1998-05-22,361.09,361.09,352.23,353.67,"62,100,900"
1998-05-21,370.55,375.46,362.3,362.3,"93,023,900"
1998-05-20,364.06,374.97,364.06,369.17,"79,143,500"
1998-05-19,360.16,362.53,355.02,362.53,"63,494,200"
1998-05-18,353.38,361.85,353.38,359,"56,776,300"
1998-05-16,347.36,355.56,342,352.32,"36,000,200"
1998-05-15,361.69,367.45,350.95,352.83,"63,632,100"
1998-05-14,354.69,372.83,349.07,362.94,"89,178,800"
1998-05-13,349.38,360.14,344.57,356.58,"55,295,600"
1998-05-12,356.55,356.8,348.61,351.86,"43,836,000"
1998-05-11,372.29,372.29,361.58,361.58,"39,309,900"
1998-05-09,373.64,376.85,372.21,374.76,"26,567,700"
1998-05-08,376.46,379.63,368.57,373.04,"47,570,300"
1998-05-07,376.11,380.45,369.95,379.47,"50,121,800"
1998-05-06,388.8,388.8,374.53,376.23,"44,187,100"
1998-05-04,401.53,401.53,389.82,391.8,"41,593,900"
1998-05-02,418.64,418.64,406.53,406.53,"27,791,800"
1998-04-30,418.31,423.47,414.61,421.22,"48,906,300"
1998-04-29,403.34,418.47,401.19,417.05,"47,127,900"
1998-04-28,406.16,407.51,399.48,402.39,"40,157,400"
1998-04-27,411.59,413.85,406.06,406.25,"44,759,500"
1998-04-25,414.23,416.48,409.52,411.63,"29,517,200"
1998-04-24,416.21,429.48,412.34,414.56,"55,064,900"
1998-04-23,428.76,428.76,414.29,416.54,"44,554,700"
1998-04-22,437.97,444.01,431.81,431.81,"41,586,200"
1998-04-21,434.08,441.17,429.33,439.21,"40,343,800"
1998-04-20,441.22,444.22,434.44,435.73,"35,665,300"
1998-04-18,452.36,457.99,441.68,441.68,"29,523,400"
1998-04-17,450.53,454.38,446.46,450.23,"37,029,400"
1998-04-16,465.9,465.9,447.35,454.15,"44,615,200"
1998-04-15,466.94,470.61,462.02,467.87,"45,659,100"
1998-04-14,491.19,491.19,467.07,467.63,"52,931,300"
1998-04-13,488.84,498.71,486.13,494.89,"69,815,700"
1998-04-11,470.86,490.84,470.86,490.63,"43,792,900"
1998-04-10,467.23,470.05,463.73,468.29,"54,044,000"
1998-04-09,467.99,475.03,465.49,468.11,"60,725,500"
1998-04-08,458.96,465.82,455.11,455.53,"61,930,200"
1998-04-07,437.71,459.58,437.71,459.58,"58,961,800"
1998-04-06,441.08,441.88,431.87,435.92,"50,070,300"
1998-04-04,431.44,447.22,425.37,442.45,"43,686,000"
1998-04-03,449.64,450.74,421.92,434.45,"63,223,500"
1998-04-02,464.87,466.34,450.25,453.66,"61,024,300"
1998-04-01,482.88,482.88,468.22,468.22,"56,161,200"
1998-03-31,482.91,490.31,481.04,481.04,"59,435,300"
1998-03-30,493.05,493.05,479.52,482.33,"59,028,100"
1998-03-28,502.47,505.5,496.26,496.26,"49,453,100"
1998-03-27,501.2,503.08,493.95,503.08,"62,856,100"
1998-03-26,508.89,508.89,498.43,501.13,"71,787,400"
1998-03-25,509.25,512.85,503.74,510.14,"73,879,600"
1998-03-24,512.79,513.37,506.1,508.43,"73,461,800"
1998-03-23,521.91,522.84,511.89,511.9,"76,167,800"
1998-03-21,525.03,525.03,519.35,521.62,"47,727,700"
1998-03-20,522.38,530.4,522.38,525.95,"68,518,600"
1998-03-19,518,525.12,518,521.73,"65,273,000"
1998-03-18,516,526.77,510.87,518.08,"67,840,900"
1998-03-17,528.54,528.54,513.44,515.51,"74,523,300"
1998-03-16,535.6,539.54,528.87,528.88,"73,104,700"
1998-03-14,535.41,540.37,531.4,533.55,"53,432,900"
1998-03-13,537.84,540.09,521.79,536.16,"86,418,100"
1998-03-12,534.95,544.59,534.54,535.84,"70,504,000"
1998-03-11,522.05,540.94,518.3,531.04,"70,232,600"
1998-03-10,507.82,525.55,501.84,525.55,"58,360,300"
1998-03-09,526.4,531.53,507.71,507.71,"57,508,400"
1998-03-07,525.6,531.13,521.47,525.98,"43,851,300"
1998-03-06,530.76,535.63,517.05,522.54,"78,371,600"
1998-03-05,570.13,570.13,535.67,535.67,"94,273,100"
1998-03-04,570.33,572.76,553.25,572.76,"86,366,200"
1998-03-03,577.24,591.7,567.54,570.89,"108,863,200"
1998-03-02,562.66,581.12,562.64,574.35,"99,926,300"
1998-02-28,553.64,566.24,553.64,558.98,"63,385,300"
1998-02-27,527.4,551.19,527.4,548.41,"85,908,700"
1998-02-26,516.72,531.41,507.59,524.98,"71,747,500"
1998-02-25,539.38,547.79,516.1,516.38,"81,896,500"
1998-02-24,541.58,546.33,534.07,540.89,"76,970,800"
1998-02-23,537.54,553.53,537.54,543.05,"83,456,600"
1998-02-21,520.29,529.88,512.88,528.95,"55,966,500"
1998-02-20,518.71,536.63,518.71,522.13,"83,918,100"
1998-02-19,488.56,516.69,488.56,513.45,"77,956,000"
1998-02-18,475.16,492.71,472.62,487.73,"68,777,400"
1998-02-17,475.88,475.88,462.26,471.73,"58,914,100"
1998-02-16,482.93,486.99,469.86,476.98,"69,368,700"
1998-02-14,504.99,504.99,482.87,484.12,"49,572,400"
1998-02-13,519.47,529.14,506.2,506.2,"91,690,600"
1998-02-12,516.5,516.5,497.27,512.49,"78,100,500"
1998-02-11,539.22,539.22,511.81,520.14,"82,986,300"
1998-02-10,554.83,558.65,538.37,541.77,"86,161,800"
1998-02-09,543.08,557.96,542.91,554.24,"90,835,100"
1998-02-07,538.28,545.48,534.21,542.7,"55,174,200"
1998-02-06,539.3,553.11,534.76,540.45,"104,077,800"
1998-02-05,546.74,549.16,524.38,528.04,"95,221,000"
1998-02-04,552.97,560.86,545.79,547.28,"100,250,500"
1998-02-03,547.7,564.13,539.67,550.21,"104,601,000"
1998-02-02,556.58,556.58,534.39,543.67,"97,966,800"
1998-01-31,566.84,587.99,562.53,567.38,"91,606,300"
1998-01-30,528.48,558.34,528.48,558.33,"61,281,900"
1998-01-26,512.61,522.5,512.13,518.64,"80,837,400"
1998-01-24,488.37,510.08,488.37,509.53,"64,220,500"
1998-01-23,483.47,492.67,474.77,486.86,"87,527,800"
1998-01-22,503.99,510.87,483.99,483.99,"110,811,200"
1998-01-21,529.82,529.82,504.07,506.66,"131,176,700"
1998-01-20,529.25,543.46,520.49,533.54,"127,841,600"
1998-01-19,502.31,528.79,502.31,528.77,"151,158,800"
1998-01-17,491.12,498.23,478.05,495.91,"86,767,700"
1998-01-16,512.27,532.42,485.83,488.1,"200,062,700"
1998-01-15,479.55,506.52,479.55,505.98,"129,188,200"
1998-01-14,466,482.84,463.81,475.13,"128,200,900"
1998-01-13,456,466.59,450.01,463.74,"111,795,300"
1998-01-12,444.07,461.56,444.07,456.2,"113,057,000"
1998-01-10,417.93,440.78,417.93,440.78,"78,203,800"
1998-01-09,420.77,420.92,408.31,414,"85,269,600"
1998-01-08,409.88,424.81,403.08,423.96,"90,006,900"
1998-01-07,407.69,424.01,407.22,409.42,"97,661,700"
1998-01-06,396.84,406.39,395.89,406.34,"74,793,000"
1998-01-05,389.08,403.93,389.08,396.49,"98,416,700"
1998-01-03,374.41,385.49,372.37,385.49,"35,647,800"
1997-12-27,375.32,377.65,367.48,376.31,"83,487,000"
1997-12-26,359.65,376.84,359.65,375.15,"68,614,700"
1997-12-24,361.32,361.32,343.32,351.45,"85,781,700"
1997-12-23,391.27,391.27,366.32,366.36,"85,894,500"
1997-12-22,402.12,409.04,395.44,396.06,"75,210,000"
1997-12-20,393.36,408.02,379.55,400.19,"77,491,500"
1997-12-19,416.11,420.14,396.59,397.02,"99,339,500"
1997-12-17,404.48,422.52,398.97,418.49,"111,331,300"
1997-12-16,393.92,413.12,393.92,404.26,"100,684,700"
1997-12-15,367.04,385.95,367.04,385.8,"79,452,200"
1997-12-13,345.87,366.4,338.94,359.82,"69,319,200"
1997-12-12,362.65,362.65,350.68,350.68,"43,935,900"
1997-12-11,398.06,398.06,376.19,377.37,"78,043,800"
1997-12-10,396.33,405.46,380.46,399.85,"87,190,500"
1997-12-09,410.13,410.13,387.93,388,"81,338,500"
1997-12-08,432.78,438.55,414.63,414.83,"98,111,300"
1997-12-06,435.27,443.51,417.7,435.73,"111,954,000"
1997-12-05,417.43,436.5,417.43,434.12,"92,190,500"
1997-12-04,383.06,406.01,383.06,405.81,"111,192,500"
1997-12-03,369.01,379.45,356.82,379.31,"88,234,400"
1997-12-02,389.12,389.12,367.34,376.87,"40,894,500"
1997-12-01,405.52,412.15,393.16,393.16,"46,916,900"
1997-11-29,404.64,408.04,391.13,407.86,"32,698,700"
1997-11-28,430.25,430.25,407.22,411.91,"48,613,400"
1997-11-27,439.05,445.56,432.83,433.1,"57,815,900"
1997-11-26,436.45,444.32,429.51,438.7,"63,372,100"
1997-11-25,441.66,448.11,423.69,439.59,"56,766,400"
1997-11-24,477.09,477.09,450.01,450.64,"33,150,900"
1997-11-22,506.2,508.41,485.43,485.43,"44,589,200"
1997-11-21,493.43,506.07,483.24,506.07,"69,896,400"
1997-11-20,504.94,505.71,475.86,488.41,"56,869,400"
1997-11-19,494.74,502.59,482.95,502.59,"44,168,600"
1997-11-18,489.69,500.49,476.3,494.66,"48,760,600"
1997-11-17,517.65,526.12,495.41,496.98,"44,741,300"
1997-11-15,522.05,525.64,519.17,519.37,"31,276,300"
1997-11-14,519.14,522.76,509.53,520.01,"46,991,500"
1997-11-13,521.46,529.78,515.57,519.47,"60,384,000"
1997-11-12,521.33,521.33,507.22,517.49,"41,744,700"
1997-11-11,521.62,537.95,509.43,522.11,"57,479,300"
1997-11-10,501.45,526.6,501.45,525.32,"62,350,700"
1997-11-08,504.71,504.71,479.61,495.7,"47,669,100"
1997-11-07,554.38,554.74,514.94,515.63,"76,971,900"
1997-11-06,555.21,558.25,544.53,553.87,"64,521,900"
1997-11-05,547.33,565.16,546.29,555.74,"86,410,100"
1997-11-04,514.08,542.86,514.08,542.13,"62,858,800"
1997-11-03,497.11,517.67,487.67,511.66,"64,800,400"
1997-11-01,472.35,497.35,468.8,497.22,"41,111,700"
1997-10-31,476.08,476.94,462.83,470.79,"50,660,200"
1997-10-30,499.65,502.19,480.54,485.08,"63,563,200"
1997-10-29,500.05,519.07,486.64,506.64,"59,495,600"
1997-10-28,522.39,522.39,492.3,495.28,"45,582,600"
1997-10-27,549.3,557.57,529.12,530.47,"36,788,000"
1997-10-25,567.71,567.71,541.52,548.47,"30,116,500"
1997-10-24,596.33,596.33,569.79,570.91,"49,950,800"
1997-10-23,602.99,614.62,593.96,604.05,"62,348,200"
1997-10-22,569.47,601.92,569.47,601.32,"45,570,400"
1997-10-21,559.77,582.85,554.58,566.85,"46,333,800"
1997-10-20,584.59,585.4,561,565.64,"32,994,600"
1997-10-18,586.62,589.22,578.59,584.71,"21,022,400"
1997-10-17,577.87,592.84,564.47,585.49,"41,332,200"
1997-10-16,598.13,598.13,573.42,579.25,"32,421,900"
1997-10-15,621.5,621.51,602.82,604.74,"26,036,300"
1997-10-14,619.66,627.33,617.23,620.67,"23,904,500"
1997-10-13,618.22,619.34,611.83,613,"20,821,900"
1997-10-11,609.9,620.71,609.9,620.23,"14,578,100"
1997-10-10,612.82,616.98,607.39,609.84,"24,036,700"
1997-10-09,607.49,616.54,601.13,609.36,"28,626,100"
1997-10-08,627.67,627.79,610.19,610.44,"29,033,100"
1997-10-07,642.25,642.25,629.46,630.03,"26,919,200"
1997-10-06,644.67,655.04,644.13,644.21,"31,218,600"
1997-10-04,634.61,646.46,632.92,646.15,"15,655,900"
1997-10-02,644.44,647.7,633.7,636.65,"27,849,500"
1997-10-01,646.86,654.04,644.91,644.91,"33,744,500"
1997-09-30,623.92,647.11,623.3,647.11,"32,719,400"
1997-09-29,625.44,633.02,622.03,625.07,"26,685,500"
1997-09-27,637.54,637.54,629,629.41,"19,198,200"
1997-09-26,644.38,645.96,637.29,638.26,"28,789,700"
1997-09-25,655.22,658.78,643.3,647,"32,944,700"
1997-09-24,653.79,658.58,645.49,655.75,"32,239,000"
1997-09-23,666.56,666.56,654.37,654.37,"26,549,800"
1997-09-22,678.77,682.23,666.95,668.45,"29,342,400"
1997-09-20,688.59,688.59,678.17,679.97,"18,420,700"
1997-09-19,700.57,700.57,689.16,689.16,"29,216,000"
1997-09-18,700.81,705.2,700.81,701.39,"26,440,800"
1997-09-13,698.82,701.44,697.51,699.74,"15,582,400"
1997-09-12,694.47,699.75,693.61,699.33,"30,477,200"
1997-09-11,690.5,695.37,687.69,695.37,"27,140,600"
1997-09-10,687.52,691.62,685.65,691.62,"27,499,800"
1997-09-09,694.83,694.83,687.75,688.97,"31,133,700"
1997-09-08,703.46,703.65,696.05,697.98,"33,596,800"
1997-09-06,701.42,702.91,697.52,702.91,"20,674,000"
1997-09-05,688.04,701.36,686.99,700.92,"32,880,400"
1997-09-04,687.37,690.19,682.22,687.99,"28,770,600"
1997-09-03,690.73,697.44,687.31,688.63,"36,202,200"
1997-09-02,679.09,688.78,671.09,688.78,"33,173,300"
1997-09-01,691.8,697.38,682.1,682.2,"32,265,200"
1997-08-30,701.08,701.08,688.27,695.37,"23,039,600"
1997-08-29,714.97,718.61,704.27,704.27,"38,761,400"
1997-08-28,729.86,731.36,716.6,716.86,"38,328,500"
1997-08-27,732.55,735.73,730.24,730.28,"32,736,900"
1997-08-26,740.77,740.77,731.55,734.03,"31,361,400"
1997-08-25,744.04,746.99,739.99,741.76,"34,917,200"
1997-08-23,739.23,742.8,738.96,742.58,"23,014,100"
1997-08-22,738.92,742.28,729.72,736.62,"36,236,200"
1997-08-21,745.75,746.69,739.42,739.47,"33,896,900"
1997-08-20,741.16,749.31,735.37,746.23,"34,922,600"
1997-08-19,746.46,747.45,737.54,741.29,"31,607,800"
1997-08-18,747.84,749.81,745.37,747.29,"28,978,300"
1997-08-16,754.54,754.54,748.2,748.41,"20,970,700"
1997-08-14,762.78,762.78,753.66,755.78,"35,889,600"
1997-08-13,762.99,766.52,760.94,762.73,"33,366,700"
1997-08-12,766.26,766.7,761.8,762.92,"35,270,000"
1997-08-11,762.77,766.48,762.36,765.07,"35,609,000"
1997-08-09,754.07,764.81,753.31,760.84,"30,269,800"
1997-08-08,745.97,752.01,745.91,752.01,"33,993,600"
1997-08-07,746.38,748.97,743.4,745.35,"34,193,500"
1997-08-06,740.04,745.65,739.68,745.65,"34,066,200"
1997-08-05,734.37,740.91,733.66,740.86,"33,658,400"
1997-08-04,729.66,734.69,729.24,734.19,"25,771,200"
1997-08-02,731.46,732.33,728.43,730.43,"18,203,600"
1997-08-01,726.84,735.17,726.79,731.45,"28,980,800"
1997-07-31,724.78,726.12,721.4,726.12,"25,825,000"
1997-07-30,733.63,736.28,726.06,726.89,"25,477,600"
1997-07-29,733.68,734.63,731.41,732.68,"29,194,400"
1997-07-28,732.56,738.13,730.91,733.92,"28,291,500"
1997-07-26,733.08,735.12,730.08,732.32,"20,107,100"
1997-07-25,739.82,746.87,733.59,733.64,"43,342,300"
1997-07-24,729.42,739.04,724.92,739.04,"40,256,000"
1997-07-23,723.56,730.78,721.67,730.58,"31,782,300"
1997-07-22,740.89,741.15,723.46,725.98,"34,679,800"
1997-07-21,741.02,747.52,736.32,740.93,"27,869,800"
1997-07-19,747.45,747.9,739.92,742.15,"24,493,400"
1997-07-18,737.23,748.06,736.71,747.37,"40,981,100"
1997-07-16,750.35,750.35,737.59,739.72,"44,020,000"
1997-07-15,762.93,764.2,748.47,755.05,"42,038,400"
1997-07-14,767.17,770.73,763.61,764.45,"40,016,800"
1997-07-12,768.43,769.44,765.75,767.27,"26,125,500"
1997-07-11,766.91,771.08,762.71,768.3,"39,435,400"
1997-07-10,771.99,773.17,765.5,767.77,"38,278,500"
1997-07-09,768.26,772.24,763.97,771.99,"39,445,300"
1997-07-08,773,774,761.57,767.74,"39,553,900"
1997-07-07,777.7,777.75,772.14,773.51,"38,442,800"
1997-07-05,781.5,783.11,778.88,779.24,"29,889,600"
1997-07-04,776.02,783.24,773.9,781.7,"47,946,600"
1997-07-03,778.82,782.17,773.27,775.26,"51,202,300"
1997-07-02,763.39,777.29,763.39,777.29,"52,777,300"
1997-07-01,744.98,760.52,744.67,758.03,"36,985,200"
1997-06-30,746.3,753.56,744.21,745.4,"29,259,800"
1997-06-28,738.18,746.92,738.08,746.89,"25,630,500"
1997-06-27,743.39,751.38,737.98,738.43,"42,396,900"
1997-06-26,746.07,751.99,741.72,744.34,"44,381,600"
1997-06-25,753.72,753.85,742.52,744.99,"37,280,500"
1997-06-24,751.63,753.97,747.29,753.7,"34,451,800"
1997-06-23,759.33,762.44,751.85,753.05,"31,766,800"
1997-06-21,770.15,771.43,760.31,760.4,"23,395,000"
1997-06-20,772.6,775.61,766.25,770.22,"42,195,200"
1997-06-19,769.69,779.17,763.18,770.95,"48,749,100"
1997-06-18,793.02,799.54,768.04,773.21,"54,344,000"
1997-06-17,790.99,798.76,783.32,792.29,"59,999,300"
1997-06-16,793.57,796.81,786.16,789.05,"58,739,000"
1997-06-14,792.19,798.89,790.41,791.97,"59,687,500"
1997-06-13,775.67,789.4,775.67,789.15,"83,743,300"
1997-06-12,767.94,777.88,767.94,774.66,"59,657,500"
1997-06-11,769.7,770.58,764.94,765.79,"46,150,600"
1997-06-10,777.88,781.51,769.11,769.83,"67,076,200"
1997-06-09,764.91,775.02,762.42,775.01,"56,959,700"
1997-06-07,768.14,775.15,762.72,762.77,"35,296,500"
1997-06-05,762.92,766.77,761.67,765.67,"51,342,800"
1997-06-04,766.54,774.48,755.01,763.25,"87,926,200"
1997-06-03,758.89,766.49,753.36,766.06,"60,606,100"
1997-06-02,758.92,770.97,756.88,758.39,"84,890,400"
1997-05-31,744.68,756.78,740.01,756.77,"38,894,800"
1997-05-30,742.38,752.29,741,746.36,"55,228,800"
1997-05-29,745.26,749.37,741.85,742.5,"65,089,500"
1997-05-28,724.97,738.12,724.97,738.12,"56,088,500"
1997-05-27,719.82,724.39,716.51,723.35,"39,806,300"
1997-05-26,724.71,725.51,717.35,718.99,"39,272,400"
1997-05-24,731.98,734.79,724.75,725.17,"37,738,800"
1997-05-23,723.67,730.54,715.53,730.53,"53,941,100"
1997-05-22,737.18,738.18,723.54,724.38,"60,044,600"
1997-05-21,735.3,739.73,729.32,737.71,"64,187,100"
1997-05-20,723.16,734.76,722.35,734.67,"62,845,500"
1997-05-19,710.41,721.23,710.41,721.2,"56,931,100"
1997-05-17,700.25,706.25,700.25,706.25,"28,269,600"
1997-05-16,702.51,709.57,695.93,699.53,"50,081,100"
1997-05-15,684.74,705.1,684.74,699.95,"51,246,600"
1997-05-13,673.08,684.61,669.01,683.86,"35,964,700"
1997-05-12,678.5,683.32,667.66,672.1,"36,783,200"
1997-05-10,688.7,690.48,678.04,678.98,"25,244,800"
1997-05-09,685.91,693.2,685.91,687.62,"44,721,700"
1997-05-08,688.89,690.44,682.73,684.69,"39,755,000"
1997-05-07,700.87,700.87,689.09,689.1,"41,998,100"
1997-05-06,706.53,706.92,700.32,701.57,"44,499,500"
1997-05-03,707.08,709.95,704.86,704.87,"32,721,400"
1997-05-02,704.77,709.6,699.18,706.1,"65,420,800"
1997-04-30,705,706.54,701.89,703.23,"43,658,500"
1997-04-29,705.13,705.68,701.09,704.05,"38,096,900"
1997-04-28,703.13,707.42,703.13,704.16,"41,650,600"
1997-04-26,695.12,701.26,695.12,699.76,"31,992,600"
1997-04-25,691.57,693.97,687.41,692.48,"41,636,100"
1997-04-24,694.04,697.43,689.29,690.8,"43,975,000"
1997-04-23,688.17,695.24,688,693.05,"35,061,300"
1997-04-22,696.28,696.37,685.96,687.96,"31,398,000"
1997-04-21,702.16,706.95,697.3,697.34,"40,265,000"
1997-04-19,696.57,701.27,694.73,700.65,"25,243,500"
1997-04-18,695.21,698.52,692.57,695.67,"38,743,400"
1997-04-17,702.98,703.44,690.66,694.76,"42,930,400"
1997-04-16,701.43,703.04,697.75,702.42,"39,050,000"
1997-04-15,706.05,710.67,701.39,701.39,"46,717,400"
1997-04-14,698.44,705.82,698.44,704.2,"43,252,400"
1997-04-12,696,701.11,696,696.95,"31,476,100"
1997-04-11,688.39,693.94,682.47,693.94,"44,184,700"
1997-04-10,698.88,700.06,688.04,688.04,"46,104,700"
1997-04-09,695.86,699.7,694.55,698.66,"43,775,100"
1997-04-08,695.35,699.07,687.87,694.97,"40,082,100"
1997-04-07,688.88,699.02,688.88,694.9,"40,674,300"
1997-04-04,679.88,688.06,679.14,687.42,"40,624,500"
1997-04-03,680.14,689.12,676.44,678.74,"41,715,000"
1997-04-02,672.82,683.32,668.72,678.86,"36,330,700"
1997-04-01,678.97,688.12,672.07,672.99,"38,640,400"
1997-03-31,670.75,678.76,670.75,677.34,"43,962,000"
1997-03-29,654.44,667.68,654.44,667.19,"26,592,300"
1997-03-28,652.88,661.55,650.72,652.87,"40,729,400"
1997-03-27,657.1,665.57,651.59,651.65,"45,594,100"
1997-03-26,640.45,656.78,637.36,656.62,"43,994,400"
1997-03-25,616.11,638.9,614.99,638.9,"42,949,900"
1997-03-24,622.14,622.39,607.87,617.26,"36,197,400"
1997-03-22,625.13,634.02,622.84,623.13,"26,900,100"
1997-03-21,640.52,640.52,626.39,627.63,"34,221,200"
1997-03-20,642.73,646.73,630.37,642.86,"34,072,400"
1997-03-19,656.9,656.9,643.04,646.29,"32,981,600"
1997-03-18,659.73,663.7,653.25,657.97,"30,519,700"
1997-03-17,642.16,658.94,641.04,658.9,"28,384,500"
1997-03-15,639.62,647.14,638.39,641.83,"18,962,200"
1997-03-14,657.73,657.98,641.83,642.08,"27,608,500"
1997-03-13,663.91,666.26,656.86,657.9,"32,112,300"
1997-03-12,655.76,663.9,655.07,663.9,"29,986,400"
1997-03-11,665.83,665.83,654.91,655.95,"29,829,500"
1997-03-10,673.91,674.29,667.29,667.35,"29,436,500"
1997-03-08,681.97,684.92,675.07,675.07,"23,840,900"
1997-03-07,679.83,685.26,679.83,681.22,"37,379,000"
1997-03-06,675.25,685.95,675.25,678.11,"41,269,200"
1997-03-05,680.48,684.55,673.63,674.9,"38,820,400"
1997-03-04,679.51,683.32,675.82,679.97,"28,058,600"
1997-03-03,677.18,684.44,677.18,679.64,"26,960,100"
1997-02-28,669.01,679.07,664.75,676.53,"37,800,700"
1997-02-27,678.11,679.8,668.71,669.41,"30,311,800"
1997-02-26,683.59,691.27,679.66,679.71,"29,899,900"
1997-02-25,676.73,682.81,670.41,682.81,"25,335,300"
1997-02-24,681.48,686.94,676.11,676.59,"24,088,100"
1997-02-22,683.43,683.43,672.72,681.24,"19,143,600"
1997-02-21,710.87,711.75,686.71,686.72,"30,801,000"
1997-02-20,713.5,716.18,707.83,711.13,"35,039,500"
1997-02-19,708.64,713.67,706.58,713.67,"31,110,400"
1997-02-18,712.62,715.18,703.99,706.94,"30,438,600"
1997-02-17,720.42,721.5,712.93,712.93,"31,516,400"
1997-02-15,722.43,729.64,722.32,722.32,"27,110,800"
1997-02-14,717.29,723.02,715,721,"39,067,500"
1997-02-13,713.64,726.13,713.64,716.71,"49,789,800"
1997-02-12,714.82,715.87,708.72,712.5,"35,259,400"
1997-02-11,711.11,713.88,707.86,713.43,"41,365,900"
1997-02-10,701.43,709.8,701.43,709.79,"29,312,000"
1997-02-06,698.54,704.44,693.82,700.22,"34,126,300"
1997-02-05,698.18,708.2,697.95,698.6,"38,556,700"
1997-02-04,687.84,696.24,687.84,695.95,"33,132,100"
1997-02-03,683.13,696.21,681.01,687.25,"27,335,400"
1997-02-01,685.84,688.39,681.4,683.13,"21,512,500"
1997-01-31,676.52,687.99,676.52,685.84,"31,998,900"
1997-01-30,663.56,679.04,662.27,676.52,"28,820,500"
1997-01-29,662.85,672.9,654.95,663.56,"30,160,900"
1997-01-28,664.7,677.63,653.41,662.85,"30,383,200"
1997-01-27,685.11,685.46,664.68,664.7,"28,327,500"
1997-01-25,679.56,688.81,677.46,685.11,"22,399,100"
1997-01-24,676.91,679.56,658.18,679.56,"35,494,100"
1997-01-23,678.94,685.14,672.73,676.91,"31,043,800"
1997-01-22,690.54,690.54,671.91,678.94,"36,682,400"
1997-01-21,718.46,721.79,690.54,690.54,"44,300,500"
1997-01-20,694.23,720.69,694.23,718.46,"42,987,200"
1997-01-18,701.18,701.18,692.04,694.23,"25,295,900"
1997-01-17,711.86,720.41,695.77,701.18,"48,243,700"
1997-01-16,699.76,711.96,694.39,711.86,"47,286,400"
1997-01-15,686.59,699.76,686.02,699.76,"42,010,700"
1997-01-14,659.54,687.66,656.67,686.59,"36,617,400"
1997-01-13,659.54,664.95,655.74,659.54,"28,730,300"
1997-01-11,648.69,659.63,645.91,659.54,"22,414,400"
1997-01-10,639.87,653.59,636.8,648.69,"36,472,700"
1997-01-09,621.41,640.8,612.41,639.87,"36,051,400"
1997-01-08,611.04,623.39,600.55,621.41,"34,222,500"
1997-01-07,626.87,627.61,609.12,611.04,"24,071,600"
1997-01-06,643.41,643.41,625.01,626.87,"17,645,600"
1997-01-04,653.79,653.79,641.98,643.41,"14,653,700"
1997-01-03,651.22,655.7,635.41,653.79,"13,937,500"
1996-12-27,659.01,659.01,643.57,651.22,"35,103,400"
1996-12-26,677.76,677.76,655.24,659.01,"26,522,300"
1996-12-24,684.81,687.06,677.56,677.76,"24,270,900"
1996-12-23,693.14,697.12,684.81,684.81,"21,536,600"
1996-12-21,700.87,700.87,693.03,693.14,"21,508,700"
1996-12-20,690.97,703.51,690.97,700.87,"29,999,200"
1996-12-19,661.39,690.97,661.39,690.97,"30,382,900"
1996-12-18,663.35,671.43,655.47,661.39,"31,497,800"
1996-12-17,673.92,680.09,660.39,663.35,"31,590,900"
1996-12-16,687.34,687.34,667.71,673.92,"22,797,600"
1996-12-14,689.07,694.11,686.91,687.34,"14,570,100"
1996-12-13,689.38,695.72,677.64,689.07,"26,462,100"
1996-12-12,704.68,706.01,688.74,689.38,"25,888,900"
1996-12-11,702.83,709.48,702.83,704.68,"28,038,700"
1996-12-10,692.17,702.83,692.17,702.83,"23,968,000"
1996-12-09,696.11,707.52,692.15,692.17,"24,199,300"
1996-12-07,699.89,704.8,696.11,696.11,"14,149,100"
1996-12-06,706.3,713.25,698.12,699.89,"23,935,400"
1996-12-05,715.87,715.87,705.96,706.3,"25,567,500"
1996-12-04,725.59,728.14,713.59,715.87,"27,725,000"
1996-12-03,727.83,732.22,722.18,725.59,"27,013,400"
1996-12-02,726.48,735.15,724.75,727.83,"23,468,700"
1996-11-30,733.5,733.5,726.25,726.48,"14,145,900"
1996-11-29,736.92,738.89,732.25,733.5,"22,828,100"
1996-11-28,722.62,736.97,722.62,736.92,"25,178,700"
1996-11-27,715.97,727.75,715.97,722.62,"21,282,400"
1996-11-26,716.45,721.37,710.49,715.97,"17,572,500"
1996-11-25,731.44,731.44,716.45,716.45,"15,427,000"
1996-11-22,743.55,743.55,730.64,731.44,"24,226,000"
1996-11-21,743.52,749.96,743.52,744.91,"23,891,200"
1996-11-20,746.82,750.09,742.48,744.14,"25,141,100"
1996-11-19,750.53,753.85,747.05,747.05,"19,889,500"
1996-11-18,754.63,758.8,747.21,750.82,"22,476,400"
1996-11-16,752.6,757.3,752.6,756.67,"16,701,600"
1996-11-15,743.52,751.47,743.52,750.29,"22,969,100"
1996-11-14,744.97,749.32,743.02,743.03,"21,133,300"
1996-11-13,752.58,757.63,744.47,747.32,"23,193,700"
1996-11-12,734.27,752.54,734.27,752.54,"28,086,400"
1996-11-11,727.77,729.55,720.01,729.53,"21,804,700"
1996-11-09,739.97,745.13,729.89,730.82,"17,132,000"
1996-11-08,741.83,755.26,739.11,739.11,"26,001,700"
1996-11-07,752.03,752.03,738.66,741.76,"37,676,200"
1996-11-06,736.55,747.29,734.42,747.29,"31,676,100"
1996-11-05,737.02,739.44,726.32,733.65,"32,845,200"
1996-11-04,764.53,764.53,747.42,747.42,"30,649,700"
1996-11-02,774.45,774.45,765.73,765.73,"21,529,400"
1996-11-01,763.61,767.87,761.88,767.87,"29,177,100"
1996-10-31,760.67,763.27,751.43,757.59,"28,492,200"
1996-10-30,766.68,771.15,753.43,757.09,"24,485,800"
1996-10-29,777.22,778.91,766.32,766.32,"25,490,500"
1996-10-28,790.66,794.46,780.08,780.08,"26,191,000"
1996-10-26,793.83,794.54,788.46,791.81,"17,925,700"
1996-10-25,804.34,804.34,789.95,793.78,"26,719,600"
1996-10-24,812.72,813.47,804.44,804.44,"23,825,000"
1996-10-23,818.32,819.47,811.24,811.98,"26,651,000"
1996-10-22,829.85,829.85,818.37,819.22,"26,054,900"
1996-10-21,833.29,844.09,830.6,832.62,"34,720,800"
1996-10-19,830.25,831.77,821.86,831.18,"25,433,900"
1996-10-18,843.38,846.97,830.24,830.25,"44,570,900"
1996-10-17,842.22,847.25,834.59,839.73,"54,485,200"
1996-10-16,831.89,835.24,824.45,835.17,"47,918,500"
1996-10-15,848.11,848.33,828.61,828.61,"55,159,600"
1996-10-14,845.66,848.76,838.08,842.28,"56,016,900"
1996-10-12,840.82,843.49,839.25,840.8,"36,142,200"
1996-10-11,835.38,836.96,827.19,833.43,"53,455,700"
1996-10-10,824.47,830.21,821.38,830.21,"53,890,800"
1996-10-09,804.58,817.78,803.34,817.78,"46,681,800"
1996-10-08,800.48,805.76,797.43,797.62,"39,114,800"
1996-10-07,783.29,801.39,783.29,795.33,"41,051,100"
1996-10-05,774.66,778.95,774.66,777.31,"22,827,500"
1996-10-04,790.58,791.11,776.43,776.43,"38,658,000"
1996-10-02,790.81,797.77,786.91,794.01,"45,250,100"
1996-10-01,790.02,794.32,784.24,789.47,"66,189,900"
1996-09-30,803.69,804.48,789.66,789.67,"28,716,300"
1996-09-25,787.48,798.43,787.48,793.21,"30,401,700"
1996-09-24,768.57,778.35,768.57,777.91,"26,658,600"
1996-09-23,767.36,777.85,766.07,769.2,"28,486,000"
1996-09-21,757.12,769.16,754.87,768.37,"18,177,000"
1996-09-20,773.81,773.81,755.44,759.35,"30,823,800"
1996-09-19,784.1,784.35,773.15,773.15,"28,703,400"
1996-09-18,785.43,786.82,782.01,782.1,"28,964,400"
1996-09-17,781.45,783.01,779.41,781.76,"22,380,200"
1996-09-16,782.13,788.4,781.88,781.88,"20,944,300"
1996-09-14,784.32,787.07,781.73,781.73,"15,562,300"
1996-09-13,796.75,796.75,785.19,785.19,"24,309,200"
1996-09-12,800.96,802.04,794.39,797.57,"25,056,900"
1996-09-11,803.66,803.66,798.62,801.45,"21,456,500"
1996-09-10,801.33,805.94,801.31,803.04,"24,880,800"
1996-09-09,786.23,798.43,786.23,797.38,"23,100,000"
1996-09-07,786.5,787.2,782.1,785.26,"15,756,800"
1996-09-06,786.54,789.99,779.48,784.05,"22,634,400"
1996-09-05,792.12,798.07,787.14,787.14,"23,124,600"
1996-09-04,788.75,793.98,781.96,791.64,"28,579,100"
1996-09-03,769.43,769.91,764.6,769.8,"16,384,100"
1996-09-02,781.44,782.64,771.55,774.26,"17,094,600"
1996-08-31,780.04,782,774.23,781.49,"13,763,400"
1996-08-30,770.87,782.87,766.54,782.87,"20,438,900"
1996-08-29,754.9,766.21,750.54,766.16,"19,352,700"
1996-08-28,762.64,764.21,750.26,753.35,"19,836,300"
1996-08-27,763.15,772.99,760.87,761.75,"16,793,000"
1996-08-26,781.78,781.78,766.88,766.89,"18,198,800"
1996-08-24,786.55,787.77,781.01,782.13,"13,762,900"
1996-08-23,780.66,786.07,780.66,781.42,"21,386,500"
1996-08-22,789.72,792.68,779.6,779.63,"16,827,200"
1996-08-21,791.63,791.63,783.35,789.12,"17,222,600"
1996-08-20,800.52,805.95,793.91,793.91,"16,125,700"
1996-08-19,810.53,810.53,800.05,800.52,"14,871,200"
1996-08-17,813.31,814.53,810.25,810.69,"10,600,800"
1996-08-16,825.05,825.2,814.81,814.96,"16,401,000"
1996-08-14,832.55,833.15,825.84,825.84,"20,604,400"
1996-08-13,839.39,839.39,832.65,833.43,"19,199,900"
1996-08-12,836.76,838.48,836.76,837.99,"19,320,800"
1996-08-10,833.79,837.01,832.26,836.77,"14,266,500"
1996-08-09,836.89,836.89,830.58,832.61,"18,716,900"
1996-08-08,835.67,844.57,835.48,837.2,"27,107,200"
1996-08-07,829.35,834.03,827.91,834.03,"20,099,800"
1996-08-06,823.81,830.5,822.13,828.05,"20,332,400"
1996-08-05,823.21,826.17,823.21,824.3,"19,236,800"
1996-08-03,824.87,826.41,823.64,824.08,"13,547,200"
1996-08-02,834.99,834.99,825.92,826.23,"20,867,200"
1996-08-01,826.46,837.71,826.46,835.27,"28,343,700"
1996-07-31,808.27,821.71,807.94,821.71,"23,527,700"
1996-07-30,806.33,808.19,796.39,807.28,"18,911,700"
1996-07-29,804.36,812.99,804.36,805.15,"16,558,800"
1996-07-27,810.83,810.83,803.05,804.55,"13,706,500"
1996-07-26,818.07,822.49,814.03,814.03,"23,742,700"
1996-07-25,830.44,830.44,819.38,820.29,"20,846,600"
1996-07-24,840.22,841.14,831.25,832.48,"19,693,600"
1996-07-23,838.71,840.11,835.46,838.78,"20,130,000"
1996-07-22,838.46,844.59,837.35,838.75,"19,052,700"
1996-07-20,841.42,845.71,836.37,840.05,"15,224,000"
1996-07-19,816.06,837.4,816.06,837.39,"19,372,000"
1996-07-18,816.34,827.78,816.34,816.47,"19,105,100"
1996-07-16,806.98,812.68,800.73,812.66,"23,781,000"
1996-07-15,832.23,832.23,814.11,814.11,"20,746,400"
1996-07-13,837.91,839.6,835.26,835.3,"15,560,000"
1996-07-12,844.99,844.99,838.98,839.82,"22,309,200"
1996-07-11,861.03,862.39,847.39,847.39,"28,812,400"
1996-07-10,859.5,860.85,854.23,858.79,"27,151,900"
1996-07-09,847.91,858.09,847.91,858.05,"21,471,900"
1996-07-08,853.49,857.11,847.99,847.99,"20,699,800"
1996-07-06,846.45,850.61,846.45,850.39,"14,648,500"
1996-07-05,845.6,846.88,838.71,845.12,"23,466,100"
1996-07-04,842.16,848.71,840.81,841.51,"21,946,000"
1996-07-03,837.18,839.51,829.87,838.24,"18,451,400"
1996-07-02,834.72,844.87,834.72,837.93,"19,605,400"
1996-07-01,816.95,833.79,816.95,833.79,"14,250,300"
1996-06-29,822.21,822.32,811.24,817.43,"10,783,200"
1996-06-28,822.84,832.86,822.84,823.53,"17,377,400"
1996-06-27,820.17,824.43,812.53,820.05,"21,323,100"
1996-06-26,837.99,838.98,822.73,823.63,"19,220,200"
1996-06-25,838.73,841.63,835.21,836.94,"17,884,600"
1996-06-24,853.17,853.17,839.79,842.48,"20,251,200"
1996-06-22,865.68,865.68,856.36,856.36,"14,385,100"
1996-06-21,864.56,868.48,863.84,864.27,"23,841,100"
1996-06-20,870.71,870.78,861.45,861.72,"21,407,300"
1996-06-19,864.65,870.71,863.68,869.56,"22,263,000"
1996-06-18,860.8,862.31,858.17,862.31,"19,013,400"
1996-06-17,859.59,860.78,854.25,856.43,"16,245,100"
1996-06-15,862.97,864.3,852.74,859.49,"13,257,200"
1996-06-14,873.57,873.57,862.53,862.53,"20,012,000"
1996-06-13,872.24,875.97,866.56,874.68,"22,292,100"
1996-06-12,891.81,892.39,871.91,873.31,"24,717,000"
1996-06-11,890.51,898.42,888.66,888.66,"25,135,300"
1996-06-10,902.85,906.35,891.49,892.17,"26,016,300"
1996-06-08,907.96,908.82,903.32,903.32,"16,449,100"
1996-06-07,916.48,917.14,907.83,907.83,"31,622,700"
1996-06-05,913.35,916.06,908.78,913.25,"29,563,000"
1996-06-04,897.4,909.43,897.4,909.43,"21,779,700"
1996-06-03,896.49,905.23,896.49,897.22,"21,351,200"
1996-06-01,915.47,915.47,906.75,907.98,"18,063,300"
1996-05-31,901.47,909.78,900.69,903.09,"25,130,900"
1996-05-30,893.99,903.36,887.09,898.56,"24,081,100"
1996-05-29,903.56,911.01,894.29,894.29,"29,253,400"
1996-05-28,920.68,920.68,906.15,906.21,"25,963,000"
1996-05-27,912.32,920.44,903.89,920.43,"28,263,900"
1996-05-25,918.19,918.19,910.59,911.76,"18,922,800"
1996-05-23,931.51,932.5,918.09,918.11,"39,969,900"
1996-05-22,917.85,924,910.53,924,"29,504,700"
1996-05-21,935.65,935.94,919.88,919.88,"27,816,500"
1996-05-20,931.48,935.12,925.55,935.07,"24,298,600"
1996-05-18,942.13,943.34,928.8,928.8,"21,506,100"
1996-05-17,943.92,944.96,935.67,937.51,"33,796,400"
1996-05-16,958.46,958.46,940.9,940.96,"38,680,200"
1996-05-15,964.39,965.55,954.11,958.17,"41,377,200"
1996-05-14,982.75,982.75,964.1,964.11,"48,760,600"
1996-05-13,977.31,981.91,973.26,978.73,"56,258,800"
1996-05-11,973.05,973.05,964.2,970.64,"34,592,600"
1996-05-10,960.18,965.87,954.39,965.83,"48,017,000"
1996-05-09,973.56,974.11,959.14,959.14,"49,126,200"
1996-05-08,991.22,991.22,976.75,976.75,"67,951,600"
1996-05-07,984.97,989.86,977.92,986.84,"63,599,000"
1996-05-06,967.45,975.05,966.22,974.1,"54,855,700"
1996-05-04,970.88,972.89,964.64,964.65,"34,180,000"
1996-05-03,960.6,966.85,955.3,965.67,"45,135,600"
1996-05-02,977.08,977.08,961.51,961.52,"46,820,100"
1996-04-30,989.85,990.06,979.06,980.9,"68,967,300"
1996-04-29,977.83,987.05,977.83,985.03,"58,449,100"
1996-04-27,965.72,968.97,965.72,968.45,"29,735,800"
1996-04-26,965.17,971.71,959.83,964.57,"44,154,400"
1996-04-25,968.06,976.3,962.75,964.69,"57,167,400"
1996-04-24,942.83,956.64,934.53,956.61,"46,236,200"
1996-04-23,956.28,957.95,940.55,940.55,"52,688,600"
1996-04-22,944.04,957.16,944.04,950.61,"57,146,400"
1996-04-20,945.39,951.48,941.67,941.69,"42,809,300"
1996-04-19,938.87,948.56,935.97,948.37,"67,135,800"
1996-04-18,930.37,936.9,920.07,936.89,"74,038,900"
1996-04-17,910.21,922.4,910.21,922.4,"60,188,600"
1996-04-16,913.21,914,905.43,907.73,"46,568,900"
1996-04-15,897.15,910.29,897.15,908.09,"48,113,100"
1996-04-13,891.39,895.62,886.88,895.57,"28,714,800"
1996-04-12,885.29,889.93,879.28,889.82,"29,548,800"
1996-04-10,868.92,872.75,868.92,869.17,"31,752,800"
1996-04-09,879.51,880.93,869.82,869.82,"24,221,700"
1996-04-08,873.25,879.09,873.25,877.03,"25,959,000"
1996-04-06,871.71,876.91,869.41,876.86,"19,695,300"
1996-04-04,885.58,886.72,878.24,881.5,"28,642,200"
1996-04-03,883.51,884.76,881.76,884.75,"29,380,500"
1996-04-02,877.13,884.48,874.04,884.47,"37,164,400"
1996-04-01,869.39,883.47,869.39,878.47,"73,968,700"
1996-03-30,868.48,874.16,868.37,874.16,"15,145,100"
1996-03-29,857.69,866.79,856.23,866.76,"16,917,800"
1996-03-28,859.97,861.2,854.99,856.56,"21,360,900"
1996-03-27,860.86,861.1,855.9,857.21,"18,110,900"
1996-03-26,863.53,864.64,858.01,859.07,"18,915,000"
1996-03-25,869.05,869.89,862.48,863.27,"19,485,000"
1996-03-23,872.31,872.31,867.92,868.76,"16,530,500"
1996-03-22,868.4,872.53,868.36,872.04,"23,891,300"
1996-03-21,871.82,871.82,865.17,868.2,"21,792,200"
1996-03-20,867,870.76,867,869.98,"24,368,900"
1996-03-19,855.94,860.71,855.94,860.13,"21,121,900"
1996-03-18,855.4,859.86,853.66,854.46,"20,687,500"
1996-03-16,857.76,857.76,851.96,856.58,"15,599,800"
1996-03-15,854.59,858.08,850.85,856.48,"25,318,800"
1996-03-14,836.39,848.88,834.89,844.43,"25,526,200"
1996-03-13,844.23,844.24,837.93,838.87,"20,684,600"
1996-03-12,847.26,851.44,840.24,844.42,"26,183,300"
1996-03-11,857.88,857.88,848.26,848.26,"18,706,700"
1996-03-09,852.85,863.63,851.27,863.63,"17,004,700"
1996-03-08,846.86,849.23,843.44,849.15,"17,945,600"
1996-03-07,849.36,849.36,840.98,842.22,"17,760,200"
1996-03-06,857.64,857.67,848.9,851.06,"19,498,200"
1996-03-05,856.95,859.91,854.63,857.72,"16,851,500"
1996-03-04,858.8,861.68,853.97,855.1,"17,248,700"
1996-03-02,853.4,856.86,853.4,856.51,"13,696,900"
1996-02-29,852.71,852.96,847.88,852.83,"19,064,800"
1996-02-28,861,864.86,855.12,855.21,"19,509,400"
1996-02-27,857.76,862.36,852.62,859.87,"20,520,900"
1996-02-26,884.1,884.1,859.05,859.05,"26,581,900"
1996-02-24,875.8,876.24,868.48,868.61,"14,039,200"
1996-02-23,881.71,882.56,876.44,876.55,"22,564,200"
1996-02-22,882.75,882.75,877.77,881.6,"22,917,700"
1996-02-21,890.07,891.63,883.23,883.23,"23,476,500"
1996-02-17,881.2,889.34,881.2,889.34,"19,088,100"
1996-02-16,871.22,879.72,871.22,878.03,"32,737,900"
1996-02-15,870.18,874.37,868.91,869.35,"30,684,000"
1996-02-14,860.84,870.01,857.2,869.98,"23,171,500"
1996-02-13,862.68,863.81,853.09,858.18,"21,112,100"
1996-02-12,874.63,876.42,865.12,865.12,"21,506,800"
1996-02-10,879.58,879.6,875.21,875.21,"15,798,900"
1996-02-09,890.36,892.08,881.85,881.88,"28,059,300"
1996-02-08,886.25,890.25,885.42,889.01,"31,674,700"
1996-02-07,880.88,884.89,879.07,883.77,"24,129,400"
1996-02-06,893.4,894.31,879.99,881.21,"30,185,400"
1996-02-05,886.31,892.43,886.31,890.68,"27,581,300"
1996-02-03,884.33,887.54,884.33,884.63,"18,014,500"
1996-02-02,886.71,887.34,880.16,881.48,"33,760,500"
1996-02-01,882.95,889.75,882.95,885.13,"40,107,300"
1996-01-31,877.21,878.82,875.43,878.82,"28,363,500"
1996-01-30,878.62,881.46,875.45,875.45,"29,868,300"
1996-01-29,867.36,878.07,867.36,873.15,"32,074,000"
1996-01-27,867.99,868.48,863.42,864.77,"15,424,500"
1996-01-26,870.05,872.84,866.34,867.38,"28,867,400"
1996-01-25,868.48,869.34,862.63,868.17,"25,951,800"
1996-01-24,853.9,865.56,853.9,865.55,"23,407,600"
1996-01-23,843.96,853.34,843.96,850.83,"22,323,700"
1996-01-22,842.74,848.98,839.67,842.8,"18,611,300"
1996-01-20,847.94,847.95,837.36,842.72,"12,463,200"
1996-01-19,842.66,853.25,842.66,848.07,"19,970,000"
1996-01-18,849.31,852.77,845.15,849.14,"18,075,700"
1996-01-17,867.22,870.25,856.91,857.06,"19,453,100"
1996-01-16,863.93,874.79,859.88,868.27,"20,249,200"
1996-01-15,873.15,878.47,865.46,865.46,"20,400,300"
1996-01-13,877.4,880.24,874.11,874.46,"15,338,500"
1996-01-12,883.57,885.8,878.64,878.64,"23,187,000"
1996-01-11,884.71,894.1,883.43,883.96,"28,633,100"
1996-01-10,881.06,885.77,872.72,885.77,"24,671,200"
1996-01-09,874.85,882.74,874.85,881.99,"23,113,600"
1996-01-08,856.9,875.24,851.35,866.81,"22,035,500"
1996-01-06,858.45,862.19,858.36,858.36,"12,743,500"
1996-01-05,855.86,856.69,844.4,856.62,"18,781,500"
1996-01-04,889.99,889.99,859.97,859.97,"18,279,300"
1996-01-03,882.3,889.27,881.61,888.85,"9,485,700"
1995-12-27,875.57,882.94,872.93,882.94,"25,154,500"
1995-12-26,893.18,894.2,876.37,876.37,"23,069,900"
1995-12-23,893.85,899.16,893.11,893.11,"12,879,200"
1995-12-22,901.68,902.73,892.14,894.67,"20,733,000"
1995-12-21,890.67,899.86,889.45,899.86,"23,426,500"
1995-12-20,892.56,899.65,887.24,892.04,"20,983,200"
1995-12-19,869.04,892.48,869.04,890.79,"20,866,200"
1995-12-18,876.79,887.39,867.18,867.18,"17,419,500"
1995-12-16,891.97,893.3,884.39,884.39,"13,302,900"
1995-12-15,908.66,909.17,897.38,899.55,"16,923,600"
1995-12-14,926.15,926.15,908.67,908.67,"17,558,600"
1995-12-13,947.7,950.87,929.46,929.46,"18,741,000"
1995-12-12,947.07,949.02,939.88,943.22,"15,371,000"
1995-12-11,962.5,962.5,947.73,947.75,"19,764,400"
1995-12-09,957.49,962.88,956.59,962.87,"13,812,100"
1995-12-08,960.6,963.83,954.31,958.62,"19,389,400"
1995-12-07,963.97,965.21,959.74,960.57,"21,793,900"
1995-12-06,952.85,959.28,950.66,954.61,"21,436,400"
1995-12-05,937.83,946.98,935.85,946.98,"17,153,300"
1995-12-04,930.57,937.3,930.57,934.95,"12,090,500"
1995-12-02,927.41,937.89,927.41,931.23,"11,861,800"
1995-12-01,931.02,939,930.19,939,"14,407,200"
1995-11-30,939.42,941.26,930.92,930.92,"20,221,700"
1995-11-29,953.19,953.19,947.09,948.31,"17,226,000"
1995-11-28,954.3,956.57,949.67,952.89,"23,928,500"
1995-11-27,944.21,951.55,944.21,949.23,"21,487,200"
1995-11-25,940.45,948.22,936.98,942.5,"14,364,400"
1995-11-24,934.07,948.89,934.07,944.85,"21,198,200"
1995-11-23,922.99,932.58,922.52,932.58,"16,517,400"
1995-11-22,923,925.95,914.37,921.03,"16,163,700"
1995-11-21,926.33,926.33,913.97,917.97,"15,902,000"
1995-11-20,942.25,942.49,931.64,931.64,"14,230,600"
1995-11-18,952.18,952.18,945.81,946.35,"13,225,800"
1995-11-17,938.83,952.37,938.83,952.37,"20,097,500"
1995-11-16,937.56,940.52,933.06,933.95,"20,073,100"
1995-11-15,948.71,953.98,937.04,937.04,"25,093,800"
1995-11-14,951.29,956.37,946.95,948.34,"17,055,300"
1995-11-13,970.36,970.36,954.04,954.04,"17,256,200"
1995-11-11,970.33,976.27,970.21,976.25,"15,249,000"
1995-11-10,970.51,970.51,960.72,965.95,"19,495,800"
1995-11-09,977.21,977.21,964.14,970.91,"22,986,100"
1995-11-08,986,990.5,980.8,980.84,"24,237,900"
1995-11-07,993.39,993.91,983.06,987.72,"23,261,200"
1995-11-06,991.05,995.53,991.05,992.77,"23,489,200"
1995-11-04,988,991.77,987.96,989.97,"16,447,300"
1995-11-03,989.59,990.67,986.61,989.74,"20,364,800"
1995-11-02,998.46,998.46,994.12,994.68,"21,977,200"
1995-11-01,991.18,997.59,990.61,997.52,"21,237,200"
1995-10-31,983.93,990.26,983.93,990.26,"20,950,500"
1995-10-30,983.38,989.15,982.44,982.87,"16,076,000"
1995-10-28,"1,001.33","1,001.33",992.05,992.05,"13,896,400"
1995-10-27,"1,003.29","1,010.92",999.05,"1,001.37","29,274,900"
1995-10-26,998.86,"1,004.83",997.45,"1,001.15","26,671,300"
1995-10-25,993.9,"1,002.60",993.82,997.88,"30,263,900"
1995-10-24,977.21,992.76,977.21,992.76,"22,657,700"
1995-10-23,976.56,985.76,976.2,976.39,"25,055,000"
1995-10-21,995.17,"1,003.00",995.17,999.5,"15,472,200"
1995-10-20,994.96,998,989.83,994.89,"22,078,400"
1995-10-19,"1,007.32","1,007.32",995.29,"1,000.22","25,381,800"
1995-10-18,"1,006.09","1,009.82","1,005.83","1,006.70","27,422,900"
1995-10-17,"1,003.25","1,009.66","1,002.86","1,005.78","25,919,000"
1995-10-16,"1,018.54","1,019.46","1,007.48","1,007.48","26,379,400"
1995-10-14,"1,017.32","1,018.90","1,016.34","1,016.77","21,592,800"
1995-10-13,"1,017.78","1,018.44","1,011.02","1,014.30","34,334,200"
1995-10-12,"1,017.45","1,021.95","1,016.66","1,016.66","39,154,000"
1995-10-11,"1,005.00","1,011.44","1,005.00","1,011.00","34,441,100"
1995-10-10,"1,008.38","1,014.42","1,003.73","1,004.16","30,106,300"
1995-10-09,"1,007.84","1,014.77","1,007.50","1,008.29","36,433,300"
1995-10-07,"1,008.53","1,010.35","1,002.43","1,003.40","23,009,500"
1995-10-06,993.76,"1,007.17",993.76,"1,002.07","35,630,000"
1995-10-05,983.8,989.05,978.4,989.05,"27,517,700"
1995-10-04,975.73,987.17,975.73,982.89,"21,273,600"
1995-10-02,977.4,984.35,974.98,975.79,"18,868,100"
1995-09-30,987.98,987.98,981.38,982.65,"18,362,300"
1995-09-29,988.86,990.12,987.06,987.1,"30,287,900"
1995-09-28,980.35,989.87,980.35,985.88,"31,450,200"
1995-09-27,984.57,985.43,980.12,980.78,"23,255,700"
1995-09-26,983.82,985.57,977.74,983.82,"23,640,500"
1995-09-25,988.56,997.97,985.2,985.2,"26,265,000"
1995-09-23,993.32,993.32,987.48,991.33,"21,205,100"
1995-09-22,"1,012.43","1,012.43",997.73,997.73,"39,142,800"
1995-09-21,"1,020.09","1,020.09","1,008.55","1,012.29","56,233,200"
1995-09-20,994.4,"1,009.51",988.78,"1,009.47","44,621,200"
1995-09-19,"1,004.38","1,014.28",992.57,992.57,"61,879,700"
1995-09-18,998.58,"1,000.75",990.34,"1,000.21","57,153,800"
1995-09-16,994.47,996.19,990.69,995.57,"42,644,700"
1995-09-15,971.18,985.65,968.11,985.64,"51,866,100"
1995-09-14,974.45,980.22,963.6,965.72,"67,352,400"
1995-09-13,957.78,968.53,953.96,968.32,"54,423,600"
1995-09-12,951.99,956.11,949.59,952.28,"36,835,300"
1995-09-11,956.88,958.45,945.59,950.98,"29,074,100"
1995-09-07,954.28,955.69,947.24,953.81,"40,810,500"
1995-09-06,934.69,944.6,934.69,944.52,"32,196,200"
1995-09-05,924.45,929.09,920.99,928.96,"25,428,600"
1995-09-04,921.67,924.01,920.54,922.49,"19,334,600"
1995-09-02,913.51,922,913.51,918.82,"14,205,000"
1995-09-01,914.75,916.55,905.33,911.36,"18,003,900"
1995-08-31,912.63,917.14,909.36,914.06,"22,965,700"
1995-08-30,915.54,918.11,914.1,914.71,"19,717,200"
1995-08-29,921.89,921.89,914.79,916.46,"24,708,000"
1995-08-28,920.1,928.08,920.1,922.44,"25,612,700"
1995-08-26,917.78,921.69,915.45,921.69,"18,052,800"
1995-08-25,925.66,929.17,921.06,921.1,"30,296,200"
1995-08-24,926.9,928.93,925.67,927.82,"42,395,700"
1995-08-23,920.66,926.13,920.46,925.81,"39,787,400"
1995-08-22,916.03,918.13,913.75,917.79,"35,348,200"
1995-08-21,911.74,915.28,909.22,913.31,"44,569,600"
1995-08-19,908.01,911.96,906.31,911.88,"33,480,500"
1995-08-18,901.14,907.04,896.04,906.9,"29,932,100"
1995-08-17,903.67,904.68,896.55,902.82,"49,698,600"
1995-08-16,910.55,910.56,901.63,904.44,"28,862,900"
1995-08-14,910.67,916.55,908.69,908.69,"33,059,600"
1995-08-12,915.28,915.28,909.03,910.03,"34,925,900"
1995-08-11,916.39,919.51,910.52,914.23,"48,912,100"
1995-08-10,928.77,928.77,914.45,916.01,"39,687,700"
1995-08-09,906.29,924.46,906.29,924.41,"29,998,900"
1995-08-08,905.48,912.65,899.74,901.87,"26,364,400"
1995-08-07,910.07,913.87,907.84,907.84,"24,407,400"
1995-08-05,921.21,921.77,914.15,914.16,"19,939,900"
1995-08-04,918.28,918.44,912.26,917.47,"25,077,700"
1995-08-03,934.55,935.21,922.31,922.95,"24,058,300"
1995-08-02,942.83,943.94,933.77,935.7,"30,985,300"
1995-08-01,936.16,944.6,936.16,944.6,"25,836,400"
1995-07-31,928.32,933.57,928.32,933.57,"21,484,700"
1995-07-29,933.41,935.32,928.62,928.64,"17,784,500"
1995-07-28,940.56,941.09,932.82,932.82,"27,568,600"
1995-07-27,949.34,950.02,940.75,940.75,"31,836,300"
1995-07-26,956.68,957.42,944.41,945.99,"36,659,200"
1995-07-25,964.81,966.35,953.27,953.53,"39,705,600"
1995-07-24,965.95,968.65,963.79,965.36,"48,280,000"
1995-07-22,966.82,967.66,959.63,963.25,"30,205,400"
1995-07-21,964,970.37,959.06,964.56,"60,236,600"
1995-07-20,958.99,961.42,950.26,961.41,"53,559,100"
1995-07-19,960.42,960.42,948.76,950.11,"51,297,700"
1995-07-18,969.48,975.36,961.01,961.01,"62,423,400"
1995-07-15,969.38,972.43,966.48,966.48,"44,658,200"
1995-07-14,980.41,985.46,969.08,972.02,"85,171,500"
1995-07-13,977.33,983.96,974.57,977.29,"70,797,900"
1995-07-12,965.97,967.29,953.92,962.22,"48,433,800"
1995-07-11,970.52,978.13,957.57,959.99,"66,187,500"
1995-07-10,949.18,966.42,948.82,961.84,"63,389,200"
1995-07-08,952.12,953.13,946.95,946.98,"41,506,700"
1995-07-07,923.56,942.39,923.56,942.39,"55,076,300"
1995-07-06,909.64,915.03,904.89,914.95,"48,266,300"
1995-07-05,907.08,911.66,904.87,904.98,"37,332,300"
1995-07-04,912.95,912.95,905.03,907.68,"35,246,500"
1995-07-03,909.08,914.1,907.52,914.1,"37,023,300"
1995-07-01,901.31,909.6,901.31,909.59,"31,099,800"
1995-06-30,881.28,894.44,881.28,894.41,"25,262,500"
1995-06-29,876.37,883.9,873.1,883.9,"18,662,200"
1995-06-28,860.38,886.99,860.38,872.68,"19,138,700"
1995-06-26,870.04,872.53,868.49,868.77,"21,520,000"
1995-06-24,873.05,874.9,869.31,872.46,"13,813,100"
1995-06-23,871.05,872.38,866.19,871.96,"17,978,800"
1995-06-22,877.81,879.22,869.77,871.18,"18,384,000"
1995-06-21,883.04,883.62,878.72,878.82,"19,343,900"
1995-06-20,887.36,888.52,883.3,884.35,"20,841,700"
1995-06-19,883.95,886.31,883.95,886.31,"20,991,900"
1995-06-17,880.15,882.66,880.15,880.67,"14,825,200"
1995-06-16,879.77,881.85,877.61,879.24,"18,816,300"
1995-06-15,885.33,886.47,880.91,880.91,"20,310,800"
1995-06-14,890.21,890.23,885.33,886.56,"19,556,700"
1995-06-13,890.89,892.55,887.21,887.32,"17,932,900"
1995-06-12,884.89,887.55,884.3,884.4,"15,940,300"
1995-06-10,889.47,891.55,886.23,886.31,"11,963,400"
1995-06-09,889.39,890.63,885.15,886.83,"19,131,100"
1995-06-08,902.81,903.62,890.64,890.68,"19,350,300"
1995-06-07,904.48,904.94,898.31,899.36,"20,695,500"
1995-06-05,889.77,899.06,889.77,899.04,"21,867,900"
1995-06-03,892.22,893.39,887.86,890.08,"15,024,300"
1995-06-02,895.79,902.45,894.08,894.24,"22,859,700"
1995-06-01,887.42,891.54,887.23,891.43,"25,558,400"
1995-05-31,878.07,883.53,878.04,882.5,"25,589,600"
1995-05-30,888.67,893.76,881.8,881.8,"31,297,500"
1995-05-29,884.37,888.13,874.17,887.5,"30,182,000"
1995-05-27,849.06,849.8,843.92,847.09,"9,333,900"
1995-05-26,859.42,860.07,850.75,850.76,"17,438,200"
1995-05-25,845.81,862.18,840.24,862.18,"19,776,000"
1995-05-24,857.83,859.21,847.63,848.63,"15,894,000"
1995-05-23,860.5,864.83,856.89,856.89,"16,551,900"
1995-05-22,873.47,874.53,864.09,864.13,"11,841,700"
1995-05-20,874.28,875.73,869.63,875.68,"9,714,100"
1995-05-19,882.06,883.88,875.6,876.01,"16,372,600"
1995-05-18,887.43,888.4,879.62,880.4,"17,311,800"
1995-05-17,887.13,892.91,886.11,886.2,"20,734,200"
1995-05-16,889.82,890.75,885.22,885.33,"18,832,900"
1995-05-15,892.97,893.63,887.09,887.11,"24,671,800"
1995-05-13,894.97,895.27,889.45,890.11,"21,292,300"
1995-05-12,886.05,888.55,878.67,886.11,"19,513,700"
1995-05-11,891.71,892.92,884.68,884.79,"18,953,700"
1995-05-10,903.84,904.47,891.87,891.87,"15,925,100"
1995-05-09,912.43,914.38,902.08,903.01,"21,157,100"
1995-05-08,915.45,917.02,909.7,910.39,"20,899,000"
1995-05-06,921.67,926.83,918.45,918.46,"16,102,600"
1995-05-04,927.06,928.61,921.18,922.05,"28,524,200"
1995-05-03,909,929.68,906.98,920.73,"32,060,400"
1995-05-02,897.39,906.79,897.39,906.04,"29,127,000"
1995-04-29,897.37,900.2,894,897,"20,182,500"
1995-04-28,895.83,899.47,877.41,896.84,"26,958,900"
1995-04-27,892.22,897.76,887.11,893.88,"25,117,300"
1995-04-26,881.87,887.09,880.49,880.73,"18,761,700"
1995-04-25,873.54,881.64,871.7,878.78,"16,627,100"
1995-04-24,888.31,889.5,876.89,876.89,"16,332,900"
1995-04-22,903.33,903.33,891.61,891.84,"13,954,600"
1995-04-21,913.46,920.9,898.19,903.16,"24,632,300"
1995-04-20,910.83,914.01,904.96,908.73,"19,467,800"
1995-04-19,917.17,919.1,909.86,909.86,"21,817,900"
1995-04-18,919.79,924.93,915.74,917.06,"19,722,600"
1995-04-17,916.35,921.6,916.35,918.89,"21,587,700"
1995-04-15,909.36,914.94,909.36,911.41,"16,554,000"
1995-04-14,888.51,906.06,888.51,906.06,"18,972,700"
1995-04-13,892.73,894.64,888.1,891.2,"15,986,700"
1995-04-12,895.28,898.99,893.45,893.47,"17,102,300"
1995-04-11,894,895.63,887.17,893.27,"15,282,800"
1995-04-10,908.33,915.83,899.39,899.39,"15,656,300"
1995-04-08,915.15,916.45,908.78,908.89,"12,419,600"
1995-04-07,904.35,914.3,904.35,914.3,"17,059,400"
1995-04-06,909.66,916.9,903.35,905.78,"15,928,100"
1995-04-04,917.82,920.53,908.39,911.61,"16,360,100"
1995-04-03,932.32,934.46,920.61,922.53,"16,844,100"
1995-04-01,936.23,937.21,927.3,934.09,"13,068,700"
1995-03-31,925.96,931.88,924.52,931.78,"19,750,400"
1995-03-30,934.66,941.68,926.39,926.93,"21,263,100"
1995-03-29,946.8,946.8,936.44,936.44,"21,094,000"
1995-03-28,957.11,963.32,947.9,947.9,"25,149,900"
1995-03-27,955.83,957.27,953.59,953.84,"22,270,700"
1995-03-25,958.34,960.61,955.45,955.51,"17,647,700"
1995-03-24,949.12,955.93,949.12,953.62,"32,234,300"
1995-03-23,940.79,950,940.79,947.27,"22,891,900"
1995-03-22,946.09,949.27,938,941.77,"21,291,300"
1995-03-21,956.88,956.88,946.04,946.07,"22,626,700"
1995-03-20,954.68,963.82,954.68,956.87,"25,907,700"
1995-03-18,955.99,955.99,948.47,951.34,"16,529,800"
1995-03-17,957.38,962.94,944.4,952.25,"27,871,300"
1995-03-16,953.77,959.02,953.11,954.16,"22,187,300"
1995-03-15,958.77,962.15,952.69,953.71,"26,431,900"
1995-03-14,953.61,957.16,948.46,956.65,"20,950,400"
1995-03-13,960.3,968.8,953.16,953.16,"29,178,900"
1995-03-11,949.17,954.49,949.17,954.2,"18,286,700"
1995-03-10,946.11,950.97,941.11,944.37,"24,497,000"
1995-03-09,938.28,945.06,935.68,943.75,"27,325,000"
1995-03-08,938.69,943.59,935.64,940.08,"27,789,200"
1995-03-07,937.96,941.32,930.82,936.13,"27,820,600"
1995-03-06,924.8,933.44,923.36,933.44,"25,414,800"
1995-03-04,912.12,920.38,911.89,919.15,"17,258,000"
1995-03-03,908.42,912.92,895.7,907.96,"26,343,700"
1995-03-02,891.31,908.78,891.31,903.42,"22,781,800"
1995-02-28,892.45,899.45,882.28,885.69,"20,903,700"
1995-02-27,892.93,906.24,882.22,894.6,"22,829,300"
1995-02-25,891.94,912.6,891.94,912.6,"16,086,900"
1995-02-24,902.53,904.81,892.62,892.89,"18,211,100"
1995-02-23,919.27,927.24,907.83,907.86,"19,545,800"
1995-02-22,918.56,920.89,910.72,919.48,"20,019,000"
1995-02-21,929.26,934.31,917.73,917.75,"20,636,700"
1995-02-20,916.08,929.23,916.08,929.23,"23,056,200"
1995-02-18,905.6,909.48,895.4,909.44,"14,943,300"
1995-02-17,921.21,925.47,910.18,910.22,"20,715,100"
1995-02-16,923.87,923.87,911.27,923.49,"22,299,200"
1995-02-15,938.06,941.71,925.26,926.09,"20,384,100"
1995-02-14,958.72,960.12,937.99,941.49,"23,669,700"
1995-02-13,959.76,961.5,957.02,957.1,"24,686,300"
1995-02-11,954.67,958.35,949.65,953.71,"17,046,300"
1995-02-10,965.38,965.57,954.02,955.31,"25,654,600"
1995-02-09,968.21,968.21,960.07,963.77,"27,203,400"
1995-02-08,949.56,961.26,948.36,958.35,"26,584,100"
1995-02-07,949.59,952.8,941.2,942.52,"23,624,300"
1995-02-06,955.6,963.14,945.27,945.27,"29,733,600"
1995-02-04,938.78,953.45,938.78,951.88,"21,560,900"
1995-02-03,938.05,946.06,933.83,940.64,"24,878,600"
1995-02-02,934.89,947.93,934.89,943.35,"18,747,800"
1995-01-28,915.01,926.11,915.01,925.56,"18,137,200"
1995-01-27,919.25,922.9,905.89,907.05,"21,560,700"
1995-01-26,922.39,934.9,922.39,927.85,"27,066,400"
1995-01-25,920.86,928.64,905.05,916.85,"25,527,700"
1995-01-24,926.73,929.33,916.83,916.83,"25,255,700"
1995-01-23,947.28,947.28,935.38,935.38,"24,445,400"
1995-01-21,972.44,972.44,955.11,955.11,"21,153,300"
1995-01-20,980.31,980.65,973.04,973.06,"30,118,100"
1995-01-19,973.15,979.63,973.15,974.9,"31,662,700"
1995-01-18,970.71,973.94,963.21,966.66,"29,913,600"
1995-01-17,963.58,968.48,949.68,956.96,"32,860,700"
1995-01-16,963.17,963.3,957.7,957.88,"32,081,400"
1995-01-14,966.78,969.66,946.32,969.56,"27,535,000"
1995-01-13,"1,002.05","1,003.73",976.59,976.59,"37,069,500"
1995-01-12,"1,002.49","1,011.13","1,000.76","1,000.77","43,802,000"
1995-01-11,994.92,"1,006.83",994.65,999.08,"41,212,500"
1995-01-10,"1,004.38","1,006.33",992.93,993.44,"46,921,800"
1995-01-09,995.65,"1,001.45",991.32,998.32,"51,621,600"
1995-01-07,984.09,992.96,984.09,988.8,"33,844,200"
1995-01-06,977.27,981.9,971.18,975.32,"50,930,100"
1995-01-05,993.14,993.14,975.79,976.06,"53,408,800"
1995-01-04,"1,012.07","1,012.07",995.79,997.01,"39,349,400"
1995-01-03,"1,026.17","1,029.83","1,013.57","1,013.57","19,068,200"
1994-12-28,"1,030.41","1,033.46","1,026.27","1,027.36","50,777,900"
1994-12-27,"1,026.60","1,030.64","1,017.97","1,025.33","39,793,500"
1994-12-26,"1,037.00","1,038.55","1,024.59","1,024.59","51,671,200"
1994-12-24,"1,047.08","1,047.08","1,035.77","1,035.82","36,438,100"
1994-12-23,"1,050.81","1,053.95","1,040.53","1,040.55","48,894,400"
1994-12-22,"1,033.88","1,040.55","1,033.67","1,040.20","45,469,000"
1994-12-21,"1,028.17","1,032.97","1,026.73","1,026.85","40,931,000"
1994-12-20,"1,028.75","1,032.18","1,023.45","1,023.99","36,522,500"
1994-12-19,"1,036.08","1,037.33","1,028.59","1,028.61","33,050,900"
1994-12-17,"1,039.00","1,039.00","1,036.46","1,036.54","22,142,400"
1994-12-16,"1,030.41","1,038.01","1,026.05","1,036.76","29,665,600"
1994-12-15,"1,030.30","1,036.74","1,027.86","1,027.86","33,741,900"
1994-12-14,"1,025.00","1,034.25","1,019.36","1,026.61","34,858,200"
1994-12-13,"1,045.06","1,045.58","1,025.89","1,025.89","39,596,300"
1994-12-12,"1,037.08","1,044.96","1,035.34","1,042.78","43,045,600"
1994-12-10,"1,037.85","1,037.85","1,024.42","1,033.27","27,004,100"
1994-12-09,"1,052.25","1,052.60","1,037.39","1,037.67","51,691,500"
1994-12-08,"1,068.33","1,068.33","1,053.30","1,053.70","53,016,100"
1994-12-07,"1,077.86","1,080.66","1,068.57","1,068.93","51,013,700"
1994-12-06,"1,071.16","1,079.48","1,071.16","1,075.01","49,926,700"
1994-12-05,"1,060.59","1,067.57","1,060.18","1,065.03","44,917,200"
1994-12-03,"1,052.72","1,064.89","1,052.72","1,054.03","30,517,900"
1994-12-02,"1,064.26","1,064.26","1,053.02","1,053.63","41,487,800"
1994-12-01,"1,079.47","1,079.47","1,063.48","1,066.21","60,321,000"
1994-11-30,"1,091.91","1,092.03","1,074.39","1,074.41","38,153,600"
1994-11-29,"1,072.23","1,082.68","1,071.01","1,081.26","31,154,900"
1994-11-28,"1,084.92","1,087.06","1,069.47","1,069.48","30,990,100"
1994-11-26,"1,082.60","1,087.24","1,081.18","1,081.45","25,640,700"
1994-11-25,"1,089.34","1,092.15","1,074.55","1,079.33","39,672,000"
1994-11-24,"1,098.76","1,100.76","1,085.15","1,085.16","43,333,800"
1994-11-23,"1,108.82","1,114.14","1,095.97","1,095.97","53,838,400"
1994-11-22,"1,118.45","1,120.64","1,106.66","1,106.70","49,502,900"
1994-11-21,"1,121.92","1,126.26","1,117.07","1,117.08","52,858,600"
1994-11-19,"1,124.01","1,125.98","1,117.57","1,117.58","33,233,200"
1994-11-18,"1,125.54","1,126.83","1,113.02","1,118.44","48,704,300"
1994-11-17,"1,123.54","1,125.10","1,115.39","1,120.63","44,483,400"
1994-11-16,"1,128.05","1,128.70","1,117.73","1,118.75","42,158,100"
1994-11-15,"1,136.45","1,136.45","1,125.80","1,125.80","43,650,900"
1994-11-14,"1,117.33","1,128.57","1,117.33","1,128.57","34,432,600"
1994-11-12,"1,128.14","1,130.47","1,114.33","1,116.23","26,279,000"
1994-11-11,"1,132.46","1,137.33","1,121.79","1,122.57","44,520,700"
1994-11-10,"1,139.55","1,140.97","1,126.86","1,126.86","48,439,200"
1994-11-09,"1,144.23","1,145.66","1,136.31","1,138.39","57,175,700"
1994-11-08,"1,142.66","1,143.32","1,128.13","1,138.75","53,919,500"
1994-11-07,"1,136.04","1,144.55","1,132.60","1,132.99","60,523,300"
1994-11-05,"1,125.96","1,131.30","1,125.01","1,125.01","39,544,200"
1994-11-04,"1,127.89","1,129.99","1,119.52","1,119.52","66,510,800"
1994-11-03,"1,110.29","1,118.80","1,109.45","1,117.73","59,464,700"
1994-11-02,"1,116.14","1,116.72","1,105.39","1,105.74","53,117,100"
1994-11-01,"1,116.48","1,116.48","1,107.41","1,108.43","51,202,800"
1994-10-31,"1,113.18","1,115.48","1,105.61","1,105.61","55,854,500"
1994-10-29,"1,089.58","1,098.26","1,089.58","1,098.26","34,383,100"
1994-10-28,"1,086.59","1,091.38","1,069.94","1,082.58","47,780,400"
1994-10-27,"1,100.35","1,102.28","1,083.83","1,084.71","54,765,800"
1994-10-26,"1,101.39","1,102.67","1,092.03","1,092.03","55,202,300"
1994-10-25,"1,087.98","1,098.49","1,087.06","1,091.02","46,147,600"
1994-10-24,"1,092.08","1,092.08","1,072.39","1,081.15","47,900,000"
1994-10-22,"1,104.59","1,105.83","1,088.90","1,088.90","37,627,700"
1994-10-21,"1,090.54","1,101.80","1,090.54","1,095.32","56,436,700"
1994-10-20,"1,095.17","1,096.16","1,081.05","1,088.77","47,562,200"
1994-10-19,"1,121.73","1,121.73","1,094.76","1,094.76","53,967,100"
1994-10-18,"1,125.83","1,127.08","1,113.29","1,113.29","57,033,100"
1994-10-17,"1,103.88","1,110.66","1,101.70","1,109.86","52,337,700"
1994-10-15,"1,117.08","1,117.08","1,096.46","1,096.48","38,591,100"
1994-10-14,"1,107.46","1,108.08","1,098.75","1,103.36","58,158,700"
1994-10-13,"1,102.26","1,104.39","1,092.02","1,096.54","53,764,400"
1994-10-12,"1,090.13","1,092.68","1,085.27","1,089.66","53,371,500"
1994-10-11,"1,081.48","1,083.49","1,072.82","1,078.66","53,688,900"
1994-10-10,"1,064.68","1,071.91","1,064.68","1,068.68","46,944,900"
1994-10-08,"1,070.94","1,071.16","1,061.96","1,061.96","36,294,700"
1994-10-07,"1,076.93","1,081.14","1,064.72","1,065.83","68,829,700"
1994-10-06,"1,065.26","1,069.95","1,060.46","1,069.93","58,469,400"
1994-10-05,"1,074.14","1,077.71","1,049.58","1,057.29","62,869,000"
1994-10-04,"1,061.55","1,066.43","1,058.09","1,064.64","54,952,500"
1994-10-01,"1,062.58","1,062.65","1,054.20","1,054.23","35,038,600"
1994-09-30,"1,046.66","1,052.35","1,043.65","1,050.51","50,870,000"
1994-09-29,"1,041.77","1,043.80","1,031.95","1,037.55","42,939,900"
1994-09-28,"1,057.05","1,058.08","1,039.79","1,039.79","53,165,600"
1994-09-27,"1,053.23","1,055.43","1,046.08","1,052.01","46,938,900"
1994-09-26,"1,044.45","1,047.33","1,040.45","1,045.11","53,685,100"
1994-09-24,"1,041.51","1,041.51","1,036.83","1,037.41","37,924,500"
1994-09-23,"1,029.58","1,038.08","1,029.58","1,030.99","46,311,200"
1994-09-22,"1,035.92","1,040.07","1,030.28","1,034.01","43,439,800"
1994-09-17,"1,016.47","1,023.66","1,015.32","1,023.61","30,254,000"
1994-09-16,997.65,"1,001.36",989.59,"1,000.80","32,929,000"
1994-09-15,994.9,"1,005.70",983.37,988.75,"35,293,000"
1994-09-14,"1,005.32","1,007.96",999.36,999.36,"39,372,400"
1994-09-13,"1,004.55","1,006.21",995.07,995.38,"41,074,800"
1994-09-12,995.42,996.13,990.83,995.7,"36,153,600"
1994-09-10,984.59,988.94,982.37,986.52,"23,618,500"
1994-09-09,998.28,"1,002.72",984.26,984.8,"46,779,400"
1994-09-08,976.64,992.15,976.64,991.44,"39,537,200"
1994-09-07,985.37,985.37,972.67,972.68,"39,531,000"
1994-09-06,984.83,986.96,975.69,977.5,"56,362,800"
1994-09-05,959.11,971.46,959.11,969.61,"40,994,200"
1994-09-03,951.31,956.09,947.88,947.88,"26,953,100"
1994-09-02,951.36,953.93,944.18,944.52,"36,016,400"
1994-09-01,951.53,953.57,948.93,949.23,"36,019,700"
1994-08-31,944.76,949.84,944.22,944.23,"33,024,700"
1994-08-30,939.29,944.09,937.19,939.85,"25,796,100"
1994-08-29,942.18,943.39,936.01,936.01,"24,536,100"
1994-08-27,958.47,958.61,941.03,941.18,"22,315,300"
1994-08-26,948.64,954.52,948.3,951.38,"33,449,900"
1994-08-25,942.67,948.44,940.2,945.41,"26,052,000"
1994-08-24,954.78,955.66,942.56,943.64,"32,065,800"
1994-08-23,962.73,971.12,951.51,951.51,"35,518,200"
1994-08-22,956.73,964.35,953.59,962.96,"35,017,000"
1994-08-20,948.4,952.32,947.05,947.06,"20,679,000"
1994-08-19,949.6,952.7,940.92,943.23,"26,316,900"
1994-08-18,950.31,952.35,946.48,946.48,"30,545,300"
1994-08-17,939.58,944.68,937.74,942.96,"21,066,300"
1994-08-16,949.07,949.07,939.84,939.9,"19,556,700"
1994-08-13,948.59,953.49,944.61,944.61,"18,649,300"
1994-08-12,946.77,949.63,943.39,945.74,"24,590,400"
1994-08-11,932.08,940.87,932.08,939.19,"20,190,400"
1994-08-10,923.01,930.21,920.43,930.21,"21,040,300"
1994-08-09,913.99,917.55,911.55,917.5,"14,600,100"
1994-08-08,931.58,935.32,919.76,919.76,"16,562,100"
1994-08-06,938.48,939.67,930.28,932.17,"12,955,400"
1994-08-05,932.23,943.48,932.23,935.82,"21,565,200"
1994-08-04,924.42,929.77,924.42,927.49,"19,663,500"
1994-08-03,925.86,927.25,920.29,923.47,"18,472,700"
1994-08-02,931.25,933.42,926.83,927.55,"16,662,600"
1994-08-01,926.67,934.94,926.67,932.69,"17,555,100"
1994-07-30,935.27,935.27,927.97,927.97,"15,708,900"
1994-07-29,926.57,933.8,926.57,933.66,"23,312,900"
1994-07-28,935.47,936.56,925.91,926.2,"23,407,200"
1994-07-27,938.2,941.82,933.94,934.22,"27,740,900"
1994-07-26,937.92,938.27,932.94,935.2,"28,749,200"
1994-07-25,949.26,952.17,939.12,939.12,"28,872,400"
1994-07-23,943.82,950.64,943.57,950.58,"28,026,400"
1994-07-22,937.36,940.68,937.36,939.08,"32,587,700"
1994-07-21,936.71,937.5,934.67,935.35,"27,457,400"
1994-07-20,940.02,940.49,936.08,936.67,"28,834,200"
1994-07-19,943.9,945.85,935.43,939.05,"27,278,600"
1994-07-18,949.23,953.65,944.26,944.8,"24,756,300"
1994-07-16,951.29,951.93,945.97,949.73,"20,271,100"
1994-07-15,964.14,967.43,950.2,950.24,"35,334,700"
1994-07-14,967.36,967.97,958.44,958.72,"39,776,000"
1994-07-13,969.28,969.89,961.97,961.97,"51,517,200"
1994-07-12,959.98,961.74,958.32,960.59,"46,394,000"
1994-07-11,936.23,950.9,936.23,948.84,"50,956,600"
1994-07-09,956.51,957.77,953.12,956.38,"35,335,500"
1994-07-08,949.01,951.63,948.57,948.96,"43,359,400"
1994-07-07,953.25,954.92,944.15,945.71,"39,849,100"
1994-07-06,967.6,967.6,952.77,953.48,"42,843,700"
1994-07-05,958.1,961.21,955.36,960.49,"40,002,400"
1994-07-04,944.26,955.16,944.26,951.23,"38,379,900"
1994-07-02,937.48,939.52,937.48,938.3,"30,821,700"
1994-07-01,931.43,936.06,931.43,934.59,"34,124,500"
1994-06-30,932.99,938.84,932.48,933.36,"34,577,900"
1994-06-29,934.53,934.53,924.89,933.96,"33,814,500"
1994-06-28,936.42,939.17,923.5,923.61,"49,475,800"
1994-06-27,926.64,931.04,926.49,931.04,"36,879,100"
1994-06-25,927.82,928.36,919.96,919.96,"25,798,100"
1994-06-24,936.47,938.42,926.05,929.45,"47,043,500"
1994-06-23,944.51,945.39,935.56,935.57,"62,282,800"
1994-06-22,933.9,939.87,933.15,936.39,"50,717,400"
1994-06-21,943.26,947.48,936.32,936.83,"49,161,100"
1994-06-20,948.69,948.69,940.78,942.5,"49,753,700"
1994-06-18,922.32,926.2,918.89,926.19,"25,623,800"
1994-06-17,915.86,922.51,914.65,918.54,"35,860,600"
1994-06-16,899.78,906.94,896.35,901.08,"30,089,800"
1994-06-15,899.49,906.06,888.51,890.92,"28,528,800"
1994-06-14,907.72,918.34,901.71,903.72,"34,917,200"
1994-06-13,930.1,931.67,923.1,923.24,"30,898,700"
1994-06-11,927.69,927.69,915.7,918.6,"22,544,100"
1994-06-10,939.35,939.65,928.87,928.94,"33,984,500"
1994-06-09,938.07,940.59,933.66,935.79,"39,190,200"
1994-06-08,921.18,934.43,921.18,933.02,"31,538,000"
1994-06-07,922.34,922.98,914.94,921.72,"27,746,700"
1994-06-04,944.95,944.95,930.26,930.26,"24,556,600"
1994-06-03,942.47,946.67,942.28,942.43,"33,169,200"
1994-06-02,931.1,943.12,931.1,937.43,"30,427,000"
1994-06-01,941.05,942.38,929.35,932.77,"27,866,600"
1994-05-31,944.16,948.02,937.92,939.49,"30,057,200"
1994-05-30,952.43,956.13,945.58,945.64,"28,975,600"
1994-05-28,957.97,957.97,951.91,951.96,"25,582,200"
1994-05-27,956.5,956.68,953.6,953.86,"39,408,800"
1994-05-26,945.96,952.81,945.96,950.76,"33,848,300"
1994-05-25,948.37,949.74,943.85,943.92,"32,576,100"
1994-05-24,950.1,952.24,944.49,945.89,"37,563,000"
1994-05-23,945.43,947.56,942.98,945.5,"34,616,800"
1994-05-21,951.81,952.31,946.19,946.19,"34,174,200"
1994-05-20,957.1,957.1,948.13,948.5,"39,770,600"
1994-05-19,954.79,959.72,951.71,951.73,"44,222,300"
1994-05-17,944.18,950.96,944.18,946.87,"37,842,900"
1994-05-16,939.42,946.09,939.42,941.66,"31,266,100"
1994-05-14,951.6,951.6,942.25,942.38,"34,187,000"
1994-05-13,957.06,960,947.97,950.45,"44,336,000"
1994-05-12,954.64,956.53,949.42,952.45,"40,529,000"
1994-05-11,950.94,955.59,946.78,948.91,"43,727,900"
1994-05-10,944.03,947.96,939.86,947.4,"37,066,700"
1994-05-09,941.11,944.8,939.95,940.15,"41,936,900"
1994-05-07,932.32,936.79,931.91,936.41,"30,183,800"
1994-05-06,927.7,929.32,920.87,927.84,"38,780,100"
1994-05-04,927.2,935.42,921.9,922.33,"49,943,400"
1994-05-03,919.67,922.79,914.42,917.55,"33,897,700"
1994-05-02,919.57,923.13,915.08,919.26,"40,683,900"
1994-04-30,904.72,908.72,898.02,908.72,"22,265,600"
1994-04-29,920.68,923.15,896.7,900.14,"38,891,100"
1994-04-28,899.9,910.92,899.9,909.39,"36,682,000"
1994-04-27,887.68,897.82,887.68,897.43,"26,106,800"
1994-04-26,893.04,893.22,887.03,887.64,"22,163,700"
1994-04-25,901.23,901.42,892.69,892.7,"26,587,500"
1994-04-23,885.95,893.07,885.95,892.73,"19,898,800"
1994-04-22,882.45,887.35,879.73,884.85,"21,493,400"
1994-04-21,880.26,887.54,880.26,881.97,"24,912,500"
1994-04-20,887.03,887.03,880.83,880.84,"20,283,200"
1994-04-19,892.93,897.31,885.68,885.85,"24,604,600"
1994-04-18,899.06,899.06,889.66,892.15,"25,304,600"
1994-04-16,897.68,900.15,893.76,893.76,"24,490,500"
1994-04-15,885.12,889.48,885.12,889.48,"27,560,800"
1994-04-14,882.5,891.9,882.5,883.52,"26,211,100"
1994-04-13,881.62,892.43,880.06,882.33,"30,220,500"
1994-04-12,894.64,895.28,880.87,880.87,"31,500,000"
1994-04-11,889.8,896.16,888.44,894.47,"38,761,800"
1994-04-09,878.92,884.66,878.92,883.42,"23,540,400"
1994-04-08,864.14,876.06,864.14,872.53,"30,291,500"
1994-04-07,867.35,868.28,863.36,863.36,"31,659,000"
1994-04-06,860.33,866.49,860.33,863.04,"28,645,000"
1994-04-04,856.8,864.58,856.8,860.47,"29,522,400"
1994-04-02,861.29,863.08,853.91,855.37,"27,644,900"
1994-04-01,864.32,869.42,860.55,862.61,"36,579,800"
1994-03-31,867.2,869.5,860.9,867.22,"29,578,400"
1994-03-30,876.02,876.02,865.68,865.68,"35,792,000"
1994-03-29,885.26,885.62,875.62,875.62,"38,047,900"
1994-03-28,872.63,883.24,872.63,883.24,"36,940,600"
1994-03-26,871.4,872.78,870.07,872.68,"24,727,300"
1994-03-25,876.48,877.61,864.59,868.03,"37,370,800"
1994-03-24,881.36,881.9,875.71,875.72,"36,158,000"
1994-03-23,881.03,887.9,877.42,879.78,"30,885,100"
1994-03-22,883.72,886.38,874.86,877.95,"24,311,800"
1994-03-21,884.21,889.41,884.14,885.65,"39,266,700"
1994-03-19,895.5,899.64,893.28,893.99,"25,731,300"
1994-03-18,895.21,904.11,886.51,893.07,"35,758,000"
1994-03-17,906.57,907.16,898.55,898.56,"44,691,600"
1994-03-16,909.97,909.97,904.78,906.53,"38,930,100"
1994-03-15,914.39,916.4,909.24,911.43,"46,729,300"
1994-03-14,913.54,921.37,912.83,912.83,"36,569,300"
1994-03-12,904.22,909.77,900.24,903.42,"22,643,800"
1994-03-11,907.61,907.61,894.78,901.87,"29,713,500"
1994-03-10,879.98,884.92,875.16,878.58,"20,649,800"
1994-03-09,883.79,885.12,869.32,877.85,"21,451,300"
1994-03-08,892.23,897.76,881.6,884.85,"19,408,200"
1994-03-07,900.49,900.62,894.18,895.62,"17,147,700"
1994-03-05,897.32,903.18,896.81,902.77,"13,199,600"
1994-03-04,903.87,906.88,890.06,896.55,"21,787,100"
1994-03-03,907.71,907.71,900.76,902.16,"20,762,900"
1994-03-02,911.68,911.68,903.63,906.66,"19,134,900"
1994-02-28,934.06,934.06,917.52,918.88,"27,360,200"
1994-02-26,928.46,928.46,921.59,926.31,"16,918,200"
1994-02-25,930.4,930.4,917.75,919.76,"22,967,400"
1994-02-24,941.41,945.45,932.15,932.15,"27,820,300"
1994-02-23,961.46,961.46,942.8,950.01,"30,091,300"
1994-02-22,957.2,959.11,952.85,953.22,"33,656,600"
1994-02-21,942.13,946,935.99,946,"32,236,900"
1994-02-19,929.93,937.1,929.93,932.93,"23,902,400"
1994-02-18,922.71,932.76,917.74,925.39,"30,979,100"
1994-02-17,925.74,932.49,918.76,920.38,"34,073,500"
1994-02-16,918.79,920.43,912.54,920.43,"27,957,000"
1994-02-15,904.97,907.11,896.34,901.81,"19,716,400"
1994-02-14,921.84,921.84,901.37,901.38,"22,124,500"
1994-02-12,921.51,926.37,917.15,917.15,"18,329,700"
1994-02-08,899.98,923,899.98,923,"32,104,400"
1994-02-07,925.17,925.17,914.88,914.88,"32,367,600"
1994-02-05,975.64,976.81,941.86,942.6,"49,764,500"
1994-02-04,963.62,970.91,958.3,964.42,"54,023,700"
1994-02-03,948.41,964.51,948.41,955.02,"55,969,500"
1994-02-02,980.32,985.06,970.16,974.26,"67,049,500"
1994-02-01,949.43,960.83,949.43,960.1,"57,862,100"
1994-01-31,963.17,965.18,945.71,945.71,"68,759,600"
1994-01-29,940.39,948.74,940.39,946.11,"38,956,600"
1994-01-28,907.59,932.51,907.59,926.75,"55,298,700"
1994-01-27,906.24,915.86,906.24,907.44,"48,620,800"
1994-01-26,898.26,901.42,892.34,894.34,"46,135,000"
1994-01-25,895.85,896.34,887.95,892.06,"47,431,100"
1994-01-24,884.71,888.64,883.66,887.96,"42,576,100"
1994-01-22,872.53,877.76,871.66,877.75,"26,602,400"
1994-01-21,871.2,881.6,870.18,870.2,"40,216,200"
1994-01-20,895.95,895.95,876.79,878.29,"51,324,700"
1994-01-19,884.15,888.83,881.89,887.16,"36,349,900"
1994-01-18,870.04,875.46,868.21,873.06,"33,959,300"
1994-01-17,862.86,871.92,859.26,863.25,"30,296,600"
1994-01-15,878.01,886.98,867.22,868.65,"25,185,100"
1994-01-14,901.38,901.38,876.61,879.03,"50,807,800"
1994-01-13,898.29,901.93,892.23,898.66,"55,244,800"
1994-01-12,888.62,892.17,884.05,886.31,"48,262,600"
1994-01-11,869.97,881.3,869.97,881.02,"38,520,100"
1994-01-10,888.3,888.3,872.67,873.04,"45,546,900"
1994-01-08,898.13,899,889.95,890.01,"39,767,400"
1994-01-07,900.97,904.54,895.25,895.25,"69,010,200"
1994-01-06,891.71,895.83,887.22,893.17,"55,753,900"
1994-01-05,884.51,888.84,875.9,886.93,"43,248,900"
1994-01-04,885.71,885.71,877.27,877.3,"41,168,900"
1994-01-03,865.34,879.32,865.34,879.32,"21,706,100"
1993-12-28,870.38,874.85,866.18,866.18,"46,187,900"
1993-12-27,873.51,878.33,863.08,873.88,"43,873,600"
1993-12-24,858.7,867.34,858.7,861.42,"40,721,200"
1993-12-23,872.19,872.19,858.36,858.37,"41,803,800"
1993-12-22,871.97,876.03,863.3,868.6,"49,505,600"
1993-12-21,855.9,865.79,851.85,865.79,"38,135,400"
1993-12-20,854.51,866.09,848.63,848.63,"34,112,500"
1993-12-18,876.43,876.43,863.99,864,"32,172,700"
1993-12-17,878.8,880.22,874.1,874.1,"47,626,500"
1993-12-16,876.85,880.35,868.45,870.72,"50,596,400"
1993-12-15,863.17,868.17,863.17,865.86,"47,539,700"
1993-12-14,845.56,858.23,845.56,857.2,"39,407,500"
1993-12-13,866.76,873.21,848.65,850.03,"44,397,000"
1993-12-11,872.73,879.6,866.73,866.88,"48,585,900"
1993-12-10,854.77,861.72,853.22,861.72,"63,874,300"
1993-12-09,846.25,855.3,843.65,843.95,"68,617,800"
1993-12-08,825.89,840.24,825.89,836.71,"51,923,300"
1993-12-07,829.39,829.39,820.45,823.17,"41,869,300"
1993-12-06,835.21,838.7,826.49,826.49,"51,060,600"
1993-12-04,813.23,821.6,813.23,821.59,"28,369,200"
1993-12-03,798.35,807.41,798.35,806.86,"28,364,300"
1993-12-02,805.59,809.88,800.2,801.17,"32,264,400"
1993-12-01,811.6,811.6,804.1,808.75,"31,896,000"
1993-11-30,805.99,813.41,805.93,811.06,"32,210,200"
1993-11-29,803.4,810.75,803.4,804.54,"28,981,200"
1993-11-27,812.69,813.87,804.06,805.51,"25,106,700"
1993-11-26,818.85,819.11,805.96,810.04,"35,887,200"
1993-11-25,832.41,832.41,818.09,819.42,"51,858,900"
1993-11-24,821.43,828.99,821.43,828.98,"55,208,400"
1993-11-23,828.29,828.45,817.44,817.9,"52,723,900"
1993-11-22,851.05,851.27,833.02,834.58,"68,230,900"
1993-11-20,852.22,852.22,840.68,846.47,"53,676,200"
1993-11-19,832.46,844.58,832.13,840.36,"64,266,800"
1993-11-18,819.37,831.76,819.37,822.63,"64,472,300"
1993-11-17,806.6,810.53,803.85,810.17,"53,652,300"
1993-11-16,819.56,819.56,802.65,802.65,"62,856,800"
1993-11-15,808,814.58,804.83,810.72,"58,708,300"
1993-11-13,802.51,803.7,794.9,796.65,"38,466,500"
1993-11-12,785.72,796.85,784.67,791.47,"52,165,000"
1993-11-11,783.54,784.52,777.15,783.35,"46,197,200"
1993-11-10,790.98,791.53,767.96,777.89,"57,152,700"
1993-11-09,782.23,785.31,779.74,780.2,"51,705,900"
1993-11-08,772.19,776.49,768.6,775.47,"43,518,300"
1993-11-06,776.19,776.19,769.33,769.37,"31,187,800"
1993-11-05,776.99,779.65,772.57,773.3,"53,154,700"
1993-11-04,757.35,766.55,751.21,766.55,"35,531,200"
1993-11-03,766.69,774.95,754.37,756.87,"51,186,200"
1993-11-02,769.11,770.17,759.42,759.42,"44,830,400"
1993-11-01,757.08,765.42,757.08,761.76,"44,756,600"
1993-10-30,749.35,754.78,749.35,750.72,"31,554,100"
1993-10-29,746.76,746.76,741.05,742.72,"38,890,300"
1993-10-28,746.31,747.37,742.83,742.83,"34,253,600"
1993-10-27,751.58,752.47,744.14,744.86,"30,814,300"
1993-10-26,747.42,748.9,744.71,747.97,"34,843,900"
1993-10-25,738.45,744.46,738.45,742.48,"32,544,900"
1993-10-23,736.02,738.32,735.16,736.28,"20,222,800"
1993-10-22,742.53,743.21,734.92,736.99,"28,419,700"
1993-10-21,738.16,748.22,737.38,741.1,"40,618,700"
1993-10-20,741.62,742.12,735.13,738.63,"30,171,500"
1993-10-19,753.74,755.28,741.24,741.24,"41,965,500"
1993-10-18,741.98,747.19,741.08,747.19,"39,565,600"
1993-10-16,736.61,739.14,735.44,739.14,"23,952,300"
1993-10-15,741.57,743.87,733.9,734.67,"29,614,100"
1993-10-14,746.83,752.33,737.21,737.77,"48,592,300"
1993-10-13,724.6,740.39,724.6,740.39,"37,897,100"
1993-10-12,727.41,729.66,722.9,723.57,"32,465,800"
1993-10-11,711.07,722.09,711.07,722.09,"23,395,700"
1993-10-09,712.42,715.75,712.35,712.35,"13,565,400"
1993-10-08,718.2,720.54,714.23,714.58,"20,539,900"
1993-10-07,717.37,719.87,717.37,717.82,"23,714,800"
1993-10-06,718.24,718.34,713.02,716.9,"22,696,300"
1993-10-05,718.14,720.75,716,717.71,"27,683,800"
1993-10-04,715.24,715.64,712.79,715.05,"18,572,200"
1993-10-02,719.4,724,719.4,719.55,"13,172,100"
1993-09-28,716.38,718.87,714.77,718.87,"27,388,000"
1993-09-27,707.04,717.83,707.04,717.83,"28,905,900"
1993-09-25,702.33,703.55,702.33,703.55,"14,205,400"
1993-09-24,706.85,708.26,700.54,702.2,"23,062,200"
1993-09-23,699.15,705.67,699.15,703.49,"28,482,500"
1993-09-22,695.94,699.63,695.94,697.56,"22,638,700"
1993-09-21,696.03,696.03,692.63,694.66,"19,044,600"
1993-09-20,689.37,696.14,689.37,695.12,"19,552,800"
1993-09-18,686.38,688.32,685.91,685.94,"9,327,100"
1993-09-17,684.75,689.09,682.09,688.34,"15,342,200"
1993-09-16,689.89,690.85,685.78,686.39,"12,887,300"
1993-09-15,696.33,698.44,690.64,691.44,"17,765,800"
1993-09-14,700.67,702.58,694.57,695.37,"16,085,500"
1993-09-13,696.81,706.4,696.81,700.75,"27,763,500"
1993-09-11,696.63,696.63,690.24,696.61,"14,030,300"
1993-09-10,695.59,700.9,695.59,696.76,"24,795,500"
1993-09-09,688,700.84,688,696.14,"31,123,600"
1993-09-08,689.46,693.59,682.41,683.6,"20,269,100"
1993-09-07,673.58,691.67,673.58,690.95,"27,194,400"
1993-09-06,660.68,675.9,659.6,675.77,"16,143,400"
1993-09-04,677.39,677.39,665.66,665.66,"11,816,000"
1993-09-03,677.06,685.33,677.06,680.36,"19,182,400"
1993-09-02,671.04,679.75,668.24,678.03,"21,801,500"
1993-09-01,664.1,674.88,656.27,674.86,"15,696,300"
1993-08-31,678.17,678.57,659.9,664.88,"16,702,600"
1993-08-30,687.31,687.32,672.06,672.12,"12,922,800"
1993-08-28,688.06,690.05,683.64,689.82,"11,731,600"
1993-08-27,695.07,698.49,684.52,685.87,"16,549,800"
1993-08-26,703.14,704.82,695.74,695.74,"15,027,300"
1993-08-25,711.98,715.08,705.1,705.1,"17,617,100"
1993-08-24,720.45,720.45,715.03,715.03,"20,356,600"
1993-08-23,733.04,733.04,726.71,727.06,"21,448,000"
1993-08-21,733.46,736.91,731.4,734.39,"20,541,200"
1993-08-20,734.31,745.42,729.86,729.86,"43,176,400"
1993-08-19,723.09,742.27,716.87,737.97,"50,462,700"
1993-08-18,690.8,713.18,690.8,713.18,"27,435,300"
1993-08-17,684.15,697.96,679.76,688.94,"25,013,400"
1993-08-16,666.8,692.26,666.8,691.67,"29,691,500"
1993-08-14,670.12,671.54,666.67,666.67,"21,200,300"
1993-08-13,703.15,703.15,693.57,693.57,"1,357,700"
1993-08-12,721.4,725.97,720.3,725.94,"14,702,200"
1993-08-11,723.14,727.49,718.66,723.65,"20,530,200"
1993-08-10,710.14,719.44,710.14,719.44,"15,021,400"
1993-08-09,712.43,713,709.57,709.59,"12,336,800"
1993-08-07,719.03,719.03,712.8,716.88,"11,447,100"
1993-08-06,730.03,730.03,721.34,721.48,"14,917,500"
1993-08-05,719.74,732.25,719.74,732.05,"19,404,200"
1993-08-04,721.2,721.82,716.9,720.02,"11,513,500"
1993-08-03,721.13,723.55,716.36,721.54,"14,007,000"
1993-08-02,724.4,724.41,719.45,719.45,"10,658,200"
1993-07-31,724.23,731.98,720.84,729.94,"17,873,800"
1993-07-30,742.2,742.2,730.5,730.5,"22,592,600"
1993-07-29,747.91,747.91,741.87,743.21,"22,076,500"
1993-07-28,752.38,753.02,748.76,749.03,"21,436,600"
1993-07-27,746.12,750.49,744.31,750.48,"20,267,900"
1993-07-26,740.7,745.59,740.7,745.07,"16,473,200"
1993-07-24,745.58,745.64,741.8,741.83,"10,785,100"
1993-07-23,743.61,743.61,738.68,741.81,"17,323,500"
1993-07-22,753.01,753.48,745.13,746.56,"20,229,100"
1993-07-21,751.32,756.36,751.32,751.94,"22,742,600"
1993-07-20,752.47,753.85,749.28,749.86,"23,367,900"
1993-07-19,756.02,756.05,749.38,749.38,"21,031,200"
1993-07-16,761.6,762.41,756.44,759.17,"25,825,500"
1993-07-15,764.36,765.69,761.86,762.4,"27,982,300"
1993-07-14,763.17,765.61,761.44,762.96,"25,122,000"
1993-07-13,767.92,767.92,762.53,762.94,"28,300,000"
1993-07-12,771.3,772.68,766.56,769.07,"30,138,500"
1993-07-10,774.53,775.22,768.1,769.87,"26,617,200"
1993-07-09,765.12,770.46,763.23,770.46,"38,612,200"
1993-07-08,755.47,763.15,755.47,760.68,"37,104,600"
1993-07-07,749.97,753.84,749.97,753.11,"22,220,600"
1993-07-06,754.25,755.67,750,750,"23,283,100"
1993-07-05,747.73,753.4,747.73,752.78,"22,264,700"
1993-07-03,745.96,750.07,745.96,748.3,"15,940,300"
1993-07-02,754.19,754.93,745.39,746.88,"23,340,000"
1993-07-01,751.08,753.47,747.73,753.26,"27,876,700"
1993-06-30,744.86,751.93,742.28,748.87,"32,250,800"
1993-06-29,736.25,745.69,732.4,745.69,"29,239,500"
1993-06-28,740.24,742.84,734.22,734.22,"34,178,800"
1993-06-26,759.76,760.22,749.23,749.27,"24,724,900"
1993-06-25,765.96,767.14,760.01,760.01,"45,959,200"
1993-06-24,764.48,766.02,761.74,762.95,"51,245,300"
1993-06-23,771.88,771.89,760.82,762.53,"45,170,900"
1993-06-22,769.98,773.2,769.31,770.62,"53,993,700"
1993-06-21,760.2,766.24,760.2,766.06,"45,055,900"
1993-06-19,763.11,763.6,759.96,760.2,"34,596,300"
1993-06-18,765.34,766.65,762.08,762.09,"46,498,000"
1993-06-17,758.92,763.87,758.92,762.54,"47,537,400"
1993-06-16,757.73,759.29,755.99,759.26,"33,416,900"
1993-06-15,759.64,761.63,757.11,757.84,"33,392,600"
1993-06-14,764.65,764.92,759.47,759.47,"35,361,100"
1993-06-12,773.52,773.52,764.54,765.86,"38,335,700"
1993-06-11,773.06,773.43,765.4,768.48,"53,441,900"
1993-06-10,786.29,787.6,773.39,773.39,"78,500,400"
1993-06-09,772.8,779.63,772.8,777.25,"79,356,600"
1993-06-08,775.07,776.11,765.63,768.19,"76,240,700"
1993-06-07,755.18,766.28,755.18,766.28,"60,183,900"
1993-06-05,760.81,761.61,752.98,754.59,"38,999,900"
1993-06-04,768.95,770.71,759.19,760.15,"73,598,200"
1993-06-03,766.38,769.16,763.14,763.15,"75,250,700"
1993-06-02,754.96,762.73,754.96,759.81,"66,544,500"
1993-06-01,757.5,762.16,751.96,751.97,"69,923,400"
1993-05-31,743.37,752.32,740.72,752.31,"62,445,400"
1993-05-29,743.42,745,738.73,738.75,"38,702,500"
1993-05-27,736.08,743.21,734.44,737.22,"67,663,500"
1993-05-26,729.55,731.13,728.11,729.91,"50,674,300"
1993-05-25,733.06,733.06,727.21,727.27,"40,369,000"
1993-05-24,738.59,739.69,733.91,733.91,"48,957,900"
1993-05-22,734.13,736.89,733.14,733.34,"40,407,500"
1993-05-21,729.4,730.09,723.48,727.99,"50,143,800"
1993-05-20,728.59,732.26,727.31,727.37,"52,340,500"
1993-05-19,723.69,728.82,723.69,724.76,"49,860,800"
1993-05-18,719.05,722.61,715.66,722.61,"47,590,900"
1993-05-17,707.71,717.87,707.71,717.17,"36,685,900"
1993-05-15,707.56,708.34,705,705.38,"21,145,700"
1993-05-14,710.06,712.09,706.54,707.01,"43,461,200"
1993-05-13,700.05,710.61,700.05,710.61,"34,550,200"
1993-05-12,700.66,700.66,694.2,700.08,"23,043,900"
1993-05-11,705.59,707.89,701.35,701.36,"27,546,400"
1993-05-10,702.11,705.4,701.66,704.22,"20,302,400"
1993-05-08,705.72,706.51,700.09,703.16,"18,463,900"
1993-05-07,708.62,708.62,703.11,703.85,"24,361,100"
1993-05-06,719.58,719.58,710.8,710.8,"26,573,700"
1993-05-04,720.28,723.21,718.96,719.83,"30,048,800"
1993-05-03,717.21,719.08,715.8,718.59,"25,670,800"
1993-05-01,721.6,721.61,717.66,717.68,"18,772,300"
1993-04-30,725.54,726.77,718.35,721.57,"36,036,000"
1993-04-29,725.75,726.66,723.11,724.76,"36,104,500"
1993-04-28,724.85,728.6,718.61,728.41,"35,768,300"
1993-04-27,731.03,733.97,721.61,722.96,"34,506,100"
1993-04-26,734.6,734.6,730.91,730.92,"38,960,900"
1993-04-24,741.13,741.79,734.17,734.18,"38,128,900"
1993-04-23,742,743.51,735.45,735.7,"63,393,200"
1993-04-22,739.89,743.13,735.19,737.59,"61,277,700"
1993-04-21,726.31,734.26,725.27,733.58,"56,615,900"
1993-04-20,727.72,729.3,719.9,721.66,"43,825,500"
1993-04-19,719.35,725.76,717.97,725.76,"57,915,600"
1993-04-17,710.34,713.1,709.36,712.3,"31,145,700"
1993-04-16,716.28,724.78,706.83,706.86,"63,150,200"
1993-04-15,706.56,716.77,697.23,716.76,"50,875,600"
1993-04-14,721.57,727.77,704.67,704.92,"61,517,000"
1993-04-13,721.82,721.82,714.37,720.52,"60,049,200"
1993-04-12,719.94,720.97,716.28,720.96,"65,094,900"
1993-04-10,706.8,708.33,703.25,708.33,"37,870,700"
1993-04-09,705.26,708.82,702.48,702.93,"66,556,900"
1993-04-08,698.35,699.49,692.39,695.07,"43,590,800"
1993-04-07,700.28,704.63,698.73,699.49,"67,099,300"
1993-04-06,695.38,699.02,692.42,697.11,"50,165,600"
1993-04-03,686.09,689.24,684.54,689.24,"37,537,100"
1993-04-02,670.01,681.91,670.01,681.37,"47,749,700"
1993-04-01,668.73,669.55,664.08,665.61,"20,784,100"
1993-03-31,667.73,671.43,665.65,666.75,"39,005,100"
1993-03-30,659.21,665.02,658.64,665.02,"27,786,500"
1993-03-29,653.07,655.57,652.28,653.21,"22,798,400"
1993-03-27,658.5,658.5,656.47,656.48,"16,190,400"
1993-03-26,660.84,661.32,656.16,659.02,"23,316,800"
1993-03-25,670.48,673.11,662.07,662.69,"32,347,100"
1993-03-24,664.22,666.68,661.05,666.66,"27,671,400"
1993-03-23,662.69,670.29,662.6,666.95,"37,293,800"
1993-03-22,665.48,665.85,658.75,658.75,"27,632,000"
1993-03-20,673.54,677.51,668.73,668.75,"35,317,900"
1993-03-19,666.24,668.63,659.8,668.63,"33,523,900"
1993-03-18,667.18,673.36,660.98,666.39,"51,742,900"
1993-03-17,646.08,663.59,646.08,663.05,"37,353,400"
1993-03-16,641.86,645.27,636.47,637.87,"24,714,100"
1993-03-15,639.03,654.23,636.21,645.73,"41,624,900"
1993-03-13,621.49,634.84,619.71,634.84,"20,749,700"
1993-03-12,613.63,635.37,613.6,628.16,"26,578,900"
1993-03-11,625.84,625.84,614.16,615.26,"16,440,200"
1993-03-09,628.92,637.65,626.22,626.23,"33,256,800"
1993-03-08,606.38,625.62,606.38,625.62,"20,910,900"
1993-03-06,614.01,614.41,602.29,605.92,"13,376,300"
1993-03-05,621.57,623.29,611.54,615.57,"20,549,300"
1993-03-04,633.52,633.52,621.7,622.22,"14,613,500"
1993-03-03,631.2,635.58,623.92,632.99,"19,175,500"
1993-03-02,645.67,648.14,633.59,633.73,"15,820,700"
1993-02-27,645.05,646.79,638.83,642.96,"14,614,100"
1993-02-26,655.85,659.26,642.79,644.7,"22,772,600"
1993-02-25,672.55,673.4,655.61,655.61,"23,399,800"
1993-02-24,677.62,678.39,670.79,672.81,"25,212,600"
1993-02-23,675.45,682.6,674.44,676.62,"31,460,500"
1993-02-22,661.57,674.71,660.93,674.71,"27,779,100"
1993-02-20,656.72,658.89,649.95,652.07,"18,632,000"
1993-02-19,652.23,661.85,652.23,654.52,"26,746,000"
1993-02-18,663.4,663.4,653.91,653.91,"23,250,400"
1993-02-17,671.2,671.2,663.28,665.12,"22,444,700"
1993-02-16,677.62,679.03,671.85,672.22,"24,743,800"
1993-02-15,678.13,680.14,675.82,677.52,"19,421,100"
1993-02-13,681.13,681.15,677.31,677.33,"20,820,600"
1993-02-12,684.15,687.88,682.35,683.4,"40,047,200"
1993-02-11,681.37,686.1,681.34,681.6,"43,372,600"
1993-02-10,678.79,679.36,676.59,677.25,"39,542,900"
1993-02-09,674.24,681.68,674.24,675.33,"36,139,200"
1993-02-08,669.55,672.22,669.55,672.18,"26,723,700"
1993-02-06,676.75,677.67,670.87,671.42,"22,036,000"
1993-02-05,684.92,689.28,677.3,677.31,"38,607,000"
1993-02-04,682.02,684.71,674.75,684.04,"37,981,500"
1993-02-03,669.9,678.34,669.22,678.34,"36,837,300"
1993-02-02,664.81,668.34,663.92,666.18,"28,775,700"
1993-02-01,666.21,670.75,663.57,663.57,"30,546,100"
1993-01-30,679.77,680.81,670.54,670.56,"19,908,700"
1993-01-29,689.59,690.93,677.8,679.96,"37,041,100"
1993-01-28,693.58,697.01,685.19,687.79,"42,002,300"
1993-01-27,703.94,703.94,692.54,694.57,"48,454,200"
1993-01-26,712.6,712.6,702.1,702.5,"58,289,200"
1993-01-25,706.58,716.09,706.36,707.61,"49,356,100"
1993-01-21,705.94,707.13,699.08,699.92,"50,414,900"
1993-01-20,704.61,708.69,699.72,700,"52,763,500"
1993-01-19,697.12,702.53,697.1,699.32,"44,959,200"
1993-01-18,690.83,698.12,690.83,693.23,"37,899,600"
1993-01-16,699.01,700.3,691.31,691.31,"33,524,300"
1993-01-15,694.59,697.42,691.29,693.29,"43,792,300"
1993-01-14,704.76,705.81,692.23,692.23,"48,267,700"
1993-01-13,705.32,712.61,705.32,705.93,"59,878,800"
1993-01-12,708.68,708.68,700.02,703.05,"45,906,500"
1993-01-11,712.58,715.53,707.96,708.42,"58,986,200"
1993-01-09,717.96,719.54,709.73,709.77,"53,343,600"
1993-01-08,702.63,706.06,699.63,704.5,"63,857,600"
1993-01-07,693.4,701.59,691.97,696.95,"60,549,700"
1993-01-06,693.67,693.74,687.94,688.4,"51,090,300"
1993-01-05,697.8,699.04,690.57,690.79,"47,811,100"
1993-01-04,685.51,697.41,685.51,697.41,"28,686,500"
1992-12-28,696.23,696.28,678.42,678.44,"63,961,400"
1992-12-26,683.3,687.94,681.74,687.93,"37,570,100"
1992-12-24,678.84,679.81,673.55,675.36,"55,373,200"
1992-12-23,663.2,670.83,663.2,670.43,"49,341,600"
1992-12-22,654.83,657.01,651.91,657.01,"36,939,700"
1992-12-21,660.59,660.65,653.41,653.46,"38,836,600"
1992-12-19,683.48,683.48,663.3,663.31,"39,636,300"
1992-12-17,659.31,660.6,651.12,660.6,"55,693,300"
1992-12-16,654.33,656.28,652.36,654.09,"43,573,800"
1992-12-15,652.41,652.54,645.7,650.21,"30,860,400"
1992-12-14,653.6,659.56,650.21,651.23,"40,710,800"
1992-12-12,645.46,652.54,645.46,647.28,"24,672,900"
1992-12-11,643.03,652.59,642,645.7,"34,154,800"
1992-12-10,622.79,642.03,622.79,642.03,"30,369,400"
1992-12-09,623.73,624.73,619.33,620.74,"19,329,900"
1992-12-08,622.58,627.66,621.13,625.61,"22,415,900"
1992-12-07,614.64,619.9,612.12,616.21,"20,864,500"
1992-12-05,632.1,632.1,623.24,623.25,"15,986,600"
1992-12-04,638.69,643.03,633.34,635.28,"29,911,000"
1992-12-03,652.54,653.34,638.26,638.92,"33,665,200"
1992-12-02,656.78,659.61,650.17,650.2,"43,135,000"
1992-12-01,665.93,665.93,654.97,659.93,"44,367,000"
1992-11-30,659.34,663.36,655.37,663.36,"37,040,700"
1992-11-28,656.27,659.13,652.91,652.94,"24,527,500"
1992-11-27,663.2,664.46,649.49,650.85,"40,713,300"
1992-11-26,652.23,666.06,652.23,660.94,"44,347,000"
1992-11-25,660.78,660.78,651.04,652.47,"34,430,100"
1992-11-24,678.17,678.17,654.92,655.04,"53,151,200"
1992-11-23,666.75,670.98,662.1,669.46,"45,348,300"
1992-11-21,650.24,655.58,650.24,654.08,"25,794,700"
1992-11-20,636.11,649.2,632.24,635.54,"45,026,900"
1992-11-19,623.82,635.12,621.74,632.49,"31,989,100"
1992-11-18,625.32,635.33,619.04,621.25,"36,688,300"
1992-11-17,625,635.67,624.7,631.41,"34,909,500"
1992-11-16,625.27,628.05,615.12,616.64,"29,948,900"
1992-11-14,651.19,659.03,632.28,632.28,"37,903,600"
1992-11-13,633.95,652.99,631.36,652.97,"48,946,000"
1992-11-12,657.95,661.14,636.58,636.99,"49,267,200"
1992-11-11,678.16,680.43,657.91,658.96,"74,645,200"
1992-11-10,684.74,687.03,669.1,676.86,"71,387,200"
1992-11-09,678.53,687.1,668.77,686.81,"71,052,500"
1992-11-07,656.54,664.37,656.54,664.35,"45,362,300"
1992-11-06,643.11,650.41,641.62,644.94,"63,723,500"
1992-11-05,627.75,636.29,623.26,631.3,"59,573,000"
1992-11-04,611.16,619,604.91,619,"47,194,400"
1992-11-03,617.64,617.64,604.16,605.52,"37,390,400"
1992-11-02,619.63,627.33,619.63,621.97,"52,904,100"
1992-10-31,611.79,615.61,609.11,615.58,"43,567,100"
1992-10-30,614.79,615.22,604.37,610.09,"61,580,900"
1992-10-29,589.52,608.3,585.11,605.78,"62,383,100"
1992-10-28,581.96,590.35,572.08,585.34,"42,658,700"
1992-10-27,595.35,602.82,575.01,584.1,"67,727,800"
1992-10-26,570.44,582.74,570.44,582.74,"36,408,600"
1992-10-24,561.7,571.12,557.55,557.86,"31,343,400"
1992-10-23,573.79,577.96,569.4,571.34,"46,836,100"
1992-10-22,565.13,571.29,560.99,568.97,"45,971,200"
1992-10-21,540.45,559.71,540.45,559.71,"37,894,300"
1992-10-20,541.77,542.45,535.26,540.45,"22,089,600"
1992-10-19,532.15,544.51,532.15,539.7,"29,035,100"
1992-10-17,519.52,527.02,519.52,526.45,"14,141,900"
1992-10-16,520.65,523.97,518.61,518.91,"12,580,800"
1992-10-15,526.66,526.97,521.85,521.85,"15,795,100"
1992-10-14,515.92,524.96,515.59,524.96,"14,906,200"
1992-10-13,516.38,518.82,513.6,514.39,"11,150,700"
1992-10-12,518.16,520.41,514.5,514.9,"14,967,400"
1992-10-10,522.15,526.64,520.84,525.77,"12,172,000"
1992-10-09,520.39,524.27,518.74,524.27,"12,566,200"
1992-10-08,524.99,534.44,518.42,518.42,"20,757,700"
1992-10-07,508.78,524.85,508.4,524.38,"15,737,800"
1992-10-06,499.83,507.76,499.83,507.76,"10,648,400"
1992-10-05,511.93,512.19,502.21,502.22,"9,567,400"
1992-10-02,508,513.15,508,513.12,"10,120,700"
1992-10-01,512.52,513.54,508.73,508.76,"8,380,400"
1992-09-30,515.17,515.78,513.33,513.82,"11,597,400"
1992-09-29,515.09,516.75,510.81,514.11,"12,683,700"
1992-09-28,522.19,522.26,516.03,516.04,"13,204,900"
1992-09-26,526.36,527.4,524.22,524.23,"11,209,600"
1992-09-25,524.8,526.26,522.76,525.57,"14,914,500"
1992-09-24,525.62,528.23,519.96,523.35,"20,272,600"
1992-09-23,520.66,526.13,520.66,524.35,"18,911,100"
1992-09-22,517.8,524.67,510.85,519.16,"21,978,700"
1992-09-21,543.61,544.29,521.25,521.54,"22,854,100"
1992-09-19,537.49,540.79,537.49,540.54,"14,355,800"
1992-09-18,535.11,539.32,534.08,535.02,"17,901,400"
1992-09-17,537.86,539.96,533.04,533.66,"16,544,800"
1992-09-16,545.04,545.66,538.95,539.29,"19,590,400"
1992-09-15,551.04,551.04,544.82,544.82,"20,817,000"
1992-09-14,552.25,555.02,549.54,551.3,"22,913,500"
1992-09-09,553.79,560.8,551.12,551.12,"30,137,900"
1992-09-08,561.25,564.28,552.11,553.35,"31,583,500"
1992-09-07,536.89,557.59,536.89,557.59,"23,581,000"
1992-09-05,541.54,544.13,534.04,534.69,"19,230,700"
1992-09-04,563.07,563.07,543.26,544.08,"28,334,400"
1992-09-03,570.34,571.34,558.45,563.94,"35,053,700"
1992-09-02,562.41,562.74,550.78,562.74,"38,102,300"
1992-09-01,578.24,581.49,557.6,558.6,"49,601,000"
1992-08-31,555.57,562.79,555.47,562.79,"34,055,900"
1992-08-29,523.48,540.16,523.48,539.21,"24,405,800"
1992-08-28,521.24,525.74,517.25,518.55,"33,405,400"
1992-08-27,521.41,525.3,515.03,520.61,"36,312,500"
1992-08-26,500.15,513.87,500.15,513.87,"27,890,900"
1992-08-25,484.95,499.82,483.75,494.5,"22,953,800"
1992-08-24,483.91,483.91,476.17,483.73,"19,752,100"
1992-08-22,461.92,474.06,461.92,471.61,"11,761,900"
1992-08-21,463.87,465.69,456.59,459.07,"12,812,100"
1992-08-20,475.74,477.84,467.51,467.7,"15,017,300"
1992-08-19,470.68,479.09,468.98,479.09,"17,640,200"
1992-08-18,461.17,477.37,461.17,464.95,"17,161,200"
1992-08-17,473.34,473.34,461.59,462.13,"9,461,100"
1992-08-14,484.07,485.35,478.9,478.9,"8,544,100"
1992-08-13,489.98,490.95,482.99,488.25,"9,752,800"
1992-08-12,501.04,501.04,492.66,492.66,"8,515,300"
1992-08-11,507.09,507.29,502.04,502.45,"9,400,700"
1992-08-10,497.79,507.88,497.79,507.88,"11,300,300"
1992-08-08,495.94,497.79,494.33,494.35,"6,885,700"
1992-08-07,499.36,505.63,495.22,495.22,"11,747,200"
1992-08-06,493.8,500.7,493.8,500.04,"10,314,600"
1992-08-05,499.25,499.49,492.29,493.33,"10,325,300"
1992-08-04,507.31,507.31,499.8,501.48,"10,530,100"
1992-08-03,504.94,509.24,504.65,508.63,"6,976,900"
1992-08-01,510.02,511.3,506.57,506.57,"5,976,600"
1992-07-31,509.85,511.48,509.65,509.95,"7,457,300"
1992-07-30,508.92,513.76,508.87,509.23,"7,657,100"
1992-07-29,515.44,515.9,508.84,508.84,"8,453,900"
1992-07-28,516.54,521.74,514.45,514.45,"10,684,700"
1992-07-27,521.48,521.51,515.92,517.48,"9,834,400"
1992-07-25,525.66,527.92,521.76,521.76,"10,691,100"
1992-07-24,519.07,522.91,518.79,521.99,"11,550,900"
1992-07-23,529.33,529.6,516.22,518.53,"12,527,000"
1992-07-22,513.23,526,513.23,526,"13,474,200"
1992-07-21,505.26,511.96,505.26,511.84,"8,863,400"
1992-07-20,504.42,508.88,504.42,505.3,"8,167,400"
1992-07-18,510.15,510.36,505.64,505.64,"6,680,800"
1992-07-16,514.72,517.17,509.69,511.61,"9,949,800"
1992-07-15,521.74,525.89,514.19,514.19,"12,971,500"
1992-07-14,511.96,527.08,511.96,527.08,"12,146,300"
1992-07-13,518.45,518.69,512.47,512.54,"9,952,400"
1992-07-11,522.5,524.22,519.5,519.5,"9,899,600"
1992-07-10,523.19,527.24,523.19,523.88,"10,805,100"
1992-07-09,530.59,530.59,523.07,523.07,"10,258,000"
1992-07-08,534.24,537.73,531.78,531.79,"14,397,800"
1992-07-07,531.69,536.46,531.69,535.34,"11,249,400"
1992-07-06,541.09,541.09,535.69,535.72,"10,197,800"
1992-07-04,544.79,545.99,543.91,545.41,"9,153,500"
1992-07-03,547.66,547.85,543.41,547.2,"11,538,800"
1992-07-02,552.97,554.28,548.28,548.28,"12,010,900"
1992-07-01,551.39,553.84,551.36,551.98,"14,444,900"
1992-06-30,550.74,554.91,549.2,552.03,"13,243,200"
1992-06-29,554.07,558.63,551.54,551.54,"14,965,000"
1992-06-27,552.71,556.83,551.85,551.88,"13,163,800"
1992-06-26,547.66,554.63,547.66,552.09,"14,875,500"
1992-06-25,551.97,553.15,544.91,548.29,"13,507,000"
1992-06-24,557.79,559.51,551.95,551.99,"13,144,400"
1992-06-23,553.55,561.25,553.55,559.99,"14,491,500"
1992-06-22,563.07,565.53,557.82,558.32,"11,894,400"
1992-06-20,573.61,573.79,564.85,565.29,"16,126,700"
1992-06-19,566.73,571.02,563.16,571.02,"17,651,900"
1992-06-18,574.51,575.66,562.4,563.85,"17,443,500"
1992-06-17,582.47,583.95,576.72,576.72,"26,577,700"
1992-06-16,581.99,583.66,576.74,579.95,"24,521,800"
1992-06-15,587,591.03,579.8,579.8,"30,186,500"
1992-06-13,567.11,580.84,567.11,580.79,"16,903,500"
1992-06-12,573.87,573.87,566.19,566.2,"15,249,600"
1992-06-11,562.62,576.77,562.62,570.5,"20,169,600"
1992-06-10,557.14,565.49,556.91,562.87,"16,717,500"
1992-06-09,555.55,561.83,551.38,561.76,"16,075,000"
1992-06-08,566.92,568.53,560.54,563.65,"12,673,500"
1992-06-05,568.8,570.52,566.76,569.2,"15,363,100"
1992-06-04,568.51,570.02,564.44,568.8,"14,825,100"
1992-06-03,567.23,569.13,566.08,568.98,"16,444,300"
1992-06-02,569.88,569.88,564.53,567.34,"15,712,900"
1992-06-01,572.46,576.96,568.66,569.19,"16,257,000"
1992-05-30,572.35,575.23,572.35,574.2,"13,365,100"
1992-05-29,579.95,580.27,570.92,570.92,"14,519,800"
1992-05-28,589.99,590.22,578.58,578.63,"23,680,700"
1992-05-27,571.73,586.17,571.73,585.23,"22,342,900"
1992-05-26,569.79,573.85,566.04,569.51,"15,595,500"
1992-05-25,575.76,576.19,568.12,571.39,"17,661,700"
1992-05-23,584.12,584.37,575.87,575.87,"14,165,400"
1992-05-22,576.17,582.95,576.17,582.88,"21,092,700"
1992-05-21,579.24,580.89,572.9,573.83,"23,144,300"
1992-05-20,591.1,593.79,579.91,579.91,"27,995,400"
1992-05-19,589.04,596.07,587.96,587.97,"24,586,800"
1992-05-18,583.46,595.34,583.16,588.04,"24,422,400"
1992-05-16,591.16,592.91,585.73,585.84,"16,506,800"
1992-05-15,587.49,592.61,585.9,589.29,"21,443,900"
1992-05-14,595.67,596.28,587.55,587.55,"25,665,900"
1992-05-13,588.87,593.66,588.79,592.29,"24,505,000"
1992-05-12,587.33,590.24,586.03,586.4,"18,319,300"
1992-05-11,594.86,596.51,587.51,587.52,"22,955,200"
1992-05-09,600.05,601.27,594.16,594.62,"18,668,300"
1992-05-08,603.8,607.75,599.25,599.25,"22,294,400"
1992-05-07,614.63,615.85,603.29,603.34,"24,776,900"
1992-05-06,621.47,623.69,611.85,611.85,"24,796,200"
1992-05-04,620.3,627.24,620.3,620.33,"29,610,500"
1992-05-02,619.02,619.45,612.66,614.95,"18,962,500"
1992-05-01,616.55,625.61,616.55,620.37,"33,468,500"
1992-04-30,614.5,621.34,611.73,615.97,"38,830,300"
1992-04-29,600.21,612.72,598.95,612.72,"31,117,600"
1992-04-28,611.55,611.55,597.22,597.24,"33,730,600"
1992-04-27,601.22,608.29,601.22,608.05,"36,143,600"
1992-04-25,599.16,599.34,594.33,594.88,"23,989,600"
1992-04-24,586.97,598.73,584.82,595.88,"35,622,900"
1992-04-23,584.5,588.36,579.24,582.87,"28,789,800"
1992-04-22,590.79,591.67,584.22,584.22,"31,198,600"
1992-04-21,589.58,593.65,587.4,588.51,"25,861,500"
1992-04-20,589.53,591.99,587.8,587.8,"25,568,300"
1992-04-18,590.47,590.47,587.79,587.79,"18,428,300"
1992-04-17,593.12,595.87,587.72,587.72,"25,188,300"
1992-04-16,583.16,587.97,583.16,587.33,"25,021,500"
1992-04-15,575.04,584.74,575.04,578.11,"20,966,200"
1992-04-14,578.89,580.64,575.47,575.55,"16,889,500"
1992-04-13,572.12,579.64,572.04,578.19,"15,884,700"
1992-04-11,569.72,576.11,565.72,576.11,"14,965,900"
1992-04-10,576.14,576.26,569.65,569.65,"19,934,700"
1992-04-09,573.22,578.47,573.22,575.98,"18,191,600"
1992-04-08,577.3,579.76,570.16,572.97,"19,873,900"
1992-04-07,589.54,590.74,578.35,579.09,"23,851,100"
1992-04-06,591.35,595.21,589.61,590.02,"23,289,800"
1992-04-04,597.95,599.37,589.37,589.83,"18,242,500"
1992-04-03,585.76,598.39,585.76,596.39,"25,410,900"
1992-04-02,598.48,600.69,585.66,585.66,"28,061,900"
1992-04-01,602.77,606.82,598.97,599,"21,034,500"
1992-03-31,597.63,606.32,586.99,606.32,"24,287,600"
1992-03-30,604.38,608.73,597.07,597.69,"19,771,500"
1992-03-28,618.96,618.96,602.65,602.66,"17,250,000"
1992-03-27,620.2,627.41,609.44,617.38,"36,195,800"
1992-03-26,606.36,615.77,599.66,611.7,"29,266,200"
1992-03-25,615.01,619.03,607.41,607.83,"21,767,400"
1992-03-23,623.02,627.15,622.73,624.13,"28,616,800"
1992-03-21,617.5,620.37,617.16,617.29,"16,839,800"
1992-03-20,613.86,615.47,608.58,615.39,"23,826,500"
1992-03-19,616.55,620.37,610.59,612.66,"20,414,700"
1992-03-18,617.73,620.28,614.3,614.36,"20,657,300"
1992-03-17,609.19,615.2,609.19,615.19,"16,788,100"
1992-03-16,608.47,610.64,605.17,608.36,"12,433,000"
1992-03-14,613.25,615.33,609.45,609.45,"10,340,700"
1992-03-13,618.12,621.94,614.58,614.58,"14,265,000"
1992-03-12,615.78,622.79,615.76,619.11,"14,846,900"
1992-03-11,627.08,632.11,619,619.04,"17,006,900"
1992-03-09,624.73,632.02,624.73,628.02,"20,195,800"
1992-03-07,629.07,629.47,624.44,624.49,"16,914,800"
1992-03-06,618.95,626.1,618.75,626.09,"19,881,900"
1992-03-05,621.04,632.08,619.14,619.23,"25,143,400"
1992-03-04,617.35,630.66,611.96,630.47,"16,792,500"
1992-03-03,620.86,629.12,615.91,615.91,"22,509,400"
1992-03-02,612.63,626.73,612.63,620.65,"21,070,700"
1992-02-29,614.47,616.66,607.94,612.5,"13,779,400"
1992-02-28,625.19,628.24,614,614.99,"21,895,900"
1992-02-27,620.28,629.07,620.28,624.36,"20,580,800"
1992-02-26,629.39,629.39,619.74,621.41,"17,306,800"
1992-02-25,638.86,639.96,630.92,632.07,"19,754,700"
1992-02-24,641.8,642.19,635.19,637.73,"18,695,500"
1992-02-22,635.57,641.69,634.87,640.96,"15,333,800"
1992-02-21,632.12,634.94,628.92,632.91,"17,687,600"
1992-02-20,642.49,642.49,631.63,632.66,"18,014,600"
1992-02-19,640.78,649.09,638.78,648.13,"22,109,100"
1992-02-18,637.11,641.96,634.29,638.22,"16,014,800"
1992-02-17,640.53,646.16,638.34,640.14,"18,813,700"
1992-02-15,658,658,647.69,647.71,"15,674,200"
1992-02-14,657.26,659.21,650.66,658.63,"21,647,200"
1992-02-13,667.67,668.31,656.49,656.49,"26,770,500"
1992-02-12,672.86,676.59,663.54,664.23,"25,713,000"
1992-02-11,686.99,687,674.32,674.32,"31,652,200"
1992-02-10,694.14,694.79,681.96,687.18,"32,873,100"
1992-02-08,696.8,698.25,691.47,691.48,"28,979,700"
1992-02-07,690.73,691.67,684.55,690.9,"19,603,900"
1992-02-06,701.48,704.94,690.84,690.84,"33,840,700"
1992-02-01,692.68,695.61,691.36,691.37,"26,580,700"
1992-01-31,670.82,685.8,670.82,680.51,"34,889,300"
1992-01-30,657.69,664.27,657.47,664.13,"25,258,400"
1992-01-29,673.19,673.19,657.17,659.28,"26,610,900"
1992-01-28,681.73,681.73,665.96,665.96,"29,688,100"
1992-01-27,676.96,678.79,673.65,675.11,"35,779,400"
1992-01-25,665.58,666.86,654.53,664.29,"24,722,200"
1992-01-24,678.68,678.68,658.04,658.04,"37,874,900"
1992-01-23,663.52,672.67,661.45,667.47,"40,863,000"
1992-01-22,640.45,649.47,638.84,646.28,"31,237,800"
1992-01-21,634.96,640.85,629.96,630,"28,406,100"
1992-01-20,632.53,638.3,632.53,633.87,"27,911,900"
1992-01-18,624.85,625.51,619.36,621.21,"19,398,400"
1992-01-17,613.86,623.9,613.86,616.72,"25,308,300"
1992-01-16,603.69,624.08,603.69,610.19,"26,391,100"
1992-01-15,617.45,617.45,603.41,604.63,"17,791,300"
1992-01-14,607.27,616.5,607.27,616.12,"17,110,000"
1992-01-13,619.28,621.33,609.88,609.9,"14,829,000"
1992-01-11,619.58,621.48,611.66,617.91,"11,308,400"
1992-01-10,639.48,640.09,619.16,619.47,"21,445,300"
1992-01-09,619.33,637.17,619.33,637.11,"24,336,900"
1992-01-08,643.6,643.6,625.85,625.85,"23,382,100"
1992-01-07,650.1,653.98,636.29,645.27,"35,882,000"
1992-01-06,658.28,658.28,643.76,650.1,"28,692,600"
1992-01-04,639.45,650.3,639.45,650.3,"17,597,100"
1992-01-03,617.14,625.29,617.14,624.23,"9,339,800"
1991-12-26,617,624.85,609.49,610.92,"26,277,900"
1991-12-24,599.82,610.59,595.26,610.59,"21,898,700"
1991-12-23,595.38,595.38,583.73,586.51,"16,750,800"
1991-12-21,611.41,612.29,601.01,601.01,"10,425,300"
1991-12-20,609.45,620.55,609.45,612.25,"15,709,600"
1991-12-19,605.06,610.49,603.02,607.39,"14,570,600"
1991-12-18,621.67,621.74,606.65,607.69,"13,481,000"
1991-12-17,625.83,625.83,620.06,623.4,"13,931,900"
1991-12-16,636.85,639.9,630.45,630.45,"11,696,700"
1991-12-14,646.54,646.54,639.68,639.72,"13,216,900"
1991-12-13,662.55,662.98,647.37,647.37,"18,138,100"
1991-12-12,642.81,655.45,642.81,653.4,"18,752,600"
1991-12-11,640.39,648.9,639.58,641.15,"19,689,800"
1991-12-10,614.32,637.42,614.32,635.76,"17,322,300"
1991-12-09,616.86,625.27,610.99,615.7,"12,583,000"
1991-12-07,635.42,635.42,619.88,619.88,"8,911,100"
1991-12-06,625.2,637.68,625.2,635.17,"15,309,700"
1991-12-05,628.98,632.71,620.19,621.04,"10,534,900"
1991-12-04,642.43,642.43,631.33,631.59,"9,674,600"
1991-12-03,650.77,650.79,643,643.93,"9,704,200"
1991-12-02,651.2,656.35,651.03,651.44,"8,902,000"
1991-11-30,654.08,654.37,650.58,652.11,"7,183,500"
1991-11-29,660.78,663.7,652.47,652.47,"10,988,600"
1991-11-28,651.01,661.17,651.01,660.73,"13,429,600"
1991-11-27,649.25,650.72,646.3,649.03,"9,054,200"
1991-11-26,656.08,656.84,649.1,649.32,"9,328,200"
1991-11-25,659.25,662.19,656.38,656.38,"8,417,600"
1991-11-23,660.58,661.95,657.88,660.57,"6,517,800"
1991-11-22,663.24,666.05,660.61,660.64,"9,997,500"
1991-11-21,667.79,669.86,664.51,664.68,"12,082,700"
1991-11-20,655.03,668.15,655.03,668.13,"12,275,100"
1991-11-19,661.55,665.52,656.01,656.01,"11,219,900"
1991-11-18,664.74,667.21,657.56,663.75,"9,546,400"
1991-11-16,667.76,670.17,665.59,665.65,"7,417,600"
1991-11-15,672.3,672.78,667.58,667.84,"11,202,400"
1991-11-14,675.69,677.77,673.33,673.35,"11,807,400"
1991-11-13,677.03,681.41,675.85,675.85,"13,375,300"
1991-11-12,679.01,680.54,674.54,677.53,"16,057,000"
1991-11-11,682.43,685.77,679.55,679.58,"15,194,100"
1991-11-09,685.43,689.06,684.66,684.66,"10,715,000"
1991-11-08,679.84,687.07,679.84,682.03,"19,362,400"
1991-11-07,679.48,683.56,678.61,679.42,"15,108,600"
1991-11-06,669.12,679.2,669.12,679.2,"12,088,900"
1991-11-05,669.8,674.55,663.92,667.04,"14,410,800"
1991-11-04,680.39,680.55,669.31,669.92,"14,763,200"
1991-11-02,685.47,685.47,681.97,684.72,"10,317,700"
1991-11-01,696.26,697.33,687.13,689.32,"16,417,600"
1991-10-31,701.85,703.12,695.94,695.94,"19,234,200"
1991-10-30,696.05,701.9,695.19,700.38,"20,097,600"
1991-10-29,694.24,696.33,689.26,694.45,"18,160,400"
1991-10-28,701.22,701.52,692.99,693.09,"17,222,600"
1991-10-26,710.63,710.65,699.47,701.81,"18,592,400"
1991-10-25,715.09,715.98,705.01,708.07,"21,380,400"
1991-10-24,720.51,722.51,709.81,711.29,"32,175,500"
1991-10-23,712.88,714.6,711.7,714.36,"22,299,100"
1991-10-22,721.55,721.55,709.88,709.89,"22,010,900"
1991-10-21,701.9,716.68,701.9,716.67,"20,815,900"
1991-10-19,696.87,700.36,696.87,698.24,"11,388,000"
1991-10-18,697.38,702.01,696.51,696.53,"14,563,200"
1991-10-17,688.93,698.34,688.93,695.76,"14,202,000"
1991-10-16,698.05,698.59,692.06,692.06,"12,885,200"
1991-10-15,703.96,704.75,700.17,700.18,"15,585,100"
1991-10-14,700.48,706.07,700.48,703.81,"16,785,500"
1991-10-12,707.85,707.85,701.99,701.99,"11,643,400"
1991-10-11,716.99,716.99,708.3,708.3,"23,857,900"
1991-10-10,711.77,715.41,710.58,715.41,"18,850,000"
1991-10-09,708.67,709.4,704.85,709.38,"16,006,100"
1991-10-08,716.13,717.14,707.75,707.75,"18,996,500"
1991-10-07,717.54,721.67,713.88,713.88,"25,164,100"
1991-10-05,721.41,721.41,712.52,712.52,"19,186,500"
1991-10-04,705.07,720.96,705.07,720.53,"26,662,400"
1991-10-02,706.11,709.94,704.31,705.18,"16,199,400"
1991-10-01,712.98,712.98,706.63,706.63,"23,004,900"
1991-09-30,697.1,705.08,696.53,705.08,"21,455,300"
1991-09-28,690.22,691.75,687.79,691.74,"11,097,100"
1991-09-27,680.3,687.26,680.3,685.21,"13,195,400"
1991-09-26,679.37,682.18,676.84,679.48,"10,421,100"
1991-09-25,681.19,681.19,676.76,680.3,"8,831,700"
1991-09-24,687.83,688.76,683.93,683.93,"7,178,000"
1991-09-20,683.5,689.04,683.5,689.04,"10,287,300"
1991-09-19,684.58,684.58,682.08,683.7,"7,098,400"
1991-09-18,683.78,687.62,683.78,685.49,"9,856,200"
1991-09-17,683.2,683.85,680.35,682.95,"8,191,100"
1991-09-16,688.21,691.33,685.34,685.34,"11,111,700"
1991-09-14,681.16,699.58,680.13,688.71,"8,720,500"
1991-09-13,681.95,684.52,680.33,680.85,"10,150,700"
1991-09-12,691.48,693.43,683.31,683.31,"11,303,600"
1991-09-11,689.27,699.58,689.27,690.71,"23,979,000"
1991-09-10,689.3,689.56,684.4,688.69,"13,386,800"
1991-09-09,681.16,689.26,680.13,689.25,"16,794,700"
1991-09-07,678.92,693.9,668.05,681.9,"9,867,100"
1991-09-06,672.33,677.32,670.88,674.94,"11,594,500"
1991-09-05,680.88,683.03,674.77,674.81,"11,213,600"
1991-09-04,677.19,693.9,677.19,683.54,"21,756,700"
1991-09-03,673.36,675.74,668.05,675.67,"8,629,800"
1991-09-02,678.92,678.92,670.62,675.12,"8,145,100"
1991-08-31,686.21,686.29,682.62,683.11,"7,485,300"
1991-08-30,684.81,686.54,681.87,686.21,"10,352,900"
1991-08-29,689.17,689.17,685.41,685.44,"10,533,000"
1991-08-28,690.48,692.28,685.95,692.28,"13,149,000"
1991-08-27,695.2,695.62,690.33,690.34,"12,559,100"
1991-08-26,698.21,701.18,697.24,701,"14,505,200"
1991-08-24,708.22,709.73,696.59,697.74,"15,606,700"
1991-08-23,719.39,724.73,701.68,701.68,"36,040,600"
1991-08-22,701.49,716.95,701.49,716.95,"38,404,800"
1991-08-21,679.61,706.61,679.61,690.06,"39,943,300"
1991-08-20,658.79,686.14,651.09,686.1,"30,066,400"
1991-08-19,692.33,695.49,669.62,669.62,"21,393,000"
1991-08-17,699.07,704.01,696.58,698.95,"14,764,400"
1991-08-16,692.39,702.26,684.78,702.25,"16,402,700"
1991-08-14,708.29,711.4,692.9,693.12,"19,776,800"
1991-08-13,706.15,715.36,703.37,709.67,"24,508,200"
1991-08-12,712.31,716.86,704.56,706.06,"25,017,500"
1991-08-10,743.14,743.14,721.57,721.58,"20,326,000"
1991-08-09,745.43,747.04,739.88,745.13,"38,400,700"
1991-08-08,740.94,747.91,727.3,738.1,"34,396,900"
1991-08-07,771.58,772.42,741.67,741.67,"47,446,700"
1991-08-06,753.53,763.73,752.37,763.1,"50,118,100"
1991-08-05,758.27,759.45,749.41,758.18,"54,505,000"
1991-08-03,746.8,749.81,746.8,748.15,"36,605,100"
1991-08-02,723.13,733.05,719.8,733.03,"46,869,300"
1991-08-01,712.33,718.03,701.58,714.95,"42,002,200"
1991-07-31,733.67,740.73,717.03,717.03,"50,903,800"
1991-07-30,723.33,741.08,723.33,734.48,"59,119,000"
1991-07-29,703.08,714.79,697.17,714.27,"51,583,800"
1991-07-27,674.53,693.52,674.53,693.22,"30,753,200"
1991-07-26,666.14,674.45,665.64,674.34,"30,048,900"
1991-07-25,673.56,676.26,664.32,664.32,"39,822,200"
1991-07-24,661.35,666.1,659.9,666.1,"33,369,700"
1991-07-23,660.59,660.62,652.46,658.27,"27,202,700"
1991-07-22,658.06,664.79,654.39,659.49,"33,135,700"
1991-07-20,654.82,661.62,652.74,652.74,"21,274,500"
1991-07-19,652.17,653.97,645.71,650.06,"27,077,800"
1991-07-18,643.89,651.32,643.86,651.27,"27,920,900"
1991-07-16,635.41,637.45,630.8,636.14,"16,574,600"
1991-07-15,639.14,646.39,635.2,635.21,"24,222,900"
1991-07-13,635.58,636.98,634.05,636.5,"15,897,900"
1991-07-12,627.29,632.32,625.47,631.78,"20,452,400"
1991-07-11,618.49,621.74,615.59,621.74,"17,591,400"
1991-07-10,613.88,615.01,606.43,614.15,"11,306,200"
1991-07-09,619.78,620.66,612.28,614.42,"15,544,700"
1991-07-08,613.22,619.36,613.22,617.18,"12,525,700"
1991-07-06,616.35,616.87,610.43,610.43,"8,731,200"
1991-07-05,605.84,614.58,605.84,614.58,"13,729,300"
1991-07-04,602.5,607.33,602.5,603.37,"7,741,200"
1991-07-03,610.05,610.05,602.77,602.83,"9,889,300"
1991-07-02,619.87,619.96,611.65,611.65,"10,626,400"
1991-07-01,606.37,616.9,606.37,616.9,"11,406,900"
1991-06-29,602.3,605.8,601.17,605.27,"6,858,800"
1991-06-28,603.01,605.91,600.57,602.6,"8,245,100"
1991-06-27,598,604.76,598,602.61,"11,417,800"
1991-06-26,594.14,597.6,594.14,597.6,"7,010,000"
1991-06-25,586.07,601.08,584.43,595.21,"11,114,500"
1991-06-24,585.21,593.09,579.11,593.05,"8,448,700"
1991-06-22,593.65,593.65,589.45,590.57,"5,577,700"
1991-06-21,602.47,604.33,597.69,597.69,"6,151,400"
1991-06-19,606.5,606.53,603.52,604.27,"6,718,000"
1991-06-18,607.45,608.62,604.3,606.79,"6,582,800"
1991-06-17,612.21,612.21,607.98,608.77,"5,089,800"
1991-06-15,614.49,614.72,612.07,613.57,"4,214,900"
1991-06-14,614.85,617.88,612.3,613.71,"8,681,100"
1991-06-13,611.15,611.15,608.47,610.05,"5,629,400"
1991-06-12,608.1,611.05,607.72,610.96,"5,396,400"
1991-06-11,607.05,607.89,606.69,607.85,"3,640,800"
1991-06-10,604.18,606.56,602.71,606.55,"3,518,600"
1991-06-08,602.34,608.69,602.34,605.6,"3,909,100"
1991-06-07,610.71,610.71,603.77,604.07,"4,578,300"
1991-06-05,606.54,614.45,606.2,613.31,"6,968,900"
1991-06-04,603.26,604.39,600.63,601.19,"4,111,700"
1991-06-03,610.67,610.67,605.06,605.11,"4,000,900"
1991-06-01,610.45,612.47,609.84,612.47,"2,655,600"
1991-05-31,612.4,612.4,608.37,611.35,"4,088,600"
1991-05-30,614,616.75,612.79,613.74,"4,108,100"
1991-05-29,613.7,613.82,610.8,612.33,"4,275,400"
1991-05-28,617.47,617.47,613.01,613.82,"4,601,700"
1991-05-27,615.95,621.38,615.95,617.3,"4,544,800"
1991-05-25,617.7,617.88,615.97,617.29,"3,354,700"
1991-05-24,625.42,625.42,619.29,619.29,"4,370,800"
1991-05-23,623.5,624.9,620.3,624.89,"5,068,300"
1991-05-22,628.21,630.29,624.15,624.32,"5,307,300"
1991-05-20,635.64,636.37,628.68,628.71,"5,962,100"
1991-05-18,637.98,638.2,636.25,636.38,"5,412,000"
1991-05-17,635.17,636.69,634.43,636.55,"6,442,300"
1991-05-16,631.66,635.45,631.66,635.45,"5,962,500"
1991-05-15,638.19,638.19,631.87,632.17,"4,292,100"
1991-05-14,633.33,639.05,633.33,638.61,"8,095,500"
1991-05-13,628.38,630.84,627.91,630.84,"4,232,600"
1991-05-11,627.38,632.63,627.23,629.17,"4,581,500"
1991-05-10,633.25,633.25,629.32,629.83,"4,530,900"
1991-05-09,630.81,634.72,629.89,634.72,"5,931,100"
1991-05-08,634.27,634.53,630.72,631.12,"5,884,800"
1991-05-07,637.62,638.58,633.02,635.17,"7,648,400"
1991-05-06,642.32,644.62,640.48,640.62,"7,806,600"
1991-05-04,647.84,648.91,645.19,645.5,"8,229,000"
1991-05-03,654.19,655.49,648.54,649.1,"9,865,500"
1991-05-02,651.61,663.93,651.61,652.27,"24,156,300"
1991-05-01,642.66,645.2,640.41,644.39,"8,696,900"
1991-04-30,645.64,649.41,644.3,645.61,"11,987,800"
1991-04-29,637.56,649.95,637.56,644.6,"12,281,400"
1991-04-27,635.24,641.14,635.24,638.71,"7,932,800"
1991-04-26,627.07,635.34,626.78,634.29,"9,395,900"
1991-04-25,632.75,633.82,626.35,626.36,"6,958,100"
1991-04-24,637,642.07,628.24,632.63,"13,335,400"
1991-04-23,613.4,637.84,613.4,637.84,"10,597,100"
1991-04-22,617.78,617.78,608.31,615.61,"6,969,700"
1991-04-20,627.53,627.67,620.56,620.57,"3,654,600"
1991-04-19,626.13,630.79,626.13,628.33,"5,998,000"
1991-04-18,630.8,630.8,624.89,625.89,"5,535,800"
1991-04-17,634.87,635.07,632,632.55,"4,586,600"
1991-04-16,633.91,635.46,633.66,635.41,"4,882,100"
1991-04-15,636.74,636.79,633.85,634.52,"4,782,700"
1991-04-13,637.68,638.31,636.7,638.21,"4,562,100"
1991-04-12,639.36,639.44,636,639.44,"5,854,700"
1991-04-11,645.72,645.72,639.67,641.46,"5,346,600"
1991-04-10,652.98,652.98,645.59,645.75,"8,322,500"
1991-04-09,645.87,647.41,644.55,646.04,"5,425,400"
1991-04-08,649.59,650.37,646.15,646.46,"5,684,000"
1991-04-06,655.11,655.11,650.35,651,"5,024,200"
1991-04-04,650.26,654.14,649.22,654.14,"8,871,800"
1991-04-03,645.42,649.43,644.58,649.43,"6,947,100"
1991-04-02,647.4,647.52,641.01,643.56,"6,957,600"
1991-04-01,655.91,658.22,650.05,650.05,"7,217,600"
1991-03-30,648.39,660.91,648.39,659.85,"8,197,100"
1991-03-29,654.19,655.37,648.59,648.84,"8,625,400"
1991-03-28,653.68,654.82,650.55,651.98,"10,465,800"
1991-03-27,661.98,662.3,655.18,655.18,"9,949,800"
1991-03-25,659.57,665.35,659.57,664.05,"11,531,500"
1991-03-23,661.41,663.56,659.49,659.49,"7,310,000"
1991-03-22,661.7,665.21,658.04,659.83,"9,758,900"
1991-03-21,668.31,668.62,663.37,663.37,"10,908,700"
1991-03-20,671.26,673.81,669.36,669.36,"9,802,300"
1991-03-19,677.12,677.12,670.22,672.16,"12,193,100"
1991-03-18,678.27,686.02,678.08,678.15,"13,888,100"
1991-03-16,685.57,685.97,679.42,679.64,"11,307,500"
1991-03-15,677.11,682.97,677.11,682.97,"16,396,000"
1991-03-14,678.86,681.33,676.32,677.11,"15,214,800"
1991-03-13,684.49,684.95,679.2,679.21,"13,824,500"
1991-03-12,684.86,688,683.82,683.83,"20,402,400"
1991-03-11,681.68,683.35,679.7,681.38,"15,248,900"
1991-03-09,677.98,681.73,677.98,681.73,"15,399,500"
1991-03-08,675.69,677.36,672.72,675.94,"15,952,200"
1991-03-07,677.73,679.29,674.87,674.87,"16,734,900"
1991-03-06,673.33,677.59,670.52,676.37,"17,725,400"
1991-03-05,669.24,672.43,667.49,669.83,"9,441,800"
1991-03-04,677.41,677.41,669.15,670.42,"10,981,400"
1991-03-02,680.56,680.56,676.72,677.55,"9,263,900"
1991-02-28,675.4,681.63,674.61,675.57,"20,402,700"
1991-02-27,676.94,679.17,671.27,671.71,"15,595,600"
1991-02-26,694.69,694.69,677.26,677.27,"19,138,500"
1991-02-25,692.48,701.15,689.99,692.8,"31,916,500"
1991-02-23,675.53,685.39,675.53,685.39,"13,394,200"
1991-02-22,689.5,694.54,676.07,676.1,"25,730,500"
1991-02-21,667.32,672.1,664.19,672.1,"15,528,400"
1991-02-20,674.66,679.85,666.99,669.91,"20,899,100"
1991-02-19,674.09,683.1,669.02,669.45,"23,487,600"
1991-02-18,668.62,674.09,663.55,674.09,"16,703,600"
1991-02-13,646.78,649.97,643.67,644.91,"12,576,600"
1991-02-12,633.28,653.83,633.28,648.11,"17,773,400"
1991-02-11,628.85,630.25,628.47,629.57,"7,159,500"
1991-02-09,627.96,631.27,627.15,631.27,"5,147,000"
1991-02-08,632.63,632.63,623.38,628.85,"7,613,300"
1991-02-07,638.57,639.31,634.02,634.31,"7,655,200"
1991-02-06,634.51,638.65,634.51,635.66,"9,143,300"
1991-02-05,631.94,633.45,631.38,631.93,"5,126,400"
1991-02-04,634.72,635.45,631.98,632.79,"5,624,400"
1991-02-02,630.91,635.88,630.91,634.72,"4,907,500"
1991-02-01,634.92,635.57,632.1,632.53,"6,817,700"
1991-01-31,639.33,639.63,635.09,635.4,"8,076,700"
1991-01-30,636.38,640.55,636.38,638.09,"10,621,100"
1991-01-29,635.75,639.01,634.61,635.65,"10,729,000"
1991-01-28,629,636.29,629,633.93,"10,046,000"
1991-01-26,632.38,634.66,631.84,632.2,"4,881,500"
1991-01-25,641.35,645.52,632.94,632.95,"12,881,200"
1991-01-24,625.17,638.03,624.07,638.02,"9,030,800"
1991-01-23,624.65,629.18,624.19,625.22,"7,516,300"
1991-01-22,632.88,635.58,627.75,632.92,"9,182,400"
1991-01-21,640.63,640.63,635.12,636.91,"14,792,900"
1991-01-19,658.58,664.8,657.64,663.1,"14,846,300"
1991-01-18,666.4,667.49,655.09,667.35,"30,911,900"
1991-01-17,613.68,641.42,613.68,641.42,"9,959,100"
1991-01-16,614.99,619.6,607.8,613.34,"8,929,600"
1991-01-15,629.54,630.48,624.62,624.62,"10,949,400"
1991-01-14,640.78,652.26,636.54,652.25,"11,263,700"
1991-01-12,635.7,649.19,635.16,649.19,"11,021,200"
1991-01-11,628,630.55,614.97,627.7,"14,728,300"
1991-01-10,644.45,646.81,634.86,635.46,"11,362,200"
1991-01-09,654.89,664.8,653.44,660.39,"9,806,200"
1991-01-08,669.22,675,659.68,659.68,"9,041,800"
1991-01-07,689.49,689.49,673.42,676.65,"11,110,600"
1991-01-05,700.55,700.55,693.89,698.45,"8,684,800"
1991-01-04,691.2,697.62,684.74,697.62,"10,318,700"
1991-01-03,678.83,693.82,678.83,679.75,"7,077,900"
1990-12-26,692.33,696.69,692.11,696.11,"18,815,200"
1990-12-24,700.27,701.39,692.95,693.76,"13,755,200"
1990-12-22,709.82,709.96,704.51,705.63,"10,496,600"
1990-12-21,696.26,708.24,696.26,708.24,"15,017,500"
1990-12-20,692.56,698.05,692.08,698.04,"12,533,600"
1990-12-19,702.93,702.93,694.67,697.54,"10,027,300"
1990-12-18,706.04,708.98,705.76,706.08,"11,366,100"
1990-12-17,701.51,706.04,701.32,706.04,"10,877,300"
1990-12-15,708.22,708.22,705.37,705.49,"6,535,700"
1990-12-14,707.41,712.15,706.85,710.06,"12,800,600"
1990-12-13,720.39,720.39,712.68,712.82,"11,157,300"
1990-12-12,724.43,726.84,715.94,724.51,"15,151,600"
1990-12-11,734.16,735.51,725.11,725.56,"17,371,400"
1990-12-10,738.69,740.05,734.61,735.33,"24,179,300"
1990-12-08,734.16,734.8,730.69,733.73,"16,289,200"
1990-12-07,729.63,731.81,724.46,730.96,"24,903,500"
1990-12-06,725.8,726.93,717.81,717.82,"26,109,500"
1990-12-05,713.41,719.94,713.41,718.84,"20,112,200"
1990-12-04,718.55,719.07,708.9,708.9,"17,888,400"
1990-12-03,717.42,723.56,715.57,717.62,"25,666,400"
1990-12-01,706.95,713.83,706.95,708.56,"15,373,700"
1990-11-30,690.69,697.04,688.77,697.03,"13,288,000"
1990-11-29,704.94,708.01,692.55,692.55,"22,583,400"
1990-11-28,690.22,699.76,688.67,699.76,"16,786,200"
1990-11-27,681.69,690.66,681.44,687.27,"13,276,100"
1990-11-26,671.36,681.28,671.36,680.56,"8,586,200"
1990-11-24,677.93,679.34,675.58,678.92,"6,434,800"
1990-11-23,680.16,682.69,677.36,679.99,"9,307,100"
1990-11-22,670.4,692.64,670.4,679.83,"15,039,000"
1990-11-21,673.57,674.26,667.97,671.7,"8,898,300"
1990-11-20,672.62,674.25,664.92,674.25,"11,785,300"
1990-11-19,687.44,687.44,673.9,680.04,"11,100,400"
1990-11-17,699.96,700.73,691.69,691.69,"8,577,100"
1990-11-16,697.68,698.97,695.95,697.46,"9,705,000"
1990-11-15,705.74,706.54,701.45,701.45,"13,352,500"
1990-11-14,712.14,712.14,704.88,704.89,"12,592,600"
1990-11-13,708.16,712.52,705.94,710.06,"17,654,400"
1990-11-12,693.45,703.8,693.45,701.53,"12,551,700"
1990-11-10,698.04,702.55,697.58,697.59,"9,570,500"
1990-11-09,704.41,712.97,703.09,703.81,"15,885,400"
1990-11-08,721.84,724.93,707.24,707.24,"23,352,700"
1990-11-07,710.8,720.96,702.72,720.96,"21,183,000"
1990-11-06,708.68,711.78,702.67,702.93,"13,312,300"
1990-11-05,707.89,714.68,704.06,707.61,"14,129,200"
1990-11-03,711.73,721.06,710.5,710.96,"12,559,900"
1990-11-02,720.01,729.36,703.4,709.96,"24,368,300"
1990-11-01,692.23,717.48,692.23,717.47,"17,938,000"
1990-10-31,700.04,704.65,689.01,690.16,"17,689,800"
1990-10-30,711.92,732.49,701.41,711.49,"21,786,100"
1990-10-29,747.04,761.6,720.89,720.89,"32,918,200"
1990-10-27,726.77,733.71,720.3,733.05,"19,116,300"
1990-10-26,759.93,759.93,734.99,735.05,"18,363,600"
1990-10-25,796.71,796.71,767.06,767.06,"27,268,400"
1990-10-24,781.06,798.6,781.06,796.77,"17,550,500"
1990-10-23,748.1,765.6,748.1,765.55,"14,787,700"
1990-10-22,712.36,733.4,711.8,733.37,"25,744,400"
1990-10-20,704.72,711.93,704.72,710.44,"17,540,800"
1990-10-19,672.58,696.01,672.58,696.01,"25,991,300"
1990-10-18,662.67,666.56,660.85,666.56,"19,837,700"
1990-10-17,639.42,653.96,637.99,653.96,"16,281,600"
1990-10-16,651.22,657.54,638.29,638.29,"20,122,000"
1990-10-15,629.86,652.8,629.86,646.39,"11,836,400"
1990-10-13,636.75,637.82,626.95,626.95,"9,399,900"
1990-10-12,622.66,635.74,622.66,635.74,"12,845,300"
1990-10-11,615.63,631.69,615.63,621.93,"12,040,200"
1990-10-10,614.6,617.12,604.14,617.12,"18,730,800"
1990-10-08,613.91,614.8,612.27,614.06,"8,015,700"
1990-10-06,623.95,623.95,616.47,616.47,"6,358,000"
1990-10-05,610.47,624.13,610.47,624.13,"9,037,600"
1990-09-29,599.18,602.88,599.18,602.88,"5,856,800"
1990-09-28,592.76,597.68,592.76,597.67,"6,582,600"
1990-09-27,592.89,593.46,590.01,593.45,"7,285,400"
1990-09-26,593.97,594.77,593.16,594.04,"7,892,500"
1990-09-25,586.72,593.91,586.65,593.77,"8,473,600"
1990-09-24,584.27,587.4,582.62,587.39,"6,327,600"
1990-09-22,583.69,584.95,581.68,584.94,"4,649,800"
1990-09-21,578.15,584.6,573.31,584.6,"8,821,100"
1990-09-20,593.29,593.29,583.95,585.19,"9,482,100"
1990-09-19,596.18,599.65,591.39,592.8,"16,873,600"
1990-09-18,559.98,589.43,559.98,589.42,"11,843,600"
1990-09-17,582.51,582.51,566.27,566.27,"7,176,200"
1990-09-15,598.45,598.45,590.62,590.62,"5,027,400"
1990-09-14,606.39,606.39,602.14,603.52,"7,542,300"
1990-09-13,608.92,608.92,605.08,608.04,"6,255,000"
1990-09-12,612.47,612.91,609.44,610.88,"4,618,900"
1990-09-11,612.64,614.29,611.94,613.49,"5,287,100"
1990-09-10,610.54,613.19,610.06,612.63,"4,708,500"
1990-09-08,612.24,613.99,611.82,612.57,"4,581,700"
1990-09-07,614.27,614.27,606.45,613.08,"9,369,400"
1990-09-06,622.36,624.17,613.9,616.29,"9,606,800"
1990-09-05,630.07,632.01,621.6,625,"8,351,300"
1990-09-04,637.96,646.04,628.41,632.34,"15,369,300"
1990-09-03,611,635.37,611,635.37,"7,746,500"
1990-09-01,605.15,611.48,605.15,609.01,"7,109,300"
1990-08-31,616.48,616.48,606.87,606.87,"11,415,700"
1990-08-30,644.33,646.35,626.85,626.85,"16,147,300"
1990-08-29,650.29,656.37,632.48,647.77,"22,592,500"
1990-08-28,633.57,642.42,633.57,642.42,"4,246,400"
1990-08-27,600.18,614.29,600.18,614.29,"3,923,700"
1990-08-25,587.65,587.65,580.97,587.38,"7,085,300"
1990-08-24,595.36,599.05,584.88,594.23,"15,790,800"
1990-08-23,606.59,606.59,596.78,603.62,"14,422,000"
1990-08-22,612.39,614.02,601.94,607.16,"9,802,600"
1990-08-21,617.51,617.51,606.85,610.47,"8,618,900"
1990-08-20,626.32,627.91,621.32,621.33,"5,306,500"
1990-08-18,624.9,628.96,624.9,628.07,"4,360,900"
1990-08-17,618.15,627.21,614.55,623.9,"9,875,600"
1990-08-16,632.61,637.47,620.39,625.03,"10,052,100"
1990-08-14,641.61,641.61,632.3,632.3,"7,088,400"
1990-08-13,654.7,656.81,645.86,645.86,"5,879,000"
1990-08-11,657.61,659.91,655.89,655.89,"6,016,900"
1990-08-10,647.33,664.59,647.06,658.94,"11,026,600"
1990-08-09,642.01,650.53,638.64,648.95,"12,813,700"
1990-08-08,653.19,653.19,645.98,646.03,"7,864,300"
1990-08-07,656.79,656.79,647.7,655.88,"9,234,300"
1990-08-06,668.78,668.78,661.29,661.4,"5,290,000"
1990-08-04,674.74,674.74,671.41,671.42,"3,842,100"
1990-08-03,682.45,684.71,678.35,678.37,"8,580,100"
1990-08-02,693.52,694.87,688.18,688.28,"6,593,800"
1990-08-01,678.84,696.39,678.84,690.21,"9,499,000"
1990-07-31,672.07,678.39,672.07,678.38,"4,503,900"
1990-07-30,677.61,677.61,672.71,673.8,"2,371,600"
1990-07-28,675.7,680.37,675.59,678.74,"4,470,700"
1990-07-27,675.35,675.35,669.66,673.16,"4,773,700"
1990-07-26,686.01,686.01,676.83,676.83,"3,895,200"
1990-07-25,678.66,690.21,678.66,685.27,"6,925,500"
1990-07-24,678.11,680.6,674.08,679.67,"4,900,500"
1990-07-23,683.12,684.77,680.8,681.38,"3,389,900"
1990-07-21,690.93,690.93,686.43,686.69,"2,359,300"
1990-07-20,694.2,694.93,691.94,694.64,"4,967,600"
1990-07-19,696.3,702.27,689.75,693.44,"7,527,800"
1990-07-18,695.48,704.84,693.83,698.01,"9,820,800"
1990-07-16,685.74,685.74,677.24,683.01,"4,483,800"
1990-07-14,688.35,697.27,688.35,689.19,"4,907,800"
1990-07-13,701.14,701.14,688.78,688.78,"5,979,600"
1990-07-12,707.99,707.99,699.13,701.91,"7,973,300"
1990-07-11,716.8,717.02,711,711,"4,990,500"
1990-07-10,716.39,718.75,715.12,718.75,"4,957,900"
1990-07-09,712.64,715.28,712.2,715.28,"5,059,800"
1990-07-07,714.03,714.65,712.09,713.41,"3,727,200"
1990-07-06,720.35,728.98,715.36,716.17,"8,806,900"
1990-07-05,730.15,733.59,723.1,723.1,"7,764,000"
1990-07-04,750,752.41,735.3,735.3,"16,068,700"
1990-07-03,717.47,745.04,717.47,745.04,"6,791,800"
1990-07-02,704.5,713.19,704.5,713.18,"5,816,500"
1990-06-30,716.35,716.35,706.49,706.79,"4,800,800"
1990-06-29,727.55,727.55,719.99,720,"6,219,300"
1990-06-28,741.83,741.83,729.59,732.64,"7,589,300"
1990-06-27,736.81,740.02,735.56,740.01,"6,430,100"
1990-06-26,736.54,736.54,733,736.42,"6,562,300"
1990-06-25,744.06,744.06,739.45,739.8,"4,620,600"
1990-06-23,746.65,748.45,746.65,747.12,"3,864,300"
1990-06-22,746.27,748.04,744.49,747.37,"5,742,700"
1990-06-21,739.09,746.37,739.09,743.17,"5,921,600"
1990-06-20,745.66,750.72,740.84,740.84,"6,066,300"
1990-06-19,749.92,762.48,746.41,749.61,"10,546,600"
1990-06-18,768.44,768.44,756.39,756.39,"6,106,900"
1990-06-16,768.64,774.07,768.38,774.07,"4,388,600"
1990-06-15,770.87,772.09,768.43,770.77,"7,764,600"
1990-06-14,776.9,776.9,771.41,772.2,"6,181,400"
1990-06-13,782.99,782.99,777.08,780.56,"6,982,400"
1990-06-12,782.33,787.31,782.02,784.97,"7,945,600"
1990-06-11,794.98,794.98,786.35,786.35,"6,346,800"
1990-06-09,800.52,800.52,797.92,799.12,"5,282,800"
1990-06-08,801.14,805.85,799.36,804.47,"10,248,800"
1990-06-07,805.63,807.43,800.79,804.09,"9,940,500"
1990-06-05,814.4,818.81,806.97,807.97,"16,486,500"
1990-06-04,806.32,814.4,805.87,814.4,"17,267,700"
1990-06-02,804.34,805.86,804.34,804.85,"9,632,000"
1990-06-01,804.67,806.92,798.93,803.64,"17,723,100"
1990-05-31,795.94,802.4,795.94,797.95,"16,821,100"
1990-05-30,783.42,799.79,779.48,789.89,"12,359,300"
1990-05-29,778.1,784.49,778.1,783.87,"8,297,600"
1990-05-28,780.01,781.77,776.59,778.23,"5,450,500"
1990-05-26,790.49,790.49,783.72,783.74,"4,156,000"
1990-05-25,785.08,792.43,785.08,790.73,"8,478,700"
1990-05-24,785.85,785.85,781.14,785.79,"6,638,100"
1990-05-23,786.01,792.19,784.14,787.91,"10,844,100"
1990-05-22,773.78,789.32,773.78,785.93,"13,169,800"
1990-05-21,765.77,770.29,765.77,770.28,"5,926,200"
1990-05-19,764.93,774.14,764.93,765.16,"6,532,700"
1990-05-18,766.68,774.94,762.95,766.15,"8,743,900"
1990-05-17,776.74,784.35,771.8,773.43,"16,586,800"
1990-05-16,728.66,756.87,728.66,756.87,"7,405,300"
1990-05-15,726.98,726.98,710.06,724.76,"7,983,700"
1990-05-14,741.17,742.29,733.8,734.42,"7,974,000"
1990-05-12,762.79,764.83,749.08,749.08,"5,067,900"
1990-05-11,766.62,775.46,752.92,762.27,"9,360,900"
1990-05-10,787.5,787.5,769.54,771.76,"8,680,300"
1990-05-09,800.63,800.63,791.04,793.36,"11,605,300"
1990-05-08,791.49,804.86,791.49,796.54,"16,187,200"
1990-05-07,794.86,806.42,791.56,791.56,"20,961,800"
1990-05-04,774.44,782.42,774.44,782.33,"20,058,600"
1990-05-03,743.39,750.82,743.39,750.82,"3,952,100"
1990-05-01,701.9,718.46,701.9,718.45,"8,340,600"
1990-04-30,702.69,702.69,688.66,688.66,"4,446,400"
1990-04-28,733.18,733.18,720.37,720.37,"3,910,000"
1990-04-27,728.86,748.86,719.94,748.86,"8,457,300"
1990-04-26,750.18,750.18,726.11,726.11,"7,199,700"
1990-04-25,767.09,767.09,755.06,755.07,"5,322,900"
1990-04-24,774,775.97,768.14,768.47,"5,181,400"
1990-04-23,780.06,780.06,769.8,774.4,"4,632,100"
1990-04-21,767.81,780.06,767.81,780.04,"6,403,800"
1990-04-20,773.98,777.37,765.54,767.45,"7,854,900"
1990-04-19,783.61,787.1,767.67,768.31,"7,840,400"
1990-04-18,796.45,803.93,781.53,781.53,"11,759,800"
1990-04-17,771.83,796.6,771.56,796.56,"14,031,600"
1990-04-16,788.41,788.47,777,777,"9,355,000"
1990-04-14,801.79,801.79,792.46,793.14,"6,503,100"
1990-04-13,805.36,807.57,799.73,803.15,"12,822,200"
1990-04-12,812.44,812.83,804.16,806.86,"11,318,600"
1990-04-11,809.45,815.85,809.11,813.66,"10,682,000"
1990-04-10,815.94,816.03,809.52,810.76,"7,981,900"
1990-04-09,819.13,823.43,816.21,816.78,"8,450,600"
1990-04-07,828.46,828.46,819.3,819.3,"6,879,100"
1990-04-06,826.59,831.76,819.29,831.73,"12,314,100"
1990-04-04,837.27,838.12,825.34,828.98,"16,389,100"
1990-04-03,838.41,838.99,831.06,836.63,"13,013,000"
1990-04-02,839.38,844.94,838.29,838.29,"14,065,300"
1990-03-31,845.53,845.53,840.34,840.89,"12,094,000"
1990-03-30,826.12,845.98,826.12,845.98,"12,950,500"
1990-03-29,817.9,826.91,817.9,824.59,"13,890,500"
1990-03-28,826.38,826.38,818.9,819.04,"9,007,400"
1990-03-27,834.86,835.82,827.92,827.92,"9,088,300"
1990-03-26,836.88,837.33,832.52,834.54,"7,067,200"
1990-03-24,840.97,840.97,837.18,837.4,"8,716,200"
1990-03-23,845.31,846.2,841.62,841.79,"9,634,900"
1990-03-22,850.09,850.85,844.86,845.96,"11,513,600"
1990-03-21,853.48,855.15,849.01,849.91,"17,374,800"
1990-03-20,843.93,849.98,843.09,849.98,"15,013,500"
1990-03-19,838.62,842.12,837.99,839.42,"7,549,200"
1990-03-17,843.57,843.57,833.38,835.13,"6,066,400"
1990-03-16,839.7,846.67,839.62,842.27,"10,040,500"
1990-03-15,836.44,837.19,833.29,835.59,"7,117,700"
1990-03-14,840.95,844.85,836.81,838.19,"8,850,300"
1990-03-13,850.25,850.26,841.55,841.56,"8,166,500"
1990-03-12,853.28,854.06,849.24,850.65,"9,282,600"
1990-03-09,848.96,852.7,846.93,852.7,"9,395,200"
1990-03-08,845.01,857.36,843.1,847.77,"10,383,000"
1990-03-07,855.5,855.89,846.88,847.46,"8,966,900"
1990-03-06,860.59,864.8,852.59,857.58,"12,886,900"
1990-03-05,873.41,876.26,865.22,865.22,"12,760,000"
1990-03-03,886.34,887.97,881.02,881.44,"13,292,500"
1990-03-02,881.16,886.42,879.93,884.07,"21,371,600"
1990-02-28,860.34,868.16,857.19,861.59,"17,157,800"
1990-02-27,830.66,859.83,830.66,859.83,"12,517,900"
1990-02-26,842.37,842.37,833.81,833.81,"8,692,200"
1990-02-24,848.04,848.04,843.1,845.25,"5,625,700"
1990-02-23,853.45,857.68,850.84,850.84,"8,264,000"
1990-02-22,852.08,853.47,847.13,853.45,"9,827,700"
1990-02-21,856.01,857.93,852.02,853.04,"9,426,400"
1990-02-20,857.47,861.75,855.78,856.64,"8,977,200"
1990-02-19,865,865,859.24,859.24,"9,446,500"
1990-02-17,871.38,871.38,866.93,866.93,"6,458,800"
1990-02-16,873.07,875.34,872.15,872.5,"10,872,900"
1990-02-15,874.14,876.88,873.48,874.09,"11,461,100"
1990-02-14,866.65,872.64,866.65,872.63,"8,406,300"
1990-02-13,864.07,872.85,863.77,866.57,"10,929,200"
1990-02-12,872.29,872.88,867.05,867.05,"9,140,900"
1990-02-10,876.95,876.95,873.29,873.59,"5,788,200"
1990-02-09,884.17,884.45,879.09,879.1,"12,775,100"
1990-02-08,879.8,882.52,876.06,882.52,"12,408,000"
1990-02-07,888.21,888.92,880.39,880.39,"11,570,100"
1990-02-06,880.21,886.86,878.41,886.86,"11,466,200"
1990-02-05,874.92,881.47,874.92,877.45,"7,954,000"
1990-02-03,873.43,877.89,873.43,874.92,"6,349,100"
1990-02-02,880.86,884.54,877.81,878.15,"11,021,700"
1990-02-01,891.04,891.04,884.43,885.83,"12,308,200"
1990-01-31,882.94,896.16,879.36,896.16,"18,172,900"
1990-01-30,899.54,899.54,885.69,888.47,"15,218,000"
1990-01-29,900.74,901.29,896.11,897.32,"12,267,600"
1990-01-25,907.84,907.84,902.56,905.75,"23,607,300"
1990-01-24,900.94,905.53,898.06,903.58,"20,476,800"
1990-01-23,899.42,905.26,889.89,890.52,"17,487,000"
1990-01-22,885.75,898.89,882.89,898.89,"17,409,300"
1990-01-20,865.98,872.97,865.98,872.97,"6,356,800"
1990-01-19,873.48,873.48,865.59,868.2,"7,786,800"
1990-01-18,876.49,881.25,874.18,874.81,"9,066,500"
1990-01-17,882.65,882.65,874.41,874.41,"6,927,600"
1990-01-16,881.23,884.47,874.34,883.43,"10,384,500"
1990-01-15,888.53,892.71,883.02,883.04,"8,854,900"
1990-01-13,901.62,901.62,893.46,893.47,"7,384,600"
1990-01-12,903.76,905.6,896.75,903.11,"11,627,200"
1990-01-11,907.34,913.24,903.27,903.27,"12,647,400"
1990-01-10,920.79,920.79,911.35,911.48,"15,278,700"
1990-01-09,923.82,923.82,914.64,920.21,"18,646,100"
1990-01-08,916.33,920.48,909.79,919.46,"17,577,900"
1990-01-06,915.13,921.51,912.86,912.86,"12,519,900"
1990-01-05,926.56,931.56,913.66,915.11,"22,179,000"
1990-01-04,911.21,933.24,911.21,928.82,"18,094,300"
1990-01-03,903.07,908.59,877.04,908.59,"6,735,500"
1989-12-26,933.27,933.61,909.71,909.72,"25,859,000"
1989-12-23,936.03,936.03,932.64,932.99,"19,674,400"
1989-12-22,933.39,936.2,925.47,936.2,"35,635,300"
1989-12-21,935.38,936.02,930.41,932.66,"29,895,600"
1989-12-20,928.96,933.55,924.46,933.45,"30,728,100"
1989-12-19,912.53,926.82,906.04,926.82,"25,436,300"
1989-12-18,921.77,923.45,914.8,914.92,"18,338,700"
1989-12-16,923.09,925.64,916.96,921.87,"17,886,300"
1989-12-15,928.1,928.1,918.04,918.04,"31,745,500"
1989-12-14,926.3,939.99,926.3,928.1,"33,468,200"
1989-12-13,901.51,915.72,901.51,915.72,"14,387,200"
1989-12-12,866.29,879.46,866.29,879.46,"5,071,200"
1989-12-11,848.05,855.68,843.32,844.75,"7,937,500"
1989-12-09,860.47,860.47,850.02,850.02,"5,214,800"
1989-12-08,870.77,874.77,862.71,864.5,"9,843,100"
1989-12-07,883.41,883.41,874.94,874.94,"6,542,700"
1989-12-06,884.29,887.45,880.72,883.27,"7,075,400"
1989-12-05,889.82,889.82,884.12,884.12,"6,046,900"
1989-12-04,896.13,897.13,889.35,891.13,"7,367,200"
1989-12-02,897.16,897.59,896.24,896.34,"5,949,200"
1989-12-01,907.24,907.94,898.77,898.77,"8,466,500"
1989-11-30,899.29,906.33,899.29,906.33,"10,847,000"
1989-11-29,895.21,898.85,895.21,898,"7,741,600"
1989-11-28,894.82,898.69,893.37,893.85,"8,935,700"
1989-11-27,903.55,904.53,896.61,896.61,"9,040,100"
1989-11-25,909.43,910.47,905.89,905.89,"7,863,800"
1989-11-24,890.93,908.86,890.91,907.44,"13,436,800"
1989-11-23,889.94,897.1,889.94,890.65,"9,295,300"
1989-11-22,882.79,889.16,882.79,889.15,"7,131,400"
1989-11-21,886.96,886.96,881.93,884.17,"5,519,900"
1989-11-20,900.83,900.83,889.97,889.97,"5,584,100"
1989-11-18,897.57,900.85,895.4,900.83,"6,019,500"
1989-11-17,907.05,907.05,898.08,899.6,"7,744,500"
1989-11-16,909.3,913.34,908.19,908.51,"10,803,000"
1989-11-15,907.01,909.23,903.87,907.58,"13,110,100"
1989-11-14,921.18,921.46,909.6,909.6,"14,576,600"
1989-11-13,932.25,934.15,925.31,925.32,"16,435,100"
1989-11-11,930.77,932.35,927.33,932.25,"14,125,900"
1989-11-10,914.63,927.66,913.63,927.59,"16,910,600"
1989-11-09,873.37,907.21,873.37,907.21,"9,221,300"
1989-11-08,879.16,880.54,872.79,872.88,"5,752,400"
1989-11-07,880.55,880.55,876.04,877.76,"5,094,400"
1989-11-06,885.29,888.86,881.46,881.46,"4,292,900"
1989-11-04,887.12,889.16,887.12,888.86,"3,578,200"
1989-11-03,884.75,887.93,884.75,887.18,"5,238,000"
1989-11-02,888.65,888.65,880.53,885.34,"5,170,700"
1989-11-01,895.96,896.11,891.27,891.27,"3,933,200"
1989-10-31,894,897.15,891.99,894.02,"5,942,800"
1989-10-30,894.4,896.32,893.73,896.11,"5,216,600"
1989-10-28,895.21,898.79,894.39,894.4,"4,869,200"
1989-10-27,897.53,897.53,890.65,893.59,"5,307,500"
1989-10-26,896.3,899.23,895.25,899.12,"5,471,100"
1989-10-25,902.4,902.4,897.35,898.36,"5,348,000"
1989-10-24,890.79,903.5,889.62,903.5,"7,502,400"
1989-10-23,891.29,895.6,886.38,891.3,"5,539,000"
1989-10-21,901.77,901.77,897.33,897.34,"3,663,700"
1989-10-20,909.1,911.4,902,903.29,"5,994,300"
1989-10-19,915.53,915.53,909.39,909.54,"8,136,600"
1989-10-18,927.63,927.63,916.39,917.19,"6,677,100"
1989-10-17,925.67,928.08,924.59,927.69,"9,213,900"
1989-10-16,934.41,934.41,926.41,927.21,"6,483,300"
1989-10-14,933.58,935.2,933.16,934.41,"7,737,300"
1989-10-13,930.1,932.42,929.13,932.42,"9,038,400"
1989-10-12,929.25,930.98,929.25,929.61,"7,613,100"
1989-10-11,923,928.06,923,928.06,"9,048,600"
1989-10-10,921.22,921.88,921.15,921.77,"6,973,800"
1989-10-07,922.03,922.68,921.7,922.67,"6,008,800"
1989-10-06,924.54,925.1,921.09,922.92,"8,532,300"
1989-10-05,923.56,929.16,922,925.11,"8,815,900"
1989-10-04,938.29,938.29,929.28,929.28,"6,371,500"
1989-09-30,942,942.41,941.13,942.41,"9,221,500"
1989-09-29,935.25,943.46,935.25,943.44,"13,044,700"
1989-09-28,927.55,931.97,926.79,931.95,"12,866,900"
1989-09-27,924.55,926.07,923.11,924.75,"10,431,000"
1989-09-26,928.35,928.35,922.34,925.42,"9,134,300"
1989-09-25,929.57,932.81,928.22,928.22,"7,703,200"
1989-09-23,930.17,931.23,928.75,929.1,"5,555,500"
1989-09-22,936.67,936.88,932.08,932.36,"8,115,800"
1989-09-21,938.95,943.48,938.13,938.13,"9,460,600"
1989-09-20,945.89,947.77,943.61,943.87,"10,838,300"
1989-09-19,948.39,952.02,947.28,952.02,"10,408,800"
1989-09-18,962.16,962.16,953.17,953.17,"13,631,400"
1989-09-16,966.95,966.95,961.29,961.49,"6,536,600"
1989-09-12,958.23,967.13,957.7,964.28,"13,333,900"
1989-09-11,961.35,962.87,958.62,958.88,"10,591,100"
1989-09-09,966.69,967.07,961.17,961.85,"10,148,900"
1989-09-08,960.33,963.3,954.94,963.3,"13,750,300"
1989-09-07,959.38,964.01,957.19,957.2,"14,211,000"
1989-09-06,975.28,975.28,961.72,961.72,"18,501,300"
1989-09-05,969.92,971.9,961.38,971.9,"16,322,800"
1989-09-04,983.12,983.12,974.83,975.07,"19,307,200"
1989-09-02,984.07,984.07,977.67,981.62,"13,251,100"
1989-09-01,975.29,993.87,973.28,984.09,"27,237,700"
1989-08-31,987.76,994.46,975.28,975.28,"32,089,800"
1989-08-30,975.13,983.53,970.86,983.53,"29,753,500"
1989-08-29,977.53,978.76,976.1,976.37,"31,719,600"
1989-08-28,970.87,977,969.23,973.72,"30,887,700"
1989-08-26,952.51,960.93,952.51,960.54,"16,393,200"
1989-08-25,954.86,957.41,945.02,945.02,"28,019,000"
1989-08-24,938.39,951.1,938.39,951.07,"24,632,900"
1989-08-23,926.33,931.83,926.33,931.83,"20,817,500"
1989-08-22,909.04,918.52,909.04,918.52,"17,283,000"
1989-08-21,904.14,908.26,904.14,905.85,"13,583,600"
1989-08-19,907.55,909.57,903.1,903.14,"10,383,000"
1989-08-18,904.91,905.11,900.93,901.87,"11,343,000"
1989-08-17,906.95,909.67,903.98,904.79,"12,184,600"
1989-08-16,913.04,913.04,905.65,905.72,"8,934,400"
1989-08-14,916.72,918.71,913.84,913.84,"13,745,000"
1989-08-12,911.04,914.17,910.55,914.17,"8,734,500"
1989-08-11,915.92,918.6,914.09,914.09,"12,262,800"
1989-08-10,918.98,920.36,914.41,917.08,"13,589,300"
1989-08-09,910.35,915.91,910.35,914.87,"13,531,400"
1989-08-08,903.22,906.11,901.8,906.1,"9,800,800"
1989-08-07,901.15,903.41,897.93,900.66,"8,398,000"
1989-08-05,893.93,897.62,893.93,897.61,"6,379,400"
1989-08-04,888.27,889.41,887.52,889.41,"5,941,300"
1989-08-03,894.24,894.24,890.8,890.8,"6,270,100"
1989-08-02,889.03,894.43,887.05,894.24,"6,558,200"
1989-08-01,896.34,896.34,890.62,890.98,"5,876,700"
1989-07-31,892.39,895.68,891.38,895.66,"10,616,100"
1989-07-29,898.35,898.35,894.46,894.48,"6,910,200"
1989-07-28,888.7,897.45,887.52,897.45,"10,442,300"
1989-07-27,897.03,897.03,892.16,892.71,"10,200,000"
1989-07-26,900.83,900.83,895.34,897.05,"11,544,400"
1989-07-25,892.08,899.1,891.68,899.1,"11,518,400"
1989-07-24,891.01,891.01,887.82,890.43,"7,888,300"
1989-07-22,894.5,894.5,892.18,892.66,"5,541,900"
1989-07-21,903.33,903.33,896.73,897.58,"8,329,500"
1989-07-20,897.36,900.59,897.36,900.59,"10,054,000"
1989-07-19,905.24,905.59,898.33,898.71,"9,593,900"
1989-07-18,909.42,909.64,902.64,905.1,"14,830,800"
1989-07-15,892.37,902.39,892.37,902.38,"11,060,800"
1989-07-14,889.18,895.12,889.18,890.39,"11,168,400"
1989-07-13,889.99,896.19,889.66,890.71,"13,822,500"
1989-07-12,883.19,895.32,883.19,891.09,"14,662,700"
1989-07-11,876.87,883.19,876.87,883.19,"12,966,500"
1989-07-10,870.09,876.57,868.35,869.5,"5,640,400"
1989-07-08,872.72,873.19,868.95,873.17,"3,952,700"
1989-07-07,860.59,878.01,855.48,878.01,"8,520,800"
1989-07-06,871.2,873.24,863.99,864.01,"6,320,500"
1989-07-05,875.39,878.4,871.1,874.27,"7,107,700"
1989-07-04,867.12,877.91,867.12,875.19,"11,564,600"
1989-07-03,853.55,865.9,853.55,865.9,"7,305,600"
1989-07-01,850.4,850.4,842.95,846.3,"5,153,300"
1989-06-30,864.26,864.26,854.61,854.61,"7,354,000"
1989-06-29,866.82,871.22,864.28,864.28,"7,374,700"
1989-06-28,879.36,879.36,866.28,866.48,"7,741,300"
1989-06-27,882.43,882.43,877.88,879.52,"6,867,100"
1989-06-26,887.82,892.39,882.73,882.73,"7,018,200"
1989-06-24,888.02,888.02,887.33,887.66,"5,200,400"
1989-06-23,891.34,891.34,881.54,888.02,"7,323,800"
1989-06-22,903.41,903.41,894.8,894.8,"7,916,100"
1989-06-21,907.22,908.84,903.43,903.43,"10,021,100"
1989-06-20,895.48,907.14,893.08,907.14,"11,843,600"
1989-06-19,909.44,909.44,894.74,895.6,"7,290,300"
1989-06-17,913.97,913.97,909.55,910.14,"7,285,100"
1989-06-16,929.62,929.62,913.98,914.18,"9,712,400"
1989-06-15,930.37,931.64,929.66,929.66,"13,173,800"
1989-06-14,919.23,930.51,917.7,930.26,"11,580,900"
1989-06-13,920.67,930.03,919.98,919.98,"12,942,700"
1989-06-12,911.06,920.48,909.82,920.48,"10,440,400"
1989-06-10,905.18,911.5,905.18,911.14,"8,246,800"
1989-06-09,898.08,904.69,892.59,904.69,"9,605,900"
1989-06-08,875.49,897.88,872.51,897.88,"7,636,800"
1989-06-07,896.4,896.4,875.65,875.99,"6,974,200"
1989-06-05,918.47,918.47,899.68,901.46,"4,603,400"
1989-06-03,925.14,926.98,921.18,921.18,"4,661,900"
1989-06-02,931.07,931.07,923.65,925.04,"4,748,900"
1989-06-01,932.59,935.28,932.48,932.48,"4,635,200"
1989-05-31,937.97,938.66,932.36,932.76,"5,599,900"
1989-05-30,937.16,938.99,937.16,938.24,"5,962,300"
1989-05-29,938.03,942.55,937.36,937.36,"5,342,100"
1989-05-27,935.95,939.05,935.95,938.19,"5,304,000"
1989-05-26,930.25,935.65,930.25,935.65,"6,411,100"
1989-05-25,934.94,934.94,928.89,930.34,"5,262,900"
1989-05-24,924.03,935.08,924.03,935.08,"7,024,100"
1989-05-23,929.8,929.8,924.23,924.59,"5,352,500"
1989-05-22,937.25,937.65,930.03,930.03,"6,751,700"
1989-05-20,933.82,936.97,933.82,936.93,"5,741,200"
1989-05-19,927.17,934.27,927.17,933.69,"7,680,000"
1989-05-18,928.56,928.56,926.25,926.91,"6,391,600"
1989-05-17,925.6,931.02,925.6,928.37,"7,574,500"
1989-05-16,926.45,926.45,922.99,925.37,"8,302,500"
1989-05-15,938.48,938.48,927.06,927.06,"7,369,100"
1989-05-13,945.74,945.74,939.66,939.66,"4,360,100"
1989-05-11,951.19,951.19,945.5,945.84,"8,338,400"
1989-05-10,950.16,953.55,950.16,951.09,"8,435,700"
1989-05-09,944.9,950.37,944.9,950.16,"9,496,500"
1989-05-08,948.98,952.71,944.5,944.5,"9,308,900"
1989-05-06,942.06,949.1,942.06,948.98,"7,249,000"
1989-05-04,941.8,941.8,941.8,941.8,"9,530,300"
1989-05-03,940.98,940.98,933.66,933.66,"8,817,700"
1989-05-02,946.19,947.08,940.58,941.13,"10,400,500"
1989-05-01,940.63,952.23,940.63,946.2,"9,399,200"
1989-04-29,935.3,940.54,935.3,940.54,"6,458,100"
1989-04-28,939.46,946.44,935.46,935.46,"10,740,400"
1989-04-27,934.52,939.21,932.35,939.21,"11,070,900"
1989-04-26,943.76,943.76,934.72,934.72,"12,288,500"
1989-04-25,949.05,949.62,943.81,943.81,"12,426,700"
1989-04-24,941.88,950.33,941.88,949.14,"10,609,400"
1989-04-22,947.54,947.54,941.88,941.88,"8,134,200"
1989-04-21,954.03,954.03,947.73,947.73,"14,109,900"
1989-04-20,957.74,957.74,943.26,953.91,"11,683,700"
1989-04-19,960.42,968.96,958.25,958.25,"14,237,900"
1989-04-18,962.65,962.65,955.98,960.01,"13,119,000"
1989-04-17,950.5,964.8,950.5,962.7,"16,095,100"
1989-04-15,944.59,950.32,944.45,950.31,"9,666,900"
1989-04-14,951.6,953.58,944.59,944.59,"16,189,300"
1989-04-13,928,951.48,928,951.48,"15,845,400"
1989-04-12,955.19,955.19,927.96,927.96,"13,953,800"
1989-04-11,963.26,963.26,955.49,955.49,"15,417,000"
1989-04-10,982.65,982.65,963.36,963.36,"14,410,400"
1989-04-08,978.36,982.63,978.36,982.62,"13,279,400"
1989-04-07,982.69,982.69,977.5,978.13,"17,228,600"
1989-04-06,"1,001.23","1,002.11",982.65,982.65,"17,239,900"
1989-04-04,"1,005.92","1,005.92",996.72,"1,000.98","17,344,500"
1989-04-03,"1,007.90","1,015.75","1,006.15","1,006.15","24,497,500"
1989-04-01,"1,003.31","1,007.77","1,003.31","1,007.77","13,913,600"
1989-03-31,987.84,"1,005.72",987.84,"1,003.31","30,480,400"
1989-03-30,984.66,987.44,983.13,987.44,"22,556,900"
1989-03-29,979.01,989.3,979.01,985.21,"25,330,700"
1989-03-28,973.21,978.53,973.03,978.53,"17,792,600"
1989-03-27,979.47,981.36,973.09,973.09,"15,114,600"
1989-03-25,971.82,979.55,971.82,979.16,"16,088,400"
1989-03-24,983.63,983.63,971.41,971.45,"14,923,900"
1989-03-23,981.46,984.72,979.89,983.55,"16,939,300"
1989-03-22,992.94,"1,000.49",981.56,981.56,"21,651,900"
1989-03-21,991.48,992.59,985.71,992.59,"18,718,200"
1989-03-20,981.76,"1,000.28",981.76,991.64,"25,687,000"
1989-03-18,985.09,985.09,977.37,981.41,"13,204,400"
1989-03-17,986.51,997.05,985.68,985.68,"29,494,900"
1989-03-16,986.37,987.72,983.39,986.09,"27,467,900"
1989-03-15,971.51,987.54,971.51,986,"27,235,800"
1989-03-14,972.31,972.31,968.91,970.74,"24,357,200"
1989-03-13,963.79,974.33,963.79,971.94,"26,566,400"
1989-03-11,951.28,963.16,951.28,963.16,"15,672,000"
1989-03-09,939.92,953.54,939.92,950.87,"21,556,600"
1989-03-08,923.33,939.49,923.33,939.49,"19,248,000"
1989-03-07,921.43,923.2,921.43,923.2,"14,345,700"
1989-03-06,913.62,921.53,913.62,921.53,"9,543,100"
1989-03-04,909.77,913.62,909.77,913.62,"6,979,100"
1989-03-03,916.26,916.26,909.15,909.72,"10,508,600"
1989-03-02,918.07,918.14,916.34,916.34,"10,490,600"
1989-02-28,922.4,922.4,916.89,917.9,"9,619,200"
1989-02-27,918.83,924.34,918.83,922.44,"11,389,300"
1989-02-25,917.12,918.69,917.12,918.6,"8,326,900"
1989-02-24,924.32,924.32,915.59,917.08,"11,515,500"
1989-02-23,924.32,927.52,924.32,924.45,"12,947,700"
1989-02-22,917.74,924.5,917.74,924.32,"17,620,000"
1989-02-21,914.93,917.7,914.93,917.7,"13,718,200"
1989-02-20,909.08,918.34,909.08,914.88,"15,025,500"
1989-02-18,900.59,908.88,900.59,908.88,"9,562,800"
1989-02-17,895.76,901.02,895.76,900.44,"13,261,200"
1989-02-16,893.96,895.68,892.15,895.68,"11,764,600"
1989-02-15,900.07,900.45,894.15,894.15,"14,034,800"
1989-02-14,897.52,901.41,897.52,900.05,"14,780,600"
1989-02-13,887.79,897.67,887.79,897.67,"16,953,300"
1989-02-11,883.31,887.52,882.78,887.52,"8,274,700"
1989-02-10,892.8,892.8,882.29,883.27,"11,241,200"
1989-02-09,892.32,892.88,891.25,892.86,"16,715,800"
1989-02-08,888.03,892.43,888.03,891.97,"14,250,600"
1989-02-04,886.23,887.75,886.23,887.75,"12,449,900"
1989-02-03,878.78,886.6,878.78,885.85,"14,877,500"
1989-02-02,886.73,886.73,877.34,878.42,"9,526,400"
1989-02-01,884.38,886.68,884.38,886.68,"14,526,500"
1989-01-31,881.3,884.29,881.19,884.29,"16,635,000"
1989-01-30,869.87,881.34,869.87,881.33,"12,162,500"
1989-01-28,873.81,873.81,869.76,869.74,"6,112,800"
1989-01-27,861.66,873.92,861.66,873.92,"9,906,200"
1989-01-26,858.47,861.52,858.47,861.46,"7,834,200"
1989-01-25,855.78,858.4,849.03,858.4,"8,720,500"
1989-01-24,862.7,867.97,855.96,855.96,"9,151,800"
1989-01-23,864.86,864.86,858.19,862.84,"6,735,000"
1989-01-21,868.51,868.51,864.86,864.86,"5,806,300"
1989-01-20,862.53,868.51,859.07,868.51,"9,475,800"
1989-01-19,867.09,869.49,863.07,863.07,"10,358,800"
1989-01-18,881.49,881.49,864.01,867.16,"9,284,100"
1989-01-17,886.49,887.68,881.83,881.83,"10,426,600"
1989-01-16,905.66,908.4,886.62,886.62,"11,121,200"
1989-01-14,886.84,905.62,886.84,905.62,"8,559,100"
1989-01-13,889.34,889.34,885.27,886.75,"10,775,700"
1989-01-12,884.79,892.48,884.79,889.26,"14,126,400"
1989-01-11,896.73,896.73,884.12,884.63,"11,037,600"
1989-01-10,896.73,896.73,896.73,896.73,"18,746,200"
1989-01-09,919.74,919.74,901.5,901.64,"15,220,900"
1989-01-07,920.48,924.53,919.51,919.51,"13,078,300"
1989-01-06,917.12,920.28,906.01,920.28,"16,049,000"
1989-01-05,919.68,937.34,917.49,917.49,"19,653,100"
1989-01-04,907.2,919.61,896.25,919.61,"3,675,900"
1988-12-26,885.31,907.2,885.31,907.2,"19,053,700"
1988-12-24,876.27,885.32,873.68,885.32,"9,102,200"
1988-12-23,890.48,890.48,876.77,876.77,"14,043,000"
1988-12-22,899.51,901.15,890.89,891.03,"15,075,000"
1988-12-21,898.64,899.63,897.69,899.63,"16,667,400"
1988-12-20,917.18,917.88,898.76,898.76,"16,532,500"
1988-12-19,908.12,920.73,908.12,916.94,"18,982,700"
1988-12-17,902.12,907.63,902.12,907.63,"13,342,300"
1988-12-16,908.47,908.47,898.03,901.96,"16,164,400"
1988-12-15,922.71,930.1,908.47,908.47,"20,991,500"
1988-12-14,919.45,922.56,912.85,922.56,"19,812,500"
1988-12-13,911.61,921.85,911.61,919.99,"27,307,600"
1988-12-12,890.06,911.35,890.06,911.35,"26,234,600"
1988-12-10,879.13,885.79,879.13,889.72,"11,636,400"
1988-12-09,871.14,879.13,871.14,879.13,"24,680,600"
1988-12-08,869.54,874.03,869.54,871.14,"22,204,000"
1988-12-07,857.51,869.44,857.51,869.25,"25,279,600"
1988-12-06,848.67,857.51,848.54,857.51,"19,890,700"
1988-12-05,834.43,851.23,834.43,848.46,"20,635,600"
1988-12-03,833.2,834.04,833.12,833.89,"10,509,100"
1988-12-02,825.41,839.15,825.41,833.69,"22,062,200"
1988-12-01,830.78,830.78,819.7,825,"14,309,200"
1988-11-30,835.41,839.82,830.94,831.12,"21,073,400"
1988-11-29,825.26,836.07,825.26,836.07,"22,838,900"
1988-11-28,811.01,826.03,811.01,826.03,"19,458,200"
1988-11-26,813.05,813.16,810.78,810.78,"11,185,500"
1988-11-25,806.4,818.64,806.4,813.09,"23,519,300"
1988-11-24,799.36,805.86,799.36,805.86,"18,910,800"
1988-11-23,787.3,799.14,787.3,799.14,"21,456,800"
1988-11-22,785.49,787.16,785.49,787.16,"15,415,600"
1988-11-21,779.05,787.5,779.05,785.41,"15,663,400"
1988-11-19,769.95,779.08,769.95,779.08,"8,630,200"
1988-11-18,763.87,769.59,763.64,769.59,"12,500,200"
1988-11-17,759.36,766.87,759.36,763.88,"15,091,500"
1988-11-16,769.39,772.5,759.37,759.37,"12,990,600"
1988-11-15,753.99,769.91,753.99,769.27,"12,702,000"
1988-11-14,763.11,763.11,752.27,753.57,"10,284,500"
1988-11-12,769.66,769.66,763.41,763.55,"7,784,900"
1988-11-11,772.2,778.75,770,770,"18,936,800"
1988-11-10,762.19,772.02,762.19,772.02,"14,996,800"
1988-11-09,766,766.11,760.65,762.12,"10,650,800"
1988-11-08,762.28,769.6,762.28,766.19,"15,903,400"
1988-11-07,756.88,761.4,756.88,762.19,"12,568,800"
1988-11-05,758.22,758.35,757.19,757.19,"7,451,200"
1988-11-04,749.24,760.3,749.24,758.39,"18,092,900"
1988-11-03,744.97,749.15,744.81,749.15,"14,734,600"
1988-11-02,737.06,746.09,737.06,744.97,"11,985,600"
1988-11-01,729.66,736.81,721.29,736.81,"8,575,600"
1988-10-31,741.42,741.42,729.79,729.79,"8,036,700"
1988-10-29,741.68,741.68,740.77,741.6,"6,333,300"
1988-10-28,740.78,742.88,739.62,741.61,"12,603,000"
1988-10-27,755.62,755.62,740.95,740.95,"12,125,600"
1988-10-26,758.46,760.28,756.03,756.03,"16,302,100"
1988-10-25,765.37,768.14,758.63,758.63,"17,966,300"
1988-10-24,750.48,764.91,750.48,764.85,"20,280,800"
1988-10-22,738.12,747.25,738.12,750.39,"9,814,700"
1988-10-21,738.57,739.03,735.58,738.12,"16,158,300"
1988-10-20,728.49,739.22,728.49,738.57,"19,611,400"
1988-10-19,717.67,728.1,717.67,728.1,"16,627,700"
1988-10-18,708.9,717.17,708.9,717.17,"12,249,500"
1988-10-17,706.16,710.92,706.16,708.91,"11,458,300"
1988-10-15,699.23,706.04,699.23,706.04,"8,116,600"
1988-10-14,686.28,699.2,686.28,699.2,"9,477,200"
1988-10-13,679.79,685.71,679.79,685.71,"8,638,600"
1988-10-12,680.24,680.56,679.27,679.64,"6,690,600"
1988-10-11,676.19,680.36,676.19,680.32,"7,185,000"
1988-10-10,674.54,676.15,673.51,676.12,"5,562,400"
1988-10-08,674.35,674.78,673.49,674.59,"3,871,500"
1988-10-07,677.19,677.19,672.43,674.45,"5,562,900"
1988-10-06,673.6,678.53,673.26,677.29,"5,808,100"
1988-10-05,679.06,679.06,671.63,673.78,"4,260,500"
1988-10-04,678.09,686.77,678.09,679.54,"5,662,900"
1988-09-30,670.24,677.54,670.24,677.54,"5,997,100"
1988-09-29,670.57,672.11,670.28,670.28,"6,459,300"
1988-09-28,670.96,670.96,668.49,670.64,"7,187,300"
1988-09-27,679.38,670.42,679.38,671.29,"4,224,700"
1988-09-24,674.44,680.1,674.42,680.1,"3,693,000"
1988-09-23,683.53,684.3,674.59,674.69,"4,878,000"
1988-09-22,662.86,683.73,662.61,683.73,"7,066,000"
1988-09-21,662.51,662.88,661.32,662.84,"5,320,000"
1988-09-20,665.92,665.92,661.35,662.55,"6,300,000"
1988-09-19,671.6,671.6,666.4,666.41,"4,356,000"
1988-09-16,680.51,680.51,670.91,671.77,"8,192,000"
1988-09-15,683.23,683.4,680.08,680.75,"6,948,000"
1988-09-14,680.38,683.39,677.05,683.39,"7,531,000"
1988-09-13,687.62,687.62,680.59,680.64,"7,815,000"
1988-09-12,688.84,688.84,683.4,687.82,"8,213,900"
1988-09-10,683.37,690.91,683.37,689.07,"7,350,300"
1988-09-09,665.37,682.84,665.37,682.84,"6,914,700"
1988-09-08,667.75,667.75,663.62,665.37,"5,260,800"
1988-09-07,671.53,671.53,667.6,667.74,"5,536,500"
1988-09-06,671.56,672.13,670.48,671.23,"5,233,000"
1988-09-05,678.34,678.58,670.99,671.55,"5,456,000"
1988-09-03,674.52,678.78,674.26,678.63,"4,262,000"
1988-09-02,675.84,675.95,672.73,674.68,"5,740,000"
1988-09-01,664.65,675.67,663.7,675.67,"5,971,000"
1988-08-31,675.23,675.23,664.43,664.43,"5,095,000"
1988-08-30,663.11,676.89,663.11,675.37,"6,686,000"
1988-08-29,670.22,670.22,662.69,662.69,"6,291,000"
1988-08-27,675.46,675.46,670.6,670.6,"5,852,000"
1988-08-26,681.9,681.9,675.66,675.8,"7,339,000"
1988-08-25,686.43,687.11,682.15,682.15,"7,297,000"
1988-08-24,690.14,690.14,686.41,686.46,"7,280,000"
1988-08-23,693.35,693.35,690.23,690.27,"8,517,000"
1988-08-22,703.7,703.7,693.6,693.6,"7,244,000"
1988-08-20,706.29,706.46,703.71,703.7,"8,023,000"
1988-08-19,710.67,710.88,706.3,706.3,"10,385,000"
1988-08-18,706.34,710.63,704.22,710.63,"13,820,000"
1988-08-17,710.74,710.76,706.44,706.44,"11,925,000"
1988-08-16,705.13,711.18,705.13,710.91,"15,334,000"
1988-08-13,708.93,708.93,703.18,704.9,"5,534,000"
1988-08-12,706.83,715.24,706.83,708.93,"16,575,000"
1988-08-11,685.61,706.46,685.32,706.46,"11,954,000"
1988-08-10,687.58,689.28,685.59,685.97,"9,863,000"
1988-08-09,690.27,690.27,682.47,687.56,"9,999,000"
1988-08-08,693.81,698.75,690.55,690.55,"10,977,000"
1988-08-06,687.49,693.46,687.49,693.35,"7,209,000"
1988-08-05,693.9,693.9,681.05,687.23,"8,904,000"
1988-08-04,704.4,704.4,693.98,693.98,"6,738,000"
1988-08-03,710.12,710.12,704.84,704.84,"9,648,000"
1988-08-02,714.86,717.14,710.22,710.22,"9,195,000"
1988-08-01,720.62,720.62,710.52,714.83,"9,446,000"
1988-07-30,717.17,725.37,717.04,721.08,"9,705,000"
1988-07-29,697.8,717.08,697.8,717.08,"11,400,000"
1988-07-28,702.92,702.92,694.91,697.51,"15,715,000"
1988-07-27,716.93,717.39,703.15,703.15,"15,133,000"
1988-07-26,719.24,728.03,716.81,716.81,"13,463,000"
1988-07-25,702.84,719.05,702.84,719.05,"12,770,000"
1988-07-23,688.63,702.65,688.63,702.17,"6,457,000"
1988-07-22,665.91,688.63,665.91,688.63,"15,015,000"
1988-07-21,671.7,671.7,663.3,665.79,"10,085,000"
1988-07-20,683.93,685.34,672.1,672.1,"9,109,000"
1988-07-19,667.69,685.7,667.69,683.68,"7,377,000"
1988-07-18,678.57,678.57,666.52,666.87,"5,056,000"
1988-07-16,685.22,685.22,678.95,678.95,"3,053,000"
1988-07-15,690.85,690.85,685.53,685.53,"4,718,000"
1988-07-14,687.28,690.88,683.96,690.86,"5,285,000"
1988-07-13,692.74,692.74,687.36,687.36,"4,723,000"
1988-07-12,695.76,695.76,689.15,692.79,"5,187,000"
1988-07-11,702.89,702.89,696.11,696.11,"4,676,000"
1988-07-09,702.32,703.42,701.94,702.52,"4,578,000"
1988-07-08,701.41,702.17,698.76,702.17,"7,029,000"
1988-07-07,706.95,706.95,701.05,701.41,"6,714,000"
1988-07-06,703.5,707.95,703.5,707.02,"9,353,000"
1988-07-05,701.13,703.15,696.23,703.15,"7,228,000"
1988-07-04,708.02,708.02,701.25,701.4,"5,883,000"
1988-07-02,706.36,708.34,706.36,708.34,"6,242,000"
1988-07-01,703.02,706.3,703.02,706.3,"7,590,000"
1988-06-30,700.4,705.72,700.4,702.83,"8,361,000"
1988-06-29,685.69,700.05,685.69,700.05,"7,061,000"
1988-06-28,685.64,685.64,682.81,685.5,"7,504,000"
1988-06-27,683.61,687.32,683.61,685.87,"6,455,000"
1988-06-25,689.68,689.68,682.61,683.7,"4,628,000"
1988-06-24,689.9,693.25,689.9,690.15,"8,976,000"
1988-06-23,694.15,694.15,684.31,689.96,"8,376,000"
1988-06-22,701.45,701.45,694.33,694.33,"6,556,000"
1988-06-21,703.6,703.6,701.32,701.33,"8,767,000"
1988-06-20,712.1,712.1,703.55,703.71,"7,948,000"
1988-06-18,708.79,714.39,708.79,712.33,"8,360,000"
1988-06-17,703.16,708.71,703.16,708.38,"9,741,000"
1988-06-16,707.59,707.59,698.63,702.74,"9,586,000"
1988-06-15,714.39,717.38,707.99,707.99,"9,059,000"
1988-06-14,725.92,725.92,714.13,714.36,"7,594,000"
1988-06-13,726.51,730.91,726.47,726.47,"9,671,000"
1988-06-11,730.59,730.59,723.15,726.27,"7,527,000"
1988-06-10,738.3,742.09,731.33,731.33,"13,645,000"
1988-06-09,732.22,737.83,732.22,737.83,"13,771,000"
1988-06-08,733.05,735.43,731.99,731.99,"14,845,000"
1988-06-07,728.77,733.6,728.77,733.12,"13,702,000"
1988-06-04,729.64,729.64,727.79,728.28,"7,967,000"
1988-06-03,723.04,731.68,723.04,729.67,"15,600,000"
1988-06-02,723.36,723.36,720.21,722.7,"12,908,000"
1988-06-01,717.53,726.51,717.53,723.5,"15,389,000"
1988-05-31,716.68,717.35,715.03,717.35,"13,960,000"
1988-05-30,717.18,720.59,716.89,716.89,"14,171,000"
1988-05-28,713.66,717.56,713.66,716.79,"10,988,000"
1988-05-27,716.74,716.74,710.57,713.12,"12,904,000"
1988-05-26,704.08,718.01,704.08,716.85,"15,580,000"
1988-05-25,705.51,705.58,703.29,703.54,"14,189,000"
1988-05-24,698.32,705.71,698.32,705.51,"15,173,000"
1988-05-21,691.93,698.76,691.93,698.29,"11,586,000"
1988-05-20,678.85,691.58,678.85,691.58,"17,909,000"
1988-05-19,678.9,681,678.01,678.24,"14,229,000"
1988-05-18,670.31,678.9,670.31,678.77,"15,525,000"
1988-05-17,659.29,670.31,659.29,670.31,"14,794,000"
1988-05-16,657.4,658.65,653.85,658.65,"9,935,000"
1988-05-14,655.62,659.02,655.62,657.57,"8,415,000"
1988-05-13,650.73,655.51,650.73,655.51,"11,729,000"
1988-05-12,636.98,650.66,636.98,650.66,"10,245,000"
1988-05-11,634.24,636.7,634.24,636.68,"6,800,000"
1988-05-10,635.52,635.52,629.99,634.05,"5,568,000"
1988-05-09,639.99,640.86,635.47,635.47,"5,223,000"
1988-05-07,639.37,639.77,636.99,639.77,"3,763,000"
1988-05-06,645.7,645.7,639.76,639.77,"7,078,000"
1988-05-04,649.14,649.55,645.67,645.69,"8,206,000"
1988-05-03,650.29,652.94,648.34,648.52,"9,739,000"
1988-05-02,647.23,650.03,647.23,650.03,"8,748,000"
1988-04-30,649.72,650.96,647.15,647.18,"6,217,000"
1988-04-29,634.28,656.42,634.28,649.88,"10,826,000"
1988-04-28,617.74,633.24,610.24,633.24,"5,481,000"
1988-04-27,642.47,642.47,618.73,618.73,"4,093,000"
1988-04-25,642,644.89,641.48,644.7,"7,528,000"
1988-04-23,631.05,641.83,631.05,641.83,"4,540,000"
1988-04-22,627.8,633.24,627.8,630.67,"6,893,000"
1988-04-21,637.23,637.23,627.92,627.92,"4,764,000"
1988-04-20,632.59,638.99,632.59,637.4,"6,728,000"
1988-04-19,635.25,635.25,631.94,632.54,"5,372,000"
1988-04-18,645.13,645.13,633.08,635.28,"4,569,000"
1988-04-16,645.66,646.62,645.38,645.38,"3,220,000"
1988-04-15,646.03,646.03,643.37,645.53,"3,659,000"
1988-04-14,650.11,654.75,646.14,646.14,"4,958,000"
1988-04-13,640.89,649.72,640.89,649.72,"6,430,000"
1988-04-12,640.84,640.84,637.03,640.39,"5,998,000"
1988-04-11,648.69,648.69,640.94,641.05,"4,877,000"
1988-04-09,648.93,648.93,648.35,648.71,"4,345,000"
1988-04-08,653.36,654.11,648.19,648.19,"8,774,000"
1988-04-07,655.98,659.36,653.63,653.66,"10,141,000"
1988-04-06,658.9,659.25,656.24,656.26,"10,243,000"
1988-04-04,655.84,663.56,655.84,658.66,"8,965,000"
1988-04-02,654.3,655.54,653.33,655.54,"5,368,000"
1988-04-01,656.59,663.18,654.32,654.32,"10,338,000"
1988-03-31,644.88,656.47,644.88,656.47,"10,243,000"
1988-03-30,638.74,644.8,638.18,644.75,"7,369,000"
1988-03-29,631.29,638.59,631.29,638.59,"7,739,000"
1988-03-28,634.33,635.19,630.4,631.03,"5,836,000"
1988-03-26,632.39,635.18,632.39,634.2,"5,907,000"
1988-03-25,625.62,632.36,625.62,632.36,"7,506,000"
1988-03-24,623.61,625.44,616.11,625.42,"5,659,000"
1988-03-23,622.82,629.66,622.82,623.78,"6,113,000"
1988-03-22,638.82,638.82,622.64,622.79,"6,368,000"
1988-03-21,636.77,640.01,636.77,638.81,"7,105,000"
1988-03-19,636.76,637.48,636.22,636.79,"5,347,000"
1988-03-18,632.25,637.29,632.25,636.72,"8,948,000"
1988-03-17,627.6,632.16,627.6,632.16,"7,589,000"
1988-03-16,625.22,628.83,625.22,627.49,"8,143,000"
1988-03-15,612.2,625.17,612.2,625.17,"6,758,000"
1988-03-14,610.35,612.21,609.56,612.21,"6,162,000"
1988-03-12,608.62,610.33,606.85,610.33,"4,262,000"
1988-03-11,612.04,615.38,608.78,608.78,"6,808,000"
1988-03-09,603.33,612.01,603.33,611.88,"7,192,000"
1988-03-08,614.3,614.3,601.82,603.41,"4,958,000"
1988-03-07,618.42,618.42,614.52,614.7,"4,977,000"
1988-03-05,615.85,618.42,615.82,618.42,"3,902,000"
1988-03-04,612.9,615.95,605.83,615.95,"6,517,000"
1988-03-03,608.53,619.36,608.53,613.01,"7,786,000"
1988-03-02,611.71,611.71,596.83,608.24,"7,437,000"
1988-02-29,633.29,633.29,612.35,612.35,"5,161,000"
1988-02-27,635.13,635.13,630.23,633.23,"4,221,000"
1988-02-26,656.83,656.83,635.1,635.1,"6,532,000"
1988-02-24,650.85,656.79,650.85,656.79,"9,559,000"
1988-02-23,658.34,658.34,650.85,650.85,"8,555,000"
1988-02-22,662.39,662.94,658.32,658.32,"8,077,000"
1988-02-20,668.53,668.53,662.73,663.03,"5,707,000"
1988-02-19,658.78,674.04,658.78,668.56,"10,934,000"
1988-02-17,648.95,658.75,648.95,658.75,"10,522,000"
1988-02-16,647.67,652.44,647.67,648.95,"10,394,000"
1988-02-15,641.15,651.66,641.15,647.56,"8,975,000"
1988-02-13,639.8,641.16,637.59,641.16,"5,464,000"
1988-02-12,640.91,650.37,639.88,639.88,"10,944,000"
1988-02-11,646.06,646.06,636.13,640.88,"10,310,000"
1988-02-10,655,655,646.16,646.16,"10,306,000"
1988-02-09,650.95,655,650.95,655,"14,655,000"
1988-02-08,633.86,653.56,633.86,651.42,"12,297,000"
1988-02-06,621.27,633.86,621.27,633.86,"8,899,000"
1988-02-05,632.28,632.28,620.37,621.26,"15,162,000"
1988-02-04,630.48,643.62,630.48,632.37,"16,042,000"
1988-02-03,640.8,640.8,622.92,630.41,"15,290,000"
1988-02-02,653.5,666.16,640.88,640.88,"19,434,000"
1988-02-01,633.63,655.1,633.63,653.51,"13,405,000"
1988-01-30,642.11,642.11,630.65,633.58,"11,583,000"
1988-01-29,633.42,647.98,633.42,642.11,"16,594,000"
1988-01-28,615.24,633.38,615.24,633.38,"16,469,000"
1988-01-27,602.32,615.24,602.3,615.24,"15,688,000"
1988-01-26,592.54,603.45,592.54,602.32,"14,919,000"
1988-01-25,589.84,592.6,588.59,592.6,"13,156,000"
1988-01-23,584.44,590.74,584.44,589.83,"10,200,000"
1988-01-22,586.95,586.95,576.72,584.44,"11,687,000"
1988-01-21,583.08,593.15,583.08,586.96,"15,370,000"
1988-01-20,576.18,583.07,576.18,583.07,"12,776,000"
1988-01-19,574.49,576.73,574.49,576.17,"12,373,000"
1988-01-18,589.76,589.76,574.49,574.49,"9,976,000"
1988-01-16,585.91,591.58,585.91,589.76,"9,192,000"
1988-01-15,578.06,585.89,578.06,585.89,"17,130,000"
1988-01-14,581.27,581.55,577.68,578.05,"15,128,000"
1988-01-13,571.32,581.27,571.32,581.27,"21,435,000"
1988-01-12,552.96,571.29,552.96,571.29,"18,086,000"
1988-01-11,548.17,552.76,546.01,552.76,"14,306,200"
1988-01-09,547.69,549.17,547.65,548.18,"12,361,000"
1988-01-08,540.28,547.69,540.28,547.69,"15,737,000"
1988-01-07,538.28,545.97,538.28,540.28,"16,379,000"
1988-01-06,527.86,538.28,527.86,538.28,"12,158,000"
1988-01-05,532.3,532.3,524.77,527.89,"11,570,000"
1988-01-04,525.11,532.07,524.91,532.04,"5,772,000"
1987-12-26,517.99,525.97,517.99,525.11,"12,431,000"
1987-12-24,509.33,517.99,509.33,517.99,"15,163,000"
1987-12-23,502.86,509.59,502.86,509.04,"12,209,000"
1987-12-22,490.35,502.74,490.35,502.74,"7,384,000"
1987-12-21,501.79,501.79,490.29,490.29,"7,081,000"
1987-12-19,501.78,504.52,501.75,501.75,"7,364,000"
1987-12-18,491.56,506.65,491.56,501.77,"4,957,000"
1987-12-17,472.52,491.47,472.52,491.47,"1,409,000"
1987-12-15,465.38,472.38,465.38,472.17,"12,213,000"
1987-12-14,474.57,474.57,464.9,465.36,"8,852,000"
1987-12-12,474.93,476.06,474.6,474.6,"6,492,000"
1987-12-11,471.33,474.93,471.19,474.93,"9,902,000"
1987-12-10,476.65,476.72,471.08,471.35,"11,477,000"
1987-12-09,469.81,480.9,469.81,476.59,"7,715,000"
1987-12-08,478.99,478.99,469.06,469.66,"6,245,000"
1987-12-07,483.22,486.38,478.97,478.97,"6,642,000"
1987-12-05,481.81,483.2,480.34,483.2,"4,914,000"
1987-12-04,489.18,490.17,481.79,481.81,"7,527,000"
1987-12-03,494.64,495.95,488.57,489.12,"6,944,000"
1987-12-02,490.74,500,490.74,494.64,"9,516,000"
1987-12-01,475.64,490.45,475.64,490.45,"7,322,000"
1987-11-30,468.09,475.63,468.09,475.59,"6,040,000"
1987-11-28,456.72,468.06,456.72,468.05,"3,725,000"
1987-11-27,455.73,458.2,455.7,456.68,"6,710,000"
1987-11-26,466.09,466.09,455.69,455.77,"6,004,000"
1987-11-25,465.71,469.22,462.76,466.09,"5,921,000"
1987-11-24,474.86,474.86,465.73,465.73,"5,570,000"
1987-11-23,473.95,479.52,473.95,474.89,"5,098,000"
1987-11-21,473.03,474.05,471.65,473.89,"4,216,000"
1987-11-20,482.15,483.82,473.09,473.09,"6,478,000"
1987-11-19,474.83,485.85,474.83,482.08,"7,359,000"
1987-11-18,456.7,474.78,456.7,474.78,"3,540,000"
1987-11-17,456.74,456.74,448.36,456.55,"4,799,000"
1987-11-16,466.16,466.16,456.86,456.86,"2,793,000"
1987-11-14,461.95,466.74,461.35,466.16,"2,523,000"
1987-11-13,472.63,476.22,462.09,462.09,"4,055,000"
1987-11-12,484.15,484.15,469.76,472.59,"4,051,000"
1987-11-11,489.96,490.37,484.24,484.24,"3,842,000"
1987-11-10,498.21,501.05,489.92,490.03,"3,741,000"
1987-11-09,483.27,499.56,483.27,498.26,"6,131,000"
1987-11-07,482.56,482.56,476.82,482.33,"2,484,000"
1987-11-06,496.69,496.69,482.77,482.77,"2,930,000"
1987-11-05,502.28,502.28,496.7,496.7,"3,405,000"
1987-11-04,510.23,510.23,502.35,502.47,"3,037,000"
1987-11-03,510.21,510.84,509.13,510.28,"4,213,000"
1987-11-02,509.05,512.63,509.05,510.28,"3,405,000"
1987-10-31,505.01,509.23,505.01,509.05,"2,650,000"
1987-10-30,502.45,506.37,502.45,504.96,"4,539,000"
1987-10-29,506.04,506.04,502.37,502.37,"5,115,000"
1987-10-28,517.15,517.15,506.11,506.11,"4,674,000"
1987-10-26,516.18,517.93,516.18,517.15,"6,469,000"
1987-10-24,515.52,517.14,515.52,516.15,"4,469,000"
1987-10-23,512.58,515.52,512.58,515.52,"5,839,000"
1987-10-22,506.33,513.74,506.33,512.54,"4,751,000"
1987-10-21,504.38,509.07,504.34,506.27,"4,823,000"
1987-10-20,516.52,516.52,504.38,504.38,"6,920,000"
1987-10-19,513.81,516.61,513.81,516.61,"4,189,000"
1987-10-17,514.11,514.43,513.28,513.77,"2,685,000"
1987-10-16,509.62,514.89,509.62,514.1,"4,669,000"
1987-10-15,513.45,513.45,508.8,509.59,"4,388,000"
1987-10-14,512.55,514.19,512.45,513.46,"5,499,000"
1987-10-13,515.25,516.15,511.22,512.59,"4,924,000"
1987-10-12,509.2,515.25,509.2,515.25,"5,591,000"
1987-10-10,509.99,510.64,508.76,509.21,"2,489,000"
1987-10-06,497.73,509.96,497.73,509.83,"6,446,000"
1987-10-05,491.77,497.53,491.77,497.53,"4,700,000"
1987-10-02,485.44,493.09,485.44,491.6,"5,276,000"
1987-09-30,478.79,485.41,478.79,485.35,"4,713,000"
1987-09-29,477.16,481.28,477.16,478.75,"4,705,000"
1987-09-28,482.25,482.25,477.05,477.34,"5,727,000"
1987-09-26,483.34,483.94,481.6,482.1,"2,926,000"
1987-09-25,469.12,483.31,464.22,483.31,"5,162,000"
1987-09-24,484.68,484.68,469.12,469.27,"4,041,000"
1987-09-23,488.51,488.51,484.65,484.68,"4,076,000"
1987-09-22,484.56,488.62,484.17,488.52,"5,474,000"
1987-09-21,492.59,493.63,484.58,484.59,"4,606,000"
1987-09-19,490.34,492.49,490.34,492.49,"3,797,000"
1987-09-18,498.31,498.32,490.34,490.34,"5,719,000"
1987-09-17,497.91,498.34,496.34,498.34,"6,473,000"
1987-09-16,493.18,499.07,493.18,497.9,"6,979,000"
1987-09-15,492.57,499.16,492.57,493.18,"6,814,000"
1987-09-14,484.29,492.71,484.29,492.45,"4,581,000"
1987-09-12,483.75,484.03,482.59,484.03,"2,758,000"
1987-09-11,484.42,487.75,483.75,483.75,"5,739,000"
1987-09-10,478.97,484.43,478.97,484.42,"5,275,400"
1987-09-09,472.6,479.01,472.6,478.92,"4,299,900"
1987-09-08,473.43,473.85,471.3,472.51,"3,936,500"
1987-09-07,464.88,475.34,464.88,473.4,"4,131,900"
1987-09-05,467.7,467.7,463.67,464.88,"2,988,900"
1987-09-04,467.69,471.25,467.44,467.73,"4,749,800"
1987-09-03,475.14,477.68,467.77,467.81,"5,539,500"
1987-09-02,468.23,475.2,466.79,475.2,"4,421,000"
1987-09-01,474,478.46,468.2,468.38,"5,653,800"
1987-08-31,461.94,474.01,461.94,474.01,"4,065,500"
1987-08-29,466.83,466.83,457.35,461.87,"4,128,900"
1987-08-28,480.59,480.59,467.31,467.31,"4,612,700"
1987-08-27,481.97,487.3,480.42,480.63,"5,228,300"
1987-08-26,484.37,484.37,481.97,481.97,"5,406,900"
1987-08-25,490.59,490.59,483.22,484.37,"6,953,200"
1987-08-24,502.47,502.47,491.01,491.01,"5,421,700"
1987-08-22,507.04,507.16,501.85,502.47,"10,870,700"
1987-08-21,502.62,508.02,502.62,507.07,"8,593,100"
1987-08-20,500.74,502.65,500.36,502.65,"11,168,300"
1987-08-19,491.81,501.58,491.81,500.73,"9,794,500"
1987-08-18,488.55,491.81,488.39,491.81,"7,250,400"
1987-08-17,487.31,490.3,487.31,488.57,"6,604,100"
1987-08-14,476.8,487.25,476.8,487.25,"8,495,100"
1987-08-13,471.41,477.71,471.41,476.71,"7,575,400"
1987-08-12,471.73,471.73,466.24,471.34,"6,415,800"
1987-08-11,481.04,481.19,471.97,471.97,"5,806,300"
1987-08-10,468.9,481.04,468.9,481.04,"6,684,900"
1987-08-08,475.52,475.52,466.22,468.89,"3,967,700"
1987-08-07,490.09,490.09,475.66,475.66,"6,653,600"
1987-08-06,491.95,491.95,485.89,490.1,"7,039,900"
1987-08-05,487.71,495.6,487.01,491.95,"9,916,600"
1987-08-04,480.93,487.72,480.93,487.72,"8,367,600"
1987-08-03,481.43,481.43,474.88,480.92,"7,561,700"
1987-08-01,485.48,485.48,481.5,481.5,"4,770,800"
1987-07-31,483.69,488.52,483.69,485.48,"8,789,900"
1987-07-30,474.98,483.64,474.98,483.64,"8,487,300"
1987-07-29,473.65,477.69,473.65,474.98,"8,106,900"
1987-07-28,467.03,473.59,467.03,473.59,"8,634,000"
1987-07-27,466.35,467.02,461.61,467.02,"5,952,500"
1987-07-25,463.8,467.7,463.54,466.38,"5,824,300"
1987-07-24,460.82,463.73,460.8,463.73,"6,899,400"
1987-07-23,463.42,463.42,458.21,460.71,"5,908,800"
1987-07-22,464.69,467.93,463.51,463.51,"7,202,200"
1987-07-21,464.67,464.68,460.32,464.68,"5,919,900"
1987-07-20,464.51,468.28,464.51,464.7,"7,389,300"
1987-07-18,460.72,464.75,460.72,464.51,"5,421,900"
1987-07-16,458.95,460.72,458.4,460.72,"8,436,100"
1987-07-15,467.3,467.3,458.93,458.93,"7,654,200"
1987-07-14,465.51,469.95,465.44,467.3,"9,747,300"
1987-07-13,466.32,466.32,461.71,465.51,"9,928,400"
1987-07-11,453.36,466.32,453.36,466.32,"7,258,800"
1987-07-10,441.02,453.39,441.02,453.36,"8,481,300"
1987-07-09,436.54,441.02,436.52,441.02,"9,413,300"
1987-07-08,433.59,437.69,433.59,436.52,"10,049,100"
1987-07-07,427.17,433.59,427.17,433.59,"10,066,600"
1987-07-06,422.16,427.15,422.16,427.15,"8,499,500"
1987-07-04,415.33,422.16,415.33,422.16,"6,150,700"
1987-07-03,411.01,415.33,411.01,415.33,"7,535,700"
1987-07-02,411.94,411.94,410.64,411.09,"6,636,200"
1987-07-01,411.76,411.94,410.85,411.94,"8,587,000"
1987-06-30,404.14,413.76,404.14,411.76,"5,871,900"
1987-06-29,387.42,404.1,382.42,404.1,"3,850,300"
1987-06-27,382.36,387.42,382.36,387.42,"3,316,100"
1987-06-26,381.02,382.1,379.56,382.1,"3,391,600"
1987-06-25,388.01,388.01,380.68,380.9,"3,198,200"
1987-06-24,387.76,388.03,383.7,388.02,"3,804,900"
1987-06-23,386.02,390.8,386.02,387.75,"4,414,100"
1987-06-22,381.31,385.7,381.31,385.7,"4,406,000"
1987-06-20,378.25,381.01,377.96,381.01,"2,346,300"
1987-06-19,388.11,388.11,378.21,378.21,"4,132,900"
1987-06-18,379.7,388.11,378.9,388.11,"5,611,300"
1987-06-17,385.8,385.8,379.8,379.82,"4,461,800"
1987-06-16,389.88,391.36,385.89,386.03,"4,908,800"
1987-06-15,386.39,391.29,386.39,389.77,"5,214,800"
1987-06-13,392.48,392.48,385.97,385.97,"3,022,900"
1987-06-12,392.03,394.37,392.03,392.5,"6,635,000"
1987-06-11,388.81,392.71,388.81,392.03,"6,626,100"
1987-06-10,386.82,390.29,386.82,388.73,"7,034,500"
1987-06-09,383.99,386.78,383.67,386.78,"5,765,600"
1987-06-08,384.98,386,383.17,383.93,"4,775,000"
1987-06-05,383.98,386.17,383.98,384.96,"5,807,000"
1987-06-04,381.83,383.85,381.68,383.85,"4,666,600"
1987-06-03,383.28,385.65,381.76,381.76,"4,931,200"
1987-06-02,387.31,387.31,380.65,383.3,"3,845,500"
1987-06-01,388.13,392.13,387.44,387.44,"4,987,200"
1987-05-30,384.24,387.99,384.24,387.99,"3,845,400"
1987-05-29,377.93,385.06,377.93,384.19,"6,814,900"
1987-05-28,390.2,390.2,377.74,377.8,"5,326,000"
1987-05-27,396.13,396.32,390.34,390.34,"7,275,400"
1987-05-26,397.62,398.85,396.12,396.12,"7,478,200"
1987-05-25,392.37,397.62,392.37,397.62,"6,665,800"
1987-05-23,392.37,397.31,392.37,397.31,"5,647,100"
1987-05-22,392.37,395.02,392.37,394.68,"7,882,400"
1987-05-21,392.2,393.38,392.09,392.35,"7,051,400"
1987-05-20,391.34,396.33,391.34,392.22,"7,330,000"
1987-05-19,387.72,391.45,387.72,391.33,"7,767,300"
1987-05-18,386.59,388.26,386.59,387.68,"6,320,400"
1987-05-16,386.2,387.61,386.2,386.52,"3,816,000"
1987-05-15,383.56,386.93,383.56,386.19,"6,067,600"
1987-05-14,385.33,385.33,382.78,383.46,"4,906,300"
1987-05-13,386.65,389.71,385.26,385.39,"5,940,400"
1987-05-12,382.29,386.64,382.29,386.64,"5,039,600"
1987-05-11,383.19,384.25,381.13,382.2,"3,580,100"
1987-05-09,378.5,383,378.5,383,"3,633,600"
1987-05-08,372.99,378.31,372.99,378.31,"4,541,200"
1987-05-07,369.64,373.45,369.64,372.93,"3,855,500"
1987-05-06,365.56,369.56,365.56,369.56,"3,031,400"
1987-05-04,365.39,365.39,363.76,365.29,"2,609,600"
1987-05-02,364.57,366.78,364.57,365.68,"2,240,800"
1987-05-01,358.71,364.55,358.71,364.55,"4,052,900"
1987-04-30,349.29,358.64,349.05,358.63,"2,853,500"
1987-04-29,351.2,352.66,349.49,349.49,"2,169,600"
1987-04-28,355.82,355.82,350.82,351.1,"2,395,500"
1987-04-27,357.28,359.15,355.36,355.86,"2,531,600"
1987-04-25,361.12,361.12,357.36,357.36,"1,638,700"
1987-04-24,364.64,365.12,361.27,361.27,"3,782,400"
1987-04-23,364.12,364.59,364.12,364.59,"3,546,700"
1987-04-22,361.42,368.16,361.42,364.16,"4,877,100"
1987-04-21,355.9,361.34,355.9,361.34,"4,497,800"
1987-04-20,357.51,357.51,355.9,355.98,"3,870,100"
1987-04-18,360.16,360.16,357.51,357.51,"2,330,600"
1987-04-17,361.32,362.58,360.08,360.14,"3,525,900"
1987-04-16,361.47,364.93,361.25,361.25,"4,264,700"
1987-04-15,363.65,363.65,361.23,361.52,"3,049,100"
1987-04-14,367.96,368.32,363.58,363.78,"3,427,400"
1987-04-13,363.4,369.91,363.4,367.91,"4,570,500"
1987-04-11,369.52,369.52,363.09,363.52,"2,672,300"
1987-04-10,374.04,378.07,369.55,369.55,"6,642,200"
1987-04-09,375.3,375.3,367.38,374.09,"5,957,700"
1987-04-08,390.22,390.22,375.32,375.33,"4,778,000"
1987-04-07,394.08,394.08,386.24,390.24,"7,412,100"
1987-04-06,387.24,397.24,387.24,394.08,"9,718,000"
1987-04-04,383.48,387.24,381.22,387.24,"5,815,700"
1987-04-03,398.71,398.71,382.99,383.48,"5,379,200"
1987-04-02,396.9,398.72,394.55,398.72,"8,600,500"
1987-04-01,405.13,405.34,396.1,396.9,"6,410,700"
1987-03-31,397.06,405.79,397.06,405.13,"11,774,400"
1987-03-30,389.34,397.06,389.34,397.06,"10,016,700"
1987-03-28,394.38,394.38,389.32,389.32,"5,265,100"
1987-03-27,393.41,399,393.41,394.38,"9,728,000"
1987-03-26,384.57,394.71,384.57,393.41,"9,728,600"
1987-03-25,378.56,384.57,378.35,384.57,"10,111,000"
1987-03-24,377.38,381.33,377.38,380.08,"10,530,200"
1987-03-23,369.62,378.21,369.62,377.39,"9,418,700"
1987-03-21,368.17,369.62,367.58,369.62,"6,122,600"
1987-03-20,365.36,369.29,365.36,368.17,"11,386,800"
1987-03-19,361.2,366.97,361.2,365.36,"10,475,200"
1987-03-18,361.97,361.97,361.2,361.2,"9,178,000"
1987-03-17,364.1,364.23,361.8,361.98,"8,422,800"
1987-03-16,359.18,364.83,359.18,364.1,"8,563,900"
1987-03-14,355.32,359.11,355.32,359.11,"5,923,100"
1987-03-13,353.09,355.31,352.84,355.31,"8,808,100"
1987-03-12,351.92,356.12,351.92,353.09,"8,903,400"
1987-03-11,348.62,351.81,348.62,351.81,"7,110,000"
1987-03-09,350.51,351.83,348.49,348.5,"5,933,700"
1987-03-07,350.51,351.83,348.49,348.5,"4,595,700"
1987-03-06,346.31,350.51,346.31,350.51,"6,025,200"
1987-03-05,334.04,350.52,334.04,346.31,"6,718,800"
1987-03-04,339.52,344.04,339.52,344.04,"6,280,300"
1987-03-03,337.93,340.31,337.93,339.52,"6,422,300"
1987-03-02,335.1,338.28,335.1,337.85,"5,309,900"
1987-02-28,332.64,335.05,332.64,334.98,"4,039,500"
1987-02-27,330.08,332.71,330.08,332.58,"5,485,800"
1987-02-26,329.57,331.82,329.03,330.11,"5,689,700"
1987-02-25,326.09,329.45,326.09,329.45,"5,423,900"
1987-02-24,323.92,326.08,323.92,325.78,"4,697,800"
1987-02-23,324.96,325.51,323.35,323.9,"4,509,000"
1987-02-21,323.35,326.31,323.35,324.96,"3,667,700"
1987-02-20,320.3,323.87,320.3,323.32,"4,139,600"
1987-02-19,317.83,320.17,317.83,320.17,"4,269,900"
1987-02-18,315.08,317.57,315.08,317.57,"4,349,100"
1987-02-17,318.07,318.36,314.97,315.07,"4,557,800"
1987-02-16,320.32,320.32,316.57,317.96,"5,445,600"
1987-02-14,319.97,321.51,319.86,320.37,"4,950,800"
1987-02-13,314.59,320.34,314.59,319.97,"6,004,500"
1987-02-12,321.01,321.01,313.58,314.56,"5,402,800"
1987-02-11,317.79,321.56,317.79,321.13,"5,708,500"
1987-02-10,322.74,322.83,317.8,317.8,"5,676,800"
1987-02-09,321.77,327.26,321.77,322.74,"6,656,100"
1987-02-07,315.84,321.73,315.84,321.73,"3,393,200"
1987-02-06,314.95,318.21,314.95,315.74,"5,237,200"
1987-02-05,311.51,316.81,311.51,314.92,"5,580,600"
1987-02-04,305.48,311.52,305.48,311.52,"4,791,200"
1987-02-03,310.84,310.84,304.95,305.52,"3,805,100"
1987-02-02,310.22,312.9,310.22,310.83,"4,854,800"
1987-01-31,306.21,310.22,306.21,310.22,"3,625,100"
1987-01-30,301.99,306.02,301.99,306.02,"3,555,700"
1987-01-28,298.85,302.91,298.85,301.56,"4,018,000"
1987-01-27,297.35,298.78,297.35,298.8,"3,732,600"
1987-01-26,295.74,301.16,295.74,297.35,"4,127,400"
1987-01-24,298.27,298.27,293.33,295.8,"2,074,300"
1987-01-23,302.59,303.55,298.27,298.27,"4,068,900"
1987-01-22,301.93,302.59,301.93,302.59,"5,026,400"
1987-01-21,300.85,308.94,300.85,301.93,"5,252,200"
1987-01-20,291.57,299.91,291.57,299.91,"4,163,900"
1987-01-19,294.17,294.66,291.57,291.57,"4,127,000"
1987-01-17,291.91,294.44,291.91,293.99,"3,317,600"
1987-01-16,288.35,291.85,286.44,291.77,"4,030,900"
1987-01-15,288.59,293.68,288.35,288.35,"5,346,900"
1987-01-14,280.79,288.35,280.79,288.35,"5,041,800"
1987-01-13,276.84,281.51,276.84,280.79,"4,392,400"
1987-01-12,271.97,276.61,270.67,276.61,"3,381,000"
1987-01-10,272.2,274.7,271.97,271.97,"2,526,700"
1987-01-09,273.12,274.18,270.5,274.18,"3,047,900"
1987-01-08,274.92,277.68,273.4,273.4,"4,374,100"
1987-01-07,266.66,274.89,266.66,274.89,"2,612,900"
1987-01-06,265.13,265.85,264.78,265.85,"1,960,700"
1987-01-05,270.75,270.75,264.82,264.82,"483,700"
1986-12-26,270.75,270.75,264.82,272.61,"6,756,800"
1986-12-24,266.3,270.27,266.14,270.35,"4,880,800"
1986-12-23,271.23,271.23,265.96,266.43,"4,005,100"
1986-12-22,273.16,273.58,271.24,271.31,"4,786,200"
1986-12-20,271.97,272.62,271.88,272.62,"3,439,300"
1986-12-19,276.31,276.31,271.64,272.03,"3,892,900"
1986-12-18,277.3,277.32,275.69,276.3,"4,529,200"
1986-12-17,277.03,278.35,276.9,277.35,"4,303,200"
1986-12-16,277.06,278.41,276.68,276.97,"5,334,800"
1986-12-15,275.95,277.1,276.83,277,"4,770,600"
1986-12-13,274.82,276.46,274.82,275.84,"3,450,800"
1986-12-12,274.61,277.42,273.39,274.8,"5,018,800"
1986-12-11,269.27,269.27,274.43,274.43,"4,167,800"
1986-12-10,266.82,269.09,266.82,269.09,"3,289,400"
1986-12-09,270.61,270.93,265.75,266.84,"3,490,000"
1986-12-08,272.74,274.76,271.45,270.73,"3,294,100"
1986-12-06,270.71,272.07,270.27,271.99,"2,073,600"
1986-12-05,275.28,275.28,270.44,270.79,"3,058,800"
1986-12-04,274.8,277.67,274.8,275.37,"4,217,400"
1986-12-03,279.67,280.91,279.61,274.87,"6,852,100"
1986-12-02,275.09,280.11,275.09,279.67,"5,839,200"
1986-12-01,269.91,275.15,269.91,275.15,"5,715,000"
1986-11-29,266.66,268.98,266.66,268.98,"2,872,900"
1986-11-28,263.93,266.5,263.93,266.5,"3,418,700"
1986-11-27,266.68,268.46,264.08,264.08,"4,480,600"
1986-11-26,262.96,266.56,262.95,266.56,"3,349,200"
1986-11-25,263.72,263.72,262.96,262.96,"3,291,600"
1986-11-24,269.18,269.18,266.01,266.01,"2,917,300"
1986-11-22,264.98,269.76,264.98,269.18,"3,836,100"
1986-11-21,261.13,261.13,264.91,264.91,"4,498,300"
1986-11-20,259.48,261.96,259.48,260.87,"4,708,000"
1986-11-19,257.21,259.21,257.21,259.21,"3,878,900"
1986-11-18,258.11,258.6,255.85,257.13,"3,260,400"
1986-11-17,253.99,259.14,253.99,258.13,"5,130,000"
1986-11-15,252.85,254.21,252.85,253.98,"2,097,700"
1986-11-14,250.89,252.75,250.19,252.61,"2,980,800"
1986-11-13,250.91,252.03,250.03,251.14,"2,600,000"
1986-11-12,247.7,250.86,247.7,250.86,"2,330,500"
1986-11-11,251.1,251.1,247.39,247.54,"2,081,600"
1986-11-10,253.87,254.86,251.39,251.39,"2,803,200"
1986-11-08,253.12,255.01,253.12,253.97,"2,171,300"
1986-11-07,248.85,252.99,248.85,252.96,"2,839,200"
1986-11-06,251.59,251.59,248.35,249.25,"2,832,800"
1986-11-05,251.1,252.07,250.01,251.65,"3,089,700"
1986-11-04,249.78,251.08,249.78,251.08,"3,820,300"
1986-11-03,244.95,249.63,244.95,249.63,"3,388,200"
1986-11-01,240.87,244.41,240.87,244.41,"1,490,800"
1986-10-31,240,243.09,238.97,240.79,"2,226,200"
1986-10-30,243.83,244.52,240.49,240.49,"2,652,900"
1986-10-29,238.12,243.73,238.12,243.68,"2,871,200"
1986-10-28,232.55,237.65,232.26,237.65,"2,019,400"
1986-10-27,230.95,232.42,229.15,232.42,"1,403,000"
1986-10-25,225.06,230.34,224.3,230.34,"972,400"
1986-10-24,231.69,231.69,225.29,225.91,"1,729,000"
1986-10-23,236.43,236.43,231.64,232.28,"1,598,500"
1986-10-22,241.48,241.92,237.34,237.34,"1,933,200"
1986-10-21,241.93,242.52,240.71,241.17,"1,287,100"
1986-10-20,238.87,241.74,238.87,241.74,"1,014,900"
1986-10-18,237.39,238.27,237.37,238.27,"791,700"
1986-10-17,236.96,239.23,234.94,237.5,"1,776,000"
1986-10-16,244.68,244.68,237.85,237.85,"1,794,700"
1986-10-15,248.56,248.56,245,245.36,"1,272,500"
1986-10-14,251.95,251.95,247.5,249.06,"1,309,600"
1986-10-13,252.61,253.18,252.11,252.33,"1,345,900"
1986-10-11,253.5,253.5,252.71,252.86,"829,400"
1986-10-10,256.18,256.18,253.85,253.85,"1,358,500"
1986-10-08,258.34,258.53,256.01,256.25,"1,772,000"
1986-10-07,254.94,258.43,254.94,258.43,"1,628,900"
1986-10-06,253.67,254.55,253.67,254.55,"1,348,700"
1986-10-04,253.61,253.64,253.27,253.64,"1,253,400"
1986-10-02,253.73,253.76,253.27,253.54,"1,309,900"
1986-09-30,252.2,253.45,251.92,253.45,"1,671,300"
1986-09-29,255.03,255.18,252.3,252.39,"1,640,300"
1986-09-27,257.98,257.98,255.83,255.83,"1,698,300"
1986-09-26,260.13,260.13,258.58,258.58,"2,590,400"
1986-09-25,259.68,260.78,259.64,259.95,"2,113,400"
1986-09-24,259.86,259.86,259.16,259.24,"2,235,800"
1986-09-23,262.55,262.55,259.94,260.09,"2,015,000"
1986-09-22,265.8,265.8,263,263,"2,165,500"
1986-09-20,265.6,265.94,265.1,265.94,"1,194,100"
1986-09-17,266.49,266.85,265.88,266.2,"2,053,500"
1986-09-16,263.79,266.19,263.79,266.19,"2,494,700"
1986-09-15,261.56,263.33,260.86,263.33,"1,716,700"
1986-09-13,263.96,263.96,261.35,262.69,"2,005,200"
1986-09-12,268.15,268.44,264.75,264.97,"2,541,300"
1986-09-11,266.79,268.21,266.79,268.21,"2,756,700"
1986-09-10,266.96,267.59,265.68,266.67,"2,405,900"
1986-09-09,263.72,267.05,263.72,267.05,"2,700,200"
1986-09-08,261.71,263.44,261.71,263.44,"1,805,000"
1986-09-06,259.55,261.14,259.55,261.14,"1,622,700"
1986-09-05,260.77,260.77,259.78,259.78,"2,183,500"
1986-09-04,262.94,262.94,261.13,261.13,"1,713,000"
1986-09-03,263.73,264.24,263.13,263.48,"1,913,900"
1986-09-02,261.95,263.48,260.64,263.48,"1,764,200"
1986-09-01,265.02,265.62,262.24,262.34,"1,519,400"
1986-08-30,264.86,265.11,264.62,264.64,"1,353,300"
1986-08-29,263.22,265.05,263.22,264.78,"1,953,200"
1986-08-28,266.74,267.17,262.85,263.11,"2,392,200"
1986-08-27,265.03,266.67,264.01,266.58,"3,016,300"
1986-08-26,268.98,269.59,265.23,265.18,"3,188,300"
1986-08-25,271.87,272.16,268.83,269,"3,071,900"
1986-08-23,272.79,273.13,272,271.99,"2,088,500"
1986-08-22,271.4,274.38,271.4,272.86,"3,283,900"
1986-08-21,274.11,275.46,271.51,271.51,"3,544,600"
1986-08-20,272.79,274.62,272.79,273.97,"3,200,200"
1986-08-19,268.63,272.78,268.63,272.78,"3,097,200"
1986-08-18,271.25,271.29,268.66,268.76,"2,575,700"
1986-08-16,269.41,271.78,269.41,271.33,"2,097,000"
1986-08-14,267,269.36,267,268.69,"2,574,400"
1986-08-13,266.69,266.69,264.44,266.69,"2,343,000"
1986-08-12,267.52,267.52,265.9,265.9,"2,452,600"
1986-08-11,267.04,268.29,266.76,267.73,"2,055,700"
1986-08-09,267.85,270.11,267.29,267.29,"1,958,800"
1986-08-08,263.44,267.87,263.44,267.87,"2,661,000"
1986-08-07,263.13,264.89,261.61,263.01,"2,939,000"
1986-08-06,268.14,268.14,261.76,262.51,"3,157,800"
1986-08-05,270.41,270.42,268.24,268.4,"3,566,600"
1986-08-04,271.51,273.43,270.89,270.89,"3,501,400"
1986-08-02,267.5,271.35,266.94,271.35,"2,307,200"
1986-08-01,273.44,273.44,267.56,267.56,"3,562,900"
1986-07-31,274.06,274.59,273.37,273.75,"4,871,200"
1986-07-30,274.2,274.66,272.09,274.15,"4,326,700"
1986-07-29,272.35,275.61,272.35,274.2,"5,590,400"
1986-07-28,270.03,272.95,270.03,272.35,"5,260,700"
1986-07-26,265.95,269.58,265.95,269.58,"3,715,500"
1986-07-25,266.63,267.08,264.36,266.03,"5,159,600"
1986-07-24,264.02,267.29,264.02,266.69,"5,970,400"
1986-07-23,257.57,263.95,257.57,263.97,"4,576,200"
1986-07-22,254.29,257.35,254.29,257.35,"2,955,100"
1986-07-21,252.92,254.14,252.18,254.14,"1,943,600"
1986-07-19,253.39,253.39,252.94,253.01,"1,479,000"
1986-07-18,253.39,254.47,253.33,253.33,"2,925,700"
1986-07-16,256.25,256.25,253.38,253.62,"3,219,100"
1986-07-15,256.3,258.35,256.28,256.28,"4,438,800"
1986-07-14,256.14,256.48,255.83,256.21,"3,669,400"
1986-07-12,254.18,257.17,254.18,256.28,"2,501,800"
1986-07-11,256.67,256.67,252.75,254.1,"3,392,700"
1986-07-10,257.49,261.62,256.59,256.78,"5,573,800"
1986-07-09,253.81,257.4,252.4,257.4,"5,181,400"
1986-07-08,262.4,262.4,253.85,253.85,"5,421,400"
1986-07-07,262.5,266.4,261.78,262.41,"8,364,700"
1986-07-05,259.19,262.32,257.09,262.32,"4,667,900"
1986-07-04,256.54,259.22,256.44,259.22,"7,329,100"
1986-07-03,253.47,257.79,253.47,256.54,"6,763,900"
1986-07-02,249.32,253.65,249.32,253.32,"4,487,100"
1986-07-01,243.45,249.32,243.45,249.32,"3,093,000"
1986-06-30,243.8,243.87,243.36,243.36,"3,053,500"
1986-06-28,248.32,248.32,243.56,243.56,"2,401,700"
1986-06-27,250.68,250.68,246.9,248.33,"6,328,200"
1986-06-26,248.18,252.03,248.18,250.68,"8,336,400"
1986-06-25,246.19,248.18,246.19,248.18,"5,868,400"
1986-06-24,247.15,247.21,246.2,246.2,"5,362,300"
1986-06-23,245.59,248.73,245.59,247.15,"4,997,700"
1986-06-21,242.05,245.49,242.05,245.47,"4,073,400"
1986-06-20,241.42,242.2,240.97,242,"4,379,400"
1986-06-19,243.46,245.95,241.4,241.4,"7,134,200"
1986-06-18,243.11,243.11,240.42,243.49,"5,660,000"
1986-06-17,240.64,244.26,240.64,243.11,"6,549,000"
1986-06-16,238.97,240.48,238.97,240.46,"5,589,400"
1986-06-14,237.59,238.91,237.47,238.91,"3,434,400"
1986-06-13,236.93,239.55,236.62,237.61,"5,677,300"
1986-06-12,236.32,238.44,235.81,236.9,"5,554,300"
1986-06-11,233.67,237.26,233.67,236.32,"5,725,900"
1986-06-10,228.79,233.56,228.79,233.56,"4,174,500"
1986-06-09,230.51,230.97,228.56,228.57,"3,492,000"
1986-06-07,230.41,231.04,230.41,230.45,"3,243,600"
1986-06-05,228.96,231.68,228.96,230.25,"4,905,000"
1986-06-04,226.83,229.6,226.83,228.57,"4,602,800"
1986-06-03,231.86,231.86,226.79,226.79,"3,485,100"
1986-06-02,231.07,232.04,229.67,231.85,"4,985,400"
1986-05-31,229.49,232.03,229.49,231.06,"4,903,100"
1986-05-30,224.82,229.5,224.82,229.47,"7,586,500"
1986-05-29,222.29,224.74,222.29,224.74,"6,546,000"
1986-05-28,220.15,223.04,220.15,222.29,"7,524,000"
1986-05-27,218.06,220.06,218.06,220.06,"5,960,600"
1986-05-26,215.53,218.16,215.53,218.05,"5,295,900"
1986-05-24,212.31,215.33,212.31,215.33,"2,981,800"
1986-05-23,212.69,214.77,212.34,212.4,"5,822,000"
1986-05-22,210.55,213.17,210.44,212.66,"5,237,500"
1986-05-21,209.19,211.47,209.19,210.55,"5,780,300"
1986-05-20,207.58,209.18,207.4,209.18,"4,760,600"
1986-05-19,204.46,207.54,204.46,207.54,"4,111,200"
1986-05-17,202.47,204.17,202.47,204.17,"1,631,800"
1986-05-15,202.66,202.66,201.66,202.23,"2,471,900"
1986-05-14,200.14,202.63,200.14,202.63,"3,049,200"
1986-05-13,199.73,200.08,198.91,200.08,"2,094,700"
1986-05-12,200.61,201.34,199.64,199.92,"1,798,400"
1986-05-10,198.53,199.95,198.53,199.95,"1,470,500"
1986-05-09,200,200,198.01,198.14,"2,473,000"
1986-05-08,202.48,202.48,200.45,200.51,"2,073,200"
1986-05-07,201.59,201.98,201.37,201.98,"2,360,500"
1986-05-06,203.7,203.7,202.44,202.58,"1,724,600"
1986-05-03,205.97,205.97,204.79,204.81,"1,787,200"
1986-05-02,204.05,206.2,204.05,206.06,"4,757,300"
1986-05-01,203.16,203.16,201.95,202.88,"2,889,900"
1986-04-30,200.07,202.91,199.7,202.91,"3,377,200"
1986-04-29,202.07,202.07,199.87,200.61,"3,608,800"
1986-04-28,202.17,202.52,200.33,201.73,"3,961,800"
1986-04-26,194.93,199.44,194.93,199.44,"3,188,300"
1986-04-25,196.33,196.52,192.21,193.39,"4,806,200"
1986-04-24,198.7,198.7,193.67,193.67,"3,171,300"
1986-04-23,209.29,209.29,202.83,202.83,"3,180,300"
1986-04-22,207.93,208.63,207.24,208.63,"3,213,000"
1986-04-21,208.12,208.12,206.84,206.84,"2,946,500"
1986-04-19,212.4,212.4,209.28,209.28,"2,671,500"
1986-04-18,217.36,217.79,214.57,214.57,"7,224,300"
1986-04-17,216.02,217,215.74,217,"6,448,400"
1986-04-16,217.72,218.52,216.13,216.94,"7,455,500"
1986-04-15,214.18,216.46,213.74,216.46,"6,918,400"
1986-04-14,207.56,211.48,206.59,211.48,"4,514,000"
1986-04-12,211.5,211.85,210.98,210.99,"4,627,100"
1986-04-11,209.53,210.61,208.83,210.4,"6,739,800"
1986-04-10,205.67,207.19,205.2,207.19,"4,991,000"
1986-04-09,204.34,205.46,203.84,204.29,"4,155,000"
1986-04-08,205.46,205.97,203.79,203.98,"4,190,200"
1986-04-07,207.11,208.56,204.93,205.34,"4,386,300"
1986-04-04,202.94,206.71,202.94,206.44,"5,673,600"
1986-04-03,203.24,205.75,202.8,202.8,"8,640,500"
1986-04-02,199.84,203.16,199.33,203.16,"6,476,200"
1986-04-01,200.14,202.2,199.95,200.15,"6,945,200"
1986-03-31,198.76,199.94,198.08,199.76,"5,394,500"
1986-03-29,196.75,199.33,196.75,198.9,"3,712,600"
1986-03-28,195.55,196.62,195.53,195.92,"7,187,300"
1986-03-27,194.06,195.85,194.06,195.45,"6,623,700"
1986-03-26,191.44,193.69,191.44,193.69,"3,681,300"
1986-03-25,192.55,193.45,191.15,191.91,"3,966,000"
1986-03-24,190.57,192.56,190.57,192.31,"4,663,300"
1986-03-22,188.76,190.87,188.76,190.1,"3,534,300"
1986-03-21,186,188.26,186,188.18,"5,382,200"
1986-03-20,184.47,185.35,183.85,185.06,"3,860,400"
1986-03-19,182.31,183.7,180.93,183.7,"3,327,500"
1986-03-18,185.82,186.12,182.46,183,"2,971,600"
1986-03-17,186.24,187.17,184.67,185.51,"3,393,100"
1986-03-15,184.01,186.03,184.01,185.4,"3,040,800"
1986-03-14,181.9,184.26,181.9,182.67,"4,686,200"
1986-03-13,181.42,183.04,180.16,181.68,"4,052,600"
1986-03-12,188.5,188.5,182.51,182.51,"4,156,200"
1986-03-11,185.4,188.69,185.4,188.54,"6,558,200"
1986-03-08,188.21,188.21,183.2,184.39,"3,401,500"
1986-03-07,185.17,188.96,185.17,188.21,"8,252,400"
1986-03-06,184.1,187.68,184.1,184.88,"8,615,000"
1986-03-05,181.24,183.99,181.24,183.99,"5,792,000"
1986-03-04,179.76,182.14,179.76,181.39,"6,531,300"
1986-03-03,177.04,179.33,177.04,179.33,"4,946,800"
1986-02-28,174.86,176.1,174.86,175.91,"4,507,600"
1986-02-27,175.31,176.2,174.09,174.34,"3,989,300"
1986-02-26,177.15,177.15,175.31,175.31,"4,846,600"
1986-02-25,177.86,178.08,177.08,177.51,"6,206,700"
1986-02-24,174.78,177.78,174.78,177.78,"5,656,800"
1986-02-22,174.62,174.86,174.5,174.86,"3,995,300"
1986-02-21,172.72,174.82,172.72,174.58,"5,998,000"
1986-02-20,170.09,172.53,170.09,172.53,"5,178,400"
1986-02-19,169.33,169.91,169.27,169.91,"4,839,200"
1986-02-18,168.2,169.4,168.2,169.21,"4,505,200"
1986-02-17,166.68,167.99,166.68,167.99,"3,488,600"
1986-02-15,165.53,165.75,165.07,165.75,"1,430,600"
1986-02-14,167.68,168.39,166.13,166.13,"3,912,800"
1986-02-13,166.37,167.53,166.37,167.34,"4,452,400"
1986-02-12,165.7,166.94,165.7,166.11,"4,382,700"
1986-02-11,165.83,165.83,165.06,165.27,"3,597,800"
1986-02-10,165.91,166.56,165.91,166.09,"3,705,100"
1986-02-08,165.33,166.02,165.33,165.74,"3,168,500"
1986-02-07,164.21,165.59,164.21,165.11,"5,108,100"
1986-02-06,161.57,164.04,161.57,164.04,"4,728,900"
1986-02-05,162.32,162.32,161.16,161.73,"3,129,100"
1986-02-04,163.37,163.37,161.58,162.79,"3,292,400"
1986-02-03,162.75,163.99,162.75,163.43,"3,490,500"
1986-02-01,160.57,162.45,160.57,162.45,"2,515,900"
1986-01-31,159.31,160.42,159.31,160.42,"3,885,900"
1986-01-30,157.87,159.27,157.87,159.27,"3,588,700"
1986-01-29,158.15,158.59,157.49,158.01,"3,057,400"
1986-01-28,156.42,158.13,156.42,158.13,"3,644,100"
1986-01-27,156.03,156.27,155.15,156.27,"2,389,000"
1986-01-25,154.2,155.55,154.2,155.55,"1,782,100"
1986-01-24,154.07,154.5,152.73,153.85,"2,396,600"
1986-01-23,155.07,155.12,153.96,154.1,"1,898,100"
1986-01-22,154.8,154.81,153.2,154.81,"1,889,500"
1986-01-21,156.53,156.53,154.8,155.01,"1,754,900"
1986-01-20,156.5,157.33,156.47,156.57,"1,434,100"
1986-01-18,157.3,157.3,156.39,156.47,"1,071,500"
1986-01-17,155.68,157.3,155.62,157.3,"1,482,900"
1986-01-16,156,156,154.78,155.34,"1,513,900"
1986-01-15,156.89,156.89,155.16,155.86,"2,131,000"
1986-01-14,159.82,159.82,157.07,157.25,"2,419,200"
1986-01-13,160.3,160.53,159.4,159.93,"2,879,200"
1986-01-11,159.68,160.26,159.68,160.21,"2,623,300"
1986-01-10,159.56,159.56,158.69,159.56,"4,076,600"
1986-01-09,159.48,160.87,158.11,159.43,"4,167,200"
1986-01-08,157.97,159.45,157.97,159.45,"3,627,700"
1986-01-07,158.89,158.89,157.61,157.78,"3,064,400"
1986-01-06,161.14,161.14,158.04,158.97,"2,369,700"
1986-01-04,163.37,163.67,161.4,161.4,"1,404,400"
1985-12-26,163.37,163.37,163.37,163.37,"6,869,900"
1985-12-24,162.61,162.61,162.61,162.61,"5,454,400"
1985-12-23,160.04,160.04,160.04,160.04,"5,149,000"
1985-12-21,158.29,158.29,158.29,158.29,"3,466,900"
1985-12-20,156.42,156.42,156.42,156.42,"3,682,100"
1985-12-19,156.15,156.15,156.15,156.15,"3,524,900"
1985-12-18,156.51,156.51,156.51,156.51,"3,940,700"
1985-12-17,157.66,157.66,157.66,157.66,"3,728,000"
1985-12-16,159.41,159.41,159.41,159.41,"3,019,000"
1985-12-14,158.07,158.07,158.07,158.07,"3,184,200"
1985-12-13,159.24,159.24,159.24,159.24,"5,618,100"
1985-12-12,158.17,158.17,158.17,158.17,"4,740,200"
1985-12-11,157.59,157.59,157.59,157.59,"5,519,700"
1985-12-10,155.54,155.54,155.54,155.54,"3,655,500"
1985-12-09,153.49,153.49,153.49,153.49,"2,920,700"
1985-12-07,152.71,152.71,152.71,152.71,"2,052,700"
1985-12-06,153.39,153.39,153.39,153.39,"3,960,300"
1985-12-05,152.83,152.83,152.83,152.83,"4,915,400"
1985-12-04,151.3,151.3,151.3,151.3,"2,457,600"
1985-12-03,149.74,149.74,149.74,149.74,"3,158,600"
1985-12-02,151.26,151.26,151.26,151.26,"3,634,000"
1985-11-30,150.16,150.16,150.16,150.16,"2,398,800"
1985-11-29,148.84,148.84,148.84,148.84,"3,339,000"
1985-11-28,148.37,148.37,148.37,148.37,"2,767,700"
1985-11-27,147.71,147.71,147.71,147.71,"2,276,600"
1985-11-26,146.46,146.46,146.46,146.46,"2,097,900"
1985-11-25,146.63,146.63,146.63,146.63,"1,596,600"
1985-11-23,146.94,146.94,146.94,146.94,"1,430,600"
1985-11-22,147.07,147.07,147.07,147.07,"2,229,100"
1985-11-21,145.78,145.78,145.78,145.78,"2,775,700"
1985-11-20,146.1,146.1,146.1,146.1,"2,574,100"
1985-11-19,147.48,147.48,147.48,147.48,"3,531,700"
1985-11-18,148.58,148.58,148.58,148.58,"4,734,900"
1985-11-16,147.52,147.52,147.52,147.52,"1,845,800"
1985-11-15,146.51,146.51,146.51,146.51,"2,793,600"
1985-11-14,146.65,146.65,146.65,146.65,"4,083,600"
1985-11-13,147.44,147.44,147.44,147.44,"4,951,600"
1985-11-12,144.67,144.67,144.67,144.67,"3,326,400"
1985-11-11,143.64,143.64,143.64,143.64,"3,014,200"
1985-11-09,142.37,142.37,142.37,142.37,"1,290,500"
1985-11-08,141.65,141.65,141.65,141.65,"2,197,400"
1985-11-07,141.58,141.58,141.58,141.58,"2,183,000"
1985-11-06,141.12,141.12,141.12,141.12,"1,392,200"
1985-11-05,140.65,140.65,140.65,140.65,"1,416,600"
1985-11-04,141.08,141.08,141.08,141.08,"2,074,500"
1985-11-02,141.11,141.11,141.11,141.11,"1,245,800"
1985-11-01,140.67,140.67,140.67,140.67,"2,126,400"
1985-10-31,140.89,140.89,140.89,140.89,"2,170,900"
1985-10-30,141.85,141.85,141.85,141.85,"2,968,500"
1985-10-29,141.57,141.57,141.57,141.57,"3,010,500"
1985-10-28,141.88,141.88,141.88,141.88,"3,462,200"
1985-10-26,141.93,141.93,141.93,141.93,"2,635,100"
1985-10-25,142.09,142.09,142.09,142.09,"3,463,100"
1985-10-24,142.42,142.42,142.42,142.42,"3,741,400"
1985-10-23,140.88,140.88,140.88,140.88,"3,153,600"
1985-10-22,141.24,141.24,141.24,141.24,"3,905,200"
1985-10-21,140.93,140.93,140.93,140.93,"3,527,800"
1985-10-19,139.87,139.87,139.87,139.87,"1,840,200"
1985-10-18,139.78,139.78,139.78,139.78,"3,094,200"
1985-10-17,139.42,139.42,139.42,139.42,"2,111,200"
1985-10-16,139.05,139.05,139.05,139.05,"2,190,900"
1985-10-15,138.39,138.39,138.39,138.39,"2,373,000"
1985-10-14,138.45,138.45,138.45,138.45,"1,782,200"
1985-10-12,138.65,138.65,138.65,138.65,"1,087,800"
1985-10-11,138.76,138.76,138.76,138.76,"2,058,800"
1985-10-10,138.99,138.99,138.99,138.99,"2,970,700"
1985-10-08,138.92,138.92,138.92,138.92,"2,151,500"
1985-10-07,139.19,139.19,139.19,139.19,"1,722,900"
1985-10-05,140.02,140.02,140.02,140.02,"1,661,700"
1985-10-04,140.31,140.31,140.31,140.31,"3,240,800"
1985-10-02,139.65,139.65,139.65,139.65,"3,493,900"
1985-09-30,138.91,138.91,138.91,138.91,"2,480,200"
1985-09-28,138.19,138.19,138.19,138.19,"1,350,800"
1985-09-27,138.15,138.15,138.15,138.15,"2,967,500"
1985-09-26,138.05,138.05,138.05,138.05,"2,440,100"
1985-09-25,137.36,137.36,137.36,137.36,"1,808,200"
1985-09-24,136.88,136.88,136.88,136.88,"1,630,300"
1985-09-23,137.08,137.08,137.08,137.08,"1,273,600"
1985-09-21,137.14,137.14,137.14,137.14,"807,700"
1985-09-20,137.01,137.01,137.01,137.01,"1,224,200"
1985-09-19,136.31,136.31,136.31,136.31,"962,400"
1985-09-18,135.99,135.99,135.99,135.99,"1,066,400"
1985-09-17,135.91,135.91,135.91,135.91,"1,161,300"
1985-09-16,135.72,135.72,135.72,135.72,"1,003,100"
1985-09-14,135.78,135.78,135.78,135.78,"823,800"
1985-09-13,135.71,135.71,135.71,135.71,"1,704,200"
1985-09-12,135.87,135.87,135.87,135.87,"1,526,300"
1985-09-11,135.53,135.53,135.53,135.53,"1,534,500"
1985-09-10,134.93,134.93,134.93,134.93,"2,307,300"
1985-09-09,134.95,134.95,134.95,134.95,"1,721,900"
1985-09-07,135.09,135.09,135.09,135.09,"1,190,600"
1985-09-06,134.87,134.87,134.87,134.87,"1,776,500"
1985-09-05,135.18,135.18,135.18,135.18,"1,347,700"
1985-09-04,135.7,135.7,135.7,135.7,"1,605,100"
1985-09-03,136.06,136.06,136.06,136.06,"1,766,600"
1985-09-02,136.03,136.03,136.03,136.03,"1,776,100"
1985-08-31,136.49,136.49,136.49,136.49,"1,902,800"
1985-08-30,136.33,136.33,136.33,136.33,"3,022,500"
1985-08-29,136.44,136.44,136.44,136.44,"1,700,100"
1985-08-28,136.47,136.47,136.47,136.47,"1,787,200"
1985-08-27,136.75,136.75,136.75,136.75,"2,417,500"
1985-08-26,136.84,136.84,136.84,136.84,"2,122,800"
1985-08-24,136.65,136.65,136.65,136.65,"1,886,500"
1985-08-23,136.38,136.38,136.38,136.38,"3,644,200"
1985-08-22,136.59,136.59,136.59,136.59,"3,052,100"
1985-08-21,136.46,136.46,136.46,136.46,"2,218,800"
1985-08-20,135.61,135.61,135.61,135.61,"1,494,400"
1985-08-19,135.63,135.63,135.63,135.63,"2,131,100"
1985-08-17,135.13,135.13,135.13,135.13,"1,810,200"
1985-08-16,134.84,134.84,134.84,134.84,"1,239,100"
1985-08-14,135.36,135.36,135.36,135.36,"1,347,000"
1985-08-13,135.5,135.5,135.5,135.5,"1,503,400"
1985-08-12,135.36,135.36,135.36,135.36,"1,139,200"
1985-08-10,135.57,135.57,135.57,135.57,"794,000"
1985-08-09,136.02,136.02,136.02,136.02,"1,375,200"
1985-08-08,137.19,137.19,137.19,137.19,"2,118,600"
1985-08-07,138.03,138.03,138.03,138.03,"1,744,500"
1985-08-06,137.53,137.53,137.53,137.53,"1,456,200"
1985-08-05,138.46,138.46,138.46,138.46,"1,313,200"
1985-08-03,138.75,138.75,138.75,138.75,"1,464,700"
1985-08-02,137.96,137.96,137.96,137.96,"1,379,100"
1985-08-01,137.59,137.59,137.59,137.59,"1,554,000"
1985-07-31,137.38,137.38,137.38,137.38,"2,016,200"
1985-07-30,136.91,136.91,136.91,136.91,"1,258,400"
1985-07-29,136.85,136.85,136.85,136.85,"939,400"
1985-07-27,136.25,136.25,136.25,136.25,"678,400"
1985-07-26,136.26,136.26,136.26,136.26,"1,107,200"
1985-07-25,136.07,136.07,136.07,136.07,"746,800"
1985-07-24,135.96,135.96,135.96,135.96,"1,171,800"
1985-07-23,135.68,135.68,135.68,135.68,"901,700"
1985-07-22,135.31,135.31,135.31,135.31,"655,100"
1985-07-20,135.56,135.56,135.56,135.56,"1,233,000"
1985-07-19,135.58,135.58,135.58,135.58,"2,103,100"
1985-07-18,134.89,134.89,134.89,134.89,"986,000"
1985-07-16,135.41,135.41,135.41,135.41,"977,600"
1985-07-15,136.37,136.37,136.37,136.37,"993,800"
1985-07-13,136.59,136.59,136.59,136.59,"1,029,700"
1985-07-12,135.7,135.7,135.7,135.7,"1,025,400"
1985-07-11,135.79,135.79,135.79,135.79,"983,600"
1985-07-10,134.39,134.39,134.39,134.39,"1,341,100"
1985-07-09,134.44,134.44,134.44,134.44,"734,300"
1985-07-08,134.33,134.33,134.33,134.33,"832,600"
1985-07-06,134.63,134.63,134.63,134.63,"682,100"
1985-07-05,134.9,134.9,134.9,134.9,"1,010,700"
1985-07-04,135.3,135.3,135.3,135.3,"1,518,000"
1985-07-03,135.67,135.67,135.67,135.67,"1,938,000"
1985-07-02,136.88,136.88,136.88,136.88,"1,932,000"
1985-07-01,136.83,136.83,136.83,136.83,"885,800"
1985-06-29,136.58,136.58,136.58,136.58,"1,347,400"
1985-06-28,137.2,137.2,137.2,137.2,"1,955,200"
1985-06-27,138.48,138.48,138.48,138.48,"2,241,100"
1985-06-26,138.06,138.06,138.06,138.06,"1,610,500"
1985-06-25,138.05,138.05,138.05,138.05,"1,382,400"
1985-06-24,138.12,138.12,138.12,138.12,"833,200"
1985-06-22,138.73,138.73,138.73,138.73,"1,146,700"
1985-06-21,138.62,138.62,138.62,138.62,"1,589,500"
1985-06-20,138.4,138.4,138.4,138.4,"1,836,200"
1985-06-19,139.42,139.42,139.42,139.42,"1,865,900"
1985-06-18,140.31,140.31,140.31,140.31,"1,819,700"
1985-06-17,140.77,140.77,140.77,140.77,"3,250,500"
1985-06-15,139.83,139.83,139.83,139.83,"1,757,300"
1985-06-14,140.14,140.14,140.14,140.14,"3,898,700"
1985-06-13,138.46,138.46,138.46,138.46,"2,089,900"
1985-06-12,138.58,138.58,138.58,138.58,"3,311,100"
1985-06-11,137.41,137.41,137.41,137.41,"2,614,800"
1985-06-10,135.02,135.02,135.02,135.02,"1,231,900"
1985-06-08,134.32,134.32,134.32,134.32,"686,200"
1985-06-07,134.21,134.21,134.21,134.21,"1,090,100"
1985-06-05,134.07,134.07,134.07,134.07,"1,088,900"
1985-06-04,133.62,133.62,133.62,133.62,"987,800"
1985-06-03,133.73,133.73,133.73,133.73,"768,900"
1985-06-01,134.24,134.24,134.24,134.24,"823,400"
1985-05-31,134.09,134.09,134.09,134.09,"1,052,200"
1985-05-30,133.73,133.73,133.73,133.73,"993,700"
1985-05-29,133.17,133.17,133.17,133.17,"874,900"
1985-05-28,133.69,133.69,133.69,133.69,"1,157,500"
1985-05-25,133.29,133.29,133.29,133.29,"804,300"
1985-05-24,133.26,133.26,133.26,133.26,"1,443,200"
1985-05-23,132.82,132.82,132.82,132.82,"1,662,800"
1985-05-22,132.43,132.43,132.43,132.43,"918,000"
1985-05-21,132.45,132.45,132.45,132.45,"1,136,600"
1985-05-20,131.4,131.4,131.4,131.4,"766,500"
1985-05-18,131.87,131.87,131.87,131.87,"579,200"
1985-05-17,132.26,132.26,132.26,132.26,"970,200"
1985-05-16,132.86,132.86,132.86,132.86,"931,100"
1985-05-15,132.56,132.56,132.56,132.56,"798,600"
1985-05-14,132.61,132.61,132.61,132.61,"862,200"
1985-05-13,132.85,132.85,132.85,132.85,"737,400"
1985-05-11,132.78,132.78,132.78,132.78,"695,900"
1985-05-10,133.16,133.16,133.16,133.16,"883,300"
1985-05-09,133.76,133.76,133.76,133.76,"982,400"
1985-05-08,134.44,134.44,134.44,134.44,"1,060,100"
1985-05-07,133.63,133.63,133.63,133.63,"846,600"
1985-05-06,133.78,133.78,133.78,133.78,"681,200"
1985-05-04,133.96,133.96,133.96,133.96,"1,063,700"
1985-05-03,133.56,133.56,133.56,133.56,"1,811,100"
1985-05-02,133.94,133.94,133.94,133.94,"944,100"
1985-05-01,134.06,134.06,134.06,134.06,"959,500"
1985-04-30,134.15,134.15,134.15,134.15,"1,071,300"
1985-04-29,134.31,134.31,134.31,134.31,"955,200"
1985-04-27,134.62,134.62,134.62,134.62,"912,200"
1985-04-26,134.85,134.85,134.85,134.85,"1,245,300"
1985-04-25,134.97,134.97,134.97,134.97,"1,093,800"
1985-04-24,134.88,134.88,134.88,134.88,"895,100"
1985-04-23,135.06,135.06,135.06,135.06,"882,200"
1985-04-22,135.48,135.48,135.48,135.48,"1,000,200"
1985-04-20,135.92,135.92,135.92,135.92,"1,022,200"
1985-04-19,135.43,135.43,135.43,135.43,"1,255,700"
1985-04-18,135.31,135.31,135.31,135.31,"1,342,000"
1985-04-17,135.81,135.81,135.81,135.81,"1,421,700"
1985-04-16,136.37,136.37,136.37,136.37,"2,163,500"
1985-04-15,136.27,136.27,136.27,136.27,"1,224,700"
1985-04-13,136.88,136.88,136.88,136.88,"1,196,300"
1985-04-12,136.53,136.53,136.53,136.53,"2,496,500"
1985-04-11,137.11,137.11,137.11,137.11,"3,023,700"
1985-04-10,137.35,137.35,137.35,137.35,"3,437,200"
1985-04-09,137.82,137.82,137.82,137.82,"2,712,100"
1985-04-08,136.74,136.74,136.74,136.74,"2,001,100"
1985-04-06,138.41,138.41,138.41,138.41,"1,779,300"
1985-04-04,138.31,138.31,138.31,138.31,"3,024,700"
1985-04-03,138.42,138.42,138.42,138.42,"2,569,600"
1985-04-02,136.28,136.28,136.28,136.28,"1,440,500"
1985-04-01,136.3,136.3,136.3,136.3,"2,740,900"
1985-03-30,136.46,136.46,136.46,136.46,"1,163,600"
1985-03-29,135.08,135.08,135.08,135.08,"1,961,900"
1985-03-28,135.23,135.23,135.23,135.23,"4,110,000"
1985-03-27,134.75,134.75,134.75,134.75,"4,696,500"
1985-03-26,134.46,134.46,134.46,134.46,"1,367,900"
1985-03-25,134.44,134.44,134.44,134.44,"1,612,400"
1985-03-23,134.05,134.05,134.05,134.05,"912,500"
1985-03-22,134.07,134.07,134.07,134.07,"1,208,400"
1985-03-21,133.99,133.99,133.99,133.99,"1,054,200"
1985-03-20,133.92,133.92,133.92,133.92,"996,000"
1985-03-19,134.12,134.12,134.12,134.12,"1,296,500"
1985-03-18,134.28,134.28,134.28,134.28,"1,485,300"
1985-03-16,134.74,134.74,134.74,134.74,"1,143,800"
1985-03-15,134.23,134.23,134.23,134.23,"1,269,000"
1985-03-14,132.98,132.98,132.98,132.98,"1,431,300"
1985-03-13,132.42,132.42,132.42,132.42,"1,455,200"
1985-03-12,132.73,132.73,132.73,132.73,"992,600"
1985-03-11,133.11,133.11,133.11,133.11,"1,222,200"
1985-03-09,133.39,133.39,133.39,133.39,"693,600"
1985-03-08,133.4,133.4,133.4,133.4,"1,517,300"
1985-03-07,134.53,134.53,134.53,134.53,"1,413,500"
1985-03-06,135.16,135.16,135.16,135.16,"1,523,000"
1985-03-05,135.72,135.72,135.72,135.72,"1,451,100"
1985-03-04,135.35,135.35,135.35,135.35,"1,193,100"
1985-03-02,134.93,134.93,134.93,134.93,"636,400"
1985-02-28,134.72,134.72,134.72,134.72,"1,052,500"
1985-02-27,134.98,134.98,134.98,134.98,"1,243,700"
1985-02-26,134.64,134.64,134.64,134.64,"1,624,300"
1985-02-25,134.55,134.55,134.55,134.55,"1,170,200"
1985-02-23,134.82,134.82,134.82,134.82,"1,195,400"
1985-02-22,133.37,133.37,133.37,133.37,"1,750,800"
1985-02-21,133.65,133.65,133.65,133.65,"1,256,700"
1985-02-19,134.87,134.87,134.87,134.87,"1,449,100"
1985-02-18,134.35,134.35,134.35,134.35,"1,114,500"
1985-02-16,135.22,135.22,135.22,135.22,"669,800"
1985-02-15,135.24,135.24,135.24,135.24,"1,002,100"
1985-02-14,134.86,134.86,134.86,134.86,"957,000"
1985-02-13,136.05,136.05,136.05,136.05,"914,000"
1985-02-11,136.67,136.67,136.67,136.67,"1,065,900"
1985-02-09,136.01,136.01,136.01,136.01,"784,600"
1985-02-08,136.69,136.69,136.69,136.69,"1,277,400"
1985-02-07,136.59,136.59,136.59,136.59,"1,171,000"
1985-02-06,137.21,137.21,137.21,137.21,"1,202,000"
1985-02-05,137.07,137.07,137.07,137.07,"1,353,800"
1985-02-04,136.87,136.87,136.87,136.87,"991,700"
1985-02-02,138.48,138.48,138.48,138.48,"856,200"
1985-02-01,138.84,138.84,138.84,138.84,"1,666,600"
1985-01-31,138.9,138.9,138.9,138.9,"1,406,800"
1985-01-30,137.97,137.97,137.97,137.97,"1,009,300"
1985-01-29,137.81,137.81,137.81,137.81,"1,009,800"
1985-01-28,137.89,137.89,137.89,137.89,"918,800"
1985-01-26,138.6,138.6,138.6,138.6,"910,100"
1985-01-25,138.75,138.75,138.75,138.75,"1,180,600"
1985-01-24,139.43,139.43,139.43,139.43,"1,649,300"
1985-01-23,139.75,139.75,139.75,139.75,"1,621,900"
1985-01-22,139.09,139.09,139.09,139.09,"1,595,700"
1985-01-21,138.6,138.6,138.6,138.6,"1,396,600"
1985-01-19,138.38,138.38,138.38,138.38,"1,041,900"
1985-01-18,138.24,138.24,138.24,138.24,"1,412,600"
1985-01-17,138.66,138.66,138.66,138.66,"1,620,700"
1985-01-16,139.92,139.92,139.92,139.92,"2,184,500"
1985-01-15,139.64,139.64,139.64,139.64,"1,736,400"
1985-01-14,139.45,139.45,139.45,139.45,"1,476,500"
1985-01-12,141.05,141.05,141.05,141.05,"1,644,000"
1985-01-11,140.06,140.06,140.06,140.06,"2,386,300"
1985-01-10,141.93,141.93,141.93,141.93,"3,837,200"
1985-01-09,143.26,143.26,143.26,143.26,"3,266,200"
1985-01-08,145.39,145.39,145.39,145.39,"4,217,800"
1985-01-07,145.51,145.51,145.51,145.51,"4,502,400"
1985-01-05,141.79,141.79,141.79,141.79,"1,636,600"
1985-01-04,139.53,139.53,139.53,139.53,"715,600"
1984-12-24,142.46,142.46,142.46,142.46,"3,783,100"
1984-12-22,142.13,142.13,142.13,142.13,"2,632,400"
1984-12-21,141.19,141.19,141.19,141.19,"3,534,700"
1984-12-20,140.02,140.02,140.02,140.02,"3,290,100"
1984-12-19,138.9,138.9,138.9,138.9,"2,805,400"
1984-12-18,138.68,138.68,138.68,138.68,"2,164,100"
1984-12-17,138.25,138.25,138.25,138.25,"1,913,300"
1984-12-15,138.2,138.2,138.2,138.2,"1,248,600"
1984-12-14,137.89,137.89,137.89,137.89,"2,579,000"
1984-12-13,137.5,137.5,137.5,137.5,"2,178,700"
1984-12-12,137.25,137.25,137.25,137.25,"1,501,000"
1984-12-11,137.37,137.37,137.37,137.37,"1,361,900"
1984-12-10,137.59,137.59,137.59,137.59,"1,347,300"
1984-12-08,138.21,138.21,138.21,138.21,"1,239,600"
1984-12-07,137.85,137.85,137.85,137.85,"1,878,700"
1984-12-06,137.32,137.32,137.32,137.32,"2,130,100"
1984-12-05,137.17,137.17,137.17,137.17,"1,624,700"
1984-12-04,136.5,136.5,136.5,136.5,"1,338,000"
1984-12-03,136.81,136.81,136.81,136.81,"984,900"
1984-12-01,135.54,135.54,135.54,135.54,"652,400"
1984-11-30,135.29,135.29,135.29,135.29,"1,231,800"
1984-11-29,135.14,135.14,135.14,135.14,"1,334,000"
1984-11-28,134.56,134.56,134.56,134.56,"1,221,300"
1984-11-27,134.13,134.13,134.13,134.13,"1,027,000"
1984-11-26,133.78,133.78,133.78,133.78,"782,100"
1984-11-24,133.25,133.25,133.25,133.25,"436,000"
1984-11-23,133.07,133.07,133.07,133.07,"897,000"
1984-11-22,133.51,133.51,133.51,133.51,"817,400"
1984-11-21,133.26,133.26,133.26,133.26,"973,300"
1984-11-20,133.15,133.15,133.15,133.15,"1,072,800"
1984-11-19,132.39,132.39,132.39,132.39,"724,700"
1984-11-17,132.61,132.61,132.61,132.61,"642,000"
1984-11-16,132.68,132.68,132.68,132.68,"1,016,100"
1984-11-15,132.19,132.19,132.19,132.19,"895,900"
1984-11-14,132.83,132.83,132.83,132.83,"1,040,800"
1984-11-13,132.56,132.56,132.56,132.56,"854,900"
1984-11-12,133.81,133.81,133.81,133.81,"712,400"
1984-11-10,134.13,134.13,134.13,134.13,"653,100"
1984-11-09,134.27,134.27,134.27,134.27,"1,589,900"
1984-11-08,134.37,134.37,134.37,134.37,"2,375,700"
1984-11-07,132.57,132.57,132.57,132.57,"2,134,600"
1984-11-06,132.49,132.49,132.49,132.49,"1,517,700"
1984-11-05,131.47,131.47,131.47,131.47,"879,900"
1984-11-03,129.71,129.71,129.71,129.71,"386,500"
1984-11-02,129.5,129.5,129.5,129.5,"667,000"
1984-11-01,129.82,129.82,129.82,129.82,"875,400"
1984-10-31,130.33,130.33,130.33,130.33,"749,000"
1984-10-30,130.9,130.9,130.9,130.9,"887,600"
1984-10-29,131.16,131.16,131.16,131.16,"761,400"
1984-10-27,130.53,130.53,130.53,130.53,"607,900"
1984-10-26,130.29,130.29,130.29,130.29,"990,400"
1984-10-25,130.44,130.44,130.44,130.44,"849,200"
1984-10-24,130.73,130.73,130.73,130.73,"1,029,500"
1984-10-23,130.88,130.88,130.88,130.88,"845,900"
1984-10-22,130.52,130.52,130.52,130.52,"918,800"
1984-10-20,131.01,131.01,131.01,131.01,"479,600"
1984-10-19,131.21,131.21,131.21,131.21,"610,200"
1984-10-18,131.87,131.87,131.87,131.87,"573,300"
1984-10-17,132.13,132.13,132.13,132.13,"581,200"
1984-10-16,132.32,132.32,132.32,132.32,"514,000"
1984-10-15,133.16,133.16,133.16,133.16,"411,200"
1984-10-13,133.76,133.76,133.76,133.76,"622,800"
1984-10-12,133.39,133.39,133.39,133.39,"818,500"
1984-10-11,133.67,133.67,133.67,133.67,"621,100"
1984-10-10,134.54,134.54,134.54,134.54,"729,500"
1984-10-08,134.28,134.28,134.28,134.28,"487,800"
1984-10-06,134.44,134.44,134.44,134.44,"595,600"
1984-10-05,133.85,133.85,133.85,133.85,"595,800"
1984-10-04,133.6,133.6,133.6,133.6,"467,200"
1984-10-02,134.14,134.14,134.14,134.14,"651,200"
1984-09-29,134.41,134.41,134.41,134.41,"610,000"
1984-09-28,132.07,132.07,132.07,132.07,"729,700"
1984-09-27,131.89,131.89,131.89,131.89,"922,100"
1984-09-26,132.74,132.74,132.74,132.74,"589,700"
1984-09-25,133.27,133.27,133.27,133.27,"734,000"
1984-09-24,133.27,133.27,133.27,133.27,"638,700"
1984-09-22,132.79,132.79,132.79,132.79,"536,900"
1984-09-21,132.93,132.93,132.93,132.93,"590,100"
1984-09-20,133.91,133.91,133.91,133.91,"583,000"
1984-09-19,134.54,134.54,134.54,134.54,"560,200"
1984-09-18,134.72,134.72,134.72,134.72,"932,800"
1984-09-17,134.81,134.81,134.81,134.81,"592,500"
1984-09-15,135.31,135.31,135.31,135.31,"514,700"
1984-09-14,135.28,135.28,135.28,135.28,"999,000"
1984-09-13,135.63,135.63,135.63,135.63,"1,132,200"
1984-09-12,135.83,135.83,135.83,135.83,"1,032,200"
1984-09-11,135.41,135.41,135.41,135.41,"642,300"
1984-09-08,136.76,136.76,136.76,136.76,"1,085,800"
1984-09-07,136.63,136.63,136.63,136.63,"948,000"
1984-09-06,135.93,135.93,135.93,135.93,"1,182,100"
1984-09-05,136.28,136.28,136.28,136.28,"929,100"
1984-09-04,136.49,136.49,136.49,136.49,"1,130,300"
1984-09-03,136.71,136.71,136.71,136.71,"943,600"
1984-09-01,136.11,136.11,136.11,136.11,"985,800"
1984-08-31,135.34,135.34,135.34,135.34,"1,275,700"
1984-08-30,134.46,134.46,134.46,134.46,"1,332,000"
1984-08-29,133.27,133.27,133.27,133.27,"1,322,200"
1984-08-28,133.29,133.29,133.29,133.29,"972,400"
1984-08-27,133.49,133.49,133.49,133.49,"751,100"
1984-08-25,134.32,134.32,134.32,134.32,"549,500"
1984-08-24,134.59,134.59,134.59,134.59,"1,395,600"
1984-08-23,134.33,134.33,134.33,134.33,"965,200"
1984-08-22,134.69,134.69,134.69,134.69,"1,042,100"
1984-08-21,133.77,133.77,133.77,133.77,"755,400"
1984-08-20,134.5,134.5,134.5,134.5,"647,500"
1984-08-18,134.86,134.86,134.86,134.86,"664,700"
1984-08-17,135.05,135.05,135.05,135.05,"1,965,100"
1984-08-16,135.47,135.47,135.47,135.47,"1,999,900"
1984-08-14,135.21,135.21,135.21,135.21,"1,005,000"
1984-08-13,135.13,135.13,135.13,135.13,"772,700"
1984-08-11,135.4,135.4,135.4,135.4,"984,800"
1984-08-10,135.85,135.85,135.85,135.85,"1,341,700"
1984-08-09,136.66,136.66,136.66,136.66,"1,138,800"
1984-08-08,137,137,137,137,"1,326,700"
1984-08-07,137.23,137.23,137.23,137.23,"1,264,300"
1984-08-06,136.6,136.6,136.6,136.6,"842,700"
1984-08-04,136.24,136.24,136.24,136.24,"676,500"
1984-08-03,135.47,135.47,135.47,135.47,"889,400"
1984-08-02,135.39,135.39,135.39,135.39,"1,421,400"
1984-08-01,134.54,134.54,134.54,134.54,"872,100"
1984-07-31,134.7,134.7,134.7,134.7,"1,278,500"
1984-07-30,134.94,134.94,134.94,134.94,"1,070,700"
1984-07-28,134.82,134.82,134.82,134.82,"2,175,900"
1984-07-27,135.29,135.29,135.29,135.29,"2,614,900"
1984-07-26,135.43,135.43,135.43,135.43,"2,422,000"
1984-07-25,134.97,134.97,134.97,134.97,"2,491,400"
1984-07-24,135.03,135.03,135.03,135.03,"2,747,900"
1984-07-23,135.24,135.24,135.24,135.24,"2,094,300"
1984-07-21,133.88,133.88,133.88,133.88,"1,217,600"
1984-07-20,133.34,133.34,133.34,133.34,"1,917,200"
1984-07-19,132.76,132.76,132.76,132.76,"1,890,000"
1984-07-18,131.9,131.9,131.9,131.9,"1,110,600"
1984-07-16,131.3,131.3,131.3,131.3,"1,139,400"
1984-07-14,132.7,132.7,132.7,132.7,"1,240,400"
1984-07-13,132.63,132.63,132.63,132.63,"1,378,200"
1984-07-12,131.31,131.31,131.31,131.31,"899,400"
1984-07-11,132.1,132.1,132.1,132.1,"1,331,000"
1984-07-10,132.65,132.65,132.65,132.65,"1,441,800"
1984-07-09,133.37,133.37,133.37,133.37,"1,241,300"
1984-07-07,134.41,134.41,134.41,134.41,"1,200,900"
1984-07-06,132.54,132.54,132.54,132.54,"1,895,500"
1984-07-05,130.22,130.22,130.22,130.22,"982,900"
1984-07-04,132.19,132.19,132.19,132.19,"1,153,800"
1984-07-03,130.65,130.65,130.65,130.65,"1,221,500"
1984-07-02,130.28,130.28,130.28,130.28,"1,185,300"
1984-06-30,132.12,132.12,132.12,132.12,"624,300"
1984-06-29,132.25,132.25,132.25,132.25,"1,023,000"
1984-06-28,131.77,131.77,131.77,131.77,"1,133,000"
1984-06-27,129.51,129.51,129.51,129.51,"1,848,100"
1984-06-26,129.89,129.89,129.89,129.89,"1,346,200"
1984-06-25,130.54,130.54,130.54,130.54,"965,900"
1984-06-23,132.36,132.36,132.36,132.36,"629,500"
1984-06-22,133.36,133.36,133.36,133.36,"1,184,400"
1984-06-21,134.1,134.1,134.1,134.1,"1,126,300"
1984-06-20,134.28,134.28,134.28,134.28,"948,200"
1984-06-19,134.8,134.8,134.8,134.8,"734,000"
1984-06-18,134.68,134.68,134.68,134.68,"1,080,200"
1984-06-16,135.87,135.87,135.87,135.87,"871,600"
1984-06-15,135.86,135.86,135.86,135.86,"1,240,300"
1984-06-14,135.45,135.45,135.45,135.45,"967,500"
1984-06-13,136.24,136.24,136.24,136.24,"1,509,400"
1984-06-12,135.93,135.93,135.93,135.93,"1,167,500"
1984-06-11,135.28,135.28,135.28,135.28,"956,800"
1984-06-09,134.85,134.85,134.85,134.85,"589,100"
1984-06-08,134.85,134.85,134.85,134.85,"1,273,500"
1984-06-07,134.51,134.51,134.51,134.51,"939,600"
1984-06-05,134,134,134,134,"1,070,000"
1984-06-04,132.48,132.48,132.48,132.48,"1,167,900"
1984-06-02,132.17,132.17,132.17,132.17,"1,022,500"
1984-06-01,131.18,131.18,131.18,131.18,"923,600"
1984-05-31,130.48,130.48,130.48,130.48,"825,100"
1984-05-30,130.98,130.98,130.98,130.98,"1,125,000"
1984-05-29,130.9,130.9,130.9,130.9,"1,133,200"
1984-05-28,131.6,131.6,131.6,131.6,"840,500"
1984-05-26,131.29,131.29,131.29,131.29,"661,500"
1984-05-25,131.79,131.79,131.79,131.79,"1,367,100"
1984-05-24,132.84,132.84,132.84,132.84,"1,875,800"
1984-05-23,132.02,132.02,132.02,132.02,"1,313,700"
1984-05-22,132.28,132.28,132.28,132.28,"1,061,300"
1984-05-21,130.04,130.04,130.04,130.04,"601,100"
1984-05-19,130.83,130.83,130.83,130.83,"731,000"
1984-05-18,129.97,129.97,129.97,129.97,"1,042,000"
1984-05-17,129.84,129.84,129.84,129.84,"837,500"
1984-05-16,130.01,130.01,130.01,130.01,"942,800"
1984-05-15,129.24,129.24,129.24,129.24,"654,900"
1984-05-14,129.36,129.36,129.36,129.36,"985,100"
1984-05-12,131.11,131.11,131.11,131.11,"676,200"
1984-05-11,129.51,129.51,129.51,129.51,"976,900"
1984-05-10,130.38,130.38,130.38,130.38,"772,000"
1984-05-09,132.54,132.54,132.54,132.54,"843,100"
1984-05-07,134.67,134.67,134.67,134.67,"949,100"
1984-05-04,134.73,134.73,134.73,134.73,"1,541,900"
1984-05-03,136.23,136.23,136.23,136.23,"1,964,000"
1984-05-02,135.84,135.84,135.84,135.84,"1,987,800"
1984-05-01,134.95,134.95,134.95,134.95,"1,591,200"
1984-04-30,135.6,135.6,135.6,135.6,"1,804,600"
1984-04-28,134.61,134.61,134.61,134.61,"1,357,000"
1984-04-27,133.23,133.23,133.23,133.23,"1,875,000"
1984-04-26,132.71,132.71,132.71,132.71,"1,345,500"
1984-04-25,133.34,133.34,133.34,133.34,"1,379,200"
1984-04-24,133.33,133.33,133.33,133.33,"1,787,000"
1984-04-23,132.13,132.13,132.13,132.13,"1,314,800"
1984-04-21,131.38,131.38,131.38,131.38,"882,600"
1984-04-20,130.78,130.78,130.78,130.78,"1,169,500"
1984-04-19,132.11,132.11,132.11,132.11,"1,466,600"
1984-04-18,131.09,131.09,131.09,131.09,"1,214,000"
1984-04-17,131.54,131.54,131.54,131.54,"1,132,400"
1984-04-16,132.14,132.14,132.14,132.14,"1,160,600"
1984-04-14,133.36,133.36,133.36,133.36,"972,400"
1984-04-13,131.98,131.98,131.98,131.98,"1,394,200"
1984-04-12,132.94,132.94,132.94,132.94,"2,010,200"
1984-04-11,134.18,134.18,134.18,134.18,"2,272,000"
1984-04-10,134.62,134.62,134.62,134.62,"2,653,300"
1984-04-09,135.33,135.33,135.33,135.33,"1,506,900"
1984-04-07,135.3,135.3,135.3,135.3,"1,579,000"
1984-04-06,135.44,135.44,135.44,135.44,"2,902,900"
1984-04-04,133.81,133.81,133.81,133.81,"1,818,000"
1984-04-03,133.27,133.27,133.27,133.27,"2,096,400"
1984-04-02,133.35,133.35,133.35,133.35,"1,995,500"
1984-03-31,132.35,132.35,132.35,132.35,"846,300"
1984-03-30,132.11,132.11,132.11,132.11,"1,988,300"
1984-03-29,132.5,132.5,132.5,132.5,"2,659,400"
1984-03-28,132.71,132.71,132.71,132.71,"2,676,500"
1984-03-27,131.53,131.53,131.53,131.53,"1,671,500"
1984-03-26,132.08,132.08,132.08,132.08,"2,543,200"
1984-03-24,130.73,130.73,130.73,130.73,"1,405,200"
1984-03-23,128.96,128.96,128.96,128.96,"1,183,300"
1984-03-22,128.79,128.79,128.79,128.79,"1,382,100"
1984-03-21,128.76,128.76,128.76,128.76,"1,483,100"
1984-03-20,127.89,127.89,127.89,127.89,"918,200"
1984-03-19,128.14,128.14,128.14,128.14,"976,900"
1984-03-17,127.93,127.93,127.93,127.93,"723,300"
1984-03-16,128.82,128.82,128.82,128.82,"1,707,400"
1984-03-15,128.25,128.25,128.25,128.25,"1,433,000"
1984-03-14,127.72,127.72,127.72,127.72,"1,187,000"
1984-03-13,126.53,126.53,126.53,126.53,"616,900"
1984-03-12,127.02,127.02,127.02,127.02,"906,400"
1984-03-09,127.37,127.37,127.37,127.37,"1,102,100"
1984-03-08,126.33,126.33,126.33,126.33,"852,300"
1984-03-07,127.43,127.43,127.43,127.43,"1,120,200"
1984-03-06,128.19,128.19,128.19,128.19,"787,000"
1984-03-05,128.43,128.43,128.43,128.43,"670,700"
1984-03-03,128.32,128.32,128.32,128.32,"424,600"
1984-03-02,129.01,129.01,129.01,129.01,"847,500"
1984-02-29,129.66,129.66,129.66,129.66,"957,900"
1984-02-28,129.24,129.24,129.24,129.24,"944,100"
1984-02-27,128.96,128.96,128.96,128.96,"832,300"
1984-02-25,130.53,130.53,130.53,130.53,"1,024,100"
1984-02-24,130.03,130.03,130.03,130.03,"1,326,000"
1984-02-23,129.18,129.18,129.18,129.18,"1,277,400"
1984-02-22,129.06,129.06,129.06,129.06,"1,355,800"
1984-02-21,128.59,128.59,128.59,128.59,"1,594,500"
1984-02-20,129.22,129.22,129.22,129.22,"1,563,500"
1984-02-18,130.64,130.64,130.64,130.64,"1,330,300"
1984-02-17,131.05,131.05,131.05,131.05,"1,858,700"
1984-02-16,132.03,132.03,132.03,132.03,"2,828,600"
1984-02-15,132.59,132.59,132.59,132.59,"2,425,900"
1984-02-14,132.45,132.45,132.45,132.45,"3,128,700"
1984-02-13,132.36,132.36,132.36,132.36,"3,926,700"
1984-02-11,131.08,131.08,131.08,131.08,"2,390,300"
1984-02-10,128.78,128.78,128.78,128.78,"2,554,500"
1984-02-09,127.53,127.53,127.53,127.53,"2,374,500"
1984-02-08,130.36,130.36,130.36,130.36,"4,409,700"
1984-02-07,130.66,130.66,130.66,130.66,"4,923,000"
1984-02-06,130.31,130.31,130.31,130.31,"4,292,800"
1984-02-04,129.06,129.06,129.06,129.06,"2,157,000"
1984-02-03,126.69,126.69,126.69,126.69,"3,219,800"
1984-02-02,129.24,129.24,129.24,129.24,"3,999,100"
1984-02-01,126.78,126.78,126.78,126.78,"3,215,200"
1984-01-31,124.08,124.08,124.08,124.08,"3,094,300"
1984-01-30,123.41,123.41,123.41,123.41,"2,382,600"
1984-01-28,122.5,122.5,122.5,122.5,"1,542,600"
1984-01-27,121.12,121.12,121.12,121.12,"1,782,800"
1984-01-26,120.41,120.41,120.41,120.41,"1,279,200"
1984-01-25,120.12,120.12,120.12,120.12,"1,582,500"
1984-01-24,120.09,120.09,120.09,120.09,"1,982,500"
1984-01-23,119.57,119.57,119.57,119.57,"1,351,600"
1984-01-21,118.38,118.38,118.38,118.38,"813,600"
1984-01-20,118.26,118.26,118.26,118.26,"2,412,500"
1984-01-19,118.23,118.23,118.23,118.23,"1,001,700"
1984-01-18,117.58,117.58,117.58,117.58,"1,157,400"
1984-01-17,117.92,117.92,117.92,117.92,"1,031,200"
1984-01-16,118.66,118.66,118.66,118.66,"1,002,800"
1984-01-14,118.15,118.15,118.15,118.15,"638,000"
1984-01-13,118.58,118.58,118.58,118.58,"1,536,000"
1984-01-12,118.51,118.51,118.51,118.51,"1,914,600"
1984-01-11,117.98,117.98,117.98,117.98,"1,011,900"
1984-01-10,115.25,115.25,115.25,115.25,"764,300"
1984-01-09,115.3,115.3,115.3,115.3,"550,800"
1984-01-07,114.37,114.37,114.37,114.37,"252,900"
1984-01-06,115.19,115.19,115.19,115.19,"318,700"
1984-01-05,115.98,115.98,115.98,115.98,"282,400"
1984-01-04,116.73,116.73,116.73,116.73,"143,500"
1983-12-24,121.21,121.21,121.21,121.21,"968,800"
1983-12-23,121.29,121.29,121.29,121.29,"1,427,500"
1983-12-22,121.27,121.27,121.27,121.27,"1,598,700"
1983-12-21,120.99,120.99,120.99,120.99,"1,016,800"
1983-12-20,121.6,121.6,121.6,121.6,"1,097,900"
1983-12-19,121.5,121.5,121.5,121.5,"1,234,400"
1983-12-17,120.64,120.64,120.64,120.64,"907,500"
1983-12-16,120.25,120.25,120.25,120.25,"945,600"
1983-12-15,119.8,119.8,119.8,119.8,"702,600"
1983-12-14,119.86,119.86,119.86,119.86,"893,500"
1983-12-13,120.11,120.11,120.11,120.11,"958,800"
1983-12-12,119.78,119.78,119.78,119.78,"807,400"
1983-12-10,119.07,119.07,119.07,119.07,"501,400"
1983-12-09,118.83,118.83,118.83,118.83,"1,000,800"
1983-12-08,118.45,118.45,118.45,118.45,"987,300"
1983-12-07,117.09,117.09,117.09,117.09,"533,700"
1983-12-06,117.57,117.57,117.57,117.57,"567,600"
1983-12-05,117.26,117.26,117.26,117.26,"550,600"
1983-12-03,117.04,117.04,117.04,117.04,"398,100"
1983-12-02,117.41,117.41,117.41,117.41,"627,100"
1983-12-01,117.93,117.93,117.93,117.93,"682,200"
1983-11-30,117.63,117.63,117.63,117.63,"358,200"
1983-11-29,117.61,117.61,117.61,117.61,"565,700"
1983-11-28,117.64,117.64,117.64,117.64,"459,600"
1983-11-26,117.74,117.74,117.74,117.74,"284,400"
1983-11-25,117.86,117.86,117.86,117.86,"490,600"
1983-11-24,118.11,118.11,118.11,118.11,"968,100"
1983-11-23,118.39,118.39,118.39,118.39,"522,100"
1983-11-22,118.84,118.84,118.84,118.84,"1,134,400"
1983-11-21,118.95,118.95,118.95,118.95,"419,600"
1983-11-19,119.39,119.39,119.39,119.39,"1,445,800"
1983-11-18,119.95,119.95,119.95,119.95,"777,200"
1983-11-17,120.46,120.46,120.46,120.46,"668,400"
1983-11-16,121.22,121.22,121.22,121.22,"1,063,900"
1983-11-15,119.95,119.95,119.95,119.95,"366,500"
1983-11-14,120.17,120.17,120.17,120.17,"342,600"
1983-11-12,120.71,120.71,120.71,120.71,"436,200"
1983-11-11,120.84,120.84,120.84,120.84,"769,800"
1983-11-10,120.25,120.25,120.25,120.25,"675,700"
1983-11-09,120.19,120.19,120.19,120.19,"773,900"
1983-11-08,120.6,120.6,120.6,120.6,"776,800"
1983-11-07,121.23,121.23,121.23,121.23,"859,400"
1983-11-05,120.85,120.85,120.85,120.85,"431,600"
1983-11-04,121.45,121.45,121.45,121.45,"1,052,000"
1983-11-03,121.93,121.93,121.93,121.93,"1,419,200"
1983-11-02,121.86,121.86,121.86,121.86,"1,272,400"
1983-11-01,121.35,121.35,121.35,121.35,"1,396,400"
1983-10-31,121.42,121.42,121.42,121.42,"1,233,600"
1983-10-29,119.85,119.85,119.85,119.85,"533,600"
1983-10-28,119.41,119.41,119.41,119.41,"1,207,000"
1983-10-27,117.79,117.79,117.79,117.79,"745,500"
1983-10-26,117.9,117.9,117.9,117.9,"578,600"
1983-10-25,117.53,117.53,117.53,117.53,"569,000"
1983-10-24,118.03,118.03,118.03,118.03,"650,900"
1983-10-22,118.67,118.67,118.67,118.67,"594,200"
1983-10-21,118.36,118.36,118.36,118.36,"938,800"
1983-10-20,117.93,117.93,117.93,117.93,"768,400"
1983-10-19,118.71,118.71,118.71,118.71,"847,800"
1983-10-18,118.53,118.53,118.53,118.53,"1,191,100"
1983-10-17,119.06,119.06,119.06,119.06,"530,700"
1983-10-15,119.29,119.29,119.29,119.29,"521,600"
1983-10-14,119.65,119.65,119.65,119.65,"1,376,400"
1983-10-13,118.57,118.57,118.57,118.57,"938,500"
1983-10-12,117.52,117.52,117.52,117.52,"1,095,500"
1983-10-11,117.25,117.25,117.25,117.25,"777,300"
1983-10-10,115.59,115.59,115.59,115.59,"664,000"
1983-10-08,116.63,116.63,116.63,116.63,"427,900"
1983-10-07,116.67,116.67,116.67,116.67,"593,500"
1983-10-06,117.01,117.01,117.01,117.01,"720,000"
1983-10-05,117.08,117.08,117.08,117.08,"558,600"
1983-10-04,117.61,117.61,117.61,117.61,"446,100"
1983-09-30,117.71,117.71,117.71,117.71,"739,600"
1983-09-29,116.68,116.68,116.68,116.68,"707,200"
1983-09-28,117.4,117.4,117.4,117.4,"1,062,900"
1983-09-27,117.14,117.14,117.14,117.14,"1,406,300"
1983-09-26,118.08,118.08,118.08,118.08,"626,300"
1983-09-24,118.87,118.87,118.87,118.87,"459,600"
1983-09-23,119.28,119.28,119.28,119.28,"560,300"
1983-09-22,119.7,119.7,119.7,119.7,"400,100"
1983-09-20,119.64,119.64,119.64,119.64,"531,000"
1983-09-19,119.2,119.2,119.2,119.2,"487,300"
1983-09-17,119.53,119.53,119.53,119.53,"444,800"
1983-09-16,119.05,119.05,119.05,119.05,"631,800"
1983-09-15,118.72,118.72,118.72,118.72,"498,100"
1983-09-14,119.07,119.07,119.07,119.07,"532,600"
1983-09-13,119.06,119.06,119.06,119.06,"680,300"
1983-09-12,119.47,119.47,119.47,119.47,"800,500"
1983-09-10,120.28,120.28,120.28,120.28,"520,100"
1983-09-09,120.74,120.74,120.74,120.74,"1,239,400"
1983-09-08,121.16,121.16,121.16,121.16,"1,437,500"
1983-09-07,121.63,121.63,121.63,121.63,"1,161,700"
1983-09-06,120.01,120.01,120.01,120.01,"805,200"
1983-09-05,118.97,118.97,118.97,118.97,"646,800"
1983-09-03,117.55,117.55,117.55,117.55,"354,500"
1983-09-02,117.4,117.4,117.4,117.4,"711,400"
1983-09-01,117.68,117.68,117.68,117.68,"626,000"
1983-08-31,118.82,118.82,118.82,118.82,"485,000"
1983-08-30,119.27,119.27,119.27,119.27,"587,700"
1983-08-29,118.84,118.84,118.84,118.84,"596,100"
1983-08-27,119.21,119.21,119.21,119.21,"344,400"
1983-08-26,119.13,119.13,119.13,119.13,"586,400"
1983-08-25,119.92,119.92,119.92,119.92,"488,500"
1983-08-24,120.48,120.48,120.48,120.48,"488,600"
1983-08-23,121.08,121.08,121.08,121.08,"383,600"
1983-08-22,122.13,122.13,122.13,122.13,"513,500"
1983-08-20,121.63,121.63,121.63,121.63,"348,200"
1983-08-19,121.6,121.6,121.6,121.6,"509,800"
1983-08-18,122.27,122.27,122.27,122.27,"634,800"
1983-08-17,121.49,121.49,121.49,121.49,"591,000"
1983-08-16,122.17,122.17,122.17,122.17,"539,300"
1983-08-13,122.64,122.64,122.64,122.64,"402,300"
1983-08-12,122.8,122.8,122.8,122.8,"542,600"
1983-08-11,122.81,122.81,122.81,122.81,"578,400"
1983-08-10,123,123,123,123,"574,700"
1983-08-09,123.57,123.57,123.57,123.57,"415,000"
1983-08-08,123.63,123.63,123.63,123.63,"363,800"
1983-08-06,124.27,124.27,124.27,124.27,"346,800"
1983-08-05,124.68,124.68,124.68,124.68,"636,100"
1983-08-04,124.52,124.52,124.52,124.52,"571,000"
1983-08-03,124.4,124.4,124.4,124.4,"421,900"
1983-08-02,124.57,124.57,124.57,124.57,"439,800"
1983-08-01,124.6,124.6,124.6,124.6,"381,200"
1983-07-30,125.04,125.04,125.04,125.04,"478,000"
1983-07-29,124.98,124.98,124.98,124.98,"682,600"
1983-07-28,124.45,124.45,124.45,124.45,"605,000"
1983-07-27,123.82,123.82,123.82,123.82,"577,000"
1983-07-26,123.96,123.96,123.96,123.96,"423,800"
1983-07-25,124.03,124.03,124.03,124.03,"375,900"
1983-07-23,124.14,124.14,124.14,124.14,"418,100"
1983-07-22,123.89,123.89,123.89,123.89,"659,500"
1983-07-21,123.74,123.74,123.74,123.74,"655,600"
1983-07-20,122.97,122.97,122.97,122.97,"406,600"
1983-07-19,123.57,123.57,123.57,123.57,"759,100"
1983-07-18,123.37,123.37,123.37,123.37,"933,000"
1983-07-16,121.9,121.9,121.9,121.9,"233,500"
1983-07-15,121.73,121.73,121.73,121.73,"507,500"
1983-07-14,121.61,121.61,121.61,121.61,"404,800"
1983-07-13,121.04,121.04,121.04,121.04,"495,500"
1983-07-12,121.26,121.26,121.26,121.26,"443,100"
1983-07-11,122.16,122.16,122.16,122.16,"407,400"
1983-07-09,122.51,122.51,122.51,122.51,"313,200"
1983-07-08,122.16,122.16,122.16,122.16,"449,000"
1983-07-07,122.23,122.23,122.23,122.23,"404,500"
1983-07-06,122.16,122.16,122.16,122.16,"430,300"
1983-07-05,121.84,121.84,121.84,121.84,"443,100"
1983-07-04,121.39,121.39,121.39,121.39,"444,100"
1983-07-02,122.08,122.08,122.08,122.08,"352,200"
1983-07-01,122.48,122.48,122.48,122.48,"361,600"
1983-06-30,122.44,122.44,122.44,122.44,"477,200"
1983-06-29,123.1,123.1,123.1,123.1,"600,500"
1983-06-28,124.52,124.52,124.52,124.52,"988,000"
1983-06-27,125.07,125.07,125.07,125.07,"860,700"
1983-06-25,124.75,124.75,124.75,124.75,"532,700"
1983-06-24,124.48,124.48,124.48,124.48,"984,000"
1983-06-23,124.85,124.85,124.85,124.85,"780,900"
1983-06-22,124.67,124.67,124.67,124.67,"785,200"
1983-06-21,125.06,125.06,125.06,125.06,"916,400"
1983-06-20,123.6,123.6,123.6,123.6,"495,800"
1983-06-18,123.53,123.53,123.53,123.53,"429,900"
1983-06-17,123.73,123.73,123.73,123.73,"573,000"
1983-06-16,123.02,123.02,123.02,123.02,"438,900"
1983-06-15,124.32,124.32,124.32,124.32,"558,600"
1983-06-14,125.8,125.8,125.8,125.8,"891,300"
1983-06-13,121.98,121.98,121.98,121.98,"453,000"
1983-06-11,121.89,121.89,121.89,121.89,"541,300"
1983-06-10,122.29,122.29,122.29,122.29,"516,100"
1983-06-09,122.89,122.89,122.89,122.89,"577,700"
1983-06-08,122.99,122.99,122.99,122.99,"771,400"
1983-06-07,123.78,123.78,123.78,123.78,"552,900"
1983-06-04,124.48,124.48,124.48,124.48,"361,600"
1983-06-03,124.11,124.11,124.11,124.11,"586,200"
1983-06-02,124.53,124.53,124.53,124.53,"591,600"
1983-06-01,125.84,125.84,125.84,125.84,"372,800"
1983-05-31,125.76,125.76,125.76,125.76,"627,800"
1983-05-30,125.79,125.79,125.79,125.79,"478,700"
1983-05-28,126.17,126.17,126.17,126.17,"640,200"
1983-05-27,125.65,125.65,125.65,125.65,"714,000"
1983-05-26,125.61,125.61,125.61,125.61,"670,600"
1983-05-25,125.78,125.78,125.78,125.78,"650,500"
1983-05-24,125.22,125.22,125.22,125.22,"523,500"
1983-05-23,124.72,124.72,124.72,124.72,"567,100"
1983-05-21,125.46,125.46,125.46,125.46,"585,300"
1983-05-19,125.89,125.89,125.89,125.89,"978,800"
1983-05-18,124.83,124.83,124.83,124.83,"818,300"
1983-05-17,123.61,123.61,123.61,123.61,"1,111,700"
1983-05-16,123.98,123.98,123.98,123.98,"1,037,100"
1983-05-14,126.74,126.74,126.74,126.74,"527,300"
1983-05-13,127.46,127.46,127.46,127.46,"1,434,000"
1983-05-12,126.93,126.93,126.93,126.93,"1,221,000"
1983-05-11,129.96,129.96,129.96,129.96,"1,624,900"
1983-05-10,131.71,131.71,131.71,131.71,"1,347,500"
1983-05-09,134.46,134.46,134.46,134.46,"2,031,200"
1983-05-07,133.94,133.94,133.94,133.94,"1,313,200"
1983-05-06,133.83,133.83,133.83,133.83,"2,834,900"
1983-05-04,134.16,134.16,134.16,134.16,"2,296,200"
1983-05-03,132.39,132.39,132.39,132.39,"2,244,600"
1983-05-02,132.91,132.91,132.91,132.91,"2,761,300"
1983-04-30,131.44,131.44,131.44,131.44,"2,020,400"
1983-04-29,129.77,129.77,129.77,129.77,"1,545,400"
1983-04-28,128.93,128.93,128.93,128.93,"1,620,700"
1983-04-27,129.54,129.54,129.54,129.54,"1,769,100"
1983-04-26,129.24,129.24,129.24,129.24,"1,987,500"
1983-04-25,129.81,129.81,129.81,129.81,"1,752,300"
1983-04-23,128.59,128.59,128.59,128.59,"995,400"
1983-04-22,129.74,129.74,129.74,129.74,"2,846,700"
1983-04-21,130,130,130,130,"3,821,400"
1983-04-20,128.33,128.33,128.33,128.33,"2,693,800"
1983-04-19,127.98,127.98,127.98,127.98,"2,691,900"
1983-04-18,126.42,126.42,126.42,126.42,"1,693,800"
1983-04-16,126.57,126.57,126.57,126.57,"1,876,700"
1983-04-15,125.28,125.28,125.28,125.28,"2,031,600"
1983-04-14,124.07,124.07,124.07,124.07,"2,094,900"
1983-04-13,122.7,122.7,122.7,122.7,"1,828,400"
1983-04-12,120.81,120.81,120.81,120.81,"1,229,200"
1983-04-11,121.2,121.2,121.2,121.2,"993,600"
1983-04-09,120.85,120.85,120.85,120.85,"743,900"
1983-04-08,120.08,120.08,120.08,120.08,"1,084,500"
1983-04-07,119.48,119.48,119.48,119.48,"1,010,200"
1983-04-06,119.64,119.64,119.64,119.64,"717,800"
1983-04-04,119.7,119.7,119.7,119.7,"696,400"
1983-04-02,120.06,120.06,120.06,120.06,"546,500"
1983-04-01,120.03,120.03,120.03,120.03,"988,300"
1983-03-31,119.8,119.8,119.8,119.8,"857,300"
1983-03-30,119.53,119.53,119.53,119.53,"688,400"
1983-03-29,119.62,119.62,119.62,119.62,"1,141,900"
1983-03-28,119.77,119.77,119.77,119.77,"791,600"
1983-03-26,120.05,120.05,120.05,120.05,"517,600"
1983-03-25,119.78,119.78,119.78,119.78,"1,076,600"
1983-03-24,119.78,119.78,119.78,119.78,"1,240,800"
1983-03-23,118.53,118.53,118.53,118.53,"1,081,300"
1983-03-22,118.1,118.1,118.1,118.1,"1,244,700"
1983-03-21,119.32,119.32,119.32,119.32,"639,000"
1983-03-19,120.22,120.22,120.22,120.22,"802,300"
1983-03-18,120,120,120,120,"756,700"
1983-03-17,119.79,119.79,119.79,119.79,"596,600"
1983-03-16,120.16,120.16,120.16,120.16,"812,900"
1983-03-15,120.97,120.97,120.97,120.97,"1,052,000"
1983-03-14,121.19,121.19,121.19,121.19,"676,700"
1983-03-12,121.39,121.39,121.39,121.39,"502,700"
1983-03-11,121.85,121.85,121.85,121.85,"842,900"
1983-03-09,122.33,122.33,122.33,122.33,"786,400"
1983-03-08,122.07,122.07,122.07,122.07,"684,200"
1983-03-07,122,122,122,122,"654,700"
1983-03-05,122.59,122.59,122.59,122.59,"566,800"
1983-03-04,122.39,122.39,122.39,122.39,"976,400"
1983-03-03,121.86,121.86,121.86,121.86,"859,100"
1983-03-02,121.84,121.84,121.84,121.84,"814,200"
1983-02-28,123.5,123.5,123.5,123.5,"1,271,700"
1983-02-26,123.9,123.9,123.9,123.9,"729,900"
1983-02-25,123.5,123.5,123.5,123.5,"1,457,300"
1983-02-24,123.31,123.31,123.31,123.31,"1,618,200"
1983-02-23,122.61,122.61,122.61,122.61,"1,600,300"
1983-02-22,122.8,122.8,122.8,122.8,"1,287,600"
1983-02-21,122.72,122.72,122.72,122.72,"757,700"
1983-02-19,123.3,123.3,123.3,123.3,"571,900"
1983-02-18,123.13,123.13,123.13,123.13,"1,004,200"
1983-02-17,122.43,122.43,122.43,122.43,"1,152,400"
1983-02-16,121.76,121.76,121.76,121.76,"1,163,000"
1983-02-15,122.35,122.35,122.35,122.35,"1,066,400"
1983-02-14,121.75,121.75,121.75,121.75,"824,200"
1983-02-12,121.73,121.73,121.73,121.73,"824,500"
1983-02-11,121.28,121.28,121.28,121.28,"1,077,800"
1983-02-10,121.15,121.15,121.15,121.15,"1,158,300"
1983-02-09,119.58,119.58,119.58,119.58,"913,200"
1983-02-08,119.16,119.16,119.16,119.16,"640,500"
1983-02-07,118.82,118.82,118.82,118.82,"510,300"
1983-02-05,119.18,119.18,119.18,119.18,"417,000"
1983-02-04,119.81,119.81,119.81,119.81,"884,700"
1983-02-03,119.66,119.66,119.66,119.66,"894,300"
1983-02-02,118.97,118.97,118.97,118.97,"1,098,300"
1983-02-01,118.03,118.03,118.03,118.03,"659,400"
1983-01-31,118.27,118.27,118.27,118.27,"598,200"
1983-01-29,118.42,118.42,118.42,118.42,"543,600"
1983-01-28,117.34,117.34,117.34,117.34,"646,900"
1983-01-27,117.05,117.05,117.05,117.05,"761,100"
1983-01-26,117.82,117.82,117.82,117.82,"856,800"
1983-01-25,117.47,117.47,117.47,117.47,"554,900"
1983-01-24,118.33,118.33,118.33,118.33,"516,300"
1983-01-22,118.91,118.91,118.91,118.91,"462,700"
1983-01-21,118.89,118.89,118.89,118.89,"780,800"
1983-01-20,119.25,119.25,119.25,119.25,"958,400"
1983-01-19,119.99,119.99,119.99,119.99,"924,100"
1983-01-18,121.2,121.2,121.2,121.2,"1,331,700"
1983-01-17,121.36,121.36,121.36,121.36,"1,438,700"
1983-01-15,120.86,120.86,120.86,120.86,"879,700"
1983-01-14,121.33,121.33,121.33,121.33,"2,722,200"
1983-01-13,120.59,120.59,120.59,120.59,"1,308,400"
1983-01-12,120.03,120.03,120.03,120.03,"1,053,300"
1983-01-11,119.64,119.64,119.64,119.64,"985,800"
1983-01-10,120.71,120.71,120.71,120.71,"1,082,700"
1983-01-08,120.71,120.71,120.71,120.71,"759,200"
1983-01-07,121.09,121.09,121.09,121.09,"1,627,400"
1983-01-06,122.81,122.81,122.81,122.81,"2,176,800"
1983-01-05,122.56,122.56,122.56,122.56,"1,289,600"
1983-01-04,122.52,122.52,122.52,122.52,"671,500"
1982-12-24,127.31,127.31,127.31,127.31,"2,446,200"
1982-12-23,124.4,124.4,124.4,124.4,"1,680,400"
1982-12-22,124.65,124.65,124.65,124.65,"1,487,200"
1982-12-21,125.18,125.18,125.18,125.18,"1,255,300"
1982-12-20,125.46,125.46,125.46,125.46,"1,212,200"
1982-12-18,125.59,125.59,125.59,125.59,"927,500"
1982-12-17,125.71,125.71,125.71,125.71,"2,324,900"
1982-12-16,125.31,125.31,125.31,125.31,"1,065,300"
1982-12-15,125.37,125.37,125.37,125.37,"1,466,500"
1982-12-14,125.44,125.44,125.44,125.44,"1,305,000"
1982-12-13,125.4,125.4,125.4,125.4,"1,567,200"
1982-12-11,124.62,124.62,124.62,124.62,"782,600"
1982-12-10,124.47,124.47,124.47,124.47,"1,474,700"
1982-12-09,124.61,124.61,124.61,124.61,"1,681,000"
1982-12-08,124.31,124.31,124.31,124.31,"1,399,800"
1982-12-07,123.55,123.55,123.55,123.55,"837,400"
1982-12-06,123.5,123.5,123.5,123.5,"818,100"
1982-12-04,123.88,123.88,123.88,123.88,"1,358,800"
1982-12-03,123.42,123.42,123.42,123.42,"1,106,500"
1982-12-02,123.2,123.2,123.2,123.2,"1,053,200"
1982-12-01,122.99,122.99,122.99,122.99,"1,971,800"
1982-11-30,122.42,122.42,122.42,122.42,"786,200"
1982-11-29,122.74,122.74,122.74,122.74,"999,000"
1982-11-27,122.27,122.27,122.27,122.27,"949,000"
1982-11-26,121.25,121.25,121.25,121.25,"858,600"
1982-11-25,121.35,121.35,121.35,121.35,"584,500"
1982-11-24,121.04,121.04,121.04,121.04,"469,900"
1982-11-23,121.51,121.51,121.51,121.51,"1,022,700"
1982-11-22,121.8,121.8,121.8,121.8,"570,700"
1982-11-20,121.57,121.57,121.57,121.57,"634,000"
1982-11-19,122.16,122.16,122.16,122.16,"804,700"
1982-11-18,122.1,122.1,122.1,122.1,"814,400"
1982-11-17,122.63,122.63,122.63,122.63,"708,700"
1982-11-16,123.09,123.09,123.09,123.09,"868,800"
1982-11-15,123.09,123.09,123.09,123.09,"688,700"
1982-11-13,123.24,123.24,123.24,123.24,"1,051,200"
1982-11-12,122.58,122.58,122.58,122.58,"1,161,400"
1982-11-11,121.98,121.98,121.98,121.98,"1,003,800"
1982-11-10,122.22,122.22,122.22,122.22,"1,400,900"
1982-11-09,122.38,122.38,122.38,122.38,"792,300"
1982-11-08,121.33,121.33,121.33,121.33,"510,700"
1982-11-06,121.74,121.74,121.74,121.74,"391,800"
1982-11-05,121.68,121.68,121.68,121.68,"758,400"
1982-11-04,122.16,122.16,122.16,122.16,"1,115,900"
1982-11-03,123.08,123.08,123.08,123.08,"1,089,800"
1982-11-02,122.25,122.25,122.25,122.25,"1,287,100"
1982-11-01,123.08,123.08,123.08,123.08,"1,775,600"
1982-10-30,121.92,121.92,121.92,121.92,"1,353,800"
1982-10-29,118.85,118.85,118.85,118.85,"1,830,100"
1982-10-28,120.45,120.45,120.45,120.45,"1,583,300"
1982-10-27,120.52,120.52,120.52,120.52,"1,556,100"
1982-10-26,119.35,119.35,119.35,119.35,"1,203,700"
1982-10-25,119.66,119.66,119.66,119.66,"1,136,500"
1982-10-23,117.51,117.51,117.51,117.51,"258,600"
1982-10-22,118.09,118.09,118.09,118.09,"818,700"
1982-10-21,119.2,119.2,119.2,119.2,"1,000,200"
1982-10-20,116.43,116.43,116.43,116.43,"439,300"
1982-10-19,116.59,116.59,116.59,116.59,"475,000"
1982-10-18,116.85,116.85,116.85,116.85,"514,600"
1982-10-16,117.61,117.61,117.61,117.61,"398,300"
1982-10-15,117.49,117.49,117.49,117.49,"820,700"
1982-10-14,117.94,117.94,117.94,117.94,"789,300"
1982-10-13,118.4,118.4,118.4,118.4,"729,200"
1982-10-12,119.38,119.38,119.38,119.38,"753,600"
1982-10-11,119.86,119.86,119.86,119.86,"990,900"
1982-10-08,120.29,120.29,120.29,120.29,"1,784,400"
1982-10-07,119.23,119.23,119.23,119.23,"1,845,700"
1982-10-06,118.68,118.68,118.68,118.68,"560,400"
1982-10-05,119.31,119.31,119.31,119.31,"694,600"
1982-10-04,120.05,120.05,120.05,120.05,"600,600"
1982-09-30,119.71,119.71,119.71,119.71,"829,900"
1982-09-29,119.2,119.2,119.2,119.2,"911,900"
1982-09-28,117.58,117.58,117.58,117.58,"1,469,400"
1982-09-27,116.41,116.41,116.41,116.41,"1,098,700"
1982-09-25,116.65,116.65,116.65,116.65,"747,800"
1982-09-24,116.08,116.08,116.08,116.08,"879,200"
1982-09-23,116.31,116.31,116.31,116.31,"665,600"
1982-09-22,115.52,115.52,115.52,115.52,"618,200"
1982-09-21,116.2,116.2,116.2,116.2,"668,400"
1982-09-20,115.92,115.92,115.92,115.92,"808,400"
1982-09-18,116.99,116.99,116.99,116.99,"673,300"
1982-09-17,117.43,117.43,117.43,117.43,"914,200"
1982-09-16,117.59,117.59,117.59,117.59,"587,700"
1982-09-15,118.31,118.31,118.31,118.31,"547,200"
1982-09-14,117.47,117.47,117.47,117.47,"673,200"
1982-09-13,117.32,117.32,117.32,117.32,"894,800"
1982-09-11,117.86,117.86,117.86,117.86,"687,200"
1982-09-10,118.44,118.44,118.44,118.44,"2,372,200"
1982-09-09,118.69,118.69,118.69,118.69,"1,337,700"
1982-09-08,119.31,119.31,119.31,119.31,"967,200"
1982-09-07,119.37,119.37,119.37,119.37,"1,093,800"
1982-09-06,117.75,117.75,117.75,117.75,"1,064,200"
1982-09-04,119.52,119.52,119.52,119.52,"805,200"
1982-09-03,120.25,120.25,120.25,120.25,"1,085,700"
1982-09-02,120.72,120.72,120.72,120.72,"705,900"
1982-09-01,121.99,121.99,121.99,121.99,"573,400"
1982-08-31,121.94,121.94,121.94,121.94,"425,300"
1982-08-30,122.07,122.07,122.07,122.07,"336,400"
1982-08-28,122.98,122.98,122.98,122.98,"688,600"
1982-08-27,122.19,122.19,122.19,122.19,"1,195,400"
1982-08-26,121.96,121.96,121.96,121.96,"528,700"
1982-08-25,122.16,122.16,122.16,122.16,"504,100"
1982-08-24,121.56,121.56,121.56,121.56,"513,100"
1982-08-23,122.29,122.29,122.29,122.29,"542,900"
1982-08-21,123.78,123.78,123.78,123.78,"497,100"
1982-08-20,122.94,122.94,122.94,122.94,"822,000"
1982-08-19,123.58,123.58,123.58,123.58,"1,095,600"
1982-08-18,123.99,123.99,123.99,123.99,"1,435,600"
1982-08-17,124.77,124.77,124.77,124.77,"1,594,700"
1982-08-16,125.79,125.79,125.79,125.79,"1,327,600"
1982-08-14,127.11,127.11,127.11,127.11,"874,200"
1982-08-13,127.31,127.31,127.31,127.31,"1,676,400"
1982-08-12,127.31,127.31,127.31,127.31,"1,414,900"
1982-08-11,124.41,124.41,124.41,124.41,"749,500"
1982-08-10,124.03,124.03,124.03,124.03,"692,900"
1982-08-09,123.96,123.96,123.96,123.96,"751,700"
1982-08-07,124.96,124.96,124.96,124.96,"512,100"
1982-08-06,125.18,125.18,125.18,125.18,"824,100"
1982-08-05,125.56,125.56,125.56,125.56,"889,600"
1982-08-04,125.83,125.83,125.83,125.83,"2,105,200"
1982-08-03,124.41,124.41,124.41,124.41,"927,300"
1982-08-02,124.97,124.97,124.97,124.97,"938,300"
1982-07-31,125.09,125.09,125.09,125.09,"659,900"
1982-07-30,124.83,124.83,124.83,124.83,"1,299,900"
1982-07-29,123.73,123.73,123.73,123.73,"1,135,400"
1982-07-28,123.71,123.71,123.71,123.71,"1,149,500"
1982-07-27,122.36,122.36,122.36,122.36,"836,900"
1982-07-26,122.32,122.32,122.32,122.32,"689,100"
1982-07-24,122.31,122.31,122.31,122.31,"703,500"
1982-07-23,121.59,121.59,121.59,121.59,"1,667,400"
1982-07-22,120.97,120.97,120.97,120.97,"602,800"
1982-07-21,119.75,119.75,119.75,119.75,"627,600"
1982-07-20,120.37,120.37,120.37,120.37,"506,400"
1982-07-19,121.57,121.57,121.57,121.57,"762,600"
1982-07-16,121.81,121.81,121.81,121.81,"1,167,700"
1982-07-15,120.63,120.63,120.63,120.63,"1,340,200"
1982-07-14,120.49,120.49,120.49,120.49,"886,400"
1982-07-13,119.83,119.83,119.83,119.83,"811,000"
1982-07-12,119.55,119.55,119.55,119.55,"602,600"
1982-07-10,119.05,119.05,119.05,119.05,"345,800"
1982-07-09,118.71,118.71,118.71,118.71,"603,400"
1982-07-08,118.75,118.75,118.75,118.75,"1,140,500"
1982-07-07,119.17,119.17,119.17,119.17,"1,313,600"
1982-07-06,116.52,116.52,116.52,116.52,"1,271,400"
1982-07-05,119.72,119.72,119.72,119.72,"1,791,100"
1982-07-03,123.44,123.44,123.44,123.44,"1,475,700"
1982-07-02,124.31,124.31,124.31,124.31,"1,930,700"
1982-07-01,121.25,121.25,121.25,121.25,"1,433,600"
1982-06-30,123.65,123.65,123.65,123.65,"2,741,300"
1982-06-29,124.05,124.05,124.05,124.05,"2,029,000"
1982-06-28,121.71,121.71,121.71,121.71,"226,000"
1982-06-26,115.48,115.48,115.48,115.48,"402,200"
1982-06-25,112.93,112.93,112.93,112.93,"641,500"
1982-06-24,113.48,113.48,113.48,113.48,"597,800"
1982-06-23,114.55,114.55,114.55,114.55,"642,100"
1982-06-22,115.25,115.25,115.25,115.25,"352,800"
1982-06-21,115.12,115.12,115.12,115.12,"303,900"
1982-06-19,115.55,115.55,115.55,115.55,"272,400"
1982-06-18,116.1,116.1,116.1,116.1,"835,700"
1982-06-17,116.06,116.06,116.06,116.06,"455,500"
1982-06-16,116.29,116.29,116.29,116.29,"855,400"
1982-06-15,116.58,116.58,116.58,116.58,"766,700"
1982-06-14,117.95,117.95,117.95,117.95,"955,500"
1982-06-12,117.75,117.75,117.75,117.75,"469,700"
1982-06-11,117.24,117.24,117.24,117.24,"521,200"
1982-06-10,117.33,117.33,117.33,117.33,"740,300"
1982-06-09,117.46,117.46,117.46,117.46,"934,100"
1982-06-08,118.81,118.81,118.81,118.81,"1,178,000"
1982-06-07,120.79,120.79,120.79,120.79,"1,402,900"
1982-06-05,119.02,119.02,119.02,119.02,"651,700"
1982-06-04,119.18,119.18,119.18,119.18,"1,573,900"
1982-06-03,118.32,118.32,118.32,118.32,"1,362,600"
1982-06-02,117.15,117.15,117.15,117.15,"1,377,100"
1982-06-01,116.13,116.13,116.13,116.13,"857,500"
1982-05-31,114.58,114.58,114.58,114.58,"500,500"
1982-05-29,114.74,114.74,114.74,114.74,"422,900"
1982-05-28,114.96,114.96,114.96,114.96,"885,000"
1982-05-27,114.17,114.17,114.17,114.17,"1,110,200"
1982-05-26,115.56,115.56,115.56,115.56,"606,100"
1982-05-25,115.6,115.6,115.6,115.6,"735,200"
1982-05-24,115.4,115.4,115.4,115.4,"710,100"
1982-05-22,117.39,117.39,117.39,117.39,"693,200"
1982-05-21,117.27,117.27,117.27,117.27,"1,836,500"
1982-05-20,117.4,117.4,117.4,117.4,"1,960,800"
1982-05-19,114.96,114.96,114.96,114.96,"1,813,700"
1982-05-18,113.83,113.83,113.83,113.83,"1,926,700"
1982-05-17,112.25,112.25,112.25,112.25,"346,100"
1982-05-15,107.94,107.94,107.94,107.94,"909,800"
1982-05-14,106,106,106,106,"1,512,100"
1982-05-13,109.28,109.28,109.28,109.28,"1,294,000"
1982-05-12,110.52,110.52,110.52,110.52,"1,258,300"
1982-05-11,112.49,112.49,112.49,112.49,"1,009,800"
1982-05-10,113.15,113.15,113.15,113.15,"882,200"
1982-05-08,116.42,116.42,116.42,116.42,"665,200"
1982-05-07,115.08,115.08,115.08,115.08,"816,800"
1982-05-06,114.36,114.36,114.36,114.36,"809,600"
1982-05-04,117.68,117.68,117.68,117.68,"842,600"
1982-05-03,119.76,119.76,119.76,119.76,"415,100"
1982-04-30,121.4,121.4,121.4,121.4,"386,100"
1982-04-29,121.16,121.16,121.16,121.16,"410,700"
1982-04-28,121.46,121.46,121.46,121.46,"477,600"
1982-04-27,120.51,120.51,120.51,120.51,"396,400"
1982-04-26,121.3,121.3,121.3,121.3,"520,700"
1982-04-24,122.35,122.35,122.35,122.35,"345,600"
1982-04-23,122.37,122.37,122.37,122.37,"674,100"
1982-04-22,122.83,122.83,122.83,122.83,"644,400"
1982-04-21,119.67,119.67,119.67,119.67,"463,600"
1982-04-20,119.71,119.71,119.71,119.71,"638,000"
1982-04-19,120.82,120.82,120.82,120.82,"432,800"
1982-04-17,121.65,121.65,121.65,121.65,"414,900"
1982-04-16,122.17,122.17,122.17,122.17,"652,100"
1982-04-15,123.13,123.13,123.13,123.13,"499,400"
1982-04-14,124.16,124.16,124.16,124.16,"585,800"
1982-04-13,123.28,123.28,123.28,123.28,"365,700"
1982-04-12,123.71,123.71,123.71,123.71,"570,500"
1982-04-10,124.27,124.27,124.27,124.27,"275,200"
1982-04-09,124.82,124.82,124.82,124.82,"448,600"
1982-04-08,126.13,126.13,126.13,126.13,"469,500"
1982-04-07,125.43,125.43,125.43,125.43,"529,300"
1982-04-06,126.3,126.3,126.3,126.3,"345,400"
1982-04-03,126.74,126.74,126.74,126.74,"328,400"
1982-04-02,126.56,126.56,126.56,126.56,"545,000"
1982-04-01,126.35,126.35,126.35,126.35,"653,600"
1982-03-31,127.83,127.83,127.83,127.83,"709,500"
1982-03-30,126.59,126.59,126.59,126.59,"602,900"
1982-03-29,128.5,128.5,128.5,128.5,"1,116,700"
1982-03-27,128.56,128.56,128.56,128.56,"784,200"
1982-03-26,127.62,127.62,127.62,127.62,"703,900"
1982-03-25,128.02,128.02,128.02,128.02,"746,200"
1982-03-24,127.63,127.63,127.63,127.63,"1,015,100"
1982-03-23,129.06,129.06,129.06,129.06,"1,227,200"
1982-03-22,126.53,126.53,126.53,126.53,"644,400"
1982-03-20,125.59,125.59,125.59,125.59,"481,500"
1982-03-19,126.51,126.51,126.51,126.51,"750,100"
1982-03-18,127.29,127.29,127.29,127.29,"896,000"
1982-03-17,127.04,127.04,127.04,127.04,"1,077,000"
1982-03-16,127.93,127.93,127.93,127.93,"958,900"
1982-03-15,129.06,129.06,129.06,129.06,"701,100"
1982-03-13,129.72,129.72,129.72,129.72,"675,600"
1982-03-12,129.65,129.65,129.65,129.65,"1,144,500"
1982-03-11,130.84,130.84,130.84,130.84,"1,961,700"
1982-03-09,132.47,132.47,132.47,132.47,"1,614,600"
1982-03-08,132.84,132.84,132.84,132.84,"1,217,100"
1982-03-06,134.49,134.49,134.49,134.49,"1,298,900"
1982-03-05,133.65,133.65,133.65,133.65,"1,833,800"
1982-03-04,132.2,132.2,132.2,132.2,"2,063,300"
1982-03-03,129.28,129.28,129.28,129.28,"989,600"
1982-03-02,128.97,128.97,128.97,128.97,"1,035,500"
1982-02-27,128.79,128.79,128.79,128.79,"822,900"
1982-02-26,127.74,127.74,127.74,127.74,"1,101,900"
1982-02-25,127.23,127.23,127.23,127.23,"1,578,600"
1982-02-24,126.49,126.49,126.49,126.49,"1,206,500"
1982-02-23,124.77,124.77,124.77,124.77,"944,900"
1982-02-22,123.6,123.6,123.6,123.6,"830,000"
1982-02-20,125.87,125.87,125.87,125.87,"747,700"
1982-02-19,126.83,126.83,126.83,126.83,"2,109,100"
1982-02-18,126.19,126.19,126.19,126.19,"1,756,000"
1982-02-17,126.11,126.11,126.11,126.11,"1,480,900"
1982-02-16,126.01,126.01,126.01,126.01,"1,775,000"
1982-02-15,126.09,126.09,126.09,126.09,"2,134,500"
1982-02-13,126.46,126.46,126.46,126.46,"986,000"
1982-02-12,125.68,125.68,125.68,125.68,"937,900"
1982-02-11,124.57,124.57,124.57,124.57,"879,900"
1982-02-10,125.19,125.19,125.19,125.19,"1,259,700"
1982-02-09,125.83,125.83,125.83,125.83,"1,331,600"
1982-02-08,125.6,125.6,125.6,125.6,"1,632,900"
1982-02-06,124.1,124.1,124.1,124.1,"733,800"
1982-02-05,124.31,124.31,124.31,124.31,"914,500"
1982-02-04,122.85,122.85,122.85,122.85,"752,200"
1982-02-03,123.24,123.24,123.24,123.24,"570,900"
1982-02-02,124.04,124.04,124.04,124.04,"627,000"
1982-02-01,125.13,125.13,125.13,125.13,"796,200"
1982-01-30,125.66,125.66,125.66,125.66,"437,400"
1982-01-29,125.68,125.68,125.68,125.68,"562,500"
1982-01-28,125.3,125.3,125.3,125.3,"604,100"
1982-01-27,126.1,126.1,126.1,126.1,"627,200"
1982-01-26,126.66,126.66,126.66,126.66,"673,300"
1982-01-25,126.07,126.07,126.07,126.07,"363,200"
1982-01-23,125.96,125.96,125.96,125.96,"460,600"
1982-01-22,125.71,125.71,125.71,125.71,"853,200"
1982-01-21,126.08,126.08,126.08,126.08,"830,900"
1982-01-20,125.6,125.6,125.6,125.6,"675,000"
1982-01-19,125.77,125.77,125.77,125.77,"930,100"
1982-01-18,126.64,126.64,126.64,126.64,"942,100"
1982-01-16,125.84,125.84,125.84,125.84,"545,800"
1982-01-15,124.04,124.04,124.04,124.04,"582,700"
1982-01-14,125.61,125.61,125.61,125.61,"1,193,400"
1982-01-13,125.64,125.64,125.64,125.64,"1,398,900"
1982-01-12,126.4,126.4,126.4,126.4,"1,379,300"
1982-01-11,128.95,128.95,128.95,128.95,"1,540,100"
1982-01-09,129.22,129.22,129.22,129.22,"1,194,900"
1982-01-08,126.74,126.74,126.74,126.74,"1,270,500"
1982-01-07,126.66,126.66,126.66,126.66,"1,657,900"
1982-01-06,125.8,125.8,125.8,125.8,"1,000,200"
1982-01-05,121.67,121.67,121.67,121.67,"586,000"
1982-01-04,123.6,123.6,123.6,123.6,"380,800"
1981-12-24,131.37,131.37,131.37,131.37,"816,000"
1981-12-23,131.35,131.35,131.35,131.35,"1,235,300"
1981-12-22,129.91,129.91,129.91,129.91,"1,050,500"
1981-12-21,128.82,128.82,128.82,128.82,"845,600"
1981-12-19,128.66,128.66,128.66,128.66,"733,800"
1981-12-18,129.09,129.09,129.09,129.09,"1,437,100"
1981-12-17,129.63,129.63,129.63,129.63,"1,283,600"
1981-12-16,130.04,130.04,130.04,130.04,"1,038,000"
1981-12-15,129.48,129.48,129.48,129.48,"814,200"
1981-12-14,128.85,128.85,128.85,128.85,"514,200"
1981-12-12,129.26,129.26,129.26,129.26,"343,000"
1981-12-11,128.73,128.73,128.73,128.73,"518,800"
1981-12-10,128.46,128.46,128.46,128.46,"707,300"
1981-12-09,130.09,130.09,130.09,130.09,"543,700"
1981-12-08,129.66,129.66,129.66,129.66,"576,600"
1981-12-07,129.63,129.63,129.63,129.63,"444,100"
1981-12-05,130.12,130.12,130.12,130.12,"385,500"
1981-12-04,130.74,130.74,130.74,130.74,"592,400"
1981-12-03,130.98,130.98,130.98,130.98,"547,400"
1981-12-02,130.23,130.23,130.23,130.23,"541,700"
1981-12-01,131.43,131.43,131.43,131.43,"578,000"
1981-11-30,132.44,132.44,132.44,132.44,"661,300"
1981-11-28,132.24,132.24,132.24,132.24,"428,500"
1981-11-27,131.75,131.75,131.75,131.75,"747,600"
1981-11-26,130.97,130.97,130.97,130.97,"910,500"
1981-11-25,132.54,132.54,132.54,132.54,"933,400"
1981-11-24,134.48,134.48,134.48,134.48,"1,155,800"
1981-11-23,137.2,137.2,137.2,137.2,"1,456,500"
1981-11-21,133.84,133.84,133.84,133.84,"752,300"
1981-11-20,131.69,131.69,131.69,131.69,"1,358,800"
1981-11-19,128.14,128.14,128.14,128.14,"966,700"
1981-11-18,127.31,127.31,127.31,127.31,"611,000"
1981-11-17,126.37,126.37,126.37,126.37,"618,400"
1981-11-16,126.94,126.94,126.94,126.94,"655,000"
1981-11-14,124.84,124.84,124.84,124.84,"289,400"
1981-11-13,125.18,125.18,125.18,125.18,"580,600"
1981-11-12,122.42,122.42,122.42,122.42,"552,000"
1981-11-11,121.58,121.58,121.58,121.58,"381,100"
1981-11-10,122.08,122.08,122.08,122.08,"403,100"
1981-11-09,122.5,122.5,122.5,122.5,"493,600"
1981-11-07,124.68,124.68,124.68,124.68,"339,800"
1981-11-06,124.93,124.93,124.93,124.93,"554,700"
1981-11-05,127.23,127.23,127.23,127.23,"807,100"
1981-11-04,128.94,128.94,128.94,128.94,"954,500"
1981-11-03,127.94,127.94,127.94,127.94,"566,700"
1981-11-02,123.84,123.84,123.84,123.84,"458,400"
1981-10-31,123.01,123.01,123.01,123.01,"257,800"
1981-10-30,121.36,121.36,121.36,121.36,"762,500"
1981-10-29,123.8,123.8,123.8,123.8,"475,700"
1981-10-28,125.91,125.91,125.91,125.91,"584,400"
1981-10-27,125.47,125.47,125.47,125.47,"470,900"
1981-10-26,126.33,126.33,126.33,126.33,"419,700"
1981-10-24,129.16,129.16,129.16,129.16,"258,500"
1981-10-23,128.99,128.99,128.99,128.99,"342,900"
1981-10-22,130.27,130.27,130.27,130.27,"403,600"
1981-10-21,129.94,129.94,129.94,129.94,"433,700"
1981-10-20,131.69,131.69,131.69,131.69,"481,000"
1981-10-19,131.29,131.29,131.29,131.29,"386,100"
1981-10-17,131.82,131.82,131.82,131.82,"256,900"
1981-10-16,132.04,132.04,132.04,132.04,"452,500"
1981-10-15,133.38,133.38,133.38,133.38,"305,000"
1981-10-14,136.03,136.03,136.03,136.03,"474,100"
1981-10-13,134.29,134.29,134.29,134.29,"439,900"
1981-10-12,135.93,135.93,135.93,135.93,"808,300"
1981-10-10,138.72,138.72,138.72,138.72,"372,400"
1981-10-08,138.81,138.81,138.81,138.81,"852,500"
1981-10-07,142.59,142.59,142.59,142.59,"1,203,600"
1981-10-06,142.69,142.69,142.69,142.69,"811,800"
1981-10-05,140.75,140.75,140.75,140.75,"716,500"
1981-10-02,136.38,136.38,136.38,136.38,"467,800"
1981-09-30,132.39,132.39,132.39,132.39,"802,900"
1981-09-29,135.14,135.14,135.14,135.14,"682,100"
1981-09-28,137.11,137.11,137.11,137.11,"499,500"
1981-09-26,138.92,138.92,138.92,138.92,"346,000"
1981-09-25,137.82,137.82,137.82,137.82,"1,175,900"
1981-09-24,138.04,138.04,138.04,138.04,"643,700"
1981-09-23,139.47,139.47,139.47,139.47,"783,900"
1981-09-22,141.19,141.19,141.19,141.19,"409,200"
1981-09-21,142.02,142.02,142.02,142.02,"822,100"
1981-09-19,143.48,143.48,143.48,143.48,"493,200"
1981-09-18,143.02,143.02,143.02,143.02,"707,800"
1981-09-17,140.8,140.8,140.8,140.8,"522,000"
1981-09-16,142.99,142.99,142.99,142.99,"594,100"
1981-09-15,144.74,144.74,144.74,144.74,"744,500"
1981-09-14,145.18,145.18,145.18,145.18,"613,700"
1981-09-11,145.61,145.61,145.61,145.61,"639,100"
1981-09-10,145.02,145.02,145.02,145.02,"900,600"
1981-09-09,146.23,146.23,146.23,146.23,"738,300"
1981-09-08,144.11,144.11,144.11,144.11,"831,800"
1981-09-07,145.18,145.18,145.18,145.18,"784,500"
1981-09-05,144.59,144.59,144.59,144.59,"428,400"
1981-09-04,143.8,143.8,143.8,143.8,"787,400"
1981-09-03,141.96,141.96,141.96,141.96,"411,000"
1981-09-02,140.28,140.28,140.28,140.28,"328,500"
1981-09-01,140.49,140.49,140.49,140.49,"297,400"
1981-08-31,140.11,140.11,140.11,140.11,"259,900"
1981-08-29,141.57,141.57,141.57,141.57,"208,700"
1981-08-28,141.97,141.97,141.97,141.97,"627,000"
1981-08-27,140.39,140.39,140.39,140.39,"771,700"
1981-08-26,140.52,140.52,140.52,140.52,"841,700"
1981-08-25,140.86,140.86,140.86,140.86,"506,500"
1981-08-24,143.55,143.55,143.55,143.55,"630,900"
1981-08-22,144.19,144.19,144.19,144.19,"543,800"
1981-08-21,145.09,145.09,145.09,145.09,"927,600"
1981-08-20,142.54,142.54,142.54,142.54,"621,300"
1981-08-19,141.06,141.06,141.06,141.06,"704,300"
1981-08-18,141.95,141.95,141.95,141.95,"764,700"
1981-08-17,144.68,144.68,144.68,144.68,"958,600"
1981-08-14,142.43,142.43,142.43,142.43,"746,500"
1981-08-13,144.65,144.65,144.65,144.65,"1,065,300"
1981-08-12,147.54,147.54,147.54,147.54,"1,259,000"
1981-08-11,148.46,148.46,148.46,148.46,"633,600"
1981-08-10,149,149,149,149,"643,400"
1981-08-08,151.2,151.2,151.2,151.2,"597,600"
1981-08-07,151.91,151.91,151.91,151.91,"896,000"
1981-08-06,151.62,151.62,151.62,151.62,"1,599,900"
1981-08-05,149.43,149.43,149.43,149.43,"780,600"
1981-08-04,151.39,151.39,151.39,151.39,"1,281,000"
1981-08-03,151.01,151.01,151.01,151.01,"1,468,100"
1981-08-01,148.35,148.35,148.35,148.35,"594,000"
1981-07-31,148.17,148.17,148.17,148.17,"1,283,700"
1981-07-30,147.59,147.59,147.59,147.59,"1,435,200"
1981-07-29,145.51,145.51,145.51,145.51,"1,188,000"
1981-07-28,144.41,144.41,144.41,144.41,"788,200"
1981-07-27,146.98,146.98,146.98,146.98,"519,300"
1981-07-25,149.49,149.49,149.49,149.49,"454,500"
1981-07-24,147.81,147.81,147.81,147.81,"991,600"
1981-07-23,150.06,150.06,150.06,150.06,"764,400"
1981-07-22,153.14,153.14,153.14,153.14,"839,100"
1981-07-21,155.57,155.57,155.57,155.57,"976,600"
1981-07-20,155.29,155.29,155.29,155.29,"794,800"
1981-07-18,158.76,158.76,158.76,158.76,"935,200"
1981-07-16,155.93,155.93,155.93,155.93,"1,414,800"
1981-07-15,155.09,155.09,155.09,155.09,"1,454,800"
1981-07-14,155.89,155.89,155.89,155.89,"1,231,800"
1981-07-13,158.4,158.4,158.4,158.4,"1,702,100"
1981-07-11,160.37,160.37,160.37,160.37,"1,201,000"
1981-07-10,159.97,159.97,159.97,159.97,"1,619,700"
1981-07-09,163.8,163.8,163.8,163.8,"2,055,500"
1981-07-08,163.18,163.18,163.18,163.18,"2,537,500"
1981-07-07,165.96,165.96,165.96,165.96,"2,300,000"
1981-07-06,160.98,160.98,160.98,160.98,"2,271,900"
1981-07-04,157.9,157.9,157.9,157.9,"1,605,400"
1981-07-03,155.79,155.79,155.79,155.79,"1,925,000"
1981-07-02,155.05,155.05,155.05,155.05,"2,282,400"
1981-07-01,156.43,156.43,156.43,156.43,"2,588,200"
1981-06-30,150.85,150.85,150.85,150.85,"1,900,200"
1981-06-29,147.35,147.35,147.35,147.35,"1,794,000"
1981-06-27,144.59,144.59,144.59,144.59,"1,379,500"
1981-06-26,142.79,142.79,142.79,142.79,"2,098,500"
1981-06-25,141.87,141.87,141.87,141.87,"1,996,500"
1981-06-24,141.65,141.65,141.65,141.65,"1,284,100"
1981-06-23,139.21,139.21,139.21,139.21,"1,292,000"
1981-06-22,138.82,138.82,138.82,138.82,"1,303,300"
1981-06-20,139.87,139.87,139.87,139.87,"1,376,500"
1981-06-19,138.66,138.66,138.66,138.66,"1,409,800"
1981-06-18,134.83,134.83,134.83,134.83,"1,145,300"
1981-06-17,139.59,139.59,139.59,139.59,"1,971,000"
1981-06-16,142.89,142.89,142.89,142.89,"3,166,300"
1981-06-15,139.56,139.56,139.56,139.56,"2,499,200"
1981-06-13,137.62,137.62,137.62,137.62,"1,515,000"
1981-06-12,136.34,136.34,136.34,136.34,"3,229,800"
1981-06-11,134.78,134.78,134.78,134.78,"3,055,100"
1981-06-10,133.6,133.6,133.6,133.6,"2,635,200"
1981-06-09,132.73,132.73,132.73,132.73,"2,662,400"
1981-06-08,130.12,130.12,130.12,130.12,"1,455,400"
1981-06-05,128.31,128.31,128.31,128.31,"1,765,800"
1981-06-04,128.78,128.78,128.78,128.78,"2,427,400"
1981-06-03,129.83,129.83,129.83,129.83,"2,731,400"
1981-06-02,127.75,127.75,127.75,127.75,"2,781,900"
1981-06-01,126.5,126.5,126.5,126.5,"1,691,200"
1981-05-30,126.33,126.33,126.33,126.33,"1,230,300"
1981-05-29,126.51,126.51,126.51,126.51,"2,426,200"
1981-05-28,125.94,125.94,125.94,125.94,"2,412,300"
1981-05-27,124.81,124.81,124.81,124.81,"2,047,800"
1981-05-26,123.09,123.09,123.09,123.09,"1,652,100"
1981-05-25,121.5,121.5,121.5,121.5,"1,019,100"
1981-05-23,120.51,120.51,120.51,120.51,"808,900"
1981-05-22,120.85,120.85,120.85,120.85,"945,600"
1981-05-21,121.42,121.42,121.42,121.42,"1,166,000"
1981-05-20,121.49,121.49,121.49,121.49,"1,362,600"
1981-05-19,120.91,120.91,120.91,120.91,"883,500"
1981-05-18,121.19,121.19,121.19,121.19,"866,400"
1981-05-16,121.5,121.5,121.5,121.5,"561,300"
1981-05-15,121.48,121.48,121.48,121.48,"1,418,700"
1981-05-14,121.52,121.52,121.52,121.52,"1,061,000"
1981-05-13,119.99,119.99,119.99,119.99,"815,800"
1981-05-12,118.82,118.82,118.82,118.82,"523,300"
1981-05-09,118.88,118.88,118.88,118.88,"575,600"
1981-05-08,118.8,118.8,118.8,118.8,"1,029,700"
1981-05-07,119.33,119.33,119.33,119.33,"1,376,500"
1981-05-06,120.77,120.77,120.77,120.77,"1,508,500"
1981-05-04,120.63,120.63,120.63,120.63,"1,641,200"
1981-05-02,123.6,123.6,123.6,123.6,"1,843,100"
1981-05-01,123.61,123.61,123.61,123.61,"2,958,800"
1981-04-30,122.48,122.48,122.48,122.48,"3,376,100"
1981-04-29,120.29,120.29,120.29,120.29,"2,324,000"
1981-04-28,116.98,116.98,116.98,116.98,"2,212,500"
1981-04-27,116.17,116.17,116.17,116.17,"2,088,900"
1981-04-25,113.56,113.56,113.56,113.56,"846,700"
1981-04-24,113.36,113.36,113.36,113.36,"1,554,200"
1981-04-23,112.76,112.76,112.76,112.76,"1,364,400"
1981-04-22,111.7,111.7,111.7,111.7,"858,500"
1981-04-21,111.26,111.26,111.26,111.26,"565,600"
1981-04-20,111.33,111.33,111.33,111.33,"574,300"
1981-04-18,111.9,111.9,111.9,111.9,"711,800"
1981-04-17,111.01,111.01,111.01,111.01,"494,700"
1981-04-16,110.77,110.77,110.77,110.77,"502,800"
1981-04-15,111.03,111.03,111.03,111.03,"600,300"
1981-04-14,110.91,110.91,110.91,110.91,"713,900"
1981-04-13,111.59,111.59,111.59,111.59,"939,500"
1981-04-11,111.82,111.82,111.82,111.82,"889,100"
1981-04-10,112.07,112.07,112.07,112.07,"1,572,500"
1981-04-09,110.85,110.85,110.85,110.85,"1,413,700"
1981-04-08,111.03,111.03,111.03,111.03,"1,089,200"
1981-04-07,109.67,109.67,109.67,109.67,"814,000"
1981-04-06,110.38,110.38,110.38,110.38,"1,436,600"
1981-04-04,110.58,110.58,110.58,110.58,"1,033,800"
1981-04-03,109.74,109.74,109.74,109.74,"1,288,700"
1981-04-02,109.21,109.21,109.21,109.21,"1,323,200"
1981-04-01,107.65,107.65,107.65,107.65,"1,034,900"
1981-03-31,107.41,107.41,107.41,107.41,"912,400"
1981-03-30,106.33,106.33,106.33,106.33,"798,600"
1981-03-28,106.64,106.64,106.64,106.64,"672,200"
1981-03-27,105.77,105.77,105.77,105.77,"608,000"
1981-03-26,105.33,105.33,105.33,105.33,"542,500"
1981-03-24,105.26,105.26,105.26,105.26,"383,500"
1981-03-23,105.43,105.43,105.43,105.43,"403,700"
1981-03-21,106.05,106.05,106.05,106.05,"467,000"
1981-03-20,105.91,105.91,105.91,105.91,"933,200"
1981-03-19,105.62,105.62,105.62,105.62,"1,075,000"
1981-03-18,105.95,105.95,105.95,105.95,"754,800"
1981-03-17,105.6,105.6,105.6,105.6,"627,000"
1981-03-16,105.71,105.71,105.71,105.71,"617,900"
1981-03-14,104.79,104.79,104.79,104.79,"381,300"
1981-03-13,104.16,104.16,104.16,104.16,"379,700"
1981-03-12,103.91,103.91,103.91,103.91,"405,900"
1981-03-11,103.66,103.66,103.66,103.66,"343,800"
1981-03-09,103.39,103.39,103.39,103.39,"287,200"
1981-03-07,103.12,103.12,103.12,103.12,"230,100"
1981-03-06,103.01,103.01,103.01,103.01,"450,000"
1981-03-05,103.37,103.37,103.37,103.37,"449,200"
1981-03-04,103.38,103.38,103.38,103.38,"480,900"
1981-03-02,104.2,104.2,104.2,104.2,"450,300"
1981-02-28,104.15,104.15,104.15,104.15,"280,600"
1981-02-27,103.75,103.75,103.75,103.75,"340,500"
1981-02-26,104,104,104,104,"469,100"
1981-02-25,104.09,104.09,104.09,104.09,"367,200"
1981-02-24,103.59,103.59,103.59,103.59,"317,200"
1981-02-23,103.28,103.28,103.28,103.28,"235,100"
1981-02-21,103.83,103.83,103.83,103.83,"270,000"
1981-02-20,103.23,103.23,103.23,103.23,"295,700"
1981-02-19,102.71,102.71,102.71,102.71,"316,100"
1981-02-18,103.26,103.26,103.26,103.26,"345,900"
1981-02-17,103.75,103.75,103.75,103.75,"450,600"
1981-02-16,103.72,103.72,103.72,103.72,"275,100"
1981-02-14,104.72,104.72,104.72,104.72,"261,300"
1981-02-13,104.41,104.41,104.41,104.41,"321,500"
1981-02-12,104.48,104.48,104.48,104.48,"382,700"
1981-02-10,104.88,104.88,104.88,104.88,"376,600"
1981-02-09,105.36,105.36,105.36,105.36,"366,400"
1981-02-07,106.05,106.05,106.05,106.05,"367,300"
1981-02-06,106.01,106.01,106.01,106.01,"480,600"
1981-02-05,105.85,105.85,105.85,105.85,"514,000"
1981-02-04,105.53,105.53,105.53,105.53,"502,300"
1981-02-03,104.93,104.93,104.93,104.93,"551,000"
1981-02-02,105.69,105.69,105.69,105.69,"714,900"
1981-01-31,105.73,105.73,105.73,105.73,"491,300"
1981-01-30,105.39,105.39,105.39,105.39,"536,500"
1981-01-29,105.26,105.26,105.26,105.26,"613,300"
1981-01-28,104.29,104.29,104.29,104.29,"701,400"
1981-01-27,104.7,104.7,104.7,104.7,"628,300"
1981-01-26,106.27,106.27,106.27,106.27,"834,400"
1981-01-24,106.82,106.82,106.82,106.82,"676,400"
1981-01-23,106.32,106.32,106.32,106.32,"922,300"
1981-01-22,105.82,105.82,105.82,105.82,"1,137,500"
1981-01-21,105.71,105.71,105.71,105.71,"970,400"
1981-01-20,104.99,104.99,104.99,104.99,"816,200"
1981-01-19,106.65,106.65,106.65,106.65,"1,158,300"
1981-01-17,106.74,106.74,106.74,106.74,"668,100"
1981-01-16,107.83,107.83,107.83,107.83,"1,443,200"
1981-01-15,108.34,108.34,108.34,108.34,"2,278,300"
1981-01-14,107.46,107.46,107.46,107.46,"1,481,200"
1981-01-13,102.5,102.5,102.5,102.5,"1,237,900"
1981-01-12,99.56,99.56,99.56,99.56,"909,500"
1981-01-10,97.66,97.66,97.66,97.66,"377,000"
1981-01-09,96.69,96.69,96.69,96.69,"739,400"
1981-01-08,96.01,96.01,96.01,96.01,"463,900"
1981-01-07,93.14,93.14,93.14,93.14,"250,800"
1981-01-06,93.19,93.19,93.19,93.19,"224,400"
1981-01-05,97.95,97.95,97.95,97.95,"131,700"
1980-12-24,106.87,106.87,106.87,106.87,"788,400"
1980-12-23,105.99,105.99,105.99,105.99,"967,200"
1980-12-22,105.72,105.72,105.72,105.72,"562,800"
1980-12-20,106.12,106.12,106.12,106.12,"392,700"
1980-12-19,105.87,105.87,105.87,105.87,"760,100"
1980-12-18,105.22,105.22,105.22,105.22,"421,000"
1980-12-17,104.6,104.6,104.6,104.6,"496,500"
1980-12-16,104.89,104.89,104.89,104.89,"447,800"
1980-12-15,105.24,105.24,105.24,105.24,"421,800"
1980-12-13,105.32,105.32,105.32,105.32,"435,600"
1980-12-12,105.57,105.57,105.57,105.57,"422,300"
1980-12-11,105.92,105.92,105.92,105.92,"291,100"
1980-12-10,106.17,106.17,106.17,106.17,"406,100"
1980-12-09,105.99,105.99,105.99,105.99,"441,100"
1980-12-08,106.31,106.31,106.31,106.31,"383,200"
1980-12-06,106.6,106.6,106.6,106.6,"242,400"
1980-12-05,106.07,106.07,106.07,106.07,"302,100"
1980-12-04,105.73,105.73,105.73,105.73,"278,500"
1980-12-03,105.97,105.97,105.97,105.97,"259,500"
1980-12-02,106.63,106.63,106.63,106.63,"246,800"
1980-12-01,106.74,106.74,106.74,106.74,"374,200"
1980-11-29,106.93,106.93,106.93,106.93,"304,400"
1980-11-28,107.02,107.02,107.02,107.02,"416,200"
1980-11-27,107.15,107.15,107.15,107.15,"815,000"
1980-11-26,107.28,107.28,107.28,107.28,"503,900"
1980-11-25,105.98,105.98,105.98,105.98,"372,700"
1980-11-24,105.51,105.51,105.51,105.51,"245,400"
1980-11-22,105.18,105.18,105.18,105.18,"318,000"
1980-11-21,105.09,105.09,105.09,105.09,"332,700"
1980-11-20,104.67,104.67,104.67,104.67,"269,000"
1980-11-19,104.03,104.03,104.03,104.03,"294,300"
1980-11-18,103.98,103.98,103.98,103.98,"328,600"
1980-11-17,104.01,104.01,104.01,104.01,"241,700"
1980-11-15,104.6,104.6,104.6,104.6,"195,500"
1980-11-14,104.9,104.9,104.9,104.9,"351,500"
1980-11-13,103.43,103.43,103.43,103.43,"415,100"
1980-11-12,104.05,104.05,104.05,104.05,"484,400"
1980-11-11,106.01,106.01,106.01,106.01,"673,100"
1980-11-10,107.51,107.51,107.51,107.51,"704,100"
1980-11-08,107.16,107.16,107.16,107.16,"513,400"
1980-11-07,104.89,104.89,104.89,104.89,"541,400"
1980-11-06,102.85,102.85,102.85,102.85,"409,400"
1980-11-05,103.89,103.89,103.89,103.89,"405,900"
1980-11-04,105.1,105.1,105.1,105.1,"296,100"
1980-11-03,105.73,105.73,105.73,105.73,"278,200"
1980-11-01,105.49,105.49,105.49,105.49,"186,500"
1980-10-31,105.72,105.72,105.72,105.72,"379,200"
1980-10-30,105.88,105.88,105.88,105.88,"376,300"
1980-10-29,106.6,106.6,106.6,106.6,"435,500"
1980-10-28,106.67,106.67,106.67,106.67,"458,000"
1980-10-27,107.21,107.21,107.21,107.21,"407,700"
1980-10-25,108.9,108.9,108.9,108.9,"282,500"
1980-10-24,109.42,109.42,109.42,109.42,"403,000"
1980-10-23,109.32,109.32,109.32,109.32,"336,300"
1980-10-21,109.39,109.39,109.39,109.39,"390,700"
1980-10-20,109.08,109.08,109.08,109.08,"306,800"
1980-10-18,110.26,110.26,110.26,110.26,"284,500"
1980-10-17,110.43,110.43,110.43,110.43,"496,700"
1980-10-16,111.71,111.71,111.71,111.71,"592,500"
1980-10-15,110.51,110.51,110.51,110.51,"518,600"
1980-10-14,110.96,110.96,110.96,110.96,"382,500"
1980-10-13,110.47,110.47,110.47,110.47,"442,600"
1980-10-11,109.35,109.35,109.35,109.35,"263,800"
1980-10-10,107.07,107.07,107.07,107.07,"326,400"
1980-10-08,107.96,107.96,107.96,107.96,"311,600"
1980-10-07,108.6,108.6,108.6,108.6,"273,000"
1980-10-06,108.78,108.78,108.78,108.78,"277,800"
1980-10-04,108.96,108.96,108.96,108.96,"215,200"
1980-10-02,109.85,109.85,109.85,109.85,"286,700"
1980-09-30,110.35,110.35,110.35,110.35,"350,900"
1980-09-29,110.86,110.86,110.86,110.86,"320,000"
1980-09-27,111.48,111.48,111.48,111.48,"346,500"
1980-09-26,110.63,110.63,110.63,110.63,"517,300"
1980-09-25,109.52,109.52,109.52,109.52,"455,700"
1980-09-24,110.39,110.39,110.39,110.39,"411,700"
1980-09-22,111.32,111.32,111.32,111.32,"354,800"
1980-09-20,110.65,110.65,110.65,110.65,"318,100"
1980-09-19,111.09,111.09,111.09,111.09,"514,600"
1980-09-18,110.55,110.55,110.55,110.55,"363,500"
1980-09-17,110.26,110.26,110.26,110.26,"384,400"
1980-09-16,110.8,110.8,110.8,110.8,"401,500"
1980-09-15,111.33,111.33,111.33,111.33,"250,800"
1980-09-13,112.13,112.13,112.13,112.13,"224,900"
1980-09-12,111.3,111.3,111.3,111.3,"395,900"
1980-09-11,111.5,111.5,111.5,111.5,"489,200"
1980-09-10,112.49,112.49,112.49,112.49,"435,800"
1980-09-09,112.5,112.5,112.5,112.5,"295,600"
1980-09-08,113.08,113.08,113.08,113.08,"416,900"
1980-09-06,113.73,113.73,113.73,113.73,"297,700"
1980-09-05,113.28,113.28,113.28,113.28,"536,700"
1980-09-04,112.5,112.5,112.5,112.5,"407,600"
1980-09-03,113.28,113.28,113.28,113.28,"660,900"
1980-09-02,112.56,112.56,112.56,112.56,"364,700"
1980-08-30,112.65,112.65,112.65,112.65,"374,200"
1980-08-29,112.02,112.02,112.02,112.02,"627,600"
1980-08-28,112.22,112.22,112.22,112.22,"598,300"
1980-08-27,112.74,112.74,112.74,112.74,"748,000"
1980-08-26,113.81,113.81,113.81,113.81,"997,900"
1980-08-25,112.53,112.53,112.53,112.53,"671,600"
1980-08-23,111.9,111.9,111.9,111.9,"422,400"
1980-08-22,112.68,112.68,112.68,112.68,"1,011,400"
1980-08-21,111.12,111.12,111.12,111.12,"834,900"
1980-08-20,110.13,110.13,110.13,110.13,"973,700"
1980-08-19,110.61,110.61,110.61,110.61,"617,000"
1980-08-18,109.23,109.23,109.23,109.23,"424,600"
1980-08-16,107.21,107.21,107.21,107.21,"216,700"
1980-08-14,107,107,107,107,"360,100"
1980-08-13,108.66,108.66,108.66,108.66,"433,200"
1980-08-12,109.12,109.12,109.12,109.12,"403,900"
1980-08-11,110.98,110.98,110.98,110.98,"246,900"
1980-08-09,111.66,111.66,111.66,111.66,"174,000"
1980-08-08,111.47,111.47,111.47,111.47,"311,400"
1980-08-07,111.85,111.85,111.85,111.85,"314,000"
1980-08-06,111.81,111.81,111.81,111.81,"257,300"
1980-08-05,111.38,111.38,111.38,111.38,"185,700"
1980-08-04,111.51,111.51,111.51,111.51,"178,500"
1980-08-02,112.15,112.15,112.15,112.15,"149,300"
1980-08-01,112.29,112.29,112.29,112.29,"224,700"
1980-07-31,112.71,112.71,112.71,112.71,"441,900"
1980-07-30,112.75,112.75,112.75,112.75,"444,100"
1980-07-29,111.49,111.49,111.49,111.49,"422,700"
1980-07-28,111.28,111.28,111.28,111.28,"342,100"
1980-07-26,111.33,111.33,111.33,111.33,"162,600"
1980-07-25,110.97,110.97,110.97,110.97,"533,400"
1980-07-24,111.3,111.3,111.3,111.3,"392,800"
1980-07-23,110.43,110.43,110.43,110.43,"308,600"
1980-07-22,109.92,109.92,109.92,109.92,"233,600"
1980-07-21,110.23,110.23,110.23,110.23,"189,400"
1980-07-19,110.88,110.88,110.88,110.88,"205,800"
1980-07-18,110.03,110.03,110.03,110.03,"272,000"
1980-07-16,109.82,109.82,109.82,109.82,"405,700"
1980-07-15,109.95,109.95,109.95,109.95,"310,500"
1980-07-14,110.4,110.4,110.4,110.4,"184,500"
1980-07-12,111.02,111.02,111.02,111.02,"207,800"
1980-07-11,110.89,110.89,110.89,110.89,"293,900"
1980-07-10,111.37,111.37,111.37,111.37,"326,000"
1980-07-09,111.93,111.93,111.93,111.93,"412,700"
1980-07-08,112.1,112.1,112.1,112.1,"357,300"
1980-07-07,112.48,112.48,112.48,112.48,"317,100"
1980-07-05,111.93,111.93,111.93,111.93,"222,800"
1980-07-04,112.43,112.43,112.43,112.43,"319,200"
1980-07-03,112.33,112.33,112.33,112.33,"261,300"
1980-07-02,112.44,112.44,112.44,112.44,"316,300"
1980-07-01,112.05,112.05,112.05,112.05,"182,000"
1980-06-30,112.62,112.62,112.62,112.62,"268,400"
1980-06-28,113.12,113.12,113.12,113.12,"317,600"
1980-06-27,111.89,111.89,111.89,111.89,"337,400"
1980-06-26,111.66,111.66,111.66,111.66,"324,300"
1980-06-25,111.78,111.78,111.78,111.78,"190,000"
1980-06-24,112.47,112.47,112.47,112.47,"213,600"
1980-06-23,112.54,112.54,112.54,112.54,"221,400"
1980-06-21,112.78,112.78,112.78,112.78,"144,900"
1980-06-20,113.5,113.5,113.5,113.5,"329,500"
1980-06-19,113.26,113.26,113.26,113.26,"273,300"
1980-06-18,114.45,114.45,114.45,114.45,"533,300"
1980-06-17,115.09,115.09,115.09,115.09,"618,800"
1980-06-16,113.11,113.11,113.11,113.11,"309,500"
1980-06-14,112.87,112.87,112.87,112.87,"285,300"
1980-06-13,112.44,112.44,112.44,112.44,"322,600"
1980-06-12,112.12,112.12,112.12,112.12,"305,600"
1980-06-11,112.65,112.65,112.65,112.65,"1,258,700"
1980-06-10,112.52,112.52,112.52,112.52,"548,300"
1980-06-09,111.98,111.98,111.98,111.98,"421,600"
1980-06-07,113.44,113.44,113.44,113.44,"270,400"
1980-06-05,114.06,114.06,114.06,114.06,"423,700"
1980-06-04,115.44,115.44,115.44,115.44,"424,700"
1980-06-03,116.31,116.31,116.31,116.31,"655,900"
1980-06-02,116.77,116.77,116.77,116.77,"692,000"
1980-05-31,116.44,116.44,116.44,116.44,"468,900"
1980-05-30,115.7,115.7,115.7,115.7,"999,800"
1980-05-29,115.72,115.72,115.72,115.72,"939,200"
1980-05-28,114.19,114.19,114.19,114.19,"685,900"
1980-05-27,113.59,113.59,113.59,113.59,"633,500"
1980-05-26,111.55,111.55,111.55,111.55,"384,800"
1980-05-24,113.84,113.84,113.84,113.84,"528,500"
1980-05-23,112.6,112.6,112.6,112.6,"756,000"
1980-05-22,109.67,109.67,109.67,109.67,"621,600"
1980-05-20,109.48,109.48,109.48,109.48,"824,900"
1980-05-19,111.09,111.09,111.09,111.09,"835,200"
1980-05-17,115.03,115.03,115.03,115.03,"431,900"
1980-05-16,114.92,114.92,114.92,114.92,"1,001,200"
1980-05-15,114.54,114.54,114.54,114.54,"1,020,700"
1980-05-14,112.27,112.27,112.27,112.27,"1,031,600"
1980-05-13,112.85,112.85,112.85,112.85,"991,900"
1980-05-12,115.47,115.47,115.47,115.47,"828,000"
1980-05-10,116.44,116.44,116.44,116.44,"616,300"
1980-05-09,116.42,116.42,116.42,116.42,"1,095,500"
1980-05-08,119.36,119.36,119.36,119.36,"1,740,500"
1980-05-07,119.24,119.24,119.24,119.24,"1,289,100"
1980-05-06,119.31,119.31,119.31,119.31,"1,213,400"
1980-05-03,118.33,118.33,118.33,118.33,"900,100"
1980-05-02,118.58,118.58,118.58,118.58,"1,311,800"
1980-05-01,116.54,116.54,116.54,116.54,"944,600"
1980-04-30,116.1,116.1,116.1,116.1,"1,132,100"
1980-04-29,117.27,117.27,117.27,117.27,"1,130,000"
1980-04-28,117.34,117.34,117.34,117.34,"1,380,900"
1980-04-26,118.21,118.21,118.21,118.21,"1,031,000"
1980-04-25,118.04,118.04,118.04,118.04,"2,036,700"
1980-04-24,116.89,116.89,116.89,116.89,"1,787,600"
1980-04-23,117.26,117.26,117.26,117.26,"1,388,000"
1980-04-22,115.04,115.04,115.04,115.04,"1,445,300"
1980-04-21,115.99,115.99,115.99,115.99,"1,600,200"
1980-04-19,114.69,114.69,114.69,114.69,"875,000"
1980-04-18,111.85,111.85,111.85,111.85,"1,020,200"
1980-04-17,109.89,109.89,109.89,109.89,"883,900"
1980-04-16,110.49,110.49,110.49,110.49,"1,043,200"
1980-04-15,110.8,110.8,110.8,110.8,"790,500"
1980-04-14,111.55,111.55,111.55,111.55,"1,013,800"
1980-04-12,111.68,111.68,111.68,111.68,"760,000"
1980-04-11,112.03,112.03,112.03,112.03,"1,617,400"
1980-04-10,111.14,111.14,111.14,111.14,"1,869,100"
1980-04-09,110.08,110.08,110.08,110.08,"1,034,700"
1980-04-08,109.52,109.52,109.52,109.52,"1,123,000"
1980-04-07,109.43,109.43,109.43,109.43,"938,700"
1980-04-04,107.4,107.4,107.4,107.4,"907,100"
1980-04-03,106.79,106.79,106.79,106.79,"766,000"
1980-04-02,105.75,105.75,105.75,105.75,"530,900"
1980-04-01,105.43,105.43,105.43,105.43,"318,500"
1980-03-31,105.01,105.01,105.01,105.01,"369,700"
1980-03-29,104.9,104.9,104.9,104.9,"315,200"
1980-03-28,105.33,105.33,105.33,105.33,"573,600"
1980-03-27,106.38,106.38,106.38,106.38,"566,800"
1980-03-26,107.22,107.22,107.22,107.22,"799,400"
1980-03-25,106.48,106.48,106.48,106.48,"676,600"
1980-03-24,107.09,107.09,107.09,107.09,"639,100"
1980-03-22,104.59,104.59,104.59,104.59,"267,300"
1980-03-21,104.43,104.43,104.43,104.43,"502,700"
1980-03-20,104.68,104.68,104.68,104.68,"459,500"
1980-03-19,103.14,103.14,103.14,103.14,"264,400"
1980-03-18,103.42,103.42,103.42,103.42,"240,400"
1980-03-17,103.59,103.59,103.59,103.59,"189,600"
1980-03-15,104.16,104.16,104.16,104.16,"189,200"
1980-03-14,103.09,103.09,103.09,103.09,"247,600"
1980-03-13,103.27,103.27,103.27,103.27,"289,200"
1980-03-12,103.13,103.13,103.13,103.13,"216,500"
1980-03-11,103.36,103.36,103.36,103.36,"286,300"
1980-03-08,103.89,103.89,103.89,103.89,"235,100"
1980-03-07,103.57,103.57,103.57,103.57,"357,300"
1980-03-06,102.77,102.77,102.77,102.77,"293,900"
1980-03-05,102.87,102.87,102.87,102.87,"303,900"
1980-03-04,103.85,103.85,103.85,103.85,"221,300"
1980-03-03,103.96,103.96,103.96,103.96,"228,800"
1980-02-29,103.74,103.74,103.74,103.74,"247,300"
1980-02-28,103.46,103.46,103.46,103.46,"219,200"
1980-02-27,103.5,103.5,103.5,103.5,"260,500"
1980-02-26,103.7,103.7,103.7,103.7,"281,900"
1980-02-25,104.33,104.33,104.33,104.33,"341,800"
1980-02-23,104.69,104.69,104.69,104.69,"209,100"
1980-02-22,104.4,104.4,104.4,104.4,"255,500"
1980-02-21,104.62,104.62,104.62,104.62,"260,400"
1980-02-20,105.06,105.06,105.06,105.06,"268,000"
1980-02-19,105.1,105.1,105.1,105.1,"346,300"
1980-02-18,105.28,105.28,105.28,105.28,"254,900"
1980-02-16,106.08,106.08,106.08,106.08,"269,700"
1980-02-15,104.9,104.9,104.9,104.9,"343,600"
1980-02-14,104.34,104.34,104.34,104.34,"258,300"
1980-02-13,104.02,104.02,104.02,104.02,"251,100"
1980-02-12,103.8,103.8,103.8,103.8,"262,900"
1980-02-11,103.77,103.77,103.77,103.77,"287,000"
1980-02-09,103.97,103.97,103.97,103.97,"277,900"
1980-02-08,104.03,104.03,104.03,104.03,"288,300"
1980-02-07,104.71,104.71,104.71,104.71,"482,700"
1980-02-06,104.04,104.04,104.04,104.04,"386,600"
1980-02-05,104.45,104.45,104.45,104.45,"463,200"
1980-02-04,105.01,105.01,105.01,105.01,"534,900"
1980-02-02,105.3,105.3,105.3,105.3,"295,200"
1980-02-01,104.49,104.49,104.49,104.49,"643,500"
1980-01-31,105.9,105.9,105.9,105.9,"940,300"
1980-01-30,104.65,104.65,104.65,104.65,"777,700"
1980-01-29,102.59,102.59,102.59,102.59,"384,400"
1980-01-28,101.87,101.87,101.87,101.87,"403,900"
1980-01-26,102.83,102.83,102.83,102.83,"400,900"
1980-01-25,103.17,103.17,103.17,103.17,"387,700"
1980-01-24,100.71,100.71,100.71,100.71,"341,300"
1980-01-23,101.43,101.43,101.43,101.43,"316,300"
1980-01-22,101.64,101.64,101.64,101.64,"266,300"
1980-01-21,101.76,101.76,101.76,101.76,"305,800"
1980-01-19,101.15,101.15,101.15,101.15,"210,800"
1980-01-18,101.14,101.14,101.14,101.14,"345,900"
1980-01-17,101.97,101.97,101.97,101.97,"454,800"
1980-01-16,101.65,101.65,101.65,101.65,"356,700"
1980-01-15,101.11,101.11,101.11,101.11,"336,600"
1980-01-14,102.09,102.09,102.09,102.09,"573,700"
1980-01-12,103.64,103.64,103.64,103.64,"428,400"
1980-01-11,105.02,105.02,105.02,105.02,"854,400"
1980-01-10,106.88,106.88,106.88,106.88,"730,600"
1980-01-09,106.37,106.37,106.37,106.37,"491,100"
1980-01-08,105.29,105.29,105.29,105.29,"624,900"
1980-01-07,102.54,102.54,102.54,102.54,"293,800"
1980-01-05,100.15,100.15,100.15,100.15,"103,700"
1980-01-04,100,100,100,100,"74,400"
