,date,market,name,fullName,code,fullCode,bubinCode
0,2022-06-24,KOSPI,동화약품,동화약품(주),A000020,KR7000020008,1101110043870
1,2022-06-24,KOSPI,KR모터스,KR모터스(주),A000040,KR7000040006,1601110007032
2,2022-06-24,KOSPI,경방,(주)경방,A000050,KR7000050005,1101110013287
3,2022-06-24,KOSPI,메리츠화재,메리츠화재해상보험(주),A000060,KR7000060004,1101110013328
4,2022-06-24,KOSPI,삼양홀딩스,(주)삼양홀딩스,A000070,KR7000070003,1101110026181
5,2022-06-24,KOSPI,하이트진로,하이트진로(주),A000080,KR7000080002,1101110028591
6,2022-06-24,KOSPI,유한양행,(주)유한양행,A000100,KR7000100008,1101110014409
7,2022-06-24,KOSPI,CJ대한통운,씨제이대한통운(주),A000120,KR7000120006,1101110006167
8,2022-06-24,KOSPI,하이트진로홀딩스,하이트진로홀딩스(주),A000140,KR7000140004,1101110013766
9,2022-06-24,KOSPI,두산,(주)두산,A000150,KR7000150003,1101110013774
10,2022-06-24,KOSPI,성창기업지주,성창기업지주(주),A000180,KR7000180000,1801110001717
11,2022-06-24,KOSPI,DL,디엘 주식회사,A000210,KR7000210005,1101110084915
12,2022-06-24,KOSPI,유유제약,(주)유유제약,A000220,KR7000220004,1341110002307
13,2022-06-24,KOSPI,일동홀딩스,일동홀딩스(주),A000230,KR7000230003,1101110012776
14,2022-06-24,KOSPI,한국앤컴퍼니,한국앤컴퍼니(주),A000240,KR7000240002,1101110034233
15,2022-06-24,KOSDAQ,삼천당제약,삼천당제약(주),A000250,KR7000250001,1348110003327
16,2022-06-24,KOSPI,기아,기아(주),A000270,KR7000270009,1101110037998
17,2022-06-24,KOSPI,대유플러스,(주)대유플러스,A000300,KR7000300004,1101110085541
18,2022-06-24,KOSPI,노루홀딩스,(주)노루홀딩스,A000320,KR7000320002,1341110002878
19,2022-06-24,KOSPI,한화손해보험,한화손해보험(주),A000370,KR7000370007,1101110006456
20,2022-06-24,KOSPI,삼화페인트,삼화페인트공업(주),A000390,KR7000390005,1101110014433
21,2022-06-24,KOSPI,롯데손해보험,롯데손해보험(주),A000400,KR7000400002,1101110014459
22,2022-06-24,KOSPI,대원강업,대원강업(주),A000430,KR7000430009,1101110015556
23,2022-06-24,KOSDAQ,중앙에너비스,(주)중앙에너비스,A000440,KR7000440008,1101110003428
24,2022-06-24,KOSPI,조선내화,조선내화(주),A000480,KR7000480004,2011110000440
25,2022-06-24,KOSPI,대동,(주)대동,A000490,KR7000490003,1911110000104
26,2022-06-24,KOSPI,가온전선,가온전선(주),A000500,KR7000500009,1341110000567
27,2022-06-24,KOSPI,삼일제약,삼일제약(주),A000520,KR7000520007,1101110016679
28,2022-06-24,KOSPI,흥국화재,흥국화재해상보험(주),A000540,KR7000540005,1101110016728
29,2022-06-24,KOSPI,CS홀딩스,CS 홀딩스(주),A000590,KR7000590000,1101110008486
30,2022-06-24,KOSPI,동아쏘시오홀딩스,동아쏘시오홀딩스(주),A000640,KR7000640003,1101110017990
31,2022-06-24,KOSPI,천일고속,(주)천일고속,A000650,KR7000650002,1801110006915
32,2022-06-24,KOSPI,SK하이닉스,에스케이하이닉스(주),A000660,KR7000660001,1344110001387
33,2022-06-24,KOSPI,영풍,(주)영풍,A000670,KR7000670000,1101110003824
34,2022-06-24,KOSPI,LS네트웍스,(주)LS네트웍스,A000680,KR7000680009,1801110044717
35,2022-06-24,KOSPI,유수홀딩스,(주)유수홀딩스,A000700,KR7000700005,1101110003262
36,2022-06-24,KOSPI,현대건설,현대건설(주),A000720,KR7000720003,1101110007909
37,2022-06-24,KOSPI,이화산업,이화산업(주),A000760,KR7000760009,1101110018138
38,2022-06-24,KOSPI,삼성화재,삼성화재해상보험(주),A000810,KR7000810002,1101110005078
39,2022-06-24,KOSPI,화천기공,화천기공(주),A000850,KR7000850008,2001110001704
40,2022-06-24,KOSPI,강남제비스코,강남제비스코(주),A000860,KR7000860007,1801110003391
41,2022-06-24,KOSPI,한화,(주)한화,A000880,KR7000880005,1101110002959
42,2022-06-24,KOSPI,보해양조,보해양조(주),A000890,KR7000890004,2011110000036
43,2022-06-24,KOSPI,유니온,(주)유니온,A000910,KR7000910000,1101110200579
44,2022-06-24,KOSPI,전방,(주)전방,A000950,KR7000950006,1101110005664
45,2022-06-24,KOSPI,한국주철관,한국주철관공업(주),A000970,KR7000970004,1801110000587
46,2022-06-24,KOSPI,DB하이텍,주식회사 DB하이텍,A000990,KR7000990002,1101110026206
47,2022-06-24,KOSDAQ,신라섬유,신라섬유(주),A001000,KR7001000009,1701110014522
48,2022-06-24,KOSPI,페이퍼코리아,페이퍼코리아(주),A001020,KR7001020007,2111110000042
49,2022-06-24,KOSPI,CJ,CJ(주),A001040,KR7001040005,1101110015639
50,2022-06-24,KOSPI,JW중외제약,JW중외제약(주),A001060,KR7001060003,1101110019342
51,2022-06-24,KOSPI,대한방직,대한방직(주),A001070,KR7001070002,1101110019350
52,2022-06-24,KOSPI,만호제강,만호제강(주),A001080,KR7001080001,1801110054659
53,2022-06-24,KOSPI,LX인터내셔널,(주)LX인터내셔널,A001120,KR7001120005,1101110004632
54,2022-06-24,KOSPI,대한제분,대한제분(주),A001130,KR7001130004,1101110003733
55,2022-06-24,KOSPI,국보,(주)국보,A001140,KR7001140003,1101110296073
56,2022-06-24,KOSPI,유진투자증권,유진투자증권(주),A001200,KR7001200005,1101110007826
57,2022-06-24,KOSPI,금호전기,금호전기(주),A001210,KR7001210004,1101110028541
58,2022-06-24,KOSPI,동국제강,동국제강(주),A001230,KR7001230002,1101110031338
59,2022-06-24,KOSPI,GS글로벌,(주)지에스글로벌,A001250,KR7001250000,1101110031479
60,2022-06-24,KOSPI,남광토건,남광토건(주),A001260,KR7001260009,1101110017411
61,2022-06-24,KOSPI,부국증권,부국증권(주),A001270,KR7001270008,1101110031510
62,2022-06-24,KOSPI,상상인증권,(주)상상인증권,A001290,KR7001290006,1101110031560
63,2022-06-24,KOSPI,백광산업,백광산업(주),A001340,KR7001340009,1101110003709
64,2022-06-24,KOSPI,삼성제약,삼성제약(주),A001360,KR7001360007,1101110032568
65,2022-06-24,KOSPI,SG글로벌,(주)SG글로벌,A001380,KR7001380005,1615110000037
66,2022-06-24,KOSPI,KG케미칼,KG케미칼(주),A001390,KR7001390004,1243110008999
67,2022-06-24,KOSPI,태원물산,태원물산(주),A001420,KR7001420009,1101110086771
68,2022-06-24,KOSPI,세아베스틸지주,(주)세아베스틸지주,A001430,KR7001430008,1101110035794
69,2022-06-24,KOSPI,대한전선,대한전선(주),A001440,KR7001440007,1101110035835
70,2022-06-24,KOSPI,현대해상,현대해상화재보험(주),A001450,KR7001450006,1101110035893
71,2022-06-24,KOSPI,BYC,(주)BYC,A001460,KR7001460005,1101110005995
72,2022-06-24,KOSPI,삼부토건,삼부토건(주),A001470,KR7001470004,1101110041634
73,2022-06-24,KOSPI,현대차증권,현대차증권(주),A001500,KR7001500008,1101110019962
74,2022-06-24,KOSPI,SK증권,SK증권(주),A001510,KR7001510007,1101110037112
75,2022-06-24,KOSPI,동양,(주)동양,A001520,KR7001520006,1101110005333
76,2022-06-24,KOSPI,DI동일,디아이동일(주),A001530,KR7001530005,1101110019219
77,2022-06-24,KOSDAQ,안국약품,안국약품(주),A001540,KR7001540004,1101110026420
78,2022-06-24,KOSPI,조비,(주)조비,A001550,KR7001550003,1101110086599
79,2022-06-24,KOSPI,제일연마,제일연마공업(주),A001560,KR7001560002,1801110021806
80,2022-06-24,KOSPI,금양,(주)금양,A001570,KR7001570001,1801110003101
81,2022-06-24,KOSPI,케이비아이동국실업,케이비아이동국실업(주),A001620,KR7001620004,1101110028939
82,2022-06-24,KOSPI,종근당홀딩스,(주)종근당홀딩스,A001630,KR7001630003,1101110028955
83,2022-06-24,KOSPI,대상,대상(주),A001680,KR7001680008,1101110327125
84,2022-06-24,KOSPI,신영증권,신영증권(주),A001720,KR7001720002,1101110006612
85,2022-06-24,KOSPI,SK네트웍스,SK네트웍스(주),A001740,KR7001740000,1301110005199
86,2022-06-24,KOSPI,한양증권,한양증권(주),A001750,KR7001750009,1101110026834
87,2022-06-24,KOSPI,SHD,(주)신화다이나믹스,A001770,KR7001770007,1101110028632
88,2022-06-24,KOSPI,알루코,(주)알루코,A001780,KR7001780006,1601110002313
89,2022-06-24,KOSPI,대한제당,대한제당(주),A001790,KR7001790005,1201110018368
90,2022-06-24,KOSPI,오리온홀딩스,(주)오리온홀딩스,A001800,KR7001800002,1101110004690
91,2022-06-24,KOSDAQ,무림SP,무림에스피(주),A001810,KR7001810001,1701110001082
92,2022-06-24,KOSPI,삼화콘덴서,삼화콘덴서공업(주),A001820,KR7001820000,1345110003696
93,2022-06-24,KOSDAQ,이화공영,이화공영(주),A001840,KR7001840008,1101110033839
94,2022-06-24,KOSPI,DL건설,디엘건설(주),A001880,KR7001880004,1101110163115
95,2022-06-24,KOSPI,KISCO홀딩스,KISCO홀딩스(주),A001940,KR7001940006,1901110001872
96,2022-06-24,KOSPI,코오롱,(주)코오롱,A002020,KR7002020006,1101110030528
97,2022-06-24,KOSPI,아세아,아세아(주),A002030,KR7002030005,1101110030710
98,2022-06-24,KOSPI,비비안,(주)비비안,A002070,KR7002070001,1101110030934
99,2022-06-24,KOSPI,경농,(주)경농,A002100,KR7002100006,1101110089395
100,2022-06-24,KOSPI,고려산업,고려산업(주),A002140,KR7002140002,1801110001494
101,2022-06-24,KOSPI,도화엔지니어링,(주)도화엔지니어링,A002150,KR7002150001,1101110037740
102,2022-06-24,KOSPI,삼양통상,삼양통상(주),A002170,KR7002170009,1101110033433
103,2022-06-24,KOSPI,한국수출포장,한국수출포장공업(주),A002200,KR7002200004,1101110008882
104,2022-06-24,KOSPI,동성제약,동성제약(주),A002210,KR7002210003,1101110008200
105,2022-06-24,KOSPI,한일철강,한일철강(주),A002220,KR7002220002,1101110048987
106,2022-06-24,KOSDAQ,피에스텍,피에스텍(주),A002230,KR7002230001,1101110033623
107,2022-06-24,KOSPI,고려제강,고려제강(주),A002240,KR7002240000,1801110001220
108,2022-06-24,KOSPI,롯데푸드,롯데푸드(주),A002270,KR7002270007,1101110033722
109,2022-06-24,KOSDAQ,삼일기업공사,(주)삼일기업공사,A002290,KR7002290005,1101110012825
110,2022-06-24,KOSPI,아세아제지,아세아제지(주),A002310,KR7002310001,1101110006274
111,2022-06-24,KOSPI,한진,(주)한진,A002320,KR7002320000,1101110003668
112,2022-06-24,KOSPI,넥센타이어,넥센타이어(주),A002350,KR7002350007,1101110014219
113,2022-06-24,KOSPI,SH에너지화학,(주)SH에너지화학,A002360,KR7002360006,1341110000210
114,2022-06-24,KOSPI,KCC,(주)케이씨씨,A002380,KR7002380004,1101110221814
115,2022-06-24,KOSPI,한독,(주)한독,A002390,KR7002390003,1101110037005
116,2022-06-24,KOSPI,범양건영,범양건영(주),A002410,KR7002410009,1101110015861
117,2022-06-24,KOSPI,세기상사,세기상사(주),A002420,KR7002420008,1101110015853
118,2022-06-24,KOSPI,삼익악기,(주)삼익악기,A002450,KR7002450005,1201110001818
119,2022-06-24,KOSPI,화성산업,화성산업(주),A002460,KR7002460004,1701110001131
120,2022-06-24,KOSPI,조흥,(주)조흥,A002600,KR7002600005,1101110019334
121,2022-06-24,KOSPI,제일파마홀딩스,제일파마홀딩스(주),A002620,KR7002620003,1101110026652
122,2022-06-24,KOSPI,오리엔트바이오,(주)오리엔트바이오,A002630,KR7002630002,1101110030116
123,2022-06-24,KOSDAQ,한탑,(주)한탑,A002680,KR7002680007,1801110005834
124,2022-06-24,KOSPI,동일제강,동일제강(주),A002690,KR7002690006,1101110032005
125,2022-06-24,KOSPI,신일전자,신일전자(주),A002700,KR7002700003,1348110001256
126,2022-06-24,KOSPI,TCC스틸,(주)TCC스틸,A002710,KR7002710002,1101110032112
127,2022-06-24,KOSPI,국제약품,국제약품(주),A002720,KR7002720001,1101110032154
128,2022-06-24,KOSPI,보락,(주)보락,A002760,KR7002760007,1348110004474
129,2022-06-24,KOSPI,진흥기업,진흥기업(주),A002780,KR7002780005,1101110006349
130,2022-06-24,KOSPI,아모레G,(주)아모레퍼시픽그룹,A002790,KR7002790004,1101110026644
131,2022-06-24,KOSDAQ,신신제약,신신제약(주),A002800,KR7002800001,1101110027353
132,2022-06-24,KOSPI,삼영무역,삼영무역(주),A002810,KR7002810000,1101110027569
133,2022-06-24,KOSPI,SUN&L,(주)선앤엘,A002820,KR7002820009,1101110027593
134,2022-06-24,KOSPI,미원상사,미원상사(주),A002840,KR7002840007,1301110007707
135,2022-06-24,KOSPI,신풍제지,신풍제지(주),A002870,KR7002870004,1347110002644
136,2022-06-24,KOSPI,대유에이텍,(주)대유에이텍,A002880,KR7002880003,1115110000136
137,2022-06-24,KOSPI,TYM,주식회사 티와이엠,A002900,KR7002900009,1101110032899
138,2022-06-24,KOSPI,유성기업,유성기업(주),A002920,KR7002920007,1243110000755
139,2022-06-24,KOSPI,한국쉘석유,한국쉘석유(주),A002960,KR7002960003,1801110002591
140,2022-06-24,KOSPI,금호건설,금호건설(주),A002990,KR7002990000,1101110134877
141,2022-06-24,KOSPI,부광약품,부광약품(주),A003000,KR7003000007,1101110030405
142,2022-06-24,KOSPI,혜인,(주)혜인,A003010,KR7003010006,1101110030413
143,2022-06-24,KOSPI,세아제강지주,(주)세아제강지주,A003030,KR7003030004,1101110118996
144,2022-06-24,KOSPI,에이프로젠제약,에이프로젠제약(주),A003060,KR7003060001,1101110036396
145,2022-06-24,KOSPI,코오롱글로벌,코오롱글로벌(주),A003070,KR7003070000,1101110036502
146,2022-06-24,KOSPI,성보화학,성보화학(주),A003080,KR7003080009,1147110000402
147,2022-06-24,KOSPI,대웅,(주)대웅,A003090,KR7003090008,1311110000271
148,2022-06-24,KOSDAQ,선광,(주)선광,A003100,KR7003100005,1201110000034
149,2022-06-24,KOSPI,일성신약,일성신약(주),A003120,KR7003120003,1101110039019
150,2022-06-24,KOSPI,디아이,(주)디아이,A003160,KR7003160009,1101110039209
151,2022-06-24,KOSPI,일신방직,일신방직(주),A003200,KR7003200003,1101110041717
152,2022-06-24,KOSPI,대원제약,대원제약(주),A003220,KR7003220001,1101110103955
153,2022-06-24,KOSPI,삼양식품,삼양식품(주),A003230,KR7003230000,1101110034308
154,2022-06-24,KOSPI,태광산업,태광산업(주),A003240,KR7003240009,1101110185276
155,2022-06-24,KOSPI,흥아해운,흥아해운(주),A003280,KR7003280005,1101110515275
156,2022-06-24,KOSPI,한일홀딩스,한일홀딩스(주),A003300,KR7003300001,1101110040165
157,2022-06-24,KOSDAQ,대주산업,대주산업(주),A003310,KR7003310000,1101110036148
158,2022-06-24,KOSPI,한국화장품제조,(주)한국화장품제조,A003350,KR7003350006,1101110037427
159,2022-06-24,KOSDAQ,하림지주,(주)하림지주,A003380,KR7003380003,1601110003931
160,2022-06-24,KOSPI,쌍용C&E,쌍용씨앤이주식회사,A003410,KR7003410008,1101110037823
161,2022-06-24,KOSPI,유화증권,유화증권(주),A003460,KR7003460003,1101110042484
162,2022-06-24,KOSPI,유안타증권,유안타증권(주),A003470,KR7003470002,1101110042492
163,2022-06-24,KOSPI,한진중공업홀딩스,(주)한진중공업홀딩스,A003480,KR7003480001,1101110110083
164,2022-06-24,KOSPI,대한항공,(주)대한항공,A003490,KR7003490000,1101110108484
165,2022-06-24,KOSPI,영진약품,영진약품(주),A003520,KR7003520004,1101110043127
166,2022-06-24,KOSPI,한화투자증권,한화투자증권(주),A003530,KR7003530003,1101110003155
167,2022-06-24,KOSPI,대신증권,대신증권(주),A003540,KR7003540002,1101110042955
168,2022-06-24,KOSPI,LG,(주)LG,A003550,KR7003550001,1101110003543
169,2022-06-24,KOSPI,IHQ,(주)아이에이치큐,A003560,KR7003560000,1101110042393
170,2022-06-24,KOSPI,SNT중공업,SNT중공업(주),A003570,KR7003570009,1101110042880
171,2022-06-24,KOSPI,HLB글로벌,에이치엘비글로벌(주),A003580,KR7003580008,1449110000072
172,2022-06-24,KOSPI,방림,(주)방림,A003610,KR7003610003,1101110035108
173,2022-06-24,KOSPI,쌍용차,쌍용자동차(주),A003620,KR7003620002,1101110035132
174,2022-06-24,KOSPI,미창석유,미창석유공업(주),A003650,KR7003650009,1801110000537
175,2022-06-24,KOSPI,포스코케미칼,(주)포스코케미칼,A003670,KR7003670007,1746110001947
176,2022-06-24,KOSPI,한성기업,한성기업(주),A003680,KR7003680006,1801110000230
177,2022-06-24,KOSPI,코리안리,코리안리재보험(주),A003690,KR7003690005,1101110226533
178,2022-06-24,KOSPI,삼영화학,삼영화학공업(주),A003720,KR7003720000,1101110010001
179,2022-06-24,KOSPI,진양산업,진양산업(주),A003780,KR7003780004,1801110043610
180,2022-06-24,KOSDAQ,에이스침대,(주)에이스침대,A003800,KR7003800000,1311110002772
181,2022-06-24,KOSPI,대한화섬,대한화섬(주),A003830,KR7003830007,1101110012437
182,2022-06-24,KOSPI,보령,(주)보령,A003850,KR7003850005,1101110012560
183,2022-06-24,KOSPI,남양유업,남양유업(주),A003920,KR7003920006,1101110092976
184,2022-06-24,KOSPI,사조대림,(주)사조대림,A003960,KR7003960002,1101110042278
185,2022-06-24,KOSPI,롯데정밀화학,롯데정밀화학(주),A004000,KR7004000006,1812110000013
186,2022-06-24,KOSPI,현대제철,현대제철(주),A004020,KR7004020004,1201110001743
187,2022-06-24,KOSPI,SG세계물산,(주)SG세계물산,A004060,KR7004060000,1101110048002
188,2022-06-24,KOSPI,신흥,(주)신흥,A004080,KR7004080008,1101110047864
189,2022-06-24,KOSPI,한국석유,한국석유공업(주),A004090,KR7004090007,1101110048490
190,2022-06-24,KOSPI,태양금속,태양금속공업(주),A004100,KR7004100004,1101110003212
191,2022-06-24,KOSPI,동방,(주)동방,A004140,KR7004140000,1101110124521
192,2022-06-24,KOSPI,한솔홀딩스,한솔홀딩스(주),A004150,KR7004150009,1101110017867
193,2022-06-24,KOSPI,신세계,(주)신세계,A004170,KR7004170007,1101110028848
194,2022-06-24,KOSPI,NPC,엔피씨(주),A004250,KR7004250007,1101110212699
195,2022-06-24,KOSPI,남성,(주)남성,A004270,KR7004270005,1101110054760
196,2022-06-24,KOSPI,현대약품,현대약품(주),A004310,KR7004310009,1243110000250
197,2022-06-24,KOSPI,세방,세방(주),A004360,KR7004360004,1801110015932
198,2022-06-24,KOSPI,농심,(주)농심,A004370,KR7004370003,1101110057574
199,2022-06-24,KOSPI,삼익THK,삼익THK(주),A004380,KR7004380002,1701110000935
200,2022-06-24,KOSPI,서울식품,서울식품공업(주),A004410,KR7004410007,1101110059702
201,2022-06-24,KOSPI,송원산업,송원산업(주),A004430,KR7004430005,1801110000636
202,2022-06-24,KOSPI,삼일씨엔에스,(주)삼일씨엔에스,A004440,KR7004440004,1101110061228
203,2022-06-24,KOSPI,삼화왕관,삼화왕관(주),A004450,KR7004450003,1341110003462
204,2022-06-24,KOSPI,세방전지,세방전지(주),A004490,KR7004490009,1101110202765
205,2022-06-24,KOSPI,깨끗한나라,깨끗한나라(주),A004540,KR7004540001,1101110063779
206,2022-06-24,KOSPI,현대비앤지스틸,현대비앤지스틸(주),A004560,KR7004560009,1101110065395
207,2022-06-24,KOSDAQ,한국가구,(주)한국가구,A004590,KR7004590006,1244110005688
208,2022-06-24,KOSDAQ,창해에탄올,(주)창해에탄올,A004650,KR7004650008,2013110000107
209,2022-06-24,KOSPI,삼천리,삼천리(주),A004690,KR7004690004,1101110005929
210,2022-06-24,KOSPI,조광피혁,조광피혁(주),A004700,KR7004700001,1501110001036
211,2022-06-24,KOSPI,한솔테크닉스,한솔테크닉스(주),A004710,KR7004710000,1101110004682
212,2022-06-24,KOSPI,팜젠사이언스,(주)팜젠사이언스,A004720,KR7004720009,1243110000812
213,2022-06-24,KOSPI,써니전자,써니전자(주),A004770,KR7004770004,1101110070881
214,2022-06-24,KOSDAQ,대륙제관,(주)대륙제관,A004780,KR7004780003,1101110073877
215,2022-06-24,KOSPI,효성,(주)효성,A004800,KR7004800009,1101110030497
216,2022-06-24,KOSPI,덕성,(주)덕성,A004830,KR7004830006,1341110000096
217,2022-06-24,KOSPI,DRB동일,(주)디알비동일,A004840,KR7004840005,1801110000339
218,2022-06-24,KOSPI,티웨이홀딩스,(주)티웨이홀딩스,A004870,KR7004870002,1101110073413
219,2022-06-24,KOSPI,동일산업,동일산업(주),A004890,KR7004890000,1701110002171
220,2022-06-24,KOSPI,조광페인트,조광페인트(주),A004910,KR7004910006,1801110007088
221,2022-06-24,KOSPI,씨아이테크,(주)씨아이테크,A004920,KR7004920005,1101110074479
222,2022-06-24,KOSPI,한신공영,한신공영(주),A004960,KR7004960001,1101110075683
223,2022-06-24,KOSPI,신라교역,신라교역(주),A004970,KR7004970000,1101110008254
224,2022-06-24,KOSPI,성신양회,성신양회(주),A004980,KR7004980009,1101110072928
225,2022-06-24,KOSPI,롯데지주,롯데지주(주),A004990,KR7004990008,1101110076300
226,2022-06-24,KOSPI,휴스틸,(주)휴스틸,A005010,KR7005010004,1101110077283
227,2022-06-24,KOSPI,부산주공,부산주공(주),A005030,KR7005030002,1801110002682
228,2022-06-24,KOSPI,코스모신소재,코스모신소재(주),A005070,KR7005070008,1201110018251
229,2022-06-24,KOSPI,SGC에너지,SGC에너지(주),A005090,KR7005090006,1101110079817
230,2022-06-24,KOSPI,한창,(주)한창,A005110,KR7005110002,1801110000602
231,2022-06-24,KOSDAQ,동국산업,동국산업(주),A005160,KR7005160007,1101110085583
232,2022-06-24,KOSPI,빙그레,(주)빙그레,A005180,KR7005180005,1152110000287
233,2022-06-24,KOSPI,녹십자홀딩스,(주)녹십자홀딩스,A005250,KR7005250006,1345110000014
234,2022-06-24,KOSDAQ,동진쎄미켐,(주)동진쎄미켐,A005290,KR7005290002,1201110003848
235,2022-06-24,KOSPI,롯데칠성,롯데칠성음료(주),A005300,KR7005300009,1101110003684
236,2022-06-24,KOSPI,국동,(주)국동,A005320,KR7005320007,1101110084767
237,2022-06-24,KOSPI,모나미,(주)모나미,A005360,KR7005360003,1101110005052
238,2022-06-24,KOSPI,현대차,현대자동차(주),A005380,KR7005380001,1101110085450
239,2022-06-24,KOSPI,신성통상,신성통상(주),A005390,KR7005390000,1101110003345
240,2022-06-24,KOSPI,코스모화학,코스모화학(주),A005420,KR7005420005,1101110152738
241,2022-06-24,KOSPI,한국공항,한국공항(주),A005430,KR7005430004,1101110003692
242,2022-06-24,KOSPI,현대그린푸드,(주)현대그린푸드,A005440,KR7005440003,1101110086995
243,2022-06-24,KOSPI,POSCO홀딩스,포스코홀딩스(주),A005490,KR7005490008,1746110000741
244,2022-06-24,KOSPI,삼진제약,삼진제약(주),A005500,KR7005500004,1101110088652
245,2022-06-24,KOSPI,SPC삼립,(주)SPC삼립,A005610,KR7005610001,1101110090516
246,2022-06-24,KOSDAQ,푸드웰,(주)푸드웰,A005670,KR7005670005,1701110001628
247,2022-06-24,KOSPI,삼영전자,삼영전자공업(주),A005680,KR7005680004,1311110000205
248,2022-06-24,KOSPI,파미셀,파미셀(주),A005690,KR7005690003,1601110005177
249,2022-06-24,KOSDAQ,대원산업,대원산업(주),A005710,KR7005710009,1301110007533
250,2022-06-24,KOSPI,넥센,(주)넥센,A005720,KR7005720008,1846110000583
251,2022-06-24,KOSPI,크라운해태홀딩스,(주)크라운해태홀딩스,A005740,KR7005740006,1101110093552
252,2022-06-24,KOSPI,대림B&Co,대림비앤코(주),A005750,KR7005750005,1942110000018
253,2022-06-24,KOSPI,신영와코루,(주)신영와코루,A005800,KR7005800008,1101110094964
254,2022-06-24,KOSPI,풍산홀딩스,(주)풍산홀딩스,A005810,KR7005810007,1201110018110
255,2022-06-24,KOSPI,원림,(주)원림,A005820,KR7005820006,1101110095152
256,2022-06-24,KOSPI,DB손해보험,DB손해보험(주),A005830,KR7005830005,1101110095285
257,2022-06-24,KOSPI,에스엘,에스엘(주),A005850,KR7005850003,1701110000034
258,2022-06-24,KOSDAQ,한일사료,한일사료(주),A005860,KR7005860002,1345110004008
259,2022-06-24,KOSPI,휴니드,(주)휴니드테크놀러지스,A005870,KR7005870001,1341110005202
260,2022-06-24,KOSPI,대한해운,대한해운(주),A005880,KR7005880000,1101110008212
261,2022-06-24,KOSPI,삼성전자,삼성전자(주),A005930,KR7005930003,1301110006246
262,2022-06-24,KOSPI,NH투자증권,엔에이치투자증권(주),A005940,KR7005940002,1101110098130
263,2022-06-24,KOSPI,이수화학,(주)이수화학,A005950,KR7005950001,1101110008600
264,2022-06-24,KOSPI,동부건설,동부건설(주),A005960,KR7005960000,1101110005002
265,2022-06-24,KOSDAQ,매일홀딩스,매일홀딩스(주),A005990,KR7005990007,1101110099609
266,2022-06-24,KOSPI,동원산업,동원산업(주),A006040,KR7006040000,1101110003098
267,2022-06-24,KOSDAQ,국영지앤엠,(주)국영지앤엠,A006050,KR7006050009,1101110103707
268,2022-06-24,KOSPI,화승인더,화승인더스트리(주),A006060,KR7006060008,1801110004323
269,2022-06-24,KOSPI,사조오양,(주)사조오양,A006090,KR7006090005,1101110104820
270,2022-06-24,KOSPI,삼아알미늄,삼아알미늄(주),A006110,KR7006110001,1341110002365
271,2022-06-24,KOSPI,SK디스커버리,에스케이디스커버리(주),A006120,KR7006120000,1301110005727
272,2022-06-24,KOSDAQ,피제이전자,(주)피제이전자,A006140,KR7006140008,1101110053465
273,2022-06-24,KOSPI,한국전자홀딩스,(주)한국전자홀딩스,A006200,KR7006200000,1101110101470
274,2022-06-24,KOSPI,제주은행,(주)제주은행,A006220,KR7006220008,2201110000819
275,2022-06-24,KOSPI,LS,(주)LS,A006260,KR7006260004,1101110003965
276,2022-06-24,KOSPI,녹십자,(주)녹십자,A006280,KR7006280002,1101110109854
277,2022-06-24,KOSPI,대원전선,대원전선(주),A006340,KR7006340004,1348110001181
278,2022-06-24,KOSPI,GS건설,지에스건설(주),A006360,KR7006360002,1101110002694
279,2022-06-24,KOSPI,대구백화점,(주)대구백화점,A006370,KR7006370001,1701110003814
280,2022-06-24,KOSPI,카프로,(주)카프로,A006380,KR7006380000,1101110111825
281,2022-06-24,KOSPI,한일현대시멘트,한일현대시멘트(주),A006390,KR7006390009,1101110111867
282,2022-06-24,KOSPI,삼성SDI,삼성SDI(주),A006400,KR7006400006,1101110394174
283,2022-06-24,KOSPI,인스코비,(주)인스코비,A006490,KR7006490007,1101110018529
284,2022-06-24,KOSPI,대림통상,대림통상(주),A006570,KR7006570006,1101110021678
285,2022-06-24,KOSDAQ,대양제지,대양제지공업(주),A006580,KR7006580005,1341110000400
286,2022-06-24,KOSDAQ,동구바이오제약,(주)동구바이오제약,A006620,KR7006620009,1101110352156
287,2022-06-24,KOSPI,대한유화,대한유화(주),A006650,KR7006650006,1101110024698
288,2022-06-24,KOSPI,삼성공조,삼성공조(주),A006660,KR7006660005,1942110000034
289,2022-06-24,KOSDAQ,서부T&D,(주)서부티엔디,A006730,KR7006730006,1101110256788
290,2022-06-24,KOSPI,영풍제지,영풍제지(주),A006740,KR7006740005,1347110000408
291,2022-06-24,KOSPI,미래에셋증권,미래에셋증권(주),A006800,KR7006800007,1101110011679
292,2022-06-24,KOSPI,AK홀딩스,AK홀딩스(주),A006840,KR7006840003,1101110029721
293,2022-06-24,KOSPI,신송홀딩스,신송홀딩스(주),A006880,KR7006880009,1101110038061
294,2022-06-24,KOSPI,태경케미컬,태경케미컬 주식회사,A006890,KR7006890008,1101110040793
295,2022-06-24,KOSDAQ,보성파워텍,보성파워텍(주),A006910,KR7006910004,1301110007765
296,2022-06-24,KOSDAQ,모헨즈,(주)모헨즈,A006920,KR7006920003,1101110046197
297,2022-06-24,KOSPI,우성,(주)우성,A006980,KR7006980007,1601110001167
298,2022-06-24,KOSPI,GS리테일,(주)지에스리테일,A007070,KR7007070006,1101110090037
299,2022-06-24,KOSPI,일신석재,(주)일신석재,A007110,KR7007110000,1101110153273
300,2022-06-24,KOSPI,미래아이앤지,(주)미래아이앤지,A007120,KR7007120009,1101110100951
301,2022-06-24,KOSPI,사조산업,사조산업(주),A007160,KR7007160005,1101110112328
302,2022-06-24,KOSPI,벽산,(주)벽산,A007210,KR7007210008,1101110113384
303,2022-06-24,KOSPI,한국특강,(주)한국특강,A007280,KR7007280001,1801110015362
304,2022-06-24,KOSPI,오뚜기,(주)오뚜기,A007310,KR7007310006,1341110002258
305,2022-06-24,KOSDAQ,푸른저축은행,(주)푸른상호저축은행,A007330,KR7007330004,1101110117211
306,2022-06-24,KOSPI,DN오토모티브,(주)디엔오토모티브,A007340,KR7007340003,1845110000642
307,2022-06-24,KOSDAQ,진양제약,진양제약(주),A007370,KR7007370000,1101110233629
308,2022-06-24,KOSDAQ,네이처셀,(주)네이처셀,A007390,KR7007390008,1243110005721
309,2022-06-24,KOSPI,에이프로젠 MED,(주)에이프로젠메디신,A007460,KR7007460009,1101110122731
310,2022-06-24,KOSDAQ,영신금속,영신금속공업(주),A007530,KR7007530009,1101110123408
311,2022-06-24,KOSPI,샘표,샘표(주),A007540,KR7007540008,1101110123797
312,2022-06-24,KOSPI,일양약품,일양약품(주),A007570,KR7007570005,1101110124802
313,2022-06-24,KOSPI,동방아그로,(주)동방아그로,A007590,KR7007590003,1101110124969
314,2022-06-24,KOSPI,선도전기,선도전기(주),A007610,KR7007610009,1301110007989
315,2022-06-24,KOSPI,이수페타시스,(주)이수페타시스,A007660,KR7007660004,1101110186638
316,2022-06-24,KOSDAQ,대원,(주)대원,A007680,KR7007680002,1501110003058
317,2022-06-24,KOSPI,국도화학,국도화학(주),A007690,KR7007690001,1101110126642
318,2022-06-24,KOSPI,F&F홀딩스,주식회사 에프앤에프홀딩스,A007700,KR7007700008,1101110126783
319,2022-06-24,KOSDAQ,대명소노시즌,(주)대명소노시즌,A007720,KR7007720006,1801110068668
320,2022-06-24,KOSDAQ,한일화학,한일화학공업(주),A007770,KR7007770001,1201110003111
321,2022-06-24,KOSPI,코리아써키트,(주)코리아써키트,A007810,KR7007810005,1301110026749
322,2022-06-24,KOSDAQ,에스엠코어,(주)에스엠코어,A007820,KR7007820004,1101110128680
323,2022-06-24,KOSPI,서연,(주)서연,A007860,KR7007860000,1101110129026
324,2022-06-24,KOSPI,태평양물산,태평양물산(주),A007980,KR7007980006,1301110010031
325,2022-06-24,KOSPI,사조동아원,사조동아원(주),A008040,KR7008040008,1244110000662
326,2022-06-24,KOSPI,대덕,(주)대덕,A008060,KR7008060006,1301110007608
327,2022-06-24,KOSPI,대동전자,대동전자(주),A008110,KR7008110009,1101110134819
328,2022-06-24,KOSPI,이건산업,이건산업(주),A008250,KR7008250003,1201110001959
329,2022-06-24,KOSPI,NI스틸,(주)NI스틸,A008260,KR7008260002,1101110137491
330,2022-06-24,KOSDAQ,원풍물산,원풍물산(주),A008290,KR7008290009,1201110001769
331,2022-06-24,KOSPI,남선알미늄,(주)남선알미늄,A008350,KR7008350001,1701110005042
332,2022-06-24,KOSDAQ,원풍,(주)원풍,A008370,KR7008370009,1101110138382
333,2022-06-24,KOSPI,문배철강,문배철강(주),A008420,KR7008420002,1101110139190
334,2022-06-24,KOSDAQ,부스타,(주)부-스타,A008470,KR7008470007,1243110002628
335,2022-06-24,KOSPI,서흥,(주)서흥,A008490,KR7008490005,1243110004252
336,2022-06-24,KOSPI,일정실업,일정실업(주),A008500,KR7008500001,1101110141369
337,2022-06-24,KOSPI,메리츠증권,메리츠증권(주),A008560,KR7008560005,1101110141301
338,2022-06-24,KOSPI,윌비스,(주)윌비스,A008600,KR7008600009,1101110172447
339,2022-06-24,KOSPI,아남전자,아남전자(주),A008700,KR7008700007,1201110018300
340,2022-06-24,KOSPI,율촌화학,율촌화학(주),A008730,KR7008730004,1101110145147
341,2022-06-24,KOSPI,호텔신라,(주)호텔신라,A008770,KR7008770000,1101110145519
342,2022-06-24,KOSDAQ,대동기어,대동기어(주),A008830,KR7008830002,1911110000758
343,2022-06-24,KOSPI,금비,(주)금비,A008870,KR7008870008,1201110002022
344,2022-06-24,KOSPI,한미사이언스,한미사이언스(주),A008930,KR7008930000,1348110003187
345,2022-06-24,KOSPI,동양철관,동양철관(주),A008970,KR7008970006,1201110002056
346,2022-06-24,KOSPI,KCTC,(주)케이씨티시,A009070,KR7009070004,1101110149446
347,2022-06-24,KOSPI,경인전자,경인전자(주),A009140,KR7009140005,1101110150229
348,2022-06-24,KOSPI,삼성전기,삼성전기(주),A009150,KR7009150004,1301110001626
349,2022-06-24,KOSPI,SIMPAC,(주)SIMPAC,A009160,KR7009160003,1201110002189
350,2022-06-24,KOSPI,한솔로지스틱스,한솔로지스틱스(주),A009180,KR7009180001,1101110150659
351,2022-06-24,KOSPI,대양금속,(주)대양금속,A009190,KR7009190000,1201110002212
352,2022-06-24,KOSPI,무림페이퍼,무림페이퍼(주),A009200,KR7009200007,1911110000782
353,2022-06-24,KOSPI,한샘,(주)한샘,A009240,KR7009240003,1341110003595
354,2022-06-24,KOSPI,신원,(주)신원,A009270,KR7009270000,1101110152770
355,2022-06-24,KOSPI,광동제약,광동제약(주),A009290,KR7009290008,1111120152134
356,2022-06-24,KOSDAQ,삼아제약,삼아제약(주),A009300,KR7009300005,1341110000765
357,2022-06-24,KOSPI,참엔지니어링,참엔지니어링(주),A009310,KR7009310004,1746110001096
358,2022-06-24,KOSPI,대우부품,대우전자부품(주),A009320,KR7009320003,1341110000822
359,2022-06-24,KOSPI,태영건설,(주)태영건설,A009410,KR7009410002,1101110155451
360,2022-06-24,KOSPI,한올바이오파마,한올바이오파마(주),A009420,KR7009420001,1641110000397
361,2022-06-24,KOSPI,KC그린홀딩스,케이씨그린홀딩스(주),A009440,KR7009440009,1101110155683
362,2022-06-24,KOSPI,경동나비엔,(주)경동나비엔,A009450,KR7009450008,1347110001159
363,2022-06-24,KOSPI,한창제지,(주)한창제지,A009460,KR7009460007,1845110000105
364,2022-06-24,KOSPI,삼화전기,삼화전기(주),A009470,KR7009470006,1501110000856
365,2022-06-24,KOSDAQ,포스코엠텍,(주)포스코엠텍,A009520,KR7009520008,1746110000866
366,2022-06-24,KOSPI,한국조선해양,한국조선해양(주),A009540,KR7009540006,1812110000386
367,2022-06-24,KOSPI,무림P&P,무림피앤피(주),A009580,KR7009580002,1812110002548
368,2022-06-24,KOSDAQ,삼보산업,삼보산업 주식회사,A009620,KR7009620006,1801110020246
369,2022-06-24,KOSPI,모토닉,(주)모토닉,A009680,KR7009680000,1101110161317
370,2022-06-24,KOSDAQ,코센,(주)코센,A009730,KR7009730003,1101110162191
371,2022-06-24,KOSPI,삼정펄프,삼정펄프(주),A009770,KR7009770009,1347110000333
372,2022-06-24,KOSDAQ,엠에스씨,(주)엠에스씨,A009780,KR7009780008,1845110000147
373,2022-06-24,KOSPI,플레이그램,(주)플레이그램,A009810,KR7009810003,1101110286412
374,2022-06-24,KOSPI,한화솔루션,한화솔루션(주),A009830,KR7009830001,1101110360935
375,2022-06-24,KOSPI,명신산업,명신산업(주),A009900,KR7009900002,1712110000958
376,2022-06-24,KOSPI,영원무역홀딩스,(주)영원무역홀딩스,A009970,KR7009970005,1101110165830
377,2022-06-24,KOSPI,한국내화,한국내화(주),A010040,KR7010040004,1846110000319
378,2022-06-24,KOSPI,우리종금,우리종합금융(주),A010050,KR7010050003,2001110000954
379,2022-06-24,KOSPI,OCI,OCI(주),A010060,KR7010060002,1746110000981
380,2022-06-24,KOSPI,한국프랜지,한국프랜지공업(주),A010100,KR7010100006,1812110000443
381,2022-06-24,KOSPI,LS ELECTRIC,엘에스일렉트릭 주식회사,A010120,KR7010120004,1101110520076
382,2022-06-24,KOSPI,고려아연,고려아연(주),A010130,KR7010130003,1101110168404
383,2022-06-24,KOSPI,삼성중공업,삼성중공업(주),A010140,KR7010140002,1101110168595
384,2022-06-24,KOSDAQ,대한광통신,대한광통신(주),A010170,KR7010170009,1341110003545
385,2022-06-24,KOSDAQ,흥국,(주)흥국,A010240,KR7010240000,1345110001228
386,2022-06-24,KOSDAQ,쌍용정보통신,쌍용정보통신(주),A010280,KR7010280006,1101110307870
387,2022-06-24,KOSPI,우진아이엔에스,(주)우진아이엔에스,A010400,KR7010400000,1101110175467
388,2022-06-24,KOSPI,한솔PNS,한솔피엔에스(주),A010420,KR7010420008,1101110175970
389,2022-06-24,KOSDAQ,오리콤,(주)오리콤,A010470,KR7010470003,1101110176988
390,2022-06-24,KOSPI,에스엠벡셀,(주)에스엠벡셀,A010580,KR7010580009,1341110003058
391,2022-06-24,KOSPI,웰바이오텍,웰바이오텍(주),A010600,KR7010600005,1101110179659
392,2022-06-24,KOSPI,현대미포조선,(주)현대미포조선,A010620,KR7010620003,1812110000526
393,2022-06-24,KOSPI,진양폴리,진양폴리우레탄(주),A010640,KR7010640001,1345110000387
394,2022-06-24,KOSPI,화천기계,화천기계(주),A010660,KR7010660009,1101110342181
395,2022-06-24,KOSPI,화신,(주)화신,A010690,KR7010690006,1701110014936
396,2022-06-24,KOSPI,평화홀딩스,평화홀딩스(주),A010770,KR7010770006,1701110006412
397,2022-06-24,KOSPI,아이에스동서,아이에스동서(주),A010780,KR7010780005,1101110208383
398,2022-06-24,KOSPI,퍼스텍,퍼스텍(주),A010820,KR7010820009,1942110000133
399,2022-06-24,KOSPI,S-Oil,S-Oil(주),A010950,KR7010950004,1101110189955
400,2022-06-24,KOSPI,삼호개발,삼호개발(주),A010960,KR7010960003,1101110190340
401,2022-06-24,KOSPI,진원생명과학,진원생명과학(주),A011000,KR7011000007,1101110191562
402,2022-06-24,KOSDAQ,경동제약,경동제약(주),A011040,KR7011040003,1201110003765
403,2022-06-24,KOSPI,LG이노텍,엘지이노텍(주),A011070,KR7011070000,1101110192180
404,2022-06-24,KOSDAQ,형지I&C,(주)형지아이앤씨,A011080,KR7011080009,1101110192271
405,2022-06-24,KOSPI,에넥스,(주)에넥스,A011090,KR7011090008,1101110192635
406,2022-06-24,KOSPI,CJ씨푸드,CJ씨푸드(주),A011150,KR7011150000,1101110215578
407,2022-06-24,KOSPI,롯데케미칼,롯데케미칼(주),A011170,KR7011170008,1101110193196
408,2022-06-24,KOSPI,HMM,에이치엠엠(주),A011200,KR7011200003,1101110193740
409,2022-06-24,KOSPI,현대위아,현대위아(주),A011210,KR7011210002,1942110000125
410,2022-06-24,KOSPI,삼화전자,삼화전자공업(주),A011230,KR7011230000,1348110000563
411,2022-06-24,KOSPI,태림포장,태림포장(주),A011280,KR7011280005,1301110010015
412,2022-06-24,KOSPI,성안,(주)성안,A011300,KR7011300001,1701110006868
413,2022-06-24,KOSDAQ,유니크,(주)유니크,A011320,KR7011320009,1801110024496
414,2022-06-24,KOSPI,유니켐,(주)유니켐,A011330,KR7011330008,1301110011807
415,2022-06-24,KOSDAQ,서한,(주)서한,A011370,KR7011370004,1701110023002
416,2022-06-24,KOSPI,부산산업,부산산업(주),A011390,KR7011390002,1101110522618
417,2022-06-24,KOSPI,갤럭시아에스엠,(주)갤럭시아 에스엠,A011420,KR7011420007,1301110008771
418,2022-06-24,KOSPI,한농화성,(주)한농화성,A011500,KR7011500006,2111110001090
419,2022-06-24,KOSDAQ,세보엠이씨,(주)세보엠이씨,A011560,KR7011560000,1101110236590
420,2022-06-24,KOSPI,와이투솔루션,(주)와이투솔루션,A011690,KR7011690005,1101110204498
421,2022-06-24,KOSPI,한신기계,한신기계공업(주),A011700,KR7011700002,1301110010346
422,2022-06-24,KOSPI,현대코퍼레이션,현대코퍼레이션(주),A011760,KR7011760006,1101110205850
423,2022-06-24,KOSPI,금호석유,금호석유화학(주),A011780,KR7011780004,1101110205975
424,2022-06-24,KOSPI,SKC,SKC(주),A011790,KR7011790003,1301110001585
425,2022-06-24,KOSPI,STX,(주)STX,A011810,KR7011810009,1942110000183
426,2022-06-24,KOSPI,신성이엔지,주식회사 신성이엔지,A011930,KR7011930005,1301110008664
427,2022-06-24,KOSPI,DB,(주) DB Inc.,A012030,KR7012030003,1101110210859
428,2022-06-24,KOSPI,영흥,(주)영흥,A012160,KR7012160008,1942110000191
429,2022-06-24,KOSPI,아센디오,주식회사 아센디오,A012170,KR7012170007,1101110253908
430,2022-06-24,KOSPI,계양전기,계양전기(주),A012200,KR7012200002,1101110212889
431,2022-06-24,KOSPI,영화금속,영화금속(주),A012280,KR7012280004,1801110027078
432,2022-06-24,KOSPI,경동인베스트,(주)경동인베스트,A012320,KR7012320008,1812110000906
433,2022-06-24,KOSPI,현대모비스,현대모비스(주),A012330,KR7012330007,1101110215536
434,2022-06-24,KOSDAQ,뉴인텍,(주)뉴인텍,A012340,KR7012340006,1243110003006
435,2022-06-24,KOSPI,한화에어로스페이스,한화에어로스페이스(주),A012450,KR7012450003,1942110000480
436,2022-06-24,KOSPI,더존비즈온,(주)더존비즈온,A012510,KR7012510004,1201110005266
437,2022-06-24,KOSPI,센트럴인사이트,(주)센트럴인사이트,A012600,KR7012600003,1101110220204
438,2022-06-24,KOSPI,경인양행,(주)경인양행,A012610,KR7012610002,1201110005703
439,2022-06-24,KOSDAQ,원일특강,(주)원일특강,A012620,KR7012620001,1101110220288
440,2022-06-24,KOSPI,HDC,에이치디씨(주),A012630,KR7012630000,1101110279433
441,2022-06-24,KOSPI,모나리자,(주)모나리자,A012690,KR7012690004,1101110220882
442,2022-06-24,KOSDAQ,리드코프,(주)리드코프,A012700,KR7012700001,1101110219398
443,2022-06-24,KOSPI,에스원,(주)에스원,A012750,KR7012750006,1101110221939
444,2022-06-24,KOSDAQ,신일제약,신일제약(주),A012790,KR7012790002,1152110000790
445,2022-06-24,KOSPI,대창,(주)대창,A012800,KR7012800009,1301110007137
446,2022-06-24,KOSDAQ,모베이스전자,(주)모베이스전자,A012860,KR7012860003,1301110008961
447,2022-06-24,KOSPI,세우글로벌,(주)세우글로벌,A013000,KR7013000005,1101110227177
448,2022-06-24,KOSDAQ,하이록코리아,하이록코리아(주),A013030,KR7013030002,1801110029321
449,2022-06-24,KOSDAQ,동원개발,(주)동원개발,A013120,KR7013120001,1801110029438
450,2022-06-24,KOSDAQ,아진산업,아진산업(주),A013310,KR7013310008,1701110008913
451,2022-06-24,KOSPI,일성건설,일성건설(주),A013360,KR7013360003,1101110234776
452,2022-06-24,KOSPI,화승코퍼레이션,(주)화승코퍼레이션,A013520,KR7013520002,1845110001252
453,2022-06-24,KOSPI,디와이,디와이(주),A013570,KR7013570007,1942110000472
454,2022-06-24,KOSPI,계룡건설,계룡건설산업(주),A013580,KR7013580006,1601110003121
455,2022-06-24,KOSPI,까뮤이앤씨,(주)까뮤이앤씨,A013700,KR7013700000,1101110243793
456,2022-06-24,KOSDAQ,CBI,씨비아이(주),A013720,KR7013720008,1201110007238
457,2022-06-24,KOSDAQ,스페코,(주)스페코,A013810,KR7013810007,1348110001545
458,2022-06-24,KOSPI,지엠비코리아,지엠비코리아(주),A013870,KR7013870001,1942110000399
459,2022-06-24,KOSPI,지누스,(주)지누스,A013890,KR7013890009,1347110002553
460,2022-06-24,KOSDAQ,아가방컴퍼니,(주)아가방앤컴퍼니,A013990,KR7013990007,1101110250855
461,2022-06-24,KOSDAQ,메디앙스,메디앙스(주),A014100,KR7014100002,1101110252471
462,2022-06-24,KOSPI,한익스프레스,(주)한익스프레스,A014130,KR7014130009,1243110015051
463,2022-06-24,KOSPI,대영포장,대영포장(주),A014160,KR7014160006,1101110254104
464,2022-06-24,KOSDAQ,원익큐브,(주)원익큐브,A014190,KR7014190003,1101110425432
465,2022-06-24,KOSDAQ,광림,(주)광림,A014200,KR7014200000,1201110009268
466,2022-06-24,KOSPI,금강공업,금강공업(주),A014280,KR7014280002,1801110034320
467,2022-06-24,KOSPI,영보화학,영보화학(주),A014440,KR7014440002,1601110012742
468,2022-06-24,KOSDAQ,부방,(주)부방,A014470,KR7014470009,1101110265523
469,2022-06-24,KOSPI,극동유화,극동유화(주),A014530,KR7014530000,1845110001335
470,2022-06-24,KOSDAQ,고려제약,고려제약(주),A014570,KR7014570006,1344110001840
471,2022-06-24,KOSPI,태경비케이,(주)태경비케이,A014580,KR7014580005,1101110301111
472,2022-06-24,KOSDAQ,성광벤드,(주)성광벤드,A014620,KR7014620009,1801110036425
473,2022-06-24,KOSPI,한솔케미칼,(주)한솔케미칼,A014680,KR7014680003,1101110270895
474,2022-06-24,KOSPI,사조씨푸드,사조씨푸드(주),A014710,KR7014710008,1101110271596
475,2022-06-24,KOSPI,한라,(주)한라,A014790,KR7014790000,1101110274699
476,2022-06-24,KOSPI,동원시스템즈,동원시스템즈(주),A014820,KR7014820005,1341110011712
477,2022-06-24,KOSPI,유니드,(주)유니드,A014830,KR7014830004,1101110275069
478,2022-06-24,KOSPI,성문전자,성문전자(주),A014910,KR7014910004,1311110005114
479,2022-06-24,KOSDAQ,오리엔탈정공,(주)오리엔탈정공,A014940,KR7014940001,1801110038447
480,2022-06-24,KOSDAQ,삼륭물산,삼륭물산(주),A014970,KR7014970008,1156110001401
481,2022-06-24,KOSPI,인디에프,(주)인디에프,A014990,KR7014990006,1101110279996
482,2022-06-24,KOSPI,이스타코,(주)이스타코,A015020,KR7015020001,1243110006042
483,2022-06-24,KOSPI,대창단조,대창단조(주),A015230,KR7015230006,1801110039396
484,2022-06-24,KOSPI,에이엔피,(주)에이엔피,A015260,KR7015260003,1243110006456
485,2022-06-24,KOSPI,예스코홀딩스,(주)예스코홀딩스,A015360,KR7015360001,1101110290778
486,2022-06-24,KOSPI,쎌마테라퓨틱스,(주)쎌마테라퓨틱스,A015540,KR7015540008,1101110302565
487,2022-06-24,KOSPI,큐로,(주)큐로,A015590,KR7015590003,1812110002275
488,2022-06-24,KOSDAQ,코콤,(주)코콤,A015710,KR7015710007,1243110005359
489,2022-06-24,KOSDAQ,성우하이텍,(주)성우하이텍,A015750,KR7015750003,1801110042612
490,2022-06-24,KOSPI,한국전력,한국전력공사(주),A015760,KR7015760002,1146710001456
491,2022-06-24,KOSPI,일진홀딩스,일진홀딩스(주),A015860,KR7015860000,1201110011990
492,2022-06-24,KOSPI,태경산업,태경산업(주),A015890,KR7015890007,1348110002080
493,2022-06-24,KOSPI,대현,(주)대현,A016090,KR7016090003,1101110319320
494,2022-06-24,KOSDAQ,리더스코스메틱,(주)리더스코스메틱,A016100,KR7016100000,1341110021539
495,2022-06-24,KOSDAQ,SGC이테크건설,에스지씨이테크건설(주),A016250,KR7016250003,1101110327555
496,2022-06-24,KOSPI,삼성증권,삼성증권(주),A016360,KR7016360000,1101110335649
497,2022-06-24,KOSPI,KG스틸,KG스틸(주),A016380,KR7016380008,1101110393308
498,2022-06-24,KOSPI,한세예스24홀딩스,한세예스24홀딩스(주),A016450,KR7016450009,1201110019382
499,2022-06-24,KOSPI,환인제약,환인제약(주),A016580,KR7016580003,1101110339542
500,2022-06-24,KOSPI,신대양제지,신대양제지(주),A016590,KR7016590002,1301110008789
501,2022-06-24,KOSDAQ,큐캐피탈,큐캐피탈파트너스(주),A016600,KR7016600009,1101110339691
502,2022-06-24,KOSPI,DB금융투자,DB금융투자(주),A016610,KR7016610008,1101110339956
503,2022-06-24,KOSDAQ,디모아,(주)디모아,A016670,KR7016670002,1101110340979
504,2022-06-24,KOSPI,대성홀딩스,대성홀딩스(주),A016710,KR7016710006,1701110017237
505,2022-06-24,KOSPI,두올,(주)두올,A016740,KR7016740003,1101110343957
506,2022-06-24,KOSDAQ,현대사료,현대사료(주),A016790,KR7016790008,1615110001572
507,2022-06-24,KOSPI,퍼시스,(주)퍼시스,A016800,KR7016800005,1101110345630
508,2022-06-24,KOSPI,웅진,(주)웅진,A016880,KR7016880007,1101110346745
509,2022-06-24,KOSDAQ,카스,(주)카스,A016920,KR7016920001,1115110005269
510,2022-06-24,KOSDAQ,신원종합개발,신원종합개발(주),A017000,KR7017000001,1101110350712
511,2022-06-24,KOSPI,광명전기,(주)광명전기,A017040,KR7017040007,1301110006270
512,2022-06-24,KOSPI,명문제약,명문제약(주),A017180,KR7017180001,1341110013180
513,2022-06-24,KOSDAQ,인터엠,(주)인터엠,A017250,KR7017250002,1101110357403
514,2022-06-24,KOSPI,우신시스템,(주)우신시스템,A017370,KR7017370008,1101110366719
515,2022-06-24,KOSPI,서울가스,서울도시가스(주),A017390,KR7017390006,1101110360399
516,2022-06-24,KOSDAQ,삼현철강,삼현철강(주),A017480,KR7017480005,1901110005551
517,2022-06-24,KOSDAQ,세명전기,세명전기공업(주),A017510,KR7017510009,1801110052091
518,2022-06-24,KOSPI,수산중공업,(주)수산중공업,A017550,KR7017550005,1348110002981
519,2022-06-24,KOSDAQ,대림제지,(주)대림제지,A017650,KR7017650003,1348110003020
520,2022-06-24,KOSPI,SK텔레콤,SK텔레콤(주),A017670,KR7017670001,1101110371346
521,2022-06-24,KOSPI,현대엘리베이,현대엘리베이터(주),A017800,KR7017800004,1344110001519
522,2022-06-24,KOSPI,풀무원,(주)풀무원,A017810,KR7017810003,1101110375439
523,2022-06-24,KOSDAQ,한국알콜,한국알콜산업(주),A017890,KR7017890005,1812110003728
524,2022-06-24,KOSPI,광전자,광전자(주),A017900,KR7017900002,2149110002560
525,2022-06-24,KOSPI,E1,(주)E1,A017940,KR7017940008,1101110381387
526,2022-06-24,KOSPI,한국카본,(주)한국카본,A017960,KR7017960006,1801110054691
527,2022-06-24,KOSDAQ,유니슨,유니슨(주),A018000,KR7018000000,1101110382020
528,2022-06-24,KOSDAQ,진로발효,(주)진로발효,A018120,KR7018120006,1301110009365
529,2022-06-24,KOSPI,애경산업,애경산업(주),A018250,KR7018250001,1101110398275
530,2022-06-24,KOSPI,삼성에스디에스,삼성에스디에스(주),A018260,KR7018260000,1101110398556
531,2022-06-24,KOSDAQ,브이티지엠피,(주)브이티지엠피,A018290,KR7018290007,1101110509872
532,2022-06-24,KOSDAQ,삼목에스폼,삼목에스폼(주),A018310,KR7018310003,1101110400377
533,2022-06-24,KOSPI,조일알미늄,조일알미늄(주),A018470,KR7018470005,1701110021543
534,2022-06-24,KOSPI,동원금속,동원금속(주),A018500,KR7018500009,1701110021816
535,2022-06-24,KOSDAQ,우진비앤지,우진비앤지(주),A018620,KR7018620005,1243110014409
536,2022-06-24,KOSPI,SK가스,SK가스(주),A018670,KR7018670000,1101110413247
537,2022-06-24,KOSDAQ,서울제약,(주)서울제약,A018680,KR7018680009,1301110008721
538,2022-06-24,KOSDAQ,바른손,(주)바른손,A018700,KR7018700005,1101110413990
539,2022-06-24,KOSPI,한온시스템,한온시스템(주),A018880,KR7018880005,1347110002206
540,2022-06-24,KOSDAQ,베뉴지,베뉴지(주),A019010,KR7019010008,1101110252405
541,2022-06-24,KOSPI,신풍제약,신풍제약(주),A019170,KR7019170000,1301110011815
542,2022-06-24,KOSPI,티에이치엔,(주)티에이치엔,A019180,KR7019180009,1701110022781
543,2022-06-24,KOSDAQ,와이지-원,(주)와이지-원,A019210,KR7019210004,1201110038639
544,2022-06-24,KOSPI,세아특수강,(주)세아특수강,A019440,KR7019440007,1746110005478
545,2022-06-24,KOSPI,하이트론,(주)하이트론씨스템즈,A019490,KR7019490002,1243210017841
546,2022-06-24,KOSDAQ,일지테크,(주)일지테크,A019540,KR7019540004,1701110029802
547,2022-06-24,KOSDAQ,SBI인베스트먼트,에스비아이인베스트먼트(주),A019550,KR7019550003,1101110511273
548,2022-06-24,KOSDAQ,리더스 기술투자,(주)리더스 기술투자,A019570,KR7019570001,1101110511588
549,2022-06-24,KOSDAQ,엠벤처투자,엠벤처투자(주),A019590,KR7019590009,1101110512049
550,2022-06-24,KOSDAQ,글로본,글로본(주),A019660,KR7019660000,1101110514011
551,2022-06-24,KOSPI,대교,(주)대교,A019680,KR7019680008,1101110514029
552,2022-06-24,KOSDAQ,서연탑메탈,(주)서연탑메탈,A019770,KR7019770007,1101110519003
553,2022-06-24,KOSDAQ,에너토크,(주)에너토크,A019990,KR7019990001,1101110530687
554,2022-06-24,KOSPI,한섬,(주)한섬,A020000,KR7020000006,1101110531578
555,2022-06-24,KOSPI,키다리스튜디오,(주)키다리스튜디오,A020120,KR7020120002,1101110539382
556,2022-06-24,KOSPI,일진머티리얼즈,일진머티리얼즈(주),A020150,KR7020150009,2149110003625
557,2022-06-24,KOSDAQ,대신정보통신,대신정보통신(주),A020180,KR7020180006,1101110542484
558,2022-06-24,KOSDAQ,대동금속,대동금속(주),A020400,KR7020400008,1741110002630
559,2022-06-24,KOSPI,아시아나항공,아시아나항공(주),A020560,KR7020560009,1101110562804
560,2022-06-24,KOSDAQ,시공테크,(주)시공테크,A020710,KR7020710000,1101110562896
561,2022-06-24,KOSPI,일진디스플,일진디스플레이(주),A020760,KR7020760005,1545110006076
562,2022-06-24,KOSDAQ,대호특수강,(주)대호특수강,A021040,KR7021040001,1845110003856
563,2022-06-24,KOSPI,서원,(주)서원,A021050,KR7021050000,1350110029881
564,2022-06-24,KOSDAQ,에이티넘인베스트,(주)에이티넘인베스트먼트,A021080,KR7021080007,1301110012050
565,2022-06-24,KOSPI,코웨이,코웨이(주),A021240,KR7021240007,1101110626501
566,2022-06-24,KOSDAQ,KCC건설,(주)케이씨씨건설,A021320,KR7021320007,1101110607618
567,2022-06-24,KOSDAQ,한국큐빅,(주)한국큐빅,A021650,KR7021650007,1350110031042
568,2022-06-24,KOSPI,세원정공,(주)세원정공,A021820,KR7021820006,1701110039207
569,2022-06-24,KOSDAQ,메이슨캐피탈,메이슨캐피탈주식회사,A021880,KR7021880000,2101110007510
570,2022-06-24,KOSDAQ,포스코 ICT,(주)포스코아이씨티,A022100,KR7022100002,1101110658637
571,2022-06-24,KOSDAQ,TKG애강,티케이지애강(주),A022220,KR7022220008,1545110001571
572,2022-06-24,KOSPI,삼원강재,(주)삼원강재,A023000,KR7023000003,1746110014924
573,2022-06-24,KOSPI,MH에탄올,(주)MH에탄올,A023150,KR7023150006,1901110003563
574,2022-06-24,KOSDAQ,태광,(주)태광,A023160,KR7023160005,1801110045559
575,2022-06-24,KOSPI,한국종합기술,(주)한국종합기술,A023350,KR7023350002,1101110038326
576,2022-06-24,KOSDAQ,유진기업,유진기업(주),A023410,KR7023410004,1101110376148
577,2022-06-24,KOSDAQ,제이스코홀딩스,제이스코홀딩스(주),A023440,KR7023440001,1101110045347
578,2022-06-24,KOSPI,동남합성,(주)동남합성,A023450,KR7023450000,1101110057012
579,2022-06-24,KOSDAQ,CNH,씨앤에이치(주),A023460,KR7023460009,1243110025539
580,2022-06-24,KOSPI,롯데쇼핑,롯데쇼핑(주),A023530,KR7023530009,1101110000086
581,2022-06-24,KOSPI,다우기술,(주)다우기술,A023590,KR7023590003,1101110414758
582,2022-06-24,KOSDAQ,삼보판지,삼보판지(주),A023600,KR7023600000,1243110011322
583,2022-06-24,KOSDAQ,한국캐피탈,한국캐피탈(주),A023760,KR7023760002,1601110019277
584,2022-06-24,KOSDAQ,플레이위드,주식회사 플레이위드,A023770,KR7023770001,1601110007660
585,2022-06-24,KOSDAQ,동일철강,동일철강(주),A023790,KR7023790009,1801110002004
586,2022-06-24,KOSPI,인지컨트롤스,인지컨트롤스(주),A023800,KR7023800006,1301110006296
587,2022-06-24,KOSPI,인팩,(주)인팩,A023810,KR7023810005,1301110008052
588,2022-06-24,KOSDAQ,풍국주정,풍국주정공업(주),A023900,KR7023900004,1701110000745
589,2022-06-24,KOSDAQ,대한약품,대한약품공업(주),A023910,KR7023910003,1101110080484
590,2022-06-24,KOSPI,에쓰씨엔지니어링,에쓰씨엔지니어링(주),A023960,KR7023960008,1101110271497
591,2022-06-24,KOSDAQ,흥구석유,흥구석유(주),A024060,KR7024060006,1701110002676
592,2022-06-24,KOSPI,WISCOM,(주)WISCOM,A024070,KR7024070005,1301110009274
593,2022-06-24,KOSPI,디씨엠,디씨엠(주),A024090,KR7024090003,1801110071794
594,2022-06-24,KOSPI,기업은행,중소기업은행,A024110,KR7024110009,1101350000903
595,2022-06-24,KOSDAQ,KB오토시스,KB오토시스(주),A024120,KR7024120008,1101110408305
596,2022-06-24,KOSPI,한국콜마홀딩스,한국콜마홀딩스(주),A024720,KR7024720005,1647110001591
597,2022-06-24,KOSDAQ,한일단조,한일단조공업(주),A024740,KR7024740003,1243110019293
598,2022-06-24,KOSDAQ,유성티엔에스,(주)유성티엔에스,A024800,KR7024800005,1101110217607
599,2022-06-24,KOSDAQ,이화전기,이화전기공업(주),A024810,KR7024810004,1101110054520
600,2022-06-24,KOSDAQ,세원물산,(주)세원물산,A024830,KR7024830002,1701110020694
601,2022-06-24,KOSDAQ,KBI메탈,케이비아이메탈(주),A024840,KR7024840001,1741110001294
602,2022-06-24,KOSDAQ,피에스엠씨,(주)피에스엠씨,A024850,KR7024850000,1101110234312
603,2022-06-24,KOSDAQ,케이피에프,(주)케이피에프,A024880,KR7024880007,1301110010841
604,2022-06-24,KOSPI,대원화성,대원화성(주),A024890,KR7024890006,1101110165393
605,2022-06-24,KOSPI,덕양산업,덕양산업(주),A024900,KR7024900003,1812110000922
606,2022-06-24,KOSDAQ,경창산업,경창산업(주),A024910,KR7024910002,1701110007733
607,2022-06-24,KOSDAQ,PN풍년,(주)피엔풍년,A024940,KR7024940009,1101110155378
608,2022-06-24,KOSDAQ,삼천리자전거,삼천리자전거(주),A024950,KR7024950008,1101110250136
609,2022-06-24,KOSPI,KPX케미칼,KPX케미칼(주),A025000,KR7025000001,1101110166903
610,2022-06-24,KOSDAQ,시노펙스,(주)시노펙스,A025320,KR7025320003,1746110004644
611,2022-06-24,KOSDAQ,대성엘텍,(주)대성엘텍,A025440,KR7025440009,1101110254344
612,2022-06-24,KOSPI,SJM홀딩스,(주)에스제이엠홀딩스,A025530,KR7025530007,1301110008862
613,2022-06-24,KOSPI,한국단자,한국단자공업(주),A025540,KR7025540006,1201110002957
614,2022-06-24,KOSDAQ,한국선재,한국선재(주),A025550,KR7025550005,1801110102359
615,2022-06-24,KOSPI,미래산업,미래산업(주),A025560,KR7025560004,1243110030413
616,2022-06-24,KOSPI,제이준코스메틱,제이준코스메틱(주),A025620,KR7025620006,1341110001672
617,2022-06-24,KOSPI,한솔홈데코,(주)한솔홈데코,A025750,KR7025750001,1101110825624
618,2022-06-24,KOSDAQ,한국정보통신,한국정보통신(주),A025770,KR7025770009,1101110426688
619,2022-06-24,KOSPI,이구산업,이구산업(주),A025820,KR7025820002,1301110009498
620,2022-06-24,KOSPI,남해화학,남해화학(주),A025860,KR7025860008,1101110164717
621,2022-06-24,KOSDAQ,신라에스지,신라에스지(주),A025870,KR7025870007,1101110224727
622,2022-06-24,KOSDAQ,케이씨피드,(주)케이씨피드,A025880,KR7025880006,1747110000187
623,2022-06-24,KOSPI,한국주강,한국주강(주),A025890,KR7025890005,1943110000537
624,2022-06-24,KOSDAQ,동화기업,동화기업(주),A025900,KR7025900002,1201110004218
625,2022-06-24,KOSDAQ,동신건설,동신건설(주),A025950,KR7025950007,4412211675912
626,2022-06-24,KOSDAQ,아난티,(주)아난티,A025980,KR7025980004,1301110026814
627,2022-06-24,KOSDAQ,제이에스티나,(주)제이에스티나,A026040,KR7026040006,1101110569074
628,2022-06-24,KOSDAQ,특수건설,(주)특수건설,A026150,KR7026150003,1101110115885
629,2022-06-24,KOSPI,스틱인베스트먼트,스틱인베스트먼트(주),A026890,KR7026890004,1243110008204
630,2022-06-24,KOSDAQ,광진실업,광진실업(주),A026910,KR7026910000,1801110025882
631,2022-06-24,KOSPI,부국철강,부국철강(주),A026940,KR7026940007,2001110001407
632,2022-06-24,KOSPI,동서,(주)동서,A026960,KR7026960005,1101110180888
633,2022-06-24,KOSDAQ,서울전자통신,서울전자통신(주),A027040,KR7027040005,1243110009781
634,2022-06-24,KOSDAQ,코리아나,(주)코리아나화장품,A027050,KR7027050004,1101110597166
635,2022-06-24,KOSDAQ,아주IB투자,아주아이비투자(주),A027360,KR7027360007,1101110169874
636,2022-06-24,KOSPI,BGF,(주)비지에프,A027410,KR7027410000,1101111105215
637,2022-06-24,KOSDAQ,상보,(주)상보,A027580,KR7027580000,1243110024177
638,2022-06-24,KOSDAQ,팜스토리,(주)팜스토리,A027710,KR7027710003,1543110001715
639,2022-06-24,KOSPI,마니커,(주)마니커,A027740,KR7027740000,1345110004149
640,2022-06-24,KOSDAQ,대성창투,대성창업투자(주),A027830,KR7027830009,1701110031881
641,2022-06-24,KOSPI,세하,세하(주),A027970,KR7027970003,1741110000618
642,2022-06-24,KOSPI,삼성엔지니어링,삼성엔지니어링(주),A028050,KR7028050003,1101110240509
643,2022-06-24,KOSDAQ,휴맥스홀딩스,(주)휴맥스홀딩스,A028080,KR7028080000,1101110604200
644,2022-06-24,KOSPI,동아지질,(주)동아지질,A028100,KR7028100006,1801110019843
645,2022-06-24,KOSPI,삼성물산,삼성물산(주),A028260,KR7028260008,1101110015762
646,2022-06-24,KOSDAQ,HLB,에이치엘비(주),A028300,KR7028300002,1701110021600
647,2022-06-24,KOSPI,팬오션,팬오션(주),A028670,KR7028670008,1101110004286
648,2022-06-24,KOSPI,케이씨,(주)케이씨,A029460,KR7029460003,1101110703210
649,2022-06-24,KOSDAQ,광무,(주)광무,A029480,KR7029480001,1101110779152
650,2022-06-24,KOSPI,신도리코,(주)신도리코,A029530,KR7029530003,1101110034960
651,2022-06-24,KOSPI,삼성카드,삼성카드(주),A029780,KR7029780004,1101110346901
652,2022-06-24,KOSDAQ,코엔텍,(주)코엔텍,A029960,KR7029960002,1812110024485
653,2022-06-24,KOSPI,제일기획,(주)제일기획,A030000,KR7030000004,1101110130917
654,2022-06-24,KOSDAQ,NICE평가정보,나이스평가정보(주),A030190,KR7030190003,1101110393283
655,2022-06-24,KOSPI,KT,(주)케이티,A030200,KR7030200000,1101111468754
656,2022-06-24,KOSPI,다올투자증권,다올투자증권(주),A030210,KR7030210009,1101110878706
657,2022-06-24,KOSDAQ,드래곤플라이,(주)드래곤플라이,A030350,KR7030350003,1101110685309
658,2022-06-24,KOSDAQ,한글과컴퓨터,(주)한글과컴퓨터,A030520,KR7030520001,1101110725064
659,2022-06-24,KOSDAQ,원익홀딩스,(주)원익홀딩스,A030530,KR7030530000,1243110033235
660,2022-06-24,KOSPI,교보증권,교보증권(주),A030610,KR7030610000,1101110018089
661,2022-06-24,KOSPI,동원수산,동원수산(주),A030720,KR7030720007,1101110046204
662,2022-06-24,KOSPI,비케이탑스,비케이탑스(주),A030790,KR7030790000,1101110766703
663,2022-06-24,KOSDAQ,양지사,(주)양지사,A030960,KR7030960009,1101110244965
664,2022-06-24,KOSDAQ,아이즈비전,(주)아이즈비전,A031310,KR7031310006,1801110132801
665,2022-06-24,KOSDAQ,에스에이엠티,(주)에스에이엠티,A031330,KR7031330004,1101110707674
666,2022-06-24,KOSPI,신세계인터내셔날,(주)신세계인터내셔날,A031430,KR7031430002,1101110282402
667,2022-06-24,KOSPI,신세계푸드,(주)신세계푸드,A031440,KR7031440001,1101110305288
668,2022-06-24,KOSDAQ,오스템,(주)오스템,A031510,KR7031510001,1615110006796
669,2022-06-24,KOSPI,콤텍시스템,(주)콤텍시스템,A031820,KR7031820004,1101110414126
670,2022-06-24,KOSDAQ,엔에스엔,(주)엔에스엔,A031860,KR7031860000,1101110260218
671,2022-06-24,KOSDAQ,피에스케이홀딩스,피에스케이홀딩스(주),A031980,KR7031980006,1347110004377
672,2022-06-24,KOSDAQ,아즈텍WB,(주)아즈텍더블유비이,A032080,KR7032080004,1801110145953
673,2022-06-24,KOSDAQ,다우데이타,(주)다우데이타,A032190,KR7032190001,1101110863484
674,2022-06-24,KOSDAQ,삼일,(주)삼일,A032280,KR7032280000,1746110001244
675,2022-06-24,KOSDAQ,한국파마,(주)한국파마,A032300,KR7032300006,1801110059112
676,2022-06-24,KOSPI,롯데관광개발,롯데관광개발(주),A032350,KR7032350001,1101110115504
677,2022-06-24,KOSDAQ,케이엠더블유,(주)케이엠더블유,A032500,KR7032500001,1348110020579
678,2022-06-24,KOSDAQ,TJ미디어,티제이미디어(주),A032540,KR7032540007,1101110770548
679,2022-06-24,KOSPI,황금에스티,(주)황금에스티,A032560,KR7032560005,1101110504195
680,2022-06-24,KOSDAQ,피델릭스,(주)피델릭스,A032580,KR7032580003,1101110717441
681,2022-06-24,KOSDAQ,유비케어,(주)유비케어,A032620,KR7032620007,1101111105364
682,2022-06-24,KOSPI,LG유플러스,(주)LG유플러스,A032640,KR7032640005,1101111296676
683,2022-06-24,KOSDAQ,소프트센,(주) 소프트센,A032680,KR7032680001,1101110570442
684,2022-06-24,KOSDAQ,삼진,(주)삼진,A032750,KR7032750002,1341110005351
685,2022-06-24,KOSDAQ,BNGT,(주)비엔지티,A032790,KR7032790008,1753110000126
686,2022-06-24,KOSDAQ,판타지오,(주)판타지오,A032800,KR7032800005,1601110023757
687,2022-06-24,KOSDAQ,우리기술,(주)우리기술,A032820,KR7032820003,1101111118656
688,2022-06-24,KOSPI,삼성생명,삼성생명보험(주),A032830,KR7032830002,1101110005953
689,2022-06-24,KOSDAQ,비트컴퓨터,(주)비트컴퓨터,A032850,KR7032850000,1101110397699
690,2022-06-24,KOSDAQ,휴먼엔,(주)휴먼엔,A032860,KR7032860009,1101110412778
691,2022-06-24,KOSDAQ,원익,(주)원익,A032940,KR7032940009,1753110001158
692,2022-06-24,KOSDAQ,동일기연,(주)동일기연,A032960,KR7032960007,1341110012687
693,2022-06-24,KOSDAQ,바이온,바이온(주),A032980,KR7032980005,1101110358956
694,2022-06-24,KOSDAQ,제이엠아이,제이엠아이(주),A033050,KR7033050006,1101110922214
695,2022-06-24,KOSDAQ,제룡전기,제룡전기(주),A033100,KR7033100009,1101110513633
696,2022-06-24,KOSDAQ,디지틀조선,(주)디지틀조선일보,A033130,KR7033130006,1101111201071
697,2022-06-24,KOSDAQ,엠케이전자,엠케이전자(주),A033160,KR7033160003,1345110004412
698,2022-06-24,KOSDAQ,시그네틱스,시그네틱스(주),A033170,KR7033170002,1101110070815
699,2022-06-24,KOSPI,KH 필룩스,케이에이치필룩스(주),A033180,KR7033180001,1115110004162
700,2022-06-24,KOSDAQ,모아텍,(주)모아텍,A033200,KR7033200007,1101110613607
701,2022-06-24,KOSDAQ,인성정보,(주)인성정보,A033230,KR7033230004,1101110834378
702,2022-06-24,KOSPI,자화전자,자화전자(주),A033240,KR7033240003,1501110005955
703,2022-06-24,KOSPI,체시스,(주)체시스,A033250,KR7033250002,1748110004244
704,2022-06-24,KOSPI,유나이티드제약,한국유나이티드제약(주),A033270,KR7033270000,1342110002769
705,2022-06-24,KOSDAQ,코웰패션,코웰패션(주),A033290,KR7033290008,1101110166127
706,2022-06-24,KOSDAQ,엠투엔,(주)엠투엔,A033310,KR7033310004,1345110000600
707,2022-06-24,KOSDAQ,제이씨현시스템,제이씨현시스템(주),A033320,KR7033320003,1101110775853
708,2022-06-24,KOSDAQ,좋은사람들,(주)좋은사람들,A033340,KR7033340001,1101110939326
709,2022-06-24,KOSDAQ,동성화인텍,동성화인텍,A033500,KR7033500000,1101110404361
710,2022-06-24,KOSPI,세종공업,세종공업(주),A033530,KR7033530007,1812110000758
711,2022-06-24,KOSDAQ,파라텍,주식회사 파라텍,A033540,KR7033540006,1243110000573
712,2022-06-24,KOSDAQ,블루콤,(주)블루콤,A033560,KR7033560004,1101110808357
713,2022-06-24,KOSDAQ,네패스,(주)네패스,A033640,KR7033640004,1545110002355
714,2022-06-24,KOSPI,KT&G,(주)케이티앤지,A033780,KR7033780008,1601110067804
715,2022-06-24,KOSDAQ,스카이문스테크놀로지,(주)스카이문스테크놀로지,A033790,KR7033790007,1101110674724
716,2022-06-24,KOSDAQ,티비씨,(주)티비씨,A033830,KR7033830001,1701110080458
717,2022-06-24,KOSPI,무학,(주)무학,A033920,KR7033920000,1901110002721
718,2022-06-24,KOSPI,두산에너빌리티,두산에너빌리티(주),A034020,KR7034020008,1942110000943
719,2022-06-24,KOSPI,SBS,(주)SBS,A034120,KR7034120006,1101110731483
720,2022-06-24,KOSPI,LG디스플레이,엘지디스플레이(주),A034220,KR7034220004,1101110393134
721,2022-06-24,KOSDAQ,파라다이스,(주)파라다이스,A034230,KR7034230003,1101110129274
722,2022-06-24,KOSPI,신세계건설,신세계건설(주),A034300,KR7034300004,1101110759493
723,2022-06-24,KOSPI,NICE,(주)NICE홀딩스,A034310,KR7034310003,1101110505614
724,2022-06-24,KOSPI,인천도시가스,인천도시가스(주),A034590,KR7034590000,1201110014027
725,2022-06-24,KOSPI,SK,SK(주),A034730,KR7034730002,1101110769583
726,2022-06-24,KOSDAQ,해성산업,해성산업(주),A034810,KR7034810002,1101110028145
727,2022-06-24,KOSPI,한국토지신탁,(주)한국토지신탁,A034830,KR7034830000,1101111258220
728,2022-06-24,KOSDAQ,조아제약,조아제약(주),A034940,KR7034940007,1943110004498
729,2022-06-24,KOSDAQ,한국기업평가,한국기업평가(주),A034950,KR7034950006,1101110362808
730,2022-06-24,KOSPI,지투알,(주)지투알,A035000,KR7035000009,1101110375398
731,2022-06-24,KOSDAQ,그래디언트,(주)그래디언트,A035080,KR7035080001,1101111468093
732,2022-06-24,KOSPI,백산,(주)백산,A035150,KR7035150002,1147110003729
733,2022-06-24,KOSDAQ,프럼파스트,(주)프럼파스트,A035200,KR7035200005,1601110031099
734,2022-06-24,KOSPI,강원랜드,(주)강원랜드,A035250,KR7035250000,1449110001666
735,2022-06-24,KOSDAQ,골드앤에스,(주)골드앤에스,A035290,KR7035290006,1101111100926
736,2022-06-24,KOSPI,NAVER,네이버(주),A035420,KR7035420009,1101111707178
737,2022-06-24,KOSDAQ,기산텔레콤,(주)기산텔레콤,A035460,KR7035460005,1101111073454
738,2022-06-24,KOSPI,신세계 I&C,(주)신세계아이앤씨,A035510,KR7035510007,1101111408867
739,2022-06-24,KOSDAQ,KG이니시스,(주)케이지이니시스,A035600,KR7035600006,1101111602667
740,2022-06-24,KOSDAQ,솔본,(주)솔본,A035610,KR7035610005,1101111064429
741,2022-06-24,KOSDAQ,바른손이앤에이,(주)바른손이앤에이,A035620,KR7035620004,1101111354961
742,2022-06-24,KOSPI,카카오,(주)카카오,A035720,KR7035720002,1101111129497
743,2022-06-24,KOSDAQ,CJ ENM,(주)씨제이이엔엠,A035760,KR7035760008,1101111109134
744,2022-06-24,KOSDAQ,이지홀딩스,(주)이지홀딩스,A035810,KR7035810001,1101110565163
745,2022-06-24,KOSDAQ,서희건설,(주)서희건설,A035890,KR7035890003,1101110335912
746,2022-06-24,KOSDAQ,JYP Ent.,(주)제이와이피엔터테인먼트,A035900,KR7035900000,1101111264764
747,2022-06-24,KOSDAQ,예림당,(주)예림당,A036000,KR7036000008,1101110611693
748,2022-06-24,KOSDAQ,아비코전자,아비코전자(주),A036010,KR7036010007,1311110000718
749,2022-06-24,KOSDAQ,케이티알파,(주)케이티알파,A036030,KR7036030005,1101110822026
750,2022-06-24,KOSDAQ,위지트,(주)위지트,A036090,KR7036090009,1101111373755
751,2022-06-24,KOSDAQ,SCI평가정보,에스씨아이평가정보(주),A036120,KR7036120004,1101110853419
752,2022-06-24,KOSDAQ,클라우드에어,(주)클라우드에어,A036170,KR7036170009,1301110023349
753,2022-06-24,KOSDAQ,지더블유바이텍,지더블유바이텍(주),A036180,KR7036180008,1701110074493
754,2022-06-24,KOSDAQ,금화피에스시,(주)금화피에스시,A036190,KR7036190007,1101110295778
755,2022-06-24,KOSDAQ,유니셈,유니셈(주),A036200,KR7036200004,1348110024878
756,2022-06-24,KOSPI,콘텐트리중앙,(주)콘텐트리중앙,A036420,KR7036420008,1101110545751
757,2022-06-24,KOSPI,한국가스공사,한국가스공사(주),A036460,KR7036460004,1146710006125
758,2022-06-24,KOSDAQ,대성미생물,(주)대성미생물연구소,A036480,KR7036480002,1341110000880
759,2022-06-24,KOSPI,SNT홀딩스,(주)SNT홀딩스,A036530,KR7036530004,1244110002907
760,2022-06-24,KOSDAQ,SFA반도체,(주)에스에프에이반도체,A036540,KR7036540003,1615110027263
761,2022-06-24,KOSDAQ,영풍정밀,영풍정밀(주),A036560,KR7036560001,1101110342496
762,2022-06-24,KOSPI,엔씨소프트,(주)엔씨소프트,A036570,KR7036570000,1101111387748
763,2022-06-24,KOSPI,팜스코,(주)팜스코,A036580,KR7036580009,1311110042950
764,2022-06-24,KOSDAQ,감성코퍼레이션,감성코퍼레이션(주),A036620,KR7036620003,1101111061954
765,2022-06-24,KOSDAQ,세종텔레콤,세종텔레콤(주),A036630,KR7036630002,1341110036992
766,2022-06-24,KOSDAQ,HRS,(주)에이치알에스,A036640,KR7036640001,1244110001008
767,2022-06-24,KOSDAQ,KCI,(주)케이씨아이,A036670,KR7036670008,1244110011884
768,2022-06-24,KOSDAQ,코맥스,(주)코맥스,A036690,KR7036690006,1311110001964
769,2022-06-24,KOSDAQ,심텍홀딩스,(주)심텍홀딩스,A036710,KR7036710002,1501110006185
770,2022-06-24,KOSDAQ,나이스정보통신,나이스정보통신(주),A036800,KR7036800001,1101110574453
771,2022-06-24,KOSDAQ,에프에스티,(주)에프에스티,A036810,KR7036810000,1101110546006
772,2022-06-24,KOSDAQ,솔브레인홀딩스,솔브레인홀딩스(주),A036830,KR7036830008,1101110610083
773,2022-06-24,KOSDAQ,진성티이씨,(주)진성티이씨,A036890,KR7036890002,1348110002155
774,2022-06-24,KOSDAQ,주성엔지니어링,주성엔지니어링(주),A036930,KR7036930006,1301110033281
775,2022-06-24,KOSDAQ,파워넷,주식회사 파워넷,A037030,KR7037030004,1412110006738
776,2022-06-24,KOSDAQ,파세코,(주)파세코,A037070,KR7037070000,1301110026228
777,2022-06-24,KOSDAQ,한국팩키지,(주)한국팩키지,A037230,KR7037230000,1350110040291
778,2022-06-24,KOSPI,YG PLUS,(주)와이지플러스,A037270,KR7037270006,1101111342289
779,2022-06-24,KOSDAQ,인지디스플레,(주)인지디스플레이,A037330,KR7037330008,1350110036315
780,2022-06-24,KOSDAQ,성도이엔지,(주)성도이엔지,A037350,KR7037350006,1101110574669
781,2022-06-24,KOSDAQ,EG,(주)이지,A037370,KR7037370004,1615110003619
782,2022-06-24,KOSDAQ,우리엔터프라이즈,우리엔터프라이즈(주),A037400,KR7037400009,1101110061765
783,2022-06-24,KOSDAQ,희림,(주)희림종합건축사사무소,A037440,KR7037440005,1101110660806
784,2022-06-24,KOSDAQ,삼지전자,삼지전자(주),A037460,KR7037460003,1101110300303
785,2022-06-24,KOSPI,LG헬로비전,(주)엘지헬로비전,A037560,KR7037560000,1101111144297
786,2022-06-24,KOSPI,광주신세계,(주)광주신세계,A037710,KR7037710001,2001110054795
787,2022-06-24,KOSDAQ,쎄니트,(주)쎄니트,A037760,KR7037760006,1942110018855
788,2022-06-24,KOSDAQ,엘컴텍,엘컴텍(주),A037950,KR7037950003,1348110015546
789,2022-06-24,KOSDAQ,제일테크노스,(주)제일테크노스,A038010,KR7038010005,1746110001179
790,2022-06-24,KOSDAQ,루멘스,(주)루멘스,A038060,KR7038060000,1301110038918
791,2022-06-24,KOSDAQ,서린바이오,(주)서린바이오사이언스,A038070,KR7038070009,1101110998124
792,2022-06-24,KOSDAQ,에코플라스틱,에코플라스틱(주),A038110,KR7038110003,1712110001253
793,2022-06-24,KOSDAQ,마크로젠,(주)마크로젠,A038290,KR7038290003,1101111423576
794,2022-06-24,KOSDAQ,UCI,(주)유씨아이,A038340,KR7038340006,2043110000419
795,2022-06-24,KOSDAQ,레드캡투어,(주)레드캡투어,A038390,KR7038390001,1101111303140
796,2022-06-24,KOSDAQ,바이오스마트,(주)바이오스마트,A038460,KR7038460002,1101110414302
797,2022-06-24,KOSDAQ,삼표시멘트,(주)삼표시멘트,A038500,KR7038500005,1101110138637
798,2022-06-24,KOSDAQ,골드퍼시픽,(주)골드퍼시픽,A038530,KR7038530002,1101111430498
799,2022-06-24,KOSDAQ,상상인,(주)상상인,A038540,KR7038540001,1201110050104
800,2022-06-24,KOSDAQ,위즈코프,위즈코프(주),A038620,KR7038620001,1101111136145
801,2022-06-24,KOSDAQ,에스넷,에스넷시스템(주),A038680,KR7038680005,1101111647671
802,2022-06-24,KOSDAQ,에코바이오,에코바이오홀딩스(주),A038870,KR7038870002,1101111448128
803,2022-06-24,KOSDAQ,아이에이,(주)아이에이,A038880,KR7038880001,1101110963341
804,2022-06-24,KOSDAQ,파인디지털,(주)파인디지털,A038950,KR7038950002,1101110896683
805,2022-06-24,KOSDAQ,현대에이치티,현대에이치티(주),A039010,KR7039010004,1101111539597
806,2022-06-24,KOSDAQ,이건홀딩스,(주)이건홀딩스,A039020,KR7039020003,1301110028935
807,2022-06-24,KOSDAQ,이오테크닉스,(주)이오테크닉스,A039030,KR7039030002,1101110998629
808,2022-06-24,KOSPI,하나투어,(주)하나투어,A039130,KR7039130000,1101110981038
809,2022-06-24,KOSDAQ,오스코텍,(주)오스코텍,A039200,KR7039200001,1615110028691
810,2022-06-24,KOSDAQ,경남스틸,경남스틸(주),A039240,KR7039240007,1942110006090
811,2022-06-24,KOSDAQ,인포뱅크,인포뱅크(주),A039290,KR7039290002,1101111166803
812,2022-06-24,KOSDAQ,세중,(주)세중,A039310,KR7039310008,1101111220063
813,2022-06-24,KOSDAQ,한국경제TV,(주)한국경제티브이,A039340,KR7039340005,1101111767510
814,2022-06-24,KOSDAQ,케이엘넷,(주)케이엘넷,A039420,KR7039420005,1101111023889
815,2022-06-24,KOSDAQ,에스티아이,(주)에스티아이,A039440,KR7039440003,1346110009460
816,2022-06-24,KOSPI,키움증권,키움증권(주),A039490,KR7039490008,1101111867948
817,2022-06-24,KOSDAQ,다산네트웍스,(주)다산네트웍스,A039560,KR7039560008,1101110924765
818,2022-06-24,KOSPI,HDC랩스,에이치디씨랩스(주),A039570,KR7039570007,1101111775365
819,2022-06-24,KOSDAQ,화성밸브,화성밸브(주),A039610,KR7039610001,1701110030958
820,2022-06-24,KOSDAQ,한국정보공학,한국정보공학(주),A039740,KR7039740006,1101110735766
821,2022-06-24,KOSDAQ,오로라,오로라월드(주),A039830,KR7039830005,1101110407456
822,2022-06-24,KOSDAQ,디오,(주)디오,A039840,KR7039840004,1845110003290
823,2022-06-24,KOSDAQ,나노엔텍,(주)나노엔텍,A039860,KR7039860002,1101110550502
824,2022-06-24,KOSDAQ,리노스,(주)리노스,A039980,KR7039980008,1101110747414
825,2022-06-24,KOSDAQ,누리플렉스,(주)누리플렉스,A040160,KR7040160004,1101111029671
826,2022-06-24,KOSDAQ,YTN,(주)와이티엔,A040300,KR7040300006,1101110971873
827,2022-06-24,KOSDAQ,큐로컴,(주)큐로컴,A040350,KR7040350001,1101111407314
828,2022-06-24,KOSDAQ,정상제이엘에스,(주)정상제이엘에스,A040420,KR7040420002,1243110039762
829,2022-06-24,KOSDAQ,SG&G,(주)에스지엔지,A040610,KR7040610008,1101110984199
830,2022-06-24,KOSDAQ,아이씨디,(주)아이씨디,A040910,KR7040910002,1301110058560
831,2022-06-24,KOSDAQ,폴라리스오피스,(주)폴라리스오피스,A041020,KR7041020009,1101111398117
832,2022-06-24,KOSDAQ,우리기술투자,우리기술투자(주),A041190,KR7041190000,1601110058887
833,2022-06-24,KOSDAQ,현대에버다임,(주)현대에버다임,A041440,KR7041440009,1101111042574
834,2022-06-24,KOSDAQ,한국전자인증,한국전자인증(주),A041460,KR7041460007,1101111665350
835,2022-06-24,KOSDAQ,에스엠,(주)에스엠엔터테인먼트,A041510,KR7041510009,1101111128340
836,2022-06-24,KOSDAQ,이라이콤,(주)이라이콤,A041520,KR7041520008,1301110004620
837,2022-06-24,KOSDAQ,플래스크,(주)플래스크,A041590,KR7041590001,1101111625271
838,2022-06-24,KOSPI,상신브레이크,상신브레이크(주),A041650,KR7041650003,1741110000527
839,2022-06-24,KOSDAQ,인바디,(주)인바디,A041830,KR7041830001,1101111271834
840,2022-06-24,KOSDAQ,에스텍파마,(주)에스텍파마,A041910,KR7041910001,1351110047782
841,2022-06-24,KOSDAQ,메디아나,(주)메디아나,A041920,KR7041920000,1101111168502
842,2022-06-24,KOSDAQ,동아화성,동아화성(주),A041930,KR7041930009,1801110021509
843,2022-06-24,KOSDAQ,코미팜,(주)코미팜,A041960,KR7041960006,1101110134372
844,2022-06-24,KOSDAQ,카페24,카페24(주),A042000,KR7042000000,1101111698145
845,2022-06-24,KOSDAQ,케이피엠테크,(주)케이피엠테크,A042040,KR7042040006,1301110010932
846,2022-06-24,KOSDAQ,에스씨디,(주)에스씨디,A042110,KR7042110007,1345110005858
847,2022-06-24,KOSDAQ,비츠로테크,(주)비츠로테크,A042370,KR7042370007,1101110086169
848,2022-06-24,KOSDAQ,네오위즈홀딩스,(주)네오위즈홀딩스,A042420,KR7042420000,1101111419517
849,2022-06-24,KOSDAQ,링네트,(주)링네트,A042500,KR7042500009,1101111927958
850,2022-06-24,KOSDAQ,라온시큐어,라온시큐어(주),A042510,KR7042510008,1353110002964
851,2022-06-24,KOSDAQ,한스바이오메드,한스바이오메드(주),A042520,KR7042520007,1101111773872
852,2022-06-24,KOSDAQ,새로닉스,(주)새로닉스,A042600,KR7042600007,1753110000762
853,2022-06-24,KOSPI,대우조선해양,대우조선해양(주),A042660,KR7042660001,1101112095837
854,2022-06-24,KOSPI,현대두산인프라코어,현대두산인프라코어(주),A042670,KR7042670000,1201110234469
855,2022-06-24,KOSPI,한미반도체,한미반도체(주),A042700,KR7042700005,1201110038423
856,2022-06-24,KOSDAQ,상지카일룸,(주)상지카일룸,A042940,KR7042940007,1311110004554
857,2022-06-24,KOSDAQ,한창바이오텍,(주)한창바이오텍,A043090,KR7043090000,1101110527767
858,2022-06-24,KOSDAQ,솔고바이오,(주)솔고바이오메디칼,A043100,KR7043100007,1347110014590
859,2022-06-24,KOSDAQ,바텍,(주)바텍,A043150,KR7043150002,1341110036348
860,2022-06-24,KOSDAQ,파루,(주)파루,A043200,KR7043200005,2013110006783
861,2022-06-24,KOSDAQ,티에스넥스젠,(주)티에스넥스젠,A043220,KR7043220003,1101111182726
862,2022-06-24,KOSDAQ,성호전자,성호전자(주),A043260,KR7043260009,1101110145860
863,2022-06-24,KOSDAQ,에쎈테크,(주)에쎈테크,A043340,KR7043340009,1201110087834
864,2022-06-24,KOSDAQ,디지아이,(주)디지아이,A043360,KR7043360007,1115110015359
865,2022-06-24,KOSDAQ,피에이치에이,피에이치에이(주),A043370,KR7043370006,1701110021006
866,2022-06-24,KOSDAQ,크로바하이텍,크로바하이텍(주),A043590,KR7043590009,1101110171168
867,2022-06-24,KOSDAQ,지니뮤직,(주)지니뮤직,A043610,KR7043610005,1601110024284
868,2022-06-24,KOSDAQ,국순당,(주)국순당,A043650,KR7043650001,2013110001155
869,2022-06-24,KOSDAQ,서울리거,(주)서울리거,A043710,KR7043710003,1243110031007
870,2022-06-24,KOSDAQ,자연과환경,(주)자연과환경,A043910,KR7043910009,1101111727853
871,2022-06-24,KOSDAQ,조광ILI,조광아이엘아이(주),A044060,KR7044060002,1801110157643
872,2022-06-24,KOSDAQ,KD,KD(주),A044180,KR7044180008,1201110012914
873,2022-06-24,KOSDAQ,위닉스,(주)위닉스,A044340,KR7044340008,1301110026260
874,2022-06-24,KOSPI,주연테크,(주)주연테크,A044380,KR7044380004,1101110574164
875,2022-06-24,KOSPI,KSS해운,(주)케이에스에스 해운,A044450,KR7044450005,1101110377055
876,2022-06-24,KOSDAQ,블루베리 NFT,(주)블루베리엔에프티,A044480,KR7044480002,1501110000765
877,2022-06-24,KOSDAQ,태웅,(주)태웅,A044490,KR7044490001,1801110073922
878,2022-06-24,KOSDAQ,에이치케이,(주)에이치케이,A044780,KR7044780005,1201110059410
879,2022-06-24,KOSPI,코스맥스비티아이,코스맥스비티아이(주),A044820,KR7044820009,1348110018641
880,2022-06-24,KOSDAQ,이글벳,(주)이글벳,A044960,KR7044960003,1101110361008
881,2022-06-24,KONEX,에이치엔에스하이텍,에이치엔에스하이텍(주),A044990,KR7044990000,1101111219561
882,2022-06-24,KOSDAQ,오공,(주)오공,A045060,KR7045060001,1243110001513
883,2022-06-24,KOSDAQ,한양이엔지,한양이엔지(주),A045100,KR7045100005,1101110582547
884,2022-06-24,KOSDAQ,성우테크론,성우테크론(주),A045300,KR7045300001,1942110025941
885,2022-06-24,KOSDAQ,토탈소프트,(주)토탈소프트뱅크,A045340,KR7045340007,1801110085076
886,2022-06-24,KOSDAQ,대아티아이,대아티아이(주),A045390,KR7045390002,1101111195109
887,2022-06-24,KOSDAQ,정원엔시스,(주)정원엔시스,A045510,KR7045510005,1101110105688
888,2022-06-24,KOSDAQ,크린앤사이언스,(주)크린앤사이언스,A045520,KR7045520004,2112110000553
889,2022-06-24,KOSDAQ,에이텍,(주)에이텍,A045660,KR7045660008,1101110954374
890,2022-06-24,KOSDAQ,코아시아,(주)코아시아,A045970,KR7045970001,1101110944622
891,2022-06-24,KOSDAQ,코다코,(주)코다코,A046070,KR7046070009,1201110147422
892,2022-06-24,KOSDAQ,한일네트웍스,한일네트웍스(주),A046110,KR7046110003,1201110175423
893,2022-06-24,KOSDAQ,오르비텍,(주)오르비텍,A046120,KR7046120002,1101110753734
894,2022-06-24,KOSDAQ,SBS콘텐츠허브,(주)에스비에스콘텐츠허브,A046140,KR7046140000,1101111757694
895,2022-06-24,KOSDAQ,파나진,(주)파나진,A046210,KR7046210001,1701110007098
896,2022-06-24,KOSDAQ,백금T&A,(주)백금티앤에이,A046310,KR7046310009,1101111353153
897,2022-06-24,KOSDAQ,삼화네트웍스,(주)삼화네트웍스,A046390,KR7046390001,1101110809595
898,2022-06-24,KOSDAQ,KG모빌리언스,(주)케이지모빌리언스,A046440,KR7046440004,1101111911050
899,2022-06-24,KOSDAQ,서울반도체,서울반도체(주),A046890,KR7046890000,1101110522436
900,2022-06-24,KOSDAQ,우원개발,우원개발(주),A046940,KR7046940003,1101111600794
901,2022-06-24,KOSDAQ,우리로,(주)우리로,A046970,KR7046970000,2001110093313
902,2022-06-24,KOSPI,대우건설,(주)대우건설,A047040,KR7047040001,1101112137895
903,2022-06-24,KOSPI,포스코인터내셔널,(주)포스코인터내셔널,A047050,KR7047050000,1101112137358
904,2022-06-24,KOSDAQ,한빛소프트,(주)한빛소프트,A047080,KR7047080007,1101111628928
905,2022-06-24,KOSDAQ,파워로직스,(주)파워로직스,A047310,KR7047310008,1101111459191
906,2022-06-24,KOSPI,유니온머티리얼,유니온머티리얼(주),A047400,KR7047400007,1701110176489
907,2022-06-24,KOSDAQ,이스트소프트,(주)이스트소프트,A047560,KR7047560008,1101110974851
908,2022-06-24,KOSDAQ,코데즈컴바인,(주)코데즈컴바인,A047770,KR7047770003,1101111187031
909,2022-06-24,KOSPI,한국항공우주,한국항공우주산업(주),A047810,KR7047810007,1101111827570
910,2022-06-24,KOSDAQ,초록뱀미디어,(주)초록뱀미디어,A047820,KR7047820006,1101111549786
911,2022-06-24,KOSDAQ,HLB제약,에이치엘비제약(주),A047920,KR7047920004,1101111538391
912,2022-06-24,KOSDAQ,오스템임플란트,오스템임플란트(주),A048260,KR7048260004,1101111361669
913,2022-06-24,KOSDAQ,현대바이오,현대바이오사이언스(주),A048410,KR7048410005,1344110015693
914,2022-06-24,KOSDAQ,유라테크,(주)유라테크,A048430,KR7048430003,1101110529820
915,2022-06-24,KOSDAQ,대동스틸,(주)대동스틸,A048470,KR7048470009,1101110150691
916,2022-06-24,KOSDAQ,인트론바이오,(주)인트론바이오테크놀로지,A048530,KR7048530000,1101111636004
917,2022-06-24,KOSDAQ,SM C&C,(주)에스엠컬처앤콘텐츠,A048550,KR7048550008,1101110275134
918,2022-06-24,KOSDAQ,TPC,(주)티피씨메카트로닉스,A048770,KR7048770002,1101110245575
919,2022-06-24,KOSDAQ,엔피케이,(주)엔피케이,A048830,KR7048830004,1101110522311
920,2022-06-24,KOSDAQ,시너지이노베이션,(주)시너지이노베이션,A048870,KR7048870000,1101111530959
921,2022-06-24,KOSDAQ,대원미디어,대원미디어(주),A048910,KR7048910004,1101110222151
922,2022-06-24,KOSDAQ,인탑스,인탑스(주),A049070,KR7049070006,1341110013552
923,2022-06-24,KOSDAQ,기가레인,(주)기가레인,A049080,KR7049080005,1101111867831
924,2022-06-24,KOSDAQ,파인디앤씨,(주)파인디앤씨,A049120,KR7049120009,1101111667273
925,2022-06-24,KOSDAQ,셀루메드,(주)셀루메드,A049180,KR7049180003,1201110019225
926,2022-06-24,KOSDAQ,코메론,(주)코메론,A049430,KR7049430002,1801110047399
927,2022-06-24,KOSDAQ,SGA,에스지에이(주),A049470,KR7049470008,1101111487267
928,2022-06-24,KOSDAQ,오픈베이스,(주)오픈베이스,A049480,KR7049480007,1101110889836
929,2022-06-24,KOSDAQ,유아이엘,유아이엘(주),A049520,KR7049520000,1101110320955
930,2022-06-24,KOSDAQ,잉크테크,(주)잉크테크,A049550,KR7049550007,1101110866785
931,2022-06-24,KOSDAQ,재영솔루텍,재영솔루텍(주),A049630,KR7049630007,1201110060450
932,2022-06-24,KOSDAQ,고려신용정보,고려신용정보(주),A049720,KR7049720006,1101110787080
933,2022-06-24,KOSPI,동원F&B,(주)동원F&B,A049770,KR7049770001,1101112101816
934,2022-06-24,KOSPI,우진플라임,(주)우진플라임,A049800,KR7049800006,1101110822993
935,2022-06-24,KOSDAQ,승일,(주) 승일,A049830,KR7049830003,1201110007204
936,2022-06-24,KOSDAQ,미래컴퍼니,(주)미래컴퍼니,A049950,KR7049950009,1101110911192
937,2022-06-24,KOSDAQ,쎌바이오텍,(주)쎌바이오텍,A049960,KR7049960008,1244110020587
938,2022-06-24,KOSDAQ,비케이홀딩스,(주)비케이홀딩스,A050090,KR7050090000,1760110022266
939,2022-06-24,KOSDAQ,캠시스,(주)캠시스,A050110,KR7050110006,1201110081951
940,2022-06-24,KOSDAQ,ES큐브,(주)ES큐브,A050120,KR7050120005,1801110031516
941,2022-06-24,KOSDAQ,한국코퍼레이션,(주)한국코퍼레이션,A050540,KR7050540004,1101110793657
942,2022-06-24,KOSDAQ,에스폴리텍,(주)에스폴리텍,A050760,KR7050760008,1101111716898
943,2022-06-24,KOSDAQ,아세아텍,(주)아세아텍,A050860,KR7050860006,1741110000098
944,2022-06-24,KOSDAQ,쏠리드,(주)쏠리드,A050890,KR7050890003,1101111603764
945,2022-06-24,KOSDAQ,수산아이앤티,(주)수산아이앤티,A050960,KR7050960004,1101111518830
946,2022-06-24,KOSDAQ,지어소프트,(주)지어소프트,A051160,KR7051160000,1101111574874
947,2022-06-24,KOSDAQ,토비스,(주)토비스,A051360,KR7051360006,1349110013457
948,2022-06-24,KOSDAQ,인터플렉스,(주)인터플렉스,A051370,KR7051370005,1350110042924
949,2022-06-24,KOSDAQ,피씨디렉트,(주)피씨디렉트,A051380,KR7051380004,1101111577977
950,2022-06-24,KOSDAQ,YW,와이더블유 주식회사,A051390,KR7051390003,1311110021699
951,2022-06-24,KOSDAQ,나라엠앤디,나라엠앤디(주),A051490,KR7051490001,1942110033580
952,2022-06-24,KOSDAQ,CJ프레시웨이,씨제이프레시웨이(주),A051500,KR7051500007,1801110083442
953,2022-06-24,KOSPI,한전KPS,한전KPS(주),A051600,KR7051600005,1101110371148
954,2022-06-24,KOSPI,진양화학,진양화학(주),A051630,KR7051630002,1101112141672
955,2022-06-24,KOSDAQ,큐로홀딩스,(주)큐로홀딩스,A051780,KR7051780005,1101110555479
956,2022-06-24,KOSPI,LG생활건강,(주)LG생활건강,A051900,KR7051900009,1101112208000
957,2022-06-24,KOSPI,LG화학,(주)LG화학,A051910,KR7051910008,1101112207995
958,2022-06-24,KOSDAQ,중앙디앤엠,(주)중앙디앤엠,A051980,KR7051980001,1101111686728
959,2022-06-24,KOSDAQ,에스티큐브,(주)에스티큐브,A052020,KR7052020005,1243110025472
960,2022-06-24,KOSDAQ,iMBC,(주)아이엠비씨,A052220,KR7052220001,1101111903643
961,2022-06-24,KOSDAQ,현대바이오랜드,(주)현대바이오랜드,A052260,KR7052260007,1101111192981
962,2022-06-24,KOSDAQ,초록뱀컴퍼니,(주)초록뱀컴퍼니,A052300,KR7052300001,1601110048870
963,2022-06-24,KOSDAQ,코텍,(주)코텍,A052330,KR7052330008,1101110522494
964,2022-06-24,KOSDAQ,코나아이,코나아이(주),A052400,KR7052400009,1101111521700
965,2022-06-24,KOSDAQ,오성첨단소재,오성첨단소재(주),A052420,KR7052420007,1201110097940
966,2022-06-24,KOSDAQ,아이크래프트,아이크래프트(주),A052460,KR7052460003,1101111858814
967,2022-06-24,KOSDAQ,한네트,(주)한네트,A052600,KR7052600004,1101111402851
968,2022-06-24,KOSDAQ,제일바이오,(주)제일바이오,A052670,KR7052670007,1350110030490
969,2022-06-24,KOSPI,한전기술,한국전력기술(주),A052690,KR7052690005,1101110186307
970,2022-06-24,KOSDAQ,아모텍,(주)아모텍,A052710,KR7052710001,1244110019308
971,2022-06-24,KOSDAQ,아이톡시,(주)아이톡시,A052770,KR7052770005,1101111434218
972,2022-06-24,KOSDAQ,액토즈소프트,(주)액토즈소프트,A052790,KR7052790003,1101111335656
973,2022-06-24,KOSDAQ,아이앤씨,(주)아이앤씨테크놀로지,A052860,KR7052860004,1101111342213
974,2022-06-24,KOSDAQ,KMH하이텍,(주)케이엠에이치하이텍,A052900,KR7052900008,1648110010780
975,2022-06-24,KOSDAQ,바이넥스,(주)바이넥스,A053030,KR7053030003,1801110058742
976,2022-06-24,KOSDAQ,지에스이,(주)지에스이,A053050,KR7053050001,1101110624969
977,2022-06-24,KOSDAQ,세동,(주)세동,A053060,KR7053060000,1845110001541
978,2022-06-24,KOSDAQ,원방테크,(주)원방테크,A053080,KR7053080008,1101110645353
979,2022-06-24,KOSDAQ,소리바다,(주)소리바다,A053110,KR7053110003,1712110017953
980,2022-06-24,KOSDAQ,프리엠스,(주)프리엠스,A053160,KR7053160008,1101110660830
981,2022-06-24,KOSPI,스카이라이프,(주)케이티스카이라이프,A053210,KR7053210001,1101112149436
982,2022-06-24,KOSDAQ,금강철강,금강철강(주),A053260,KR7053260006,1101110207799
983,2022-06-24,KOSDAQ,구영테크,(주)구영테크,A053270,KR7053270005,1747110001791
984,2022-06-24,KOSDAQ,예스24,예스이십사(주),A053280,KR7053280004,1101111673288
985,2022-06-24,KOSDAQ,NE능률,(주)엔이능률,A053290,KR7053290003,1101111051137
986,2022-06-24,KOSDAQ,한국정보인증,한국정보인증(주),A053300,KR7053300000,1101111727332
987,2022-06-24,KOSDAQ,이니텍,이니텍(주),A053350,KR7053350005,1601110063240
988,2022-06-24,KOSDAQ,세코닉스,(주)세코닉스,A053450,KR7053450003,1158110006449
989,2022-06-24,KOSDAQ,웹케시,웹케시(주),A053580,KR7053580007,1101111731135
990,2022-06-24,KOSDAQ,한국테크놀로지,(주)한국테크놀로지,A053590,KR7053590006,1351110045025
991,2022-06-24,KOSDAQ,프로텍,(주)프로텍,A053610,KR7053610002,1349110012243
992,2022-06-24,KOSDAQ,태양,(주)태양,A053620,KR7053620001,1615110006118
993,2022-06-24,KOSPI,한미글로벌,(주)한미글로벌건축사사무소,A053690,KR7053690004,1101111283657
994,2022-06-24,KOSDAQ,삼보모터스,삼보모터스(주),A053700,KR7053700001,1101110545529
995,2022-06-24,KOSDAQ,안랩,(주)안랩,A053800,KR7053800009,1101111138985
996,2022-06-24,KOSDAQ,경남제약,경남제약 주식회사,A053950,KR7053950002,1350110085255
997,2022-06-24,KOSDAQ,오상자이엘,오상자이엘(주),A053980,KR7053980009,1201110083303
998,2022-06-24,KOSDAQ,한국컴퓨터,한국컴퓨터(주),A054040,KR7054040001,1760110008737
999,2022-06-24,KOSDAQ,농우바이오,농업회사법인(주)농우바이오,A054050,KR7054050000,1301110015049
1000,2022-06-24,KOSDAQ,삼진엘앤디,(주)삼진엘앤디,A054090,KR7054090006,1348110004664
1001,2022-06-24,KOSDAQ,메디콕스,(주)메디콕스,A054180,KR7054180005,1101111640609
1002,2022-06-24,KOSDAQ,이랜텍,(주)이랜텍,A054210,KR7054210000,1345110002375
1003,2022-06-24,KOSDAQ,비츠로시스,(주)비츠로시스,A054220,KR7054220009,1101110657275
1004,2022-06-24,KOSDAQ,팬스타엔터프라이즈,(주)팬스타엔터프라이즈,A054300,KR7054300009,1201110126038
1005,2022-06-24,KOSDAQ,케이피티유,(주)케이피티유,A054410,KR7054410006,1350110047883
1006,2022-06-24,KOSDAQ,텔레칩스,(주)텔레칩스,A054450,KR7054450002,1101111799513
1007,2022-06-24,KOSDAQ,삼영엠텍,삼영엠텍(주),A054540,KR7054540000,1943110005149
1008,2022-06-24,KOSDAQ,APS홀딩스,에이피에스홀딩스(주),A054620,KR7054620000,1101111315286
1009,2022-06-24,KOSDAQ,에이디칩스,(주)에이디칩스,A054630,KR7054630009,1101111261405
1010,2022-06-24,KOSDAQ,대한뉴팜,대한뉴팜(주),A054670,KR7054670005,1101110383515
1011,2022-06-24,KOSDAQ,키이스트,(주)키이스트,A054780,KR7054780002,1101111327869
1012,2022-06-24,KOSDAQ,아이디스홀딩스,(주)아이디스홀딩스,A054800,KR7054800008,1601110065824
1013,2022-06-24,KOSDAQ,한컴위드,(주)한컴위드,A054920,KR7054920004,1101111673585
1014,2022-06-24,KOSDAQ,유신,(주)유신,A054930,KR7054930003,1101110061666
1015,2022-06-24,KOSDAQ,엑사이엔씨,(주)엑사이엔씨,A054940,KR7054940002,1101110774376
1016,2022-06-24,KOSDAQ,제이브이엠,(주)제이브이엠,A054950,KR7054950001,1701110111352
1017,2022-06-24,KOSPI,테이팩스,(주)테이팩스,A055490,KR7055490007,1201110095499
1018,2022-06-24,KOSPI,신한지주,(주)신한금융지주회사,A055550,KR7055550008,1101112322438
1019,2022-06-24,KOSDAQ,코원플레이,(주)코원플레이,A056000,KR7056000003,1101111319858
1020,2022-06-24,KOSDAQ,유진로봇,(주) 유진로봇,A056080,KR7056080005,1101110991467
1021,2022-06-24,KOSDAQ,에디슨INNO,에디슨이노(주),A056090,KR7056090004,1101111453648
1022,2022-06-24,KOSDAQ,에스에프에이,(주)에스에프에이,A056190,KR7056190002,1942110032714
1023,2022-06-24,KOSDAQ,코위버,코위버(주),A056360,KR7056360001,1101111883225
1024,2022-06-24,KOSDAQ,신화인터텍,신화인터텍(주),A056700,KR7056700008,1348110011677
1025,2022-06-24,KOSDAQ,CNT85,씨앤티85(주),A056730,KR7056730005,1101111347940
1026,2022-06-24,KOSDAQ,YBM넷,(주)와이비엠넷,A057030,KR7057030009,1101111990335
1027,2022-06-24,KOSPI,현대홈쇼핑,(주)현대홈쇼핑,A057050,KR7057050007,1101112248882
1028,2022-06-24,KOSDAQ,옴니시스템,옴니시스템(주),A057540,KR7057540007,1211110054981
1029,2022-06-24,KOSDAQ,티사이언티픽,(주)티사이언티픽,A057680,KR7057680001,1101111577604
1030,2022-06-24,KOSDAQ,피에이치씨,(주)피에이치씨,A057880,KR7057880007,1311110033389
1031,2022-06-24,KOSDAQ,멕아이씨에스,(주)멕아이씨에스,A058110,KR7058110008,1341110063143
1032,2022-06-24,KOSDAQ,아리온,(주)아리온테크놀로지,A058220,KR7058220005,1341110069357
1033,2022-06-24,KOSDAQ,KNN,(주)케이엔엔,A058400,KR7058400003,1801110162585
1034,2022-06-24,KOSDAQ,제이웨이,(주)제이웨이,A058420,KR7058420001,1101111025439
1035,2022-06-24,KOSPI,포스코스틸리온,포스코스틸리온(주),A058430,KR7058430000,1746110006492
1036,2022-06-24,KOSDAQ,일야,(주)일야,A058450,KR7058450008,1101110226327
1037,2022-06-24,KOSDAQ,리노공업,리노공업(주),A058470,KR7058470006,1801110220664
1038,2022-06-24,KOSDAQ,파나케이아,파나케이아(주),A058530,KR7058530007,1101111005879
1039,2022-06-24,KOSDAQ,에스피지,(주)에스피지,A058610,KR7058610007,1243110031213
1040,2022-06-24,KOSDAQ,엠게임,주식회사 엠게임,A058630,KR7058630005,1101111838212
1041,2022-06-24,KOSPI,세아홀딩스,(주)세아홀딩스,A058650,KR7058650003,1101112276809
1042,2022-06-24,KOSPI,다스코,다스코(주),A058730,KR7058730003,2052110005288
1043,2022-06-24,KOSDAQ,CMG제약,(주)CMG제약,A058820,KR7058820002,1350110115846
1044,2022-06-24,KOSPI,KTcs,(주)케이티씨에스,A058850,KR7058850009,1601110119712
1045,2022-06-24,KOSPI,KTis,(주)케이티아이에스,A058860,KR7058860008,1101112271510
1046,2022-06-24,KOSDAQ,엠로,(주)엠로,A058970,KR7058970005,1101111906887
1047,2022-06-24,KOSDAQ,미코,(주)미코,A059090,KR7059090001,1346110012744
1048,2022-06-24,KOSDAQ,아이컴포넌트,(주)아이컴포넌트,A059100,KR7059100008,1301110060490
1049,2022-06-24,KOSDAQ,아진엑스텍,(주)아진엑스텍,A059120,KR7059120006,1801110248369
1050,2022-06-24,KOSDAQ,메타바이오메드,(주)메타바이오메드,A059210,KR7059210005,1501110041925
1051,2022-06-24,KOSDAQ,해성티피씨,(주)해성티피씨,A059270,KR7059270009,1201110148800
1052,2022-06-24,KOSDAQ,인선이엔티,인선이엔티(주),A060150,KR7060150000,1159110017303
1053,2022-06-24,KOSDAQ,소니드,소니드(주),A060230,KR7060230000,1101111833486
1054,2022-06-24,KOSDAQ,룽투코리아,(주)룽투코리아,A060240,KR7060240009,1101110958590
1055,2022-06-24,KOSDAQ,NHN한국사이버결제,엔에이치엔한국사이버결제(주),A060250,KR7060250008,1101111113929
1056,2022-06-24,KOSDAQ,뉴보텍,(주)뉴보텍,A060260,KR7060260007,1412110004279
1057,2022-06-24,KOSDAQ,큐렉소,큐렉소(주),A060280,KR7060280005,1101110839071
1058,2022-06-24,KOSDAQ,레드로버,(주)레드로버,A060300,KR7060300001,1101111282740
1059,2022-06-24,KOSDAQ,3S,(주)삼에스코리아,A060310,KR7060310000,1101110746474
1060,2022-06-24,KOSDAQ,KT서브마린,(주)케이티서브마린,A060370,KR7060370004,1801110181428
1061,2022-06-24,KOSDAQ,동양에스텍,(주)동양에스텍,A060380,KR7060380003,1601110004426
1062,2022-06-24,KOSDAQ,국일신동,국일신동(주),A060480,KR7060480001,1201110082793
1063,2022-06-24,KOSDAQ,에스에이티,(주)에스에이티,A060540,KR7060540002,1101111622540
1064,2022-06-24,KOSDAQ,홈센타홀딩스,(주)홈센타홀딩스,A060560,KR7060560000,1760110003901
1065,2022-06-24,KOSDAQ,드림어스컴퍼니,(주)드림어스컴퍼니,A060570,KR7060570009,1101111637383
1066,2022-06-24,KOSDAQ,씨티씨바이오,(주)씨티씨바이오,A060590,KR7060590007,1101111227077
1067,2022-06-24,KOSDAQ,KH바텍,(주)케이에이치바텍,A060720,KR7060720000,1760110007234
1068,2022-06-24,KOSDAQ,영림원소프트랩,(주)영림원소프트랩,A060850,KR7060850005,1101110944036
1069,2022-06-24,KOSDAQ,대한그린파워,대한그린파워(주),A060900,KR7060900008,1101111384075
1070,2022-06-24,KOSPI,한라홀딩스,(주)한라홀딩스,A060980,KR7060980000,1313110030042
1071,2022-06-24,KOSDAQ,알에프텍,(주)알에프텍,A061040,KR7061040002,1350110045639
1072,2022-06-24,KOSDAQ,화일약품,화일약품(주),A061250,KR7061250007,1344110000719
1073,2022-06-24,KOSDAQ,엘비세미콘,엘비세미콘(주),A061970,KR7061970000,1311110046291
1074,2022-06-24,KOSDAQ,티엘아이,(주)티엘아이,A062860,KR7062860002,1311110035640
1075,2022-06-24,KOSDAQ,피피아이,(주)피피아이,A062970,KR7062970009,2001110105176
1076,2022-06-24,KOSDAQ,컴투스홀딩스,(주)컴투스홀딩스,A063080,KR7063080006,1101111848914
1077,2022-06-24,KOSPI,종근당바이오,(주)종근당바이오,A063160,KR7063160006,1101112373308
1078,2022-06-24,KOSDAQ,서울옥션,(주)서울옥션,A063170,KR7063170005,1101111627011
1079,2022-06-24,KOSDAQ,SM Life Design,(주)에스엠라이프디자인그룹,A063440,KR7063440002,1101111626063
1080,2022-06-24,KOSDAQ,한국전자금융,한국전자금융(주),A063570,KR7063570006,1101111848980
1081,2022-06-24,KOSDAQ,이엘피,(주)이엘피,A063760,KR7063760003,1101111790834
1082,2022-06-24,KOSDAQ,에프앤리퍼블릭,(주)에프앤리퍼블릭,A064090,KR7064090004,1243110033334
1083,2022-06-24,KOSDAQ,홈캐스트,(주)홈캐스트,A064240,KR7064240005,1101111954513
1084,2022-06-24,KOSDAQ,다날,(주)다날,A064260,KR7064260003,1101111435810
1085,2022-06-24,KOSDAQ,인텍플러스,(주)인텍플러스,A064290,KR7064290000,1101111204637
1086,2022-06-24,KOSPI,현대로템,현대로템(주),A064350,KR7064350002,1942110036336
1087,2022-06-24,KOSDAQ,브리지텍,(주)브리지텍,A064480,KR7064480007,1101111143950
1088,2022-06-24,KOSDAQ,유네코,유네코(주),A064510,KR7064510001,1244110001264
1089,2022-06-24,KOSDAQ,바른전자,(주)바른전자,A064520,KR7064520000,1211110060136
1090,2022-06-24,KOSDAQ,바이오니아,(주)바이오니아,A064550,KR7064550007,1601110032542
1091,2022-06-24,KOSDAQ,티씨케이,(주)티씨케이,A064760,KR7064760002,1346110007844
1092,2022-06-24,KOSDAQ,젬백스링크,(주)젬백스링크,A064800,KR7064800006,1101111931230
1093,2022-06-24,KOSDAQ,케이프,(주)케이프,A064820,KR7064820004,1801110051770
1094,2022-06-24,KOSDAQ,에프앤가이드,(주)에프앤가이드,A064850,KR7064850001,1101112017922
1095,2022-06-24,KOSPI,SNT모티브,SNT모티브(주),A064960,KR7064960008,1801110396069
1096,2022-06-24,KOSDAQ,지엔코,(주)지엔코,A065060,KR7065060006,1101111421257
1097,2022-06-24,KOSDAQ,탑엔지니어링,(주)탑엔지니어링,A065130,KR7065130007,1760110007937
1098,2022-06-24,KOSDAQ,엠피대산,(주)엠피대산,A065150,KR7065150005,1101111194739
1099,2022-06-24,KOSDAQ,비엘팜텍,(주)비엘팜텍,A065170,KR7065170003,1545110007397
1100,2022-06-24,KOSDAQ,신성델타테크,신성델타테크(주),A065350,KR7065350001,1942110003096
1101,2022-06-24,KOSDAQ,위세아이텍,(주)위세아이텍,A065370,KR7065370009,1101110723969
1102,2022-06-24,KOSDAQ,에스아이리소스,(주)에스아이리소스,A065420,KR7065420002,1701110031873
1103,2022-06-24,KOSDAQ,이루온,(주)이루온,A065440,KR7065440000,1101111538664
1104,2022-06-24,KOSDAQ,빅텍,(주)빅텍,A065450,KR7065450009,1341110048674
1105,2022-06-24,KOSDAQ,오리엔트정공,(주)오리엔트정공,A065500,KR7065500001,1812110008083
1106,2022-06-24,KOSDAQ,휴비츠,(주)휴비츠,A065510,KR7065510000,1341110065636
1107,2022-06-24,KOSDAQ,와이어블,(주)와이어블,A065530,KR7065530008,1101111359630
1108,2022-06-24,KOSDAQ,녹원씨엔아이,(주)녹원씨엔아이,A065560,KR7065560005,1101110529747
1109,2022-06-24,KOSDAQ,삼영이엔씨,삼영이엔씨(주),A065570,KR7065570004,1801110172667
1110,2022-06-24,KOSDAQ,메디프론,(주)메디프론디비티,A065650,KR7065650004,1101111390816
1111,2022-06-24,KOSDAQ,안트로젠,(주)안트로젠,A065660,KR7065660003,1101111909906
1112,2022-06-24,KOSDAQ,우주일렉트로,(주)우주일렉트로닉스,A065680,KR7065680001,1348110043711
1113,2022-06-24,KOSDAQ,파커스,(주)파커스,A065690,KR7065690000,1201110041327
1114,2022-06-24,KOSDAQ,서호전기,서호전기(주),A065710,KR7065710006,1101110591928
1115,2022-06-24,KOSDAQ,CS,(주)씨에스,A065770,KR7065770000,1101111644809
1116,2022-06-24,KOSDAQ,웰크론,(주)웰크론,A065950,KR7065950008,1101110860216
1117,2022-06-24,KOSDAQ,하츠,(주)하츠,A066130,KR7066130006,1156110003902
1118,2022-06-24,KOSDAQ,큐에스아이,(주)큐에스아이,A066310,KR7066310004,1615110037709
1119,2022-06-24,KOSDAQ,체리부로,(주)체리부로,A066360,KR7066360009,1543110001997
1120,2022-06-24,KOSDAQ,버킷스튜디오,(주)버킷스튜디오,A066410,KR7066410002,1101111646889
1121,2022-06-24,KOSDAQ,와이오엠,(주)와이오엠,A066430,KR7066430000,1101111631476
1122,2022-06-24,KOSPI,LG전자,LG전자(주),A066570,KR7066570003,1101112487050
1123,2022-06-24,KOSDAQ,우수AMS,우수AMS(주),A066590,KR7066590001,1943110003995
1124,2022-06-24,KOSDAQ,국보디자인,(주)국보디자인,A066620,KR7066620006,1101110564066
1125,2022-06-24,KOSDAQ,디스플레이텍,(주)디스플레이테크,A066670,KR7066670001,1760110017077
1126,2022-06-24,KOSDAQ,테라젠이텍스,(주)테라젠이텍스,A066700,KR7066700006,1101110724107
1127,2022-06-24,KOSDAQ,씨씨에스,(주)씨씨에스충북방송,A066790,KR7066790007,1511110009906
1128,2022-06-24,KONEX,제노텍,(주)제노텍,A066830,KR7066830001,1601110064157
1129,2022-06-24,KOSDAQ,디에이피,(주)디에이피,A066900,KR7066900002,1244110006602
1130,2022-06-24,KOSDAQ,손오공,(주)손오공,A066910,KR7066910001,1201110144999
1131,2022-06-24,KOSDAQ,엘앤에프,(주)엘앤에프,A066970,KR7066970005,1760110022654
1132,2022-06-24,KOSDAQ,이엔코퍼레이션,(주)이엔코퍼레이션,A066980,KR7066980004,1313110026091
1133,2022-06-24,KOSDAQ,조이시티,(주)조이시티,A067000,KR7067000000,1101111041633
1134,2022-06-24,KOSDAQ,이씨에스,(주)이씨에스텔레콤,A067010,KR7067010009,1101111784457
1135,2022-06-24,KOSDAQ,대화제약,대화제약(주),A067080,KR7067080002,2111110001529
1136,2022-06-24,KOSDAQ,아프리카TV,(주)아프리카티비,A067160,KR7067160002,1101111263203
1137,2022-06-24,KOSDAQ,오텍,(주)오텍,A067170,KR7067170001,1101110795455
1138,2022-06-24,KOSDAQ,멀티캠퍼스,(주)멀티캠퍼스,A067280,KR7067280008,1101111960792
1139,2022-06-24,KOSDAQ,JW신약,제이더블유신약(주),A067290,KR7067290007,1615110001291
1140,2022-06-24,KOSDAQ,하나마이크론,하나마이크론(주),A067310,KR7067310003,1648110021208
1141,2022-06-24,KONEX,선바이오,선바이오(주),A067370,KR7067370007,1101111424243
1142,2022-06-24,KOSDAQ,아스트,(주)아스트,A067390,KR7067390005,1954110007168
1143,2022-06-24,KOSDAQ,엔브이에이치코리아,엔브이에이치코리아(주),A067570,KR7067570002,1812110003421
1144,2022-06-24,KOSDAQ,HLB생명과학,에이치엘비생명과학(주),A067630,KR7067630004,1101111568885
1145,2022-06-24,KOSDAQ,로지시스,(주)로지시스,A067730,KR7067730002,1101111293119
1146,2022-06-24,KOSDAQ,세진티에스,(주)세진티에스,A067770,KR7067770008,1101111279672
1147,2022-06-24,KOSPI,세이브존I&C,(주)세이브존아이앤씨,A067830,KR7067830000,1101112520644
1148,2022-06-24,KOSDAQ,와이엔텍,(주)와이엔텍,A067900,KR7067900001,2062110001540
1149,2022-06-24,KOSDAQ,이글루,(주)이글루코퍼레이션,A067920,KR7067920009,1101111800659
1150,2022-06-24,KOSDAQ,도이치모터스,도이치모터스(주),A067990,KR7067990002,1942110042721
1151,2022-06-24,KOSDAQ,팬엔터테인먼트,(주)팬엔터테인먼트,A068050,KR7068050004,1101111531460
1152,2022-06-24,KOSDAQ,다원시스,(주)다원시스,A068240,KR7068240001,1350110049607
1153,2022-06-24,KOSPI,셀트리온,(주)셀트리온,A068270,KR7068270008,1350110034038
1154,2022-06-24,KOSPI,삼성출판사,(주)삼성출판사,A068290,KR7068290006,1101112559411
1155,2022-06-24,KOSDAQ,일신바이오,(주)일신바이오베이스,A068330,KR7068330000,1101111079155
1156,2022-06-24,KOSPI,SK렌터카,에스케이렌터카(주),A068400,KR7068400001,1101110577233
1157,2022-06-24,KOSDAQ,셀트리온제약,(주)셀트리온제약,A068760,KR7068760008,1101112112764
1158,2022-06-24,KOSDAQ,DMS,(주)디엠에스,A068790,KR7068790005,1346110012687
1159,2022-06-24,KOSDAQ,디지털대성,(주)디지털대성,A068930,KR7068930007,1101111902835
1160,2022-06-24,KOSDAQ,아이씨케이,(주)아이씨케이,A068940,KR7068940006,1701110141812
1161,2022-06-24,KOSDAQ,웹젠,(주)웹젠,A069080,KR7069080000,1101111955694
1162,2022-06-24,KOSDAQ,코스온,(주)코스온,A069110,KR7069110005,1101111823289
1163,2022-06-24,KOSDAQ,누리플랜,(주)누리플랜,A069140,KR7069140002,1101111015779
1164,2022-06-24,KOSPI,TKG휴켐스,티케이지휴켐스(주),A069260,KR7069260008,1101112611906
1165,2022-06-24,KOSDAQ,유아이디,(주)유아이디,A069330,KR7069330009,1647110001608
1166,2022-06-24,KOSDAQ,엔텔스,(주)엔텔스,A069410,KR7069410009,1101112029456
1167,2022-06-24,KOSPI,대호에이엘,(주)대호에이엘,A069460,KR7069460004,170110233338
1168,2022-06-24,KOSDAQ,에스텍,에스텍(주),A069510,KR7069510006,1845110021812
1169,2022-06-24,KOSDAQ,라이트론,(주)라이트론,A069540,KR7069540003,1601110075170
1170,2022-06-24,KOSPI,대웅제약,(주)대웅제약,A069620,KR7069620003,1348110075342
1171,2022-06-24,KOSPI,한세엠케이,한세엠케이(주),A069640,KR7069640001,1101111144073
1172,2022-06-24,KOSPI,DSR제강,DSR제강(주),A069730,KR7069730000,1801110004753
1173,2022-06-24,KOSDAQ,아이에스이커머스,(주)아이에스이커머스,A069920,KR7069920007,1101112192493
1174,2022-06-24,KOSPI,현대백화점,(주)현대백화점,A069960,KR7069960003,1101112644725
1175,2022-06-24,KOSDAQ,엑스큐어,엑스큐어(주),A070300,KR7070300009,1350110106150
1176,2022-06-24,KOSDAQ,한솔인티큐브,한솔인티큐브(주),A070590,KR7070590005,1101112915605
1177,2022-06-24,KOSPI,용평리조트,주식회사 용평리조트,A070960,KR7070960000,1450110002801
1178,2022-06-24,KOSPI,한국금융지주,한국투자금융지주(주),A071050,KR7071050009,1101112691651
1179,2022-06-24,KOSPI,하이스틸,(주)하이스틸,A071090,KR7071090005,1101112686024
1180,2022-06-24,KOSDAQ,인피니트헬스케어,(주)인피니트헬스케어,A071200,KR7071200000,1101112683179
1181,2022-06-24,KOSDAQ,로체시스템즈,로체시스템즈(주),A071280,KR7071280002,1301110045012
1182,2022-06-24,KOSPI,지역난방공사,한국지역난방공사,A071320,KR7071320006,1112710005962
1183,2022-06-24,KOSDAQ,위니아,(주)위니아,A071460,KR7071460000,1648110015300
1184,2022-06-24,KOSDAQ,에이테크솔루션,에이테크솔루션(주),A071670,KR7071670004,1345110051645
1185,2022-06-24,KOSPI,롯데하이마트,롯데하이마트(주),A071840,KR7071840003,1101110532633
1186,2022-06-24,KOSDAQ,캐스텍코리아,(주)캐스텍코리아,A071850,KR7071850002,1801110273986
1187,2022-06-24,KOSPI,코아스,(주)코아스,A071950,KR7071950000,1101110881642
1188,2022-06-24,KOSPI,STX중공업,STX중공업(주),A071970,KR7071970008,1942110048381
1189,2022-06-24,KOSDAQ,중앙백신,(주)중앙백신연구소,A072020,KR7072020001,1601110042533
1190,2022-06-24,KOSPI,유엔젤,유엔젤(주),A072130,KR7072130008,1311110041192
1191,2022-06-24,KOSDAQ,우리산업홀딩스,우리산업홀딩스(주),A072470,KR7072470008,1341110026480
1192,2022-06-24,KOSDAQ,제넨바이오,(주)제넨바이오,A072520,KR7072520000,1701110150847
1193,2022-06-24,KOSPI,농심홀딩스,(주)농심홀딩스,A072710,KR7072710007,1101112819005
1194,2022-06-24,KOSDAQ,율호,(주)율호,A072770,KR7072770001,1101111518418
1195,2022-06-24,KOSDAQ,메가스터디,메가스터디(주),A072870,KR7072870009,1101112024026
1196,2022-06-24,KOSDAQ,빛샘전자,빛샘전자(주),A072950,KR7072950009,1301110049246
1197,2022-06-24,KOSDAQ,에이치시티,(주)에이치시티,A072990,KR7072990005,1344110015635
1198,2022-06-24,KOSDAQ,케이에스피,(주)케이에스피,A073010,KR7073010001,1801110328550
1199,2022-06-24,KOSDAQ,엘엠에스,(주)엘엠에스,A073110,KR7073110009,1101111651242
1200,2022-06-24,KOSDAQ,듀오백,(주)듀오백,A073190,KR7073190001,1201110040676
1201,2022-06-24,KOSPI,금호타이어,금호타이어(주),A073240,KR7073240004,1101112810590
1202,2022-06-24,KOSDAQ,이노와이어리스,(주)이노와이어리스,A073490,KR7073490005,1101112078073
1203,2022-06-24,KOSDAQ,에프알텍,(주)에프알텍,A073540,KR7073540007,1101112090168
1204,2022-06-24,KOSDAQ,우리손에프앤지,우리손에프앤지 농업회사법인(주),A073560,KR7073560005,2112110005321
1205,2022-06-24,KOSDAQ,WI,(주)더블유아이,A073570,KR7073570004,1101111549108
1206,2022-06-24,KOSDAQ,테라사이언스,테라사이언스(주),A073640,KR7073640005,1901110021119
1207,2022-06-24,KOSDAQ,아미노로직스,(주)아미노로직스,A074430,KR7074430000,1311110030369
1208,2022-06-24,KOSDAQ,원익QnC,(주)원익큐엔씨,A074600,KR7074600008,1760110035615
1209,2022-06-24,KOSPI,이엔플러스,(주)이엔플러스,A074610,KR7074610007,135511014429
1210,2022-06-24,KOSDAQ,플랜티넷,(주)플랜티넷,A075130,KR7075130005,1101111985914
1211,2022-06-24,KOSPI,새론오토모티브,새론오토모티브(주),A075180,KR7075180000,1615110030026
1212,2022-06-24,KOSPI,세진중공업,(주)세진중공업,A075580,KR7075580001,2301110060126
1213,2022-06-24,KOSDAQ,동국알앤에스,(주)동국알앤에스,A075970,KR7075970004,1955110069249
1214,2022-06-24,KOSDAQ,웰크론한텍,(주)웰크론한텍,A076080,KR7076080001,1101111118276
1215,2022-06-24,KONEX,관악산업,관악산업(주),A076340,KR7076340009,1101111569817
1216,2022-06-24,KOSDAQ,해성옵틱스,해성옵틱스(주),A076610,KR7076610005,1348110069163
1217,2022-06-24,KOSDAQ,덕산하이메탈,덕산하이메탈(주),A077360,KR7077360006,2301110056969
1218,2022-06-24,KOSPI,유니퀘스트,유니퀘스트(주),A077500,KR7077500007,1101111216757
1219,2022-06-24,KOSPI,STX엔진,STX엔진(주),A077970,KR7077970002,1942110066763
1220,2022-06-24,KOSPI,텔코웨어,텔코웨어(주),A078000,KR7078000007,1101111848394
1221,2022-06-24,KOSDAQ,이베스트투자증권,이베스트투자증권(주),A078020,KR7078020005,1101111828362
1222,2022-06-24,KOSDAQ,유비쿼스홀딩스,(주)유비쿼스홀딩스,A078070,KR7078070000,1101112023185
1223,2022-06-24,KOSDAQ,국일제지,국일제지(주),A078130,KR7078130002,1345110001377
1224,2022-06-24,KOSDAQ,대봉엘에스,대봉엘에스(주),A078140,KR7078140001,1243110016976
1225,2022-06-24,KOSDAQ,HB테크놀러지,(주)에이치비테크놀러지,A078150,KR7078150000,1311110030335
1226,2022-06-24,KOSDAQ,메디포스트,메디포스트(주),A078160,KR7078160009,1101112007709
1227,2022-06-24,KOSDAQ,컴투스,(주)컴투스,A078340,KR7078340007,1101111571250
1228,2022-06-24,KOSDAQ,한양디지텍,한양디지텍(주),A078350,KR7078350006,1348110094160
1229,2022-06-24,KOSPI,에이블씨엔씨,(주)에이블씨엔씨,A078520,KR7078520004,1101111846174
1230,2022-06-24,KOSDAQ,디아크,(주)디아크,A078590,KR7078590007,1913110002354
1231,2022-06-24,KOSDAQ,대주전자재료,대주전자재료(주),A078600,KR7078600004,1301110007616
1232,2022-06-24,KOSDAQ,지나인제약,지나인제약(주),A078650,KR7078650009,1311110043776
1233,2022-06-24,KOSDAQ,아이오케이,(주)아이오케이컴퍼니,A078860,KR7078860004,1101111952567
1234,2022-06-24,KOSDAQ,가온미디어,가온미디어(주),A078890,KR7078890001,1311110060978
1235,2022-06-24,KOSPI,GS,(주)GS,A078930,KR7078930005,1101113045112
1236,2022-06-24,KOSDAQ,코드네이처,코드네이처(주),A078940,KR7078940004,1201110350124
1237,2022-06-24,KOSDAQ,와토스코리아,와토스코리아(주),A079000,KR7079000006,1201110153916
1238,2022-06-24,KOSPI,CJ CGV,씨제이씨지브이(주),A079160,KR7079160008,1101111673220
1239,2022-06-24,KOSDAQ,한창산업,한창산업(주),A079170,KR7079170007,1348110003715
1240,2022-06-24,KOSDAQ,케스피온,(주)케스피온,A079190,KR7079190005,1101111551608
1241,2022-06-24,KOSDAQ,제우스,(주)제우스,A079370,KR7079370003,1101110600430
1242,2022-06-24,KOSPI,현대리바트,(주)현대리바트,A079430,KR7079430005,1345110034097
1243,2022-06-24,KOSPI,LIG넥스원,엘아이지넥스원(주),A079550,KR7079550000,1101111516933
1244,2022-06-24,KOSDAQ,서산,(주)서산,A079650,KR7079650008,2042110000370
1245,2022-06-24,KOSDAQ,디이엔티,(주)디이엔티,A079810,KR7079810008,1615110044697
1246,2022-06-24,KOSDAQ,가비아,(주)가비아,A079940,KR7079940003,1101111777585
1247,2022-06-24,KOSDAQ,인베니아,인베니아(주),A079950,KR7079950002,1348110056871
1248,2022-06-24,KOSDAQ,동양이엔피,동양이엔피(주),A079960,KR7079960001,1348110004870
1249,2022-06-24,KOSDAQ,투비소프트,(주)투비소프트,A079970,KR7079970000,1101112021395
1250,2022-06-24,KOSPI,휴비스,(주)휴비스,A079980,KR7079980009,1101112102070
1251,2022-06-24,KOSDAQ,에스엔유,에스엔유프리시젼(주),A080000,KR7080000003,1101111515191
1252,2022-06-24,KOSDAQ,이상네트웍스,(주)이상네트웍스,A080010,KR7080010002,1101111892010
1253,2022-06-24,KOSDAQ,모두투어,(주)모두투어네트워크,A080160,KR7080160005,1101110609771
1254,2022-06-24,KOSDAQ,제주반도체,(주)제주반도체,A080220,KR7080220007,1311110047918
1255,2022-06-24,KOSDAQ,모다이노칩,(주)모다이노칩,A080420,KR7080420003,1355110106027
1256,2022-06-24,KOSDAQ,성창오토텍,(주)성창오토텍,A080470,KR7080470008,1313110020308
1257,2022-06-24,KOSDAQ,오디텍,(주)오디텍,A080520,KR7080520000,2149110013103
1258,2022-06-24,KOSDAQ,코디,(주)코디,A080530,KR7080530009,1301110050847
1259,2022-06-24,KOSDAQ,오킨스전자,(주)오킨스전자,A080580,KR7080580004,1341110059845
1260,2022-06-24,KOSDAQ,한국유니온제약,한국유니온제약 주식회사,A080720,KR7080720006,1801110007062
1261,2022-06-24,KOSPI,일진다이아,일진다이아몬드(주),A081000,KR7081000002,1545110029242
1262,2022-06-24,KOSDAQ,티플랙스,(주)티플랙스,A081150,KR7081150005,1101110822159
1263,2022-06-24,KOSDAQ,성우전자,성우전자(주),A081580,KR7081580003,1243110020000
1264,2022-06-24,KOSPI,휠라홀딩스,(주)휠라홀딩스,A081660,KR7081660003,1101110792667
1265,2022-06-24,KOSDAQ,옵트론텍,(주)옵트론텍,A082210,KR7082210006,1601110082513
1266,2022-06-24,KOSDAQ,젬백스,(주)젬백스&카엘,A082270,KR7082270000,1601110069636
1267,2022-06-24,KOSPI,동양생명,동양생명보험(주),A082640,KR7082640004,1101110624688
1268,2022-06-24,KOSDAQ,코스나인,(주)코스나인,A082660,KR7082660002,1760110025872
1269,2022-06-24,KOSPI,HSD엔진,에이치에스디엔진(주),A082740,KR7082740002,1942110038423
1270,2022-06-24,KOSDAQ,비보존 헬스케어,(주)비보존 헬스케어,A082800,KR7082800004,1358110085019
1271,2022-06-24,KOSDAQ,우리바이오,우리바이오(주),A082850,KR7082850009,1350110103198
1272,2022-06-24,KOSDAQ,비츠로셀,(주)비츠로셀,A082920,KR7082920000,1101110548771
1273,2022-06-24,KOSDAQ,엘오티베큠,(주)엘오티베큠,A083310,KR7083310003,1615110049069
1274,2022-06-24,KOSPI,그린케미칼,그린케미칼(주),A083420,KR7083420000,1614110012349
1275,2022-06-24,KOSDAQ,GST,(주)글로벌스탠다드테크놀로지,A083450,KR7083450007,1313110038864
1276,2022-06-24,KOSDAQ,이엠앤아이,(주)이엠앤아이,A083470,KR7083470005,1350110096608
1277,2022-06-24,KOSDAQ,에프엔에스테크,에프엔에스테크(주),A083500,KR7083500009,1345110059459
1278,2022-06-24,KOSDAQ,케이엠,(주)케이엠,A083550,KR7083550004,1450110000540
1279,2022-06-24,KOSDAQ,인콘,(주)인콘,A083640,KR7083640003,1101112039934
1280,2022-06-24,KOSDAQ,비에이치아이,비에이치아이주식회사,A083650,KR7083650002,1943110006262
1281,2022-06-24,KOSDAQ,CSA 코스믹,(주)씨에스에이코스믹,A083660,KR7083660001,1101110657499
1282,2022-06-24,KOSDAQ,크리스탈지노믹스,크리스탈지노믹스(주),A083790,KR7083790006,1601110101016
1283,2022-06-24,KOSDAQ,아바코,(주)아바코,A083930,KR7083930008,1701110166737
1284,2022-06-24,KOSPI,대한제강,대한제강(주),A084010,KR7084010008,1801110003268
1285,2022-06-24,KOSDAQ,휴온스글로벌,(주)휴온스글로벌,A084110,KR7084110006,1101110400202
1286,2022-06-24,KOSDAQ,EV수성,(주)이브이수성,A084180,KR7084180009,1101110313728
1287,2022-06-24,KOSDAQ,유진테크,(주)유진테크,A084370,KR7084370006,1351110051329
1288,2022-06-24,KONEX,유비온,(주)유비온,A084440,KR7084440007,1101111848675
1289,2022-06-24,KOSDAQ,랩지노믹스,(주)랩지노믹스,A084650,KR7084650001,1345110059821
1290,2022-06-24,KOSPI,동양고속,(주)동양고속,A084670,KR7084670009,1341110131073
1291,2022-06-24,KOSPI,이월드,(주)이월드,A084680,KR7084680008,1701110290867
1292,2022-06-24,KOSPI,대상홀딩스,대상홀딩스(주),A084690,KR7084690007,1101113280099
1293,2022-06-24,KOSDAQ,팅크웨어,팅크웨어(주),A084730,KR7084730001,1101111394420
1294,2022-06-24,KOSDAQ,아이티엠반도체,(주)아이티엠반도체,A084850,KR7084850007,1311110046639
1295,2022-06-24,KOSPI,TBH글로벌,(주)티비에이치글로벌,A084870,KR7084870005,1801110346204
1296,2022-06-24,KOSDAQ,헬릭스미스,(주)헬릭스미스,A084990,KR7084990001,1101111343930
1297,2022-06-24,KOSPI,엔케이,(주)엔케이,A085310,KR7085310001,1801110054641
1298,2022-06-24,KOSDAQ,루트로닉,(주)루트로닉,A085370,KR7085370005,1101111437379
1299,2022-06-24,KOSPI,미래에셋생명,미래에셋생명보험(주),A085620,KR7085620003,1601110014483
1300,2022-06-24,KOSDAQ,차바이오텍,(주)차바이오텍,A085660,KR7085660009,1345110065662
1301,2022-06-24,KOSDAQ,뉴프렉스,(주)뉴프렉스,A085670,KR7085670008,1350110103601
1302,2022-06-24,KOSDAQ,알티캐스트,(주)알티캐스트,A085810,KR7085810000,1101111643736
1303,2022-06-24,KOSDAQ,네오티스,(주)네오티스,A085910,KR7085910008,1346110015095
1304,2022-06-24,KOSDAQ,바이오톡스텍,(주)바이오톡스텍,A086040,KR7086040003,1501110048707
1305,2022-06-24,KOSDAQ,진바이오텍,(주)진바이오텍,A086060,KR7086060001,1612110007815
1306,2022-06-24,KONEX,비엘헬스케어,(주)비엘헬스케어,A086220,KR7086220001,1101110907521
1307,2022-06-24,KOSPI,현대글로비스,현대글로비스(주),A086280,KR7086280005,1101112177388
1308,2022-06-24,KOSDAQ,유니테스트,(주)유니테스트,A086390,KR7086390002,1311110047356
1309,2022-06-24,KOSDAQ,동국제약,동국제약(주),A086450,KR7086450004,1101110094477
1310,2022-06-24,KONEX,에스엔피제네틱스,(주)에스엔피제네틱스,A086460,KR7086460003,1101111980584
1311,2022-06-24,KOSDAQ,에코프로,(주)에코프로,A086520,KR7086520004,1101111598379
1312,2022-06-24,KOSDAQ,비엠티,(주)비엠티,A086670,KR7086670007,1801110331502
1313,2022-06-24,KOSDAQ,선진뷰티사이언스,선진뷰티사이언스(주),A086710,KR7086710001,1350110029576
1314,2022-06-24,KOSPI,하나금융지주,(주)하나금융지주,A086790,KR7086790003,1101113352004
1315,2022-06-24,KOSDAQ,바이오솔루션,주식회사 바이오솔루션,A086820,KR7086820008,1301110057421
1316,2022-06-24,KOSDAQ,이수앱지스,(주)이수앱지스,A086890,KR7086890001,1101112203951
1317,2022-06-24,KOSDAQ,메디톡스,(주)메디톡스,A086900,KR7086900008,1648110016928
1318,2022-06-24,KOSDAQ,한컴MDS,(주)한컴MDS,A086960,KR7086960002,1101111626188
1319,2022-06-24,KOSDAQ,쇼박스,(주)쇼박스,A086980,KR7086980000,1101111712309
1320,2022-06-24,KOSDAQ,펩트론,(주)펩트론,A087010,KR7087010005,1601110067234
1321,2022-06-24,KOSDAQ,모바일어플라이언스,모바일어플라이언스 주식회사,A087260,KR7087260006,1311110115054
1322,2022-06-24,KOSDAQ,픽셀플러스,(주)픽셀플러스,A087600,KR7087600003,1601110096473
1323,2022-06-24,KOSDAQ,동아엘텍,(주)동아엘텍,A088130,KR7088130000,1341110065470
1324,2022-06-24,KOSPI,이리츠코크렙,(주)이리츠코크렙기업구조조정부동산투자회사,A088260,KR7088260005,1101113275959
1325,2022-06-24,KOSDAQ,이원컴포텍,이원컴포텍(주),A088290,KR7088290002,1613110004067
1326,2022-06-24,KOSPI,한화생명,한화생명보험(주),A088350,KR7088350004,1101110003204
1327,2022-06-24,KOSDAQ,이녹스,(주)이녹스,A088390,KR7088390000,1346110018221
1328,2022-06-24,KOSPI,진도,(주)진도,A088790,KR7088790001,1101113411024
1329,2022-06-24,KOSDAQ,에이스테크,(주)에이스테크놀로지,A088800,KR7088800008,1201110397241
1330,2022-06-24,KOSDAQ,동우팜투테이블,동우팜투테이블,A088910,KR7088910005,2111110005365
1331,2022-06-24,KOSPI,맥쿼리인프라,맥쿼리한국인프라투융자회사,A088980,KR7088980008,1101112672586
1332,2022-06-24,KOSDAQ,켐트로닉스,(주)켐트로닉스,A089010,KR7089010003,1311110028116
1333,2022-06-24,KOSDAQ,테크윙,(주)테크윙,A089030,KR7089030001,1348110072942
1334,2022-06-24,KOSDAQ,넥스턴바이오,(주)넥스턴바이오사이언스,A089140,KR7089140008,1345110042264
1335,2022-06-24,KOSDAQ,케이씨티,(주)케이씨티,A089150,KR7089150007,1358110088245
1336,2022-06-24,KOSDAQ,THE E&M,더이앤엠(주),A089230,KR7089230007,1801110414837
1337,2022-06-24,KOSPI,HDC현대EP,에이치디씨현대이피(주),A089470,KR7089470009,1650110006768
1338,2022-06-24,KOSDAQ,에이티세미콘,(주)에이티세미콘,A089530,KR7089530000,1344110022747
1339,2022-06-24,KOSPI,제주항공,(주)제주항공,A089590,KR7089590004,2201110050575
1340,2022-06-24,KOSDAQ,나스미디어,(주)나스미디어,A089600,KR7089600001,1101111905516
1341,2022-06-24,KOSDAQ,제이티,(주)제이티,A089790,KR7089790000,1211110061910
1342,2022-06-24,KOSDAQ,유비벨록스,유비벨록스(주),A089850,KR7089850002,1101112062167
1343,2022-06-24,KOSPI,롯데렌탈,롯데렌탈(주),A089860,KR7089860001,1101113326588
1344,2022-06-24,KOSDAQ,코세스,(주)코세스,A089890,KR7089890008,1243110041444
1345,2022-06-24,KOSDAQ,에이피티씨,에이피티씨(주),A089970,KR7089970008,1348110068248
1346,2022-06-24,KOSDAQ,상아프론테크,(주)상아프론테크,A089980,KR7089980007,1201110038209
1347,2022-06-24,KOSPI,평화산업,평화산업(주),A090080,KR7090080003,1701110309329
1348,2022-06-24,KOSDAQ,아이윈,(주)아이윈,A090150,KR7090150004,1845110020244
1349,2022-06-24,KOSPI,노루페인트,(주)노루페인트,A090350,KR7090350000,1341110142575
1350,2022-06-24,KOSDAQ,로보스타,(주)로보스타,A090360,KR7090360009,1101111655393
1351,2022-06-24,KOSPI,메타랩스,(주)메타랩스,A090370,KR7090370008,1101112103953
1352,2022-06-24,KOSDAQ,덕신하우징,(주)덕신하우징,A090410,KR7090410002,1101110730732
1353,2022-06-24,KOSPI,아모레퍼시픽,(주)아모레퍼시픽,A090430,KR7090430000,1101113471036
1354,2022-06-24,KOSDAQ,비에이치,(주)비에이치,A090460,KR7090460007,1350110087483
1355,2022-06-24,KOSDAQ,제이스텍,(주)제이스텍,A090470,KR7090470006,1243110046030
1356,2022-06-24,KOSDAQ,휴림로봇,휴림로봇(주),A090710,KR7090710005,1101111817828
1357,2022-06-24,KOSDAQ,연이비앤티,(주)연이비앤티,A090740,KR7090740002,1615110057153
1358,2022-06-24,KOSDAQ,현대이지웰,(주)현대이지웰,A090850,KR7090850009,1101112693235
1359,2022-06-24,KOSPI,세원이앤씨,세원이앤씨(주),A091090,KR7091090001,1101113489609
1360,2022-06-24,KOSDAQ,이엠텍,(주)이엠텍,A091120,KR7091120006,1801110348945
1361,2022-06-24,KOSDAQ,S&K폴리텍,에스엔케이폴리텍(주),A091340,KR7091340000,1355110101465
1362,2022-06-24,KOSDAQ,텔레필드,(주)텔레필드,A091440,KR7091440008,1101112072330
1363,2022-06-24,KOSDAQ,상신이디피,상신이디피(주),A091580,KR7091580001,1348110016007
1364,2022-06-24,KOSDAQ,남화토건,남화토건(주),A091590,KR7091590000,2001110002843
1365,2022-06-24,KOSDAQ,파트론,(주)파트론,A091700,KR7091700005,1358110090117
1366,2022-06-24,KOSPI,티웨이항공,(주)티웨이항공,A091810,KR7091810002,1101112782046
1367,2022-06-24,KOSDAQ,나노캠텍,나노캠텍(주),A091970,KR7091970004,1345110037710
1368,2022-06-24,KOSDAQ,셀트리온헬스케어,(주)셀트리온헬스케어,A091990,KR7091990002,1341112007066
1369,2022-06-24,KOSDAQ,아미코젠,아미코젠(주),A092040,KR7092040005,1911110019783
1370,2022-06-24,KOSDAQ,디엔에프,(주)디엔에프,A092070,KR7092070002,1601110109896
1371,2022-06-24,KOSDAQ,이크레더블,(주)이크레더블,A092130,KR7092130004,1101112303305
1372,2022-06-24,KOSDAQ,서울바이오시스,서울바이오시스(주),A092190,KR7092190008,1350110122156
1373,2022-06-24,KOSPI,디아이씨,(주)디아이씨,A092200,KR7092200005,1801110025147
1374,2022-06-24,KOSPI,KEC,(주)케이이씨,A092220,KR7092220003,1101113525750
1375,2022-06-24,KOSPI,KPX홀딩스,KPX홀딩스(주),A092230,KR7092230002,1101113520627
1376,2022-06-24,KOSDAQ,현우산업,현우산업(주),A092300,KR7092300003,1201110140484
1377,2022-06-24,KOSPI,기신정기,기신정기(주),A092440,KR7092440007,1201110046476
1378,2022-06-24,KOSDAQ,한라IMS,한라아이엠에스(주),A092460,KR7092460005,1801110186907
1379,2022-06-24,KONEX,럭스피아,럭스피아(주),A092590,KR7092590009,1101111936579
1380,2022-06-24,KOSDAQ,앤씨앤,(주)앤씨앤,A092600,KR7092600006,1101111413361
1381,2022-06-24,KOSDAQ,네오팜,(주)네오팜,A092730,KR7092730001,1601110100688
1382,2022-06-24,KOSPI,동양피스톤,동양피스톤(주),A092780,KR7092780006,1243110003379
1383,2022-06-24,KOSDAQ,엑시콘,(주)엑시콘,A092870,KR7092870005,1311110058402
1384,2022-06-24,KOSPI,LF,(주)LF,A093050,KR7093050003,1101113555187
1385,2022-06-24,KOSDAQ,빅솔론,(주)빅솔론,A093190,KR7093190007,1358110087297
1386,2022-06-24,KOSPI,이아이디,(주)이아이디,A093230,KR7093230001,1752110014707
1387,2022-06-24,KOSPI,형지엘리트,(주)형지엘리트,A093240,KR7093240000,1101112507551
1388,2022-06-24,KOSDAQ,케이아이엔엑스,(주)케이아이엔엑스,A093320,KR7093320000,1101111999593
1389,2022-06-24,KOSPI,후성,(주)후성,A093370,KR7093370005,1314110189425
1390,2022-06-24,KOSDAQ,풍강,(주)풍강,A093380,KR7093380004,1341110002141
1391,2022-06-24,KONEX,엔지브이아이,(주)엔지브이아이,A093510,KR7093510006,1401110013637
1392,2022-06-24,KOSDAQ,매커스,(주)매커스,A093520,KR7093520005,0000000000112
1393,2022-06-24,KOSDAQ,다믈멀티미디어,다믈멀티미디어(주),A093640,KR7093640001,1101111621956
1394,2022-06-24,KOSDAQ,서원인텍,(주)서원인텍,A093920,KR7093920007,1351110045041
1395,2022-06-24,KOSDAQ,동운아나텍,(주)동운아나텍,A094170,KR7094170008,1101113487546
1396,2022-06-24,KOSPI,효성 ITX,효성아이티엑스(주),A094280,KR7094280005,1101111412256
1397,2022-06-24,KOSDAQ,칩스앤미디어,(주)칩스앤미디어,A094360,KR7094360005,1101112732413
1398,2022-06-24,KOSDAQ,갤럭시아머니트리,갤럭시아머니트리(주),A094480,KR7094480001,1101111081928
1399,2022-06-24,KOSPI,맵스리얼티1,미래에셋맵스 아시아퍼시픽 부동산공모 1호 투자회사,A094800,KR7094800000,1101113595852
1400,2022-06-24,KOSDAQ,일진파워,(주)일진파워,A094820,KR7094820008,1101110673966
1401,2022-06-24,KOSDAQ,슈프리마에이치큐,(주)슈프리마에이치큐,A094840,KR7094840006,1101111960437
1402,2022-06-24,KOSDAQ,참좋은여행,참좋은여행(주),A094850,KR7094850005,1101113624007
1403,2022-06-24,KOSDAQ,네오리진,(주)네오리진,A094860,KR7094860004,1101113623463
1404,2022-06-24,KOSDAQ,푸른기술,(주)푸른기술,A094940,KR7094940004,1101111444241
1405,2022-06-24,KOSDAQ,제이엠티,제이엠티(주),A094970,KR7094970001,1101111551749
1406,2022-06-24,KOSDAQ,이엠코리아,이엠코리아(주),A095190,KR7095190005,1943110012186
1407,2022-06-24,KOSDAQ,웨이브일렉트로,(주)웨이브일렉트로닉스,A095270,KR7095270005,1311110043271
1408,2022-06-24,KOSDAQ,ISC,(주)아이에스시,A095340,KR7095340006,1311110057876
1409,2022-06-24,KOSDAQ,미래나노텍,미래나노텍(주),A095500,KR7095500005,1101112577885
1410,2022-06-24,KOSPI,AJ네트웍스,AJ네트웍스 주식회사,A095570,KR7095570008,1101111874654
1411,2022-06-24,KOSDAQ,테스,(주)테스,A095610,KR7095610002,1345110064482
1412,2022-06-24,KOSDAQ,네오위즈,(주)네오위즈,A095660,KR7095660007,0000002222222
1413,2022-06-24,KOSDAQ,제넥신,(주)제넥신,A095700,KR7095700001,1717110036705
1414,2022-06-24,KOSPI,웅진씽크빅,(주)웅진씽크빅,A095720,KR7095720009,2849110065613
1415,2022-06-24,KOSDAQ,에스에너지,(주)에스에너지,A095910,KR7095910006,1101112149890
1416,2022-06-24,KOSDAQ,이트론,이트론(주),A096040,KR7096040001,1101111803976
1417,2022-06-24,KOSDAQ,크레버스,(주)크레버스,A096240,KR7096240007,1101112541575
1418,2022-06-24,KOSPI,베트남개발1,한국월드와이드베트남부동산개발특별자산1호투자회사,A096300,KR7096300009,1101113614058
1419,2022-06-24,KOSDAQ,대창솔루션,(주)대창솔루션,A096350,KR7096350004,1801110028042
1420,2022-06-24,KOSDAQ,씨젠,(주)씨젠,A096530,KR7096530001,1101112070334
1421,2022-06-24,KOSDAQ,알에프세미,주식회사알에프세미,A096610,KR7096610001,1601110088660
1422,2022-06-24,KOSDAQ,에스코넥,주식회사에스코넥,A096630,KR7096630009,1311110045540
1423,2022-06-24,KOSDAQ,멜파스,(주)멜파스,A096640,KR7096640008,1101111870347
1424,2022-06-24,KOSDAQ,에이루트,(주)에이루트,A096690,KR7096690003,1341110095394
1425,2022-06-24,KOSPI,JW홀딩스,JW홀딩스(주),A096760,KR7096760004,1101113710468
1426,2022-06-24,KOSPI,SK이노베이션,SK이노베이션(주),A096770,KR7096770003,1101113710385
1427,2022-06-24,KOSDAQ,엘디티,(주)엘디티,A096870,KR7096870001,1501110031257
1428,2022-06-24,KOSPI,HJ중공업,(주)에이치제이중공업,A097230,KR7097230007,1801110602507
1429,2022-06-24,KOSPI,엠씨넥스,(주)엠씨넥스,A097520,KR7097520001,1101113136383
1430,2022-06-24,KOSDAQ,에스맥,에스맥(주),A097780,KR7097780001,1358110109364
1431,2022-06-24,KOSDAQ,윈팩,(주)윈팩,A097800,KR7097800007,1344110020543
1432,2022-06-24,KOSDAQ,효성오앤비,효성오앤비(주),A097870,KR7097870000,1648110001094
1433,2022-06-24,KOSPI,CJ제일제당,CJ제일제당(주),A097950,KR7097950000,1101113748253
1434,2022-06-24,KOSDAQ,마이크로컨텍솔,(주)마이크로컨텍솔루션,A098120,KR7098120009,1845110022448
1435,2022-06-24,KOSDAQ,고영,(주)고영테크놀러지,A098460,KR7098460009,1101112508088
1436,2022-06-24,KOSDAQ,에스티오,㈜에스티오,A098660,KR7098660004,1101112722761
1437,2022-06-24,KOSDAQ,아이센스,(주)아이센스,A099190,KR7099190001,1101111960924
1438,2022-06-24,KOSDAQ,SDN,에스디엔(주),A099220,KR7099220006,1101111020299
1439,2022-06-24,KOSDAQ,쎄트렉아이,주식회사쎄트렉아이,A099320,KR7099320004,1601110091283
1440,2022-06-24,KOSDAQ,브레인즈컴퍼니,브레인즈컴퍼니(주),A099390,KR7099390007,1101111909865
1441,2022-06-24,KOSDAQ,동방선기,(주)동방선기,A099410,KR7099410003,1941110002884
1442,2022-06-24,KOSDAQ,바이오플러스,바이오플러스 주식회사,A099430,KR7099430001,1101112785355
1443,2022-06-24,KOSDAQ,스맥,(주) 스맥,A099440,KR7099440000,1601110052665
1444,2022-06-24,KOSDAQ,ITX-AI,(주)아이티엑스에이아이,A099520,KR7099520009,1101111517709
1445,2022-06-24,KOSDAQ,이지케어텍,이지케어텍(주),A099750,KR7099750002,1101112165838
1446,2022-06-24,KOSDAQ,모바일리더,(주)모바일리더,A100030,KR7100030006,1101111887491
1447,2022-06-24,KOSDAQ,삼강엠앤티,삼강엠앤티(주),A100090,KR7100090000,1913110003485
1448,2022-06-24,KOSDAQ,뷰웍스,(주)뷰웍스,A100120,KR7100120005,1101111775894
1449,2022-06-24,KOSDAQ,동국S&C,(주)동국에스엔씨,A100130,KR7100130004,1101112276784
1450,2022-06-24,KOSPI,비상교육,(주)비상교육,A100220,KR7100220003,1101112427098
1451,2022-06-24,KOSPI,진양홀딩스,(주)진양홀딩스,A100250,KR7100250000,1801110618091
1452,2022-06-24,KOSDAQ,머큐리,(주)머큐리,A100590,KR7100590009,1201110230277
1453,2022-06-24,KOSDAQ,서암기계공업,서암기계공업(주),A100660,KR7100660000,2042110000784
1454,2022-06-24,KOSDAQ,세운메디칼,(주)세운메디칼,A100700,KR7100700004,1101110324858
1455,2022-06-24,KOSDAQ,미래에셋벤처투자,미래에셋벤처투자 주식회사,A100790,KR7100790005,1101111710527
1456,2022-06-24,KOSPI,SNT에너지,SNT에너지(주),A100840,KR7100840008,1942110090598
1457,2022-06-24,KOSDAQ,상상인인더스트리,(주)상상인인더스트리,A101000,KR7101000008,1955110072268
1458,2022-06-24,KOSPI,인바이오젠,(주)인바이오젠,A101140,KR7101140002,1313110080427
1459,2022-06-24,KOSDAQ,월덱스,(주)월덱스,A101160,KR7101160000,1760110020723
1460,2022-06-24,KOSDAQ,우림피티에스,우림피티에스(주),A101170,KR7101170009,1942110039934
1461,2022-06-24,KOSDAQ,씨큐브,씨큐브(주),A101240,KR7101240000,1543110010576
1462,2022-06-24,KOSDAQ,모베이스,(주)모베이스,A101330,KR7101330009,1101111665516
1463,2022-06-24,KOSDAQ,이엔드디,(주)이엔드디,A101360,KR7101360006,1101113085598
1464,2022-06-24,KOSDAQ,아이엠,(주)아이엠,A101390,KR7101390003,1358110122283
1465,2022-06-24,KOSDAQ,엔시트론,엔시트론(주),A101400,KR7101400000,1101111930787
1466,2022-06-24,KOSDAQ,에스앤에스텍,(주)에스앤에스텍,A101490,KR7101490001,1311110057925
1467,2022-06-24,KOSPI,해태제과식품,해태제과식품주식회사,A101530,KR7101530004,1615110044225
1468,2022-06-24,KOSDAQ,코리아에스이,(주)코리아에스이,A101670,KR7101670008,1101111125289
1469,2022-06-24,KOSDAQ,한국정밀기계,한국정밀기계(주),A101680,KR7101680007,1943110006189
1470,2022-06-24,KOSDAQ,위메이드맥스,(주)위메이드맥스,A101730,KR7101730000,1101111401051
1471,2022-06-24,KOSDAQ,인화정공,인화정공(주),A101930,KR7101930006,1942110032988
1472,2022-06-24,KOSDAQ,어보브반도체,어보브반도체(주),A102120,KR7102120003,1501110093926
1473,2022-06-24,KOSPI,동성케미컬,(주)동성케미컬,A102260,KR7102260007,1801110633031
1474,2022-06-24,KOSPI,쌍방울,(주)쌍방울,A102280,KR7102280005,1101113891169
1475,2022-06-24,KOSDAQ,케이옥션,(주)케이옥션,A102370,KR7102370004,1101113306861
1476,2022-06-24,KOSPI,이연제약,이연제약(주),A102460,KR7102460003,1101110048143
1477,2022-06-24,KOSDAQ,이엔에프테크놀로지,(주)이엔에프테크놀로지,A102710,KR7102710001,1101111957195
1478,2022-06-24,KOSDAQ,코오롱생명과학,코오롱생명과학(주),A102940,KR7102940004,1101111948277
1479,2022-06-24,KOSPI,풍산,(주)풍산,A103140,KR7103140000,1313110083497
1480,2022-06-24,KOSDAQ,에스앤더블류,(주)에스앤더블류,A103230,KR7103230009,1801110095637
1481,2022-06-24,KOSPI,일진전기,일진전기(주),A103590,KR7103590006,1348110159279
1482,2022-06-24,KONEX,씨앗,(주)씨앗,A103660,KR7103660007,1101113438507
1483,2022-06-24,KOSDAQ,우양,(주)우양,A103840,KR7103840005,1644110000820
1484,2022-06-24,KOSDAQ,대성파인텍,(주)대성파인텍,A104040,KR7104040001,1901110037223
1485,2022-06-24,KOSDAQ,NHN벅스,(주)엔에이치엔벅스,A104200,KR7104200001,1101112539322
1486,2022-06-24,KOSDAQ,디와이피엔에프,디와이피엔에프(주),A104460,KR7104460001,1101111725386
1487,2022-06-24,KOSDAQ,티케이케미칼,(주)티케이케미칼,A104480,KR7104480009,1101113783457
1488,2022-06-24,KOSDAQ,코렌텍,(주)코렌텍,A104540,KR7104540000,1101111983653
1489,2022-06-24,KOSDAQ,노랑풍선,(주)노랑풍선,A104620,KR7104620000,1101112307539
1490,2022-06-24,KOSPI,한국철강,한국철강(주),A104700,KR7104700000,1942110094318
1491,2022-06-24,KOSDAQ,원익머트리얼즈,(주)원익머트리얼즈,A104830,KR7104830005,1501110101662
1492,2022-06-24,KOSDAQ,케이엔더블유,(주)케이엔더블유,A105330,KR7105330005,1311110056480
1493,2022-06-24,KOSDAQ,트루윈,(주)트루윈,A105550,KR7105550008,1601110207244
1494,2022-06-24,KOSPI,KB금융,(주)KB금융지주,A105560,KR7105560007,1101113975517
1495,2022-06-24,KOSPI,한세실업,한세실업(주),A105630,KR7105630008,1201110484303
1496,2022-06-24,KOSDAQ,디케이락,디케이락(주),A105740,KR7105740005,1801110121507
1497,2022-06-24,KOSPI,우진,(주)우진,A105840,KR7105840003,1345110001814
1498,2022-06-24,KOSDAQ,하이소닉,(주)하이소닉,A106080,KR7106080005,1350110111703
1499,2022-06-24,KOSDAQ,하이텍팜,(주)하이텍팜,A106190,KR7106190002,1545110012907
1500,2022-06-24,KOSDAQ,파인테크닉스,(주)파인테크닉스,A106240,KR7106240005,1341110173489
1501,2022-06-24,KOSDAQ,노블엠앤비,(주)노블엠앤비,A106520,KR7106520000,1101111905706
1502,2022-06-24,KOSPI,미원홀딩스,미원홀딩스(주),A107590,KR7107590002,2101110063190
1503,2022-06-24,KONEX,한중엔시에스,(주)한중엔시에스,A107640,KR7107640005,1701110090291
1504,2022-06-24,KOSDAQ,톱텍,(주)톱텍,A108230,KR7108230004,1845110014990
1505,2022-06-24,KOSDAQ,LX세미콘,(주)엘엑스세미콘,A108320,KR7108320003,1601110089395
1506,2022-06-24,KOSDAQ,대양전기공업,대양전기공업(주),A108380,KR7108380007,1801110081389
1507,2022-06-24,KOSDAQ,로보티즈,(주)로보티즈,A108490,KR7108490004,1101111670044
1508,2022-06-24,KOSPI,LX하우시스,(주)엘엑스하우시스,A108670,KR7108670001,1101114071207
1509,2022-06-24,KOSDAQ,셀바스AI,(주)셀바스에이아이,A108860,KR7108860008,1101111673816
1510,2022-06-24,KOSPI,컨버즈,컨버즈(주),A109070,KR7109070003,1313110088017
1511,2022-06-24,KOSDAQ,옵티시스,옵티시스(주),A109080,KR7109080002,1301110056407
1512,2022-06-24,KOSDAQ,에스와이,에스와이(주),A109610,KR7109610006,1301110064351
1513,2022-06-24,KOSDAQ,디에스케이,(주)디에스케이,A109740,KR7109740001,1341110045290
1514,2022-06-24,KOSDAQ,진매트릭스,(주)진매트릭스,A109820,KR7109820001,1101112124389
1515,2022-06-24,KOSDAQ,동일금속,동일금속(주),A109860,KR7109860007,1701110020397
1516,2022-06-24,KOSDAQ,에이프로젠 H&G,(주)에이프로젠헬스케어앤게임즈,A109960,KR7109960005,1101111511834
1517,2022-06-24,KOSDAQ,전진바이오팜,전진바이오팜(주),A110020,KR7110020005,1701110273433
1518,2022-06-24,KOSDAQ,크리스에프앤씨,(주)크리스에프앤씨,A110790,KR7110790003,1101111572612
1519,2022-06-24,KOSDAQ,디아이티,디아이티 주식회사,A110990,KR7110990009,1348110112334
1520,2022-06-24,KOSPI,호전실업,호전실업 주식회사,A111110,KR7111110003,1101110393457
1521,2022-06-24,KOSDAQ,남화산업,남화산업(주),A111710,KR7111710000,2001110021009
1522,2022-06-24,KOSPI,영원무역,(주)영원무역,A111770,KR7111770004,1101114129585
1523,2022-06-24,KOSDAQ,KH 전자,케이에이치전자(주),A111870,KR7111870002,1243110021149
1524,2022-06-24,KOSDAQ,위메이드,(주)위메이드,A112040,KR7112040001,1101111873755
1525,2022-06-24,KONEX,KC산업,(주)케이씨산업,A112190,KR7112190004,1312110004403
1526,2022-06-24,KOSPI,씨에스윈드,씨에스윈드(주),A112610,KR7112610001,1101113509887
1527,2022-06-24,KOSDAQ,디젠스,디젠스(주),A113810,KR7113810006,1648110035910
1528,2022-06-24,KOSPI,GKL,그랜드코리아레저(주),A114090,KR7114090004,1101113301457
1529,2022-06-24,KOSDAQ,크루셜텍,크루셜텍(주),A114120,KR7114120009,1648110019948
1530,2022-06-24,KOSDAQ,강원에너지,(주)강원에너지,A114190,KR7114190002,1101110191398
1531,2022-06-24,KOSDAQ,KPX생명과학,케이피엑스라이프사이언스(주),A114450,KR7114450000,2062110029823
1532,2022-06-24,KOSDAQ,폴라리스우노,(주)폴라리스우노,A114630,KR7114630007,2101110024308
1533,2022-06-24,KOSDAQ,아이원스,아이원스(주),A114810,KR7114810005,1348110109828
1534,2022-06-24,KOSDAQ,아이패밀리에스씨,(주)아이패밀리에스씨,A114840,KR7114840002,1101111892333
1535,2022-06-24,KONEX,대주이엔티,대주이엔티(주),A114920,KR7114920002,1201110051590
1536,2022-06-24,KOSDAQ,휴맥스,(주)휴맥스,A115160,KR7115160004,1345110144268
1537,2022-06-24,KOSDAQ,큐리언트,(주)큐리언트,A115180,KR7115180002,1101113926875
1538,2022-06-24,KOSDAQ,인포바인,(주)인포바인,A115310,KR7115310005,1101111877103
1539,2022-06-24,KOSPI,락앤락,(주)락앤락,A115390,KR7115390007,1648110035647
1540,2022-06-24,KOSDAQ,우리넷,(주)우리넷,A115440,KR7115440000,1301110057124
1541,2022-06-24,KOSDAQ,HLB테라퓨틱스,에이치엘비테라퓨틱스(주),A115450,KR7115450009,1601110099451
1542,2022-06-24,KOSDAQ,씨유메디칼,(주)씨유메디칼시스템,A115480,KR7115480006,1412110022619
1543,2022-06-24,KOSDAQ,케이씨에스,(주)케이씨에스,A115500,KR7115500001,1760110032132
1544,2022-06-24,KOSDAQ,씨엔플러스,(주)씨엔플러스,A115530,KR7115530008,1201110330796
1545,2022-06-24,KOSDAQ,스타플렉스,(주)스타플렉스,A115570,KR7115570004,1201110136459
1546,2022-06-24,KOSDAQ,이미지스,(주)이미지스테크놀로지,A115610,KR7115610008,1358110102649
1547,2022-06-24,KOSDAQ,연우,(주)연우,A115960,KR7115960007,1201110101890
1548,2022-06-24,KONEX,태양기계,태양기계(주),A116100,KR7116100009,1348110014126
1549,2022-06-24,KOSPI,대성에너지,대성에너지(주),A117580,KR7117580001,1701110387416
1550,2022-06-24,KOSDAQ,알파홀딩스,(주)알파홀딩스,A117670,KR7117670000,1345110066131
1551,2022-06-24,KOSDAQ,티로보틱스,(주)티로보틱스,A117730,KR7117730002,1311110126936
1552,2022-06-24,KOSPI,초록뱀헬스케어,(주)초록뱀헬스케어,A118000,KR7118000009,1701110391532
1553,2022-06-24,KOSDAQ,모트렉스,모트렉스 주식회사,A118990,KR7118990001,1101112341850
1554,2022-06-24,KOSDAQ,포메탈,(주)포메탈,A119500,KR7119500007,1301110010669
1555,2022-06-24,KOSDAQ,인터로조,(주)인터로조,A119610,KR7119610004,1313110033856
1556,2022-06-24,KOSPI,KC코트렐,케이씨코트렐(주),A119650,KR7119650000,1101114255463
1557,2022-06-24,KOSDAQ,아이텍,아이텍주식회사,A119830,KR7119830008,1351110074149
1558,2022-06-24,KOSDAQ,지엔씨에너지,(주)지엔씨에너지,A119850,KR7119850006,1101110952055
1559,2022-06-24,KOSDAQ,다나와,(주)다나와,A119860,KR7119860005,1101112551996
1560,2022-06-24,KOSPI,조선선재,조선선재(주),A120030,KR7120030002,1717110086312
1561,2022-06-24,KOSPI,코오롱인더,코오롱인더스트리(주),A120110,KR7120110002,1353110013606
1562,2022-06-24,KOSDAQ,대정화금,대정화금(주),A120240,KR7120240007,1101110510415
1563,2022-06-24,KONEX,유니포인트,(주)유니포인트,A121060,KR7121060008,1101111351660
1564,2022-06-24,KOSDAQ,골프존뉴딘홀딩스,(주)골프존뉴딘홀딩스,A121440,KR7121440002,1601110097976
1565,2022-06-24,KOSDAQ,나노신소재,(주)나노신소재,A121600,KR7121600001,1601110094162
1566,2022-06-24,KOSDAQ,비덴트,(주)비덴트,A121800,KR7121800007,1101112476376
1567,2022-06-24,KOSDAQ,코이즈,(주)코이즈,A121850,KR7121850002,2801110073830
1568,2022-06-24,KOSDAQ,에스디시스템,(주)에스디시스템,A121890,KR7121890008,1311110060530
1569,2022-06-24,KOSDAQ,제노레이,(주)제노레이,A122310,KR7122310006,1101112215261
1570,2022-06-24,KOSDAQ,삼기,(주)삼기,A122350,KR7122350002,1101114249458
1571,2022-06-24,KOSDAQ,KMH,(주)케이엠에이치,A122450,KR7122450000,1101112093237
1572,2022-06-24,KOSDAQ,예스티,(주)예스티,A122640,KR7122640006,1348110048183
1573,2022-06-24,KOSDAQ,서진오토모티브,(주)서진오토모티브,A122690,KR7122690001,1101114264828
1574,2022-06-24,KONEX,원포유,(주)원포유,A122830,KR7122830003,1101111532286
1575,2022-06-24,KOSDAQ,와이지엔터테인먼트,(주)와이지엔터테인먼트,A122870,KR7122870009,1101111516397
1576,2022-06-24,KOSPI,아이마켓코리아,(주)아이마켓코리아,A122900,KR7122900004,1101112125262
1577,2022-06-24,KOSDAQ,와이솔,(주)와이솔,A122990,KR7122990005,1358110154111
1578,2022-06-24,KOSDAQ,아이윈플러스,(주)아이윈플러스,A123010,KR7123010001,1101112870784
1579,2022-06-24,KOSDAQ,엠에스오토텍,(주)엠에스오토텍,A123040,KR7123040008,1712110005114
1580,2022-06-24,KOSDAQ,제닉,(주)제닉,A123330,KR7123330003,1345110052677
1581,2022-06-24,KOSDAQ,코리아에프티,코리아에프티(주),A123410,KR7123410003,1101114290039
1582,2022-06-24,KOSDAQ,위메이드플레이,(주)위메이드플레이,A123420,KR7123420002,1101114291540
1583,2022-06-24,KOSDAQ,이엠넷,(주)이엠넷,A123570,KR7123570004,1101111946601
1584,2022-06-24,KOSPI,한국화장품,한국화장품(주),A123690,KR7123690000,1101114342228
1585,2022-06-24,KOSPI,SJM,(주)에스제이엠,A123700,KR7123700007,1314110241465
1586,2022-06-24,KOSDAQ,알톤스포츠,(주)알톤스포츠,A123750,KR7123750002,1101114313807
1587,2022-06-24,KOSDAQ,한일진공,(주)한일진공,A123840,KR7123840001,1101114305614
1588,2022-06-24,KOSDAQ,아나패스,(주)아나패스,A123860,KR7123860009,1101112663436
1589,2022-06-24,KOSPI,한국자산신탁,한국자산신탁(주),A123890,KR7123890006,1101112196304
1590,2022-06-24,KOSDAQ,아이티센,(주)아이티센,A124500,KR7124500000,1101113224849
1591,2022-06-24,KOSDAQ,태웅로직스,주식회사 태웅로직스,A124560,KR7124560004,1101111234543
1592,2022-06-24,KOSDAQ,아모그린텍,(주)아모그린텍,A125210,KR7125210005,1244110064402
1593,2022-06-24,KOSDAQ,비나텍,비나텍주식회사,A126340,KR7126340009,1341110067418
1594,2022-06-24,KOSPI,현대퓨처넷,주식회사 현대퓨처넷,A126560,KR7126560002,1101110842785
1595,2022-06-24,KOSDAQ,코프라,(주)코프라,A126600,KR7126600006,1350110079381
1596,2022-06-24,KOSDAQ,화신정공,(주)화신정공,A126640,KR7126640002,1101114339415
1597,2022-06-24,KOSDAQ,하이비젼시스템,(주)하이비젼시스템,A126700,KR7126700004,1101114324127
1598,2022-06-24,KOSDAQ,뉴로스,(주)뉴로스,A126870,KR7126870005,1601110098073
1599,2022-06-24,KOSDAQ,제이엔케이히터,제이엔케이히터(주),A126880,KR7126880004,1101111591034
1600,2022-06-24,KOSDAQ,디엔에이링크,(주)디엔에이링크,A127120,KR7127120004,1101111907760
1601,2022-06-24,KOSDAQ,매직마이크로,(주)매직마이크로,A127160,KR7127160000,2801110076686
1602,2022-06-24,KOSDAQ,아시아경제,(주)아시아경제,A127710,KR7127710002,1101113251165
1603,2022-06-24,KOSDAQ,에코캡,에코캡 주식회사,A128540,KR7128540002,1801110602755
1604,2022-06-24,KOSDAQ,피제이메탈,(주)피제이메탈,A128660,KR7128660008,1101114382878
1605,2022-06-24,KOSPI,대성산업,대성산업(주),A128820,KR7128820008,1101114382612
1606,2022-06-24,KOSPI,한미약품,한미약품(주),A128940,KR7128940004,1348110197550
1607,2022-06-24,KOSPI,인터지스,인터지스(주),A129260,KR7129260006,1801110001973
1608,2022-06-24,KOSDAQ,앱코,(주)앱코,A129890,KR7129890000,1101112284729
1609,2022-06-24,KOSDAQ,GH신소재,지에이치신소재(주),A130500,KR7130500002,1955110052004
1610,2022-06-24,KOSDAQ,나이스디앤비,(주)나이스디앤비,A130580,KR7130580004,1101112629347
1611,2022-06-24,KOSPI,한전산업,한전산업개발(주),A130660,KR7130660004,1101110692875
1612,2022-06-24,KOSDAQ,티피씨글로벌,(주)티피씨,A130740,KR7130740004,1748110017627
1613,2022-06-24,KOSDAQ,옵투스제약,(주)옵투스제약,A131030,KR7131030009,1101114399906
1614,2022-06-24,KOSDAQ,시큐브,(주)시큐브,A131090,KR7131090003,1311110047447
1615,2022-06-24,KOSDAQ,스카이이앤엠,(주)스카이이앤엠,A131100,KR7131100000,1601110221319
1616,2022-06-24,KOSDAQ,딜리,(주)딜리,A131180,KR7131180002,1154110011579
1617,2022-06-24,KOSDAQ,대한과학,(주)대한과학,A131220,KR7131220006,1101110948997
1618,2022-06-24,KOSDAQ,티에스이,(주)티에스이,A131290,KR7131290009,1615110017818
1619,2022-06-24,KOSDAQ,알서포트,알서포트(주),A131370,KR7131370009,1101114398859
1620,2022-06-24,KOSDAQ,원익피앤이,(주)원익피앤이,A131390,KR7131390007,1342110063894
1621,2022-06-24,KOSDAQ,이브이첨단소재,(주)이브이첨단소재,A131400,KR7131400004,1701110262452
1622,2022-06-24,KOSDAQ,파인텍,(주)파인텍,A131760,KR7131760001,2850110151881
1623,2022-06-24,KOSDAQ,두산테스나,(주)두산테스나,A131970,KR7131970006,1311110082427
1624,2022-06-24,KOSDAQ,메가엠디,메가엠디(주),A133750,KR7133750000,1101112937857
1625,2022-06-24,KOSPI,화인베스틸,(주)화인베스틸,A133820,KR7133820001,1951110010951
1626,2022-06-24,KOSDAQ,이퓨쳐,(주)이퓨쳐,A134060,KR7134060003,1101111860083
1627,2022-06-24,KOSPI,미원화학,미원화학(주),A134380,KR7134380005,2301110172244
1628,2022-06-24,KOSDAQ,탑코미디어,주식회사 탑코미디어,A134580,KR7134580000,1101113615121
1629,2022-06-24,KOSPI,시디즈,(주)시디즈,A134790,KR7134790005,1101114493344
1630,2022-06-24,KONEX,지오씨,지오씨(주),A135160,KR7135160000,2001110130173
1631,2022-06-24,KOSDAQ,아셈스,주식회사 아셈스,A136410,KR7136410008,1801110515685
1632,2022-06-24,KOSDAQ,하림,(주)하림,A136480,KR7136480001,2149110034430
1633,2022-06-24,KOSPI,선진,(주)선진,A136490,KR7136490000,1344110046664
1634,2022-06-24,KOSDAQ,에디슨EV,(주)에디슨이브이,A136510,KR7136510005,1301110064822
1635,2022-06-24,KOSDAQ,윈스,(주)윈스,A136540,KR7136540002,1311110272002
1636,2022-06-24,KONEX,큐엠씨,(주)큐엠씨,A136660,KR7136660008,1341110109947
1637,2022-06-24,KOSDAQ,나래나노텍,주식회사 나래나노텍,A137080,KR7137080008,1345110017746
1638,2022-06-24,KOSPI,에스디바이오센서,에스디바이오센서(주),A137310,KR7137310009,1358110191121
1639,2022-06-24,KOSDAQ,피엔티,(주)피엔티,A137400,KR7137400008,1752110017454
1640,2022-06-24,KOSDAQ,넥스트아이,(주)넥스트아이,A137940,KR7137940003,1348110037954
1641,2022-06-24,KOSDAQ,제이씨케미칼,제이씨케미칼(주),A137950,KR7137950002,1358110124726
1642,2022-06-24,KOSPI,메리츠금융지주,(주)메리츠금융지주,A138040,KR7138040001,1101114566406
1643,2022-06-24,KOSDAQ,신진에스엠,(주)신진에스엠,A138070,KR7138070008,1348110061937
1644,2022-06-24,KOSDAQ,오이솔루션,(주)오이솔루션,A138080,KR7138080007,2001110180384
1645,2022-06-24,KOSDAQ,협진,(주)협진,A138360,KR7138360003,1355110151022
1646,2022-06-24,KOSPI,코오롱플라스틱,코오롱플라스틱(주),A138490,KR7138490008,1713110003504
1647,2022-06-24,KOSDAQ,비즈니스온,(주)비즈니스온커뮤니케이션,A138580,KR7138580006,1101113805293
1648,2022-06-24,KOSDAQ,나이벡,(주)나이벡,A138610,KR7138610001,1101112940933
1649,2022-06-24,KOSDAQ,엘아이에스,(주)엘아이에스,A138690,KR7138690003,1351110082861
1650,2022-06-24,KOSPI,BNK금융지주,(주)BNK금융지주,A138930,KR7138930003,1801110750893
1651,2022-06-24,KOSDAQ,시티랩스,(주)시티랩스,A139050,KR7139050009,1211110142596
1652,2022-06-24,KOSPI,DGB금융지주,(주)DGB금융지주,A139130,KR7139130009,1701110429523
1653,2022-06-24,KOSPI,이마트,(주)이마트,A139480,KR7139480008,1101114594952
1654,2022-06-24,KOSDAQ,키네마스터,키네마스터(주),A139670,KR7139670004,1101112605793
1655,2022-06-24,KOSPI,아주스틸,아주스틸(주),A139990,KR7139990006,1760110020145
1656,2022-06-24,KOSDAQ,서플러스글로벌,(주)서플러스글로벌,A140070,KR7140070004,1101111921140
1657,2022-06-24,KONEX,청광건설,청광건설(주),A140290,KR7140290008,1101113564401
1658,2022-06-24,KOSDAQ,메지온,(주)메지온,A140410,KR7140410002,1101112615578
1659,2022-06-24,KOSDAQ,대창스틸,(주)대창스틸,A140520,KR7140520008,1101110276116
1660,2022-06-24,KONEX,엔솔바이오사이언스,(주)엔솔바이오사이언스,A140610,KR7140610007,1601110112716
1661,2022-06-24,KONEX,위월드,위월드(주),A140660,KR7140660002,1601110101024
1662,2022-06-24,KOSDAQ,알에스오토메이션,알에스오토메이션(주),A140670,KR7140670001,1345110147171
1663,2022-06-24,KOSDAQ,파크시스템스,(주)파크시스템스,A140860,KR7140860008,1101111397648
1664,2022-06-24,KOSPI,에이리츠,에이자기관리부동산투자회사(주),A140910,KR7140910001,1101114464501
1665,2022-06-24,KOSDAQ,비아트론,(주)비아트론,A141000,KR7141000000,1101112405721
1666,2022-06-24,KOSDAQ,디에스앤엘,(주)디에스앤엘,A141020,KR7141020008,1311110170264
1667,2022-06-24,KOSDAQ,레고켐바이오,주식회사 레고켐바이오사이언스,A141080,KR7141080002,1601110206866
1668,2022-06-24,KOSDAQ,유니트론텍,(주)유니트론텍,A142210,KR7142210004,1101111284449
1669,2022-06-24,KOSDAQ,녹십자엠에스,(주)녹십자엠에스,A142280,KR7142280007,1345110076627
1670,2022-06-24,KOSDAQ,비엘,주식회사 비엘,A142760,KR7142760008,1601110091332
1671,2022-06-24,KOSDAQ,아이디스,(주)아이디스,A143160,KR7143160000,1601110302755
1672,2022-06-24,KOSPI,핸즈코퍼레이션,핸즈코퍼레이션(주),A143210,KR7143210003,1201110000323
1673,2022-06-24,KOSDAQ,사람인에이치알,(주)사람인에이치알,A143240,KR7143240000,1101113318387
1674,2022-06-24,KOSDAQ,영우디에스피,(주)영우디에스피,A143540,KR7143540003,1311110110921
1675,2022-06-24,KOSDAQ,지씨셀,(주)지씨셀,A144510,KR7144510005,1345110172532
1676,2022-06-24,KOSDAQ,뉴파워프라즈마,(주)뉴파워프라즈마,A144960,KR7144960002,1101111784952
1677,2022-06-24,KOSDAQ,휴젤,휴젤(주),A145020,KR7145020004,1101112380890
1678,2022-06-24,KOSPI,다이나믹디자인,(주)다이나믹디자인,A145210,KR7145210001,2001110097272
1679,2022-06-24,KOSPI,케이탑리츠,(주)케이탑자기관리부동산투자회사,A145270,KR7145270005,1101114465004
1680,2022-06-24,KOSPI,덴티움,(주)덴티움,A145720,KR7145720009,1351110052892
1681,2022-06-24,KOSPI,삼양사,(주)삼양사,A145990,KR7145990008,1101114720945
1682,2022-06-24,KOSDAQ,비씨엔씨,비씨엔씨(주),A146320,KR7146320007,1342110058902
1683,2022-06-24,KOSDAQ,마이크로프랜드,(주)마이크로프랜드,A147760,KR7147760003,1351110069710
1684,2022-06-24,KOSDAQ,제룡산업,제룡산업(주),A147830,KR7147830004,1101114722917
1685,2022-06-24,KOSDAQ,비디아이,비디아이(주),A148140,KR7148140007,1243110035801
1686,2022-06-24,KOSDAQ,세경하이테크,(주)세경하이테크,A148150,KR7148150006,1345110097540
1687,2022-06-24,KOSDAQ,알엔투테크놀로지,(주)알엔투테크놀로지,A148250,KR7148250004,1156110036979
1688,2022-06-24,KOSDAQ,비플라이소프트,비플라이소프트(주),A148780,KR7148780000,1401110011243
1689,2022-06-24,KONEX,아이케이세미콘,아이케이세미콘(주),A149010,KR7149010001,1101112016635
1690,2022-06-24,KONEX,아퓨어스,아퓨어스 주식회사,A149300,KR7149300006,1159110054727
1691,2022-06-24,KOSDAQ,아바텍,(주)아바텍,A149950,KR7149950008,1701110179623
1692,2022-06-24,KOSDAQ,하이로닉,(주)하이로닉,A149980,KR7149980005,1101113802992
1693,2022-06-24,KONEX,피노텍,피노텍,A150440,KR7150440006,1101113999434
1694,2022-06-24,KOSDAQ,인트로메딕,(주)인트로메딕,A150840,KR7150840007,1101113078907
1695,2022-06-24,KOSDAQ,파수,(주)파수,A150900,KR7150900009,1101111991680
1696,2022-06-24,KOSDAQ,KG ETS,케이지이티에스 주식회사,A151860,KR7151860004,1101111799183
1697,2022-06-24,KOSDAQ,SBW생명과학,에스비더블유생명과학(주),A151910,KR7151910007,1358110109900
1698,2022-06-24,KOSPI,한국ANKOR유전,한국투자ANKOR유전해외자원개발특별자산투자회사1호(지분증권),A152550,KR7152550000,1101114661115
1699,2022-06-24,KOSDAQ,네이블,(주)네이블커뮤니케이션즈,A153460,KR7153460001,1101112707367
1700,2022-06-24,KOSDAQ,우리이앤엘,우리이앤엘(주),A153490,KR7153490008,1314110212929
1701,2022-06-24,KOSDAQ,옵티팜,(주)옵티팜,A153710,KR7153710009,1301110062876
1702,2022-06-24,KOSDAQ,아시아종묘,농업회사법인아시아종묘(주),A154030,KR7154030001,1101113036096
1703,2022-06-24,KOSDAQ,솔루에타,(주)솔루에타,A154040,KR7154040000,1351110065750
1704,2022-06-24,KOSDAQ,와이엠씨,와이엠씨(주),A155650,KR7155650005,1615110096292
1705,2022-06-24,KOSPI,DSR,DSR(주),A155660,KR7155660004,1801110000777
1706,2022-06-24,KOSPI,바다로19호,바다로19호선박투자회사,A155900,KR7155900004,2201110086223
1707,2022-06-24,KOSDAQ,엘앤케이바이오,(주)엘앤케이바이오메드,A156100,KR7156100000,1101114017227
1708,2022-06-24,KOSDAQ,참존글로벌,참존글로벌(주),A158310,KR7158310003,1201110137572
1709,2022-06-24,KOSDAQ,아톤,주식회사 아톤,A158430,KR7158430009,1101111788566
1710,2022-06-24,KOSDAQ,아스플로,(주)아스플로,A159010,KR7159010008,1350110119749
1711,2022-06-24,KOSDAQ,제로투세븐,(주)제로투세븐,A159580,KR7159580000,1101111871072
1712,2022-06-24,KOSDAQ,스킨앤스킨,(주)스킨앤스킨,A159910,KR7159910009,1311110165843
1713,2022-06-24,KOSDAQ,NEW,(주)넥스트엔터테인먼트월드,A160550,KR7160550000,1101113922550
1714,2022-06-24,KOSDAQ,이큐셀,(주)이큐셀,A160600,KR7160600003,1244110067216
1715,2022-06-24,KOSDAQ,싸이맥스,(주)싸이맥스,A160980,KR7160980009,1311110153525
1716,2022-06-24,KOSPI,애경케미칼,애경케미칼(주),A161000,KR7161000005,1101114951243
1717,2022-06-24,KOSPI,한국타이어앤테크놀로지,한국타이어앤테크놀로지(주),A161390,KR7161390000,1101114952093
1718,2022-06-24,KOSDAQ,THE MIDONG,주식회사 더 미동,A161570,KR7161570007,1101114122604
1719,2022-06-24,KOSDAQ,필옵틱스,주식회사 필옵틱스,A161580,KR7161580006,1351110088083
1720,2022-06-24,KOSPI,한국콜마,한국콜마(주),A161890,KR7161890009,1647110030756
1721,2022-06-24,KONEX,루켄테크놀러지스,(주)루켄테크놀러지스,A162120,KR7162120000,1348110145822
1722,2022-06-24,KONEX,디피코,(주)디피코,A163430,KR7163430002,1350110081948
1723,2022-06-24,KOSPI,동일고무벨트,동일고무벨트(주),A163560,KR7163560006,1801110828129
1724,2022-06-24,KOSDAQ,핑거,㈜핑거,A163730,KR7163730005,1101112139776
1725,2022-06-24,KOSDAQ,이루다,주식회사 이루다,A164060,KR7164060006,1351110082291
1726,2022-06-24,KOSDAQ,하나머티리얼즈,하나머티리얼즈(주),A166090,KR7166090001,1615110086227
1727,2022-06-24,KOSDAQ,코아스템,코아스템(주),A166480,KR7166480004,1501110077665
1728,2022-06-24,KOSDAQ,내츄럴엔도텍,(주)내츄럴엔도텍,A168330,KR7168330009,1101112246414
1729,2022-06-24,KOSPI,한국패러랠,한국투자패러랠유전해외자원개발특별자산투자회사1호(지분증권),A168490,KR7168490001,1101114890334
1730,2022-06-24,KOSDAQ,엠브레인,(주)마크로밀엠브레인,A169330,KR7169330008,1101111670234
1731,2022-06-24,KONEX,코스텍시스템,코스텍시스템 주식회사,A169670,KR7169670007,1311110048164
1732,2022-06-24,KOSDAQ,현대공업,(주)현대공업,A170030,KR7170030001,1812110001102
1733,2022-06-24,KOSDAQ,파이오링크,(주)파이오링크,A170790,KR7170790000,1101112035578
1734,2022-06-24,KOSPI,동아에스티,동아에스티(주),A170900,KR7170900005,1101115079713
1735,2022-06-24,KOSDAQ,엘티씨,엘티씨(주),A170920,KR7170920003,1341110160494
1736,2022-06-24,KOSDAQ,램테크놀러지,램테크놀러지(주),A171010,KR7171010002,1345110053211
1737,2022-06-24,KOSDAQ,선익시스템,(주)선익시스템,A171090,KR7171090004,1101110700555
1738,2022-06-24,KOSDAQ,라이온켐텍,(주)라이온켐텍,A171120,KR7171120009,1601110004947
1739,2022-06-24,KOSDAQ,오파스넷,(주)오파스넷,A173130,KR7173130006,1101113104661
1740,2022-06-24,KOSDAQ,에프엔씨엔터,(주)에프엔씨엔터테인먼트,A173940,KR7173940008,1101113580390
1741,2022-06-24,KOSDAQ,장원테크,(주)장원테크,A174880,KR7174880005,1760110020559
1742,2022-06-24,KOSDAQ,앱클론,앱클론(주),A174900,KR7174900001,1101114379213
1743,2022-06-24,KOSDAQ,인포마크,(주)인포마크,A175140,KR7175140003,1101112431669
1744,2022-06-24,KOSDAQ,아이큐어,아이큐어(주),A175250,KR7175250000,1101111982720
1745,2022-06-24,KOSPI,JB금융지주,(주)JB금융지주,A175330,KR7175330000,2101110091498
1746,2022-06-24,KOSDAQ,에이치엔티,에이치엔티일렉트로닉스(주),A176440,KR7176440006,1311110218642
1747,2022-06-24,KONEX,코나솔,(주)코나솔,A176590,KR7176590008,1348110031089
1748,2022-06-24,KONEX,듀켐바이오,(주)듀켐바이오,A176750,KR7176750008,1101112647604
1749,2022-06-24,KOSDAQ,베셀,(주)베셀,A177350,KR7177350006,1358110105388
1750,2022-06-24,KOSDAQ,파버나인,(주)파버나인,A177830,KR7177830007,1201110155011
1751,2022-06-24,KOSDAQ,서진시스템,(주)서진시스템,A178320,KR7178320008,1201110447781
1752,2022-06-24,KONEX,대동고려삼,대동고려삼(주),A178600,KR7178600003,1101112481044
1753,2022-06-24,KOSDAQ,유테크,(주)유테크,A178780,KR7178780003,1351110081475
1754,2022-06-24,KOSPI,SKC코오롱PI,피아이첨단소재(주),A178920,KR7178920005,1543110022729
1755,2022-06-24,KOSDAQ,엠아이텍,(주)엠아이텍,A179290,KR7179290002,1101110742406
1756,2022-06-24,KOSDAQ,애드바이오텍,(주)애드바이오텍,A179530,KR7179530001,1101111999444
1757,2022-06-24,KONEX,렌딩머신,(주)렌딩머신,A179720,KR7179720008,1101114796392
1758,2022-06-24,KOSDAQ,유티아이,(주)유티아이,A179900,KR7179900006,1341110189717
1759,2022-06-24,KONEX,탑선,(주)탑선,A180060,KR7180060006,1601110248652
1760,2022-06-24,KOSDAQ,디엑스앤브이엑스,디엑스앤브이엑스(주),A180400,KR7180400004,1101112262890
1761,2022-06-24,KOSPI,한진칼,(주)한진칼,A180640,KR7180640005,1101115197193
1762,2022-06-24,KOSDAQ,이즈미디어,(주)이즈미디어,A181340,KR7181340001,1358110087437
1763,2022-06-24,KOSPI,NHN,엔에이치엔(주),A181710,KR7181710005,1311110350139
1764,2022-06-24,KOSDAQ,큐브엔터,(주)큐브엔터테인먼트,A182360,KR7182360008,1101115192036
1765,2022-06-24,KOSDAQ,엔케이맥스,(주)엔케이맥스,A182400,KR7182400002,1101112421157
1766,2022-06-24,KOSDAQ,테라셈,테라셈(주),A182690,KR7182690008,1344110015932
1767,2022-06-24,KOSPI,아세아시멘트,아세아시멘트(주),A183190,KR7183190008,1101115238096
1768,2022-06-24,KOSDAQ,코미코,(주)코미코,A183300,KR7183300003,1346110062393
1769,2022-06-24,KONEX,골프존데카,(주)골프존데카,A183410,KR7183410000,1101112911992
1770,2022-06-24,KOSDAQ,엔지켐생명과학,(주)엔지켐생명과학,A183490,KR7183490002,1601110084890
1771,2022-06-24,KOSDAQ,SGA솔루션즈,에스지에이 솔루션즈(주),A184230,KR7184230001,1101115221158
1772,2022-06-24,KONEX,수프로,(주)수프로,A185190,KR7185190006,1101112035130
1773,2022-06-24,KOSDAQ,아이진,아이진(주),A185490,KR7185490000,1101112005018
1774,2022-06-24,KOSPI,종근당,(주)종근당,A185750,KR7185750007,1101115260669
1775,2022-06-24,KOSDAQ,그린플러스,주식회사 그린플러스,A186230,KR7186230009,1348110033605
1776,2022-06-24,KOSDAQ,디티앤씨,(주)디티앤씨,A187220,KR7187220009,1311110053874
1777,2022-06-24,KOSDAQ,신화콘텍,(주)신화콘텍,A187270,KR7187270004,1101112637291
1778,2022-06-24,KOSDAQ,제노포커스,(주)제노포커스,A187420,KR7187420005,1601110095821
1779,2022-06-24,KOSDAQ,에이디엠코리아,에이디엠코리아(주),A187660,KR7187660006,1101112887193
1780,2022-06-24,KOSDAQ,나노,(주)나노,A187790,KR7187790001,1101115248376
1781,2022-06-24,KOSDAQ,디바이스이엔지,(주)디바이스이엔지,A187870,KR7187870001,1615110052450
1782,2022-06-24,KOSDAQ,인텔리안테크,(주)인텔리안테크놀로지스,A189300,KR7189300007,1101112948086
1783,2022-06-24,KOSDAQ,씨이랩,(주)씨이랩,A189330,KR7189330004,1101114401438
1784,2022-06-24,KONEX,코셋,(주)코셋,A189350,KR7189350002,2101110025083
1785,2022-06-24,KOSDAQ,포시에스,(주)포시에스,A189690,KR7189690001,1101113940221
1786,2022-06-24,KOSDAQ,서전기전,(주)서전기전,A189860,KR7189860000,1101110816938
1787,2022-06-24,KOSDAQ,흥국에프엔비,(주)흥국에프엔비,A189980,KR7189980006,2801110086726
1788,2022-06-24,KOSDAQ,나무가,(주)나무가,A190510,KR7190510008,1311110126192
1789,2022-06-24,KOSDAQ,코리아에셋투자증권,코리아에셋투자증권(주),A190650,KR7190650002,1101111844970
1790,2022-06-24,KOSDAQ,육일씨엔에쓰,(주)육일씨엔에쓰,A191410,KR7191410000,1101113637810
1791,2022-06-24,KOSDAQ,테고사이언스,테고사이언스(주),A191420,KR7191420009,1601110114126
1792,2022-06-24,KONEX,블루탑,(주)블루탑,A191600,KR7191600006,1246110281820
1793,2022-06-24,KOSPI,더블유게임즈,(주)더블유게임즈,A192080,KR7192080000,1101114855924
1794,2022-06-24,KOSDAQ,케이사인,(주)케이사인,A192250,KR7192250009,1101115300647
1795,2022-06-24,KOSDAQ,윈하이텍,(주)윈하이텍,A192390,KR7192390003,1545110049654
1796,2022-06-24,KOSPI,쿠쿠홀딩스,쿠쿠홀딩스(주),A192400,KR7192400000,1845110000634
1797,2022-06-24,KOSDAQ,THQ,(주)더에이치큐,A192410,KR7192410009,1301110044808
1798,2022-06-24,KOSDAQ,슈피겐코리아,(주)슈피겐코리아,A192440,KR7192440006,1101114045848
1799,2022-06-24,KOSPI,드림텍,(주)드림텍,A192650,KR7192650000,1615110027883
1800,2022-06-24,KOSPI,코스맥스,코스맥스(주),A192820,KR7192820009,1348110294273
1801,2022-06-24,KOSDAQ,와이제이엠게임즈,(주)와이제이엠게임즈,A193250,KR7193250008,1101113016999
1802,2022-06-24,KOSPI,제이에스코퍼레이션,(주)제이에스코퍼레이션,A194370,KR7194370003,1101110554992
1803,2022-06-24,KOSDAQ,데브시스터즈,데브시스터즈(주),A194480,KR7194480000,1101113687568
1804,2022-06-24,KOSDAQ,노바렉스,(주)노바렉스,A194700,KR7194700001,1501110120399
1805,2022-06-24,KOSDAQ,마니커에프앤지,(주)마니커에프앤지,A195500,KR7195500004,1345110080529
1806,2022-06-24,KOSPI,해성디에스,해성디에스(주),A195870,KR7195870001,1942110223694
1807,2022-06-24,KOSDAQ,HK이노엔,에이치케이이노엔 주식회사,A195940,KR7195940002,1101115379692
1808,2022-06-24,KOSDAQ,에이비프로바이오,(주)에이비프로바이오,A195990,KR7195990007,1701110271528
1809,2022-06-24,KOSDAQ,알테오젠,(주)알테오젠,A196170,KR7196170005,1601110242050
1810,2022-06-24,KOSDAQ,애니젠,애니젠(주),A196300,KR7196300008,2001110115802
1811,2022-06-24,KOSDAQ,코아시아옵틱스,(주)코아시아옵틱스,A196450,KR7196450001,1345110233665
1812,2022-06-24,KOSDAQ,디에이테크놀로지,(주)디에이테크놀로지,A196490,KR7196490007,1101111958888
1813,2022-06-24,KOSDAQ,웹스,(주)웹스,A196700,KR7196700009,1801110378835
1814,2022-06-24,KOSDAQ,디지캡,(주)디지캡,A197140,KR7197140007,1101111928295
1815,2022-06-24,KOSDAQ,엔피디,(주)엔피디,A198080,KR7198080004,1101114275958
1816,2022-06-24,KOSDAQ,고려시멘트,(주)고려시멘트,A198440,KR7198440000,1101115403623
1817,2022-06-24,KONEX,데이터스트림즈,(주)데이터스트림즈,A199150,KR7199150004,1101112331918
1818,2022-06-24,KONEX,바이오프로테크,(주)바이오프로테크,A199290,KR7199290008,1101111973729
1819,2022-06-24,KOSDAQ,툴젠,(주)툴젠,A199800,KR7199800004,1101111785827
1820,2022-06-24,KOSDAQ,제일전기공업,제일전기공업(주),A199820,KR7199820002,1801110037887
1821,2022-06-24,KOSDAQ,콜마비앤에이치,콜마비앤에이치(주),A200130,KR7200130003,1101115399517
1822,2022-06-24,KOSDAQ,텔콘RF제약,(주)텔콘알에프제약,A200230,KR7200230001,1345110031382
1823,2022-06-24,KOSDAQ,래몽래인,(주)래몽래인,A200350,KR7200350007,1101113629841
1824,2022-06-24,KOSDAQ,에이팩트,(주)에이팩트,A200470,KR7200470003,1344110035203
1825,2022-06-24,KONEX,메디쎄이,(주)메디쎄이,A200580,KR7200580009,1348110088014
1826,2022-06-24,KOSDAQ,휴메딕스,(주)휴메딕스,A200670,KR7200670008,1101112727141
1827,2022-06-24,KOSDAQ,에이디테크놀로지,(주)에이디테크놀로지,A200710,KR7200710002,1311110081627
1828,2022-06-24,KOSDAQ,비씨월드제약,(주)비씨월드제약,A200780,KR7200780005,1243110005515
1829,2022-06-24,KOSPI,서연이화,(주)서연이화,A200880,KR7200880003,1101115455476
1830,2022-06-24,KOSDAQ,미투온,(주)미투온,A201490,KR7201490000,1101114358382
1831,2022-06-24,KONEX,판도라티비,(주)판도라티비,A202960,KR7202960001,1101111642738
1832,2022-06-24,KOSDAQ,에이비온,에이비온(주),A203400,KR7203400007,1101113660142
1833,2022-06-24,KOSDAQ,유니온커뮤니티,(주)유니온커뮤니티,A203450,KR7203450002,1101111892903
1834,2022-06-24,KOSDAQ,드림시큐리티,(주)드림시큐리티,A203650,KR7203650007,1101115448356
1835,2022-06-24,KOSDAQ,프로스테믹스,(주)프로스테믹스,A203690,KR7203690003,1101115448520
1836,2022-06-24,KOSDAQ,그리티,(주)그리티,A204020,KR7204020002,1101111773799
1837,2022-06-24,KOSPI,모두투어리츠,(주)모두투어자기관리부동산투자회사,A204210,KR7204210009,1101115313731
1838,2022-06-24,KOSDAQ,제이앤티씨,(주)제이앤티씨,A204270,KR7204270003,1101111334583
1839,2022-06-24,KOSPI,만도,(주)만도,A204320,KR7204320006,1313110140776
1840,2022-06-24,KOSDAQ,글로벌텍스프리,글로벌텍스프리(주),A204620,KR7204620009,1101115480233
1841,2022-06-24,KOSDAQ,스튜디오산타클로스,(주)스튜디오 산타클로스 엔터테인먼트,A204630,KR7204630008,1101115488493
1842,2022-06-24,KOSDAQ,지엘팜텍,지엘팜텍(주),A204840,KR7204840003,1101115478626
1843,2022-06-24,KOSDAQ,엑셈,(주)엑셈,A205100,KR7205100001,1101115496868
1844,2022-06-24,KOSDAQ,휴마시스,휴마시스(주),A205470,KR7205470008,1101115503308
1845,2022-06-24,KOSDAQ,액션스퀘어,(주)액션스퀘어,A205500,KR7205500002,1101115501302
1846,2022-06-24,KOSDAQ,베노홀딩스,(주)베노홀딩스,A206400,KR7206400004,1101115518084
1847,2022-06-24,KOSDAQ,덱스터,(주)덱스터스튜디오,A206560,KR7206560005,2850110209804
1848,2022-06-24,KOSDAQ,바디텍메드,바디텍메드(주),A206640,KR7206640005,1101115527168
1849,2022-06-24,KOSDAQ,유바이오로직스,(주)유바이오로직스,A206650,KR7206650004,1101114294122
1850,2022-06-24,KONEX,볼빅,(주)볼빅,A206950,KR7206950008,1545110040511
1851,2022-06-24,KONEX,에이펙스인텍,에이펙스인텍(주),A207490,KR7207490004,1760110015592
1852,2022-06-24,KOSDAQ,미스터블루,미스터블루(주),A207760,KR7207760000,1101115535038
1853,2022-06-24,KOSPI,삼성바이오로직스,삼성바이오로직스(주),A207940,KR7207940008,1201110566317
1854,2022-06-24,KOSDAQ,정다운,(주)정다운,A208140,KR7208140004,1101115542497
1855,2022-06-24,KOSDAQ,파멥신,(주)파멥신,A208340,KR7208340000,1601110247141
1856,2022-06-24,KOSDAQ,지란지교시큐리티,(주)지란지교시큐리티,A208350,KR7208350009,1101115527019
1857,2022-06-24,KOSDAQ,셀바스헬스케어,(주)셀바스헬스케어,A208370,KR7208370007,1101115530111
1858,2022-06-24,KOSDAQ,썸에이지,(주)썸에이지,A208640,KR7208640003,1101115545962
1859,2022-06-24,KOSDAQ,바이오로그디바이스,(주)바이오로그디바이스,A208710,KR7208710004,1101115546217
1860,2022-06-24,KONEX,이비테크,이비테크(주),A208850,KR7208850008,1601110106727
1861,2022-06-24,KOSDAQ,엔지스테크널러지,(주)엔지스테크널러지,A208860,KR7208860007,1101111574709
1862,2022-06-24,KONEX,미래엔에듀파트너,(주)미래엔에듀파트너,A208890,KR7208890004,1101114073188
1863,2022-06-24,KONEX,빅텐츠,(주)빅토리콘텐츠,A210120,KR7210120002,1101112753873
1864,2022-06-24,KOSPI,디와이파워,디와이파워(주),A210540,KR7210540001,1942110234534
1865,2022-06-24,KOSPI,SK디앤디,SK디앤디(주),A210980,KR7210980009,1101113001685
1866,2022-06-24,KOSDAQ,인카금융서비스,인카금융서비스(주),A211050,KR7211050000,1101113773094
1867,2022-06-24,KOSDAQ,AP위성,에이피위성(주),A211270,KR7211270004,1101114531045
1868,2022-06-24,KONEX,휴벡셀,(주)휴벡셀,A212310,KR7212310007,1101113559238
1869,2022-06-24,KOSDAQ,네오오토,(주)네오오토,A212560,KR7212560007,1101114255801
1870,2022-06-24,KOSDAQ,덕산네오룩스,덕산네오룩스(주),A213420,KR7213420003,1615110176036
1871,2022-06-24,KOSPI,한솔제지,한솔제지(주),A213500,KR7213500002,1101115604700
1872,2022-06-24,KOSDAQ,클래시스,(주)클래시스,A214150,KR7214150005,1101115618355
1873,2022-06-24,KOSDAQ,민앤지,(주)민앤지,A214180,KR7214180002,1101114063535
1874,2022-06-24,KOSDAQ,라파스,(주)라파스,A214260,KR7214260002,1101113430040
1875,2022-06-24,KOSDAQ,FSN,(주)에프에스엔,A214270,KR7214270001,1101115617076
1876,2022-06-24,KOSDAQ,에스엘바이오닉스,(주)에스엘바이오닉스,A214310,KR7214310005,1311110191004
1877,2022-06-24,KOSPI,이노션,(주)이노션,A214320,KR7214320004,1101113229097
1878,2022-06-24,KOSPI,금호에이치티,(주)금호에이치티,A214330,KR7214330003,2059110000169
1879,2022-06-24,KOSDAQ,케어젠,(주)케어젠,A214370,KR7214370009,1101112310946
1880,2022-06-24,KOSPI,경보제약,(주)경보제약,A214390,KR7214390007,1648110001961
1881,2022-06-24,KOSPI,토니모리,(주)토니모리,A214420,KR7214420002,1101113500249
1882,2022-06-24,KOSDAQ,아이쓰리시스템,아이쓰리시스템(주),A214430,KR7214430001,1601110072738
1883,2022-06-24,KOSDAQ,파마리서치,(주)파마리서치,A214450,KR7214450009,1101112183749
1884,2022-06-24,KOSDAQ,(주)미코바이오메드,주식회사 미코바이오메드,A214610,KR7214610008,1501110123252
1885,2022-06-24,KOSDAQ,디알텍,(주)디알텍,A214680,KR7214680001,1101115633585
1886,2022-06-24,KOSDAQ,뉴지랩파마,뉴지랩파마(주),A214870,KR7214870008,1211110117424
1887,2022-06-24,KOSDAQ,골프존,(주)골프존,A215000,KR7215000001,1601110393069
1888,2022-06-24,KONEX,비엔디생활건강,(주)비엔디생활건강,A215050,KR7215050006,1101114768440
1889,2022-06-24,KOSDAQ,휴센텍,(주)휴센텍,A215090,KR7215090002,1101115642726
1890,2022-06-24,KOSDAQ,로보로보,(주)로보로보,A215100,KR7215100009,1101115638741
1891,2022-06-24,KOSDAQ,메가스터디교육,메가스터디교육(주),A215200,KR7215200007,1101115685966
1892,2022-06-24,KOSDAQ,우리산업,우리산업(주),A215360,KR7215360009,1345110257251
1893,2022-06-24,KOSDAQ,우정바이오,(주)우정바이오,A215380,KR7215380007,1101115649938
1894,2022-06-24,KOSDAQ,토박스코리아,(주)토박스코리아,A215480,KR7215480005,1101115648518
1895,2022-06-24,KONEX,크로넥스,크로넥스(주),A215570,KR7215570003,1348110243379
1896,2022-06-24,KOSDAQ,신라젠,신라젠(주),A215600,KR7215600008,1801110550194
1897,2022-06-24,KOSDAQ,이노인스트루먼트,(주)이노인스트루먼트,A215790,KR7215790007,1101115658640
1898,2022-06-24,KOSDAQ,인크로스,인크로스(주),A216050,KR7216050005,1101113734955
1899,2022-06-24,KOSDAQ,제테마,(주)제테마,A216080,KR7216080002,1358110168568
1900,2022-06-24,KONEX,원텍,원텍(주),A216280,KR7216280008,1748110019285
1901,2022-06-24,KONEX,인바이츠바이오코아,인바이츠바이오코아(주),A216400,KR7216400002,1101112250077
1902,2022-06-24,KOSDAQ,제너셈,제너셈(주),A217190,KR7217190008,1246110236750
1903,2022-06-24,KOSDAQ,넵튠,(주)넵튠,A217270,KR7217270008,1101115671171
1904,2022-06-24,KONEX,썬테크,(주)썬테크,A217320,KR7217320001,2013110007757
1905,2022-06-24,KOSDAQ,싸이토젠,(주)싸이토젠,A217330,KR7217330000,1311110251395
1906,2022-06-24,KOSDAQ,에스디생명공학,(주)에스디생명공학,A217480,KR7217480003,1101113971466
1907,2022-06-24,KOSDAQ,러셀,(주)러셀,A217500,KR7217500008,1101115677864
1908,2022-06-24,KOSDAQ,켐온,(주)켐온,A217600,KR7217600006,1101115678846
1909,2022-06-24,KOSDAQ,디딤,(주)디딤,A217620,KR7217620004,1101115680643
1910,2022-06-24,KOSDAQ,강스템바이오텍,주식회사 강스템바이오텍,A217730,KR7217730001,1101114461002
1911,2022-06-24,KOSDAQ,엔에스,(주)엔에스,A217820,KR7217820000,1348110045535
1912,2022-06-24,KONEX,틸론,(주)틸론,A217880,KR7217880004,1101112304387
1913,2022-06-24,KONEX,에스제이켐,주식회사 에스제이켐,A217910,KR7217910009,1647110011772
1914,2022-06-24,KONEX,파마리서치바이오,(주)파마리서치바이오,A217950,KR7217950005,1311110242344
1915,2022-06-24,KOSDAQ,미래생명자원,(주)미래생명자원,A218150,KR7218150001,1101115687615
1916,2022-06-24,KOSDAQ,RFHIC,알에프에이치아이씨(주),A218410,KR7218410009,1101115695337
1917,2022-06-24,KOSDAQ,타이거일렉,주식회사 타이거일렉,A219130,KR7219130002,1201110228610
1918,2022-06-24,KOSDAQ,링크제니시스,(주)링크제니시스,A219420,KR7219420007,1101112914459
1919,2022-06-24,KOSDAQ,디와이디,(주)디와이디,A219550,KR7219550001,1101115703594
1920,2022-06-24,KOSDAQ,지티지웰니스,(주)지티지웰니스,A219750,KR7219750007,1101111651101
1921,2022-06-24,KOSDAQ,퓨쳐켐,(주)퓨쳐켐,A220100,KR7220100002,1246110260311
1922,2022-06-24,KOSDAQ,핸디소프트,(주)핸디소프트,A220180,KR7220180004,1311110243912
1923,2022-06-24,KOSDAQ,켐트로스,(주)켐트로스,A220260,KR7220260004,1101115723120
1924,2022-06-24,KONEX,유투바이오,주식회사 유투바이오,A221800,KR7221800006,1101114022325
1925,2022-06-24,KOSDAQ,하이즈항공,하이즈항공(주),A221840,KR7221840002,1101112376401
1926,2022-06-24,KOSDAQ,케이디켐,케이디켐(주),A221980,KR7221980006,1341110013255
1927,2022-06-24,KOSDAQ,코스맥스엔비티,코스맥스엔비티(주),A222040,KR7222040008,1101112407470
1928,2022-06-24,KOSDAQ,씨아이에스,씨아이에스(주),A222080,KR7222080004,1101115731032
1929,2022-06-24,KOSDAQ,팬젠,(주)팬젠,A222110,KR7222110009,1311110248194
1930,2022-06-24,KOSDAQ,바이옵트로,바이옵트로(주),A222160,KR7222160004,1311110051034
1931,2022-06-24,KOSDAQ,쎄노텍,(주)쎄노텍,A222420,KR7222420002,1101115733509
1932,2022-06-24,KONEX,플럼라인생명과학,(주)플럼라인생명과학,A222670,KR7222670002,1101115304897
1933,2022-06-24,KOSDAQ,심텍,(주)심텍,A222800,KR7222800005,1501110205802
1934,2022-06-24,KOSDAQ,마이더스AI,(주)마이더스AI,A222810,KR7222810004,1101115745520
1935,2022-06-24,KOSDAQ,한국맥널티,한국맥널티(주),A222980,KR7222980005,1101111495971
1936,2022-06-24,KONEX,로지스몬,(주)로지스몬,A223220,KR7223220005,1101115206283
1937,2022-06-24,KOSDAQ,드림씨아이에스,(주)드림씨아이에스,A223250,KR7223250002,1101111953953
1938,2022-06-24,KOSDAQ,커머스마이너,커머스마이너 주식회사,A223310,KR7223310004,1101114519281
1939,2022-06-24,KONEX,에스케이씨에스,(주)에스케이씨에스,A224020,KR7224020008,1348110097792
1940,2022-06-24,KOSDAQ,코디엠,(주)코디엠,A224060,KR7224060004,1615110031686
1941,2022-06-24,KOSDAQ,에이텍티앤,(주)에이텍티앤,A224110,KR7224110007,1311110416816
1942,2022-06-24,KONEX,엔에스컴퍼니,(주)엔에스컴퍼니,A224760,KR7224760009,1101111089401
1943,2022-06-24,KONEX,엄지하우스,(주)엄지하우스,A224810,KR7224810002,1101110427074
1944,2022-06-24,KOSDAQ,삼양옵틱스,주식회사 삼양옵틱스,A225190,KR7225190008,1942110216483
1945,2022-06-24,KOSDAQ,제놀루션,(주)제놀루션,A225220,KR7225220003,1101113403972
1946,2022-06-24,KOSDAQ,케이엠제약,케이엠제약(주),A225430,KR7225430008,1101115779909
1947,2022-06-24,KOSDAQ,보광산업,(주)보광산업,A225530,KR7225530005,1743110003882
1948,2022-06-24,KOSDAQ,넥슨게임즈,(주)넥슨게임즈,A225570,KR7225570001,1101115781277
1949,2022-06-24,KOSDAQ,패션플랫폼,패션플랫폼(주),A225590,KR7225590009,1101115782473
1950,2022-06-24,KOSPI,잇츠한불,(주)잇츠한불,A226320,KR7226320000,1101113394048
1951,2022-06-24,KOSDAQ,신테카바이오,(주)신테카바이오,A226330,KR7226330009,1101114179457
1952,2022-06-24,KOSDAQ,본느,(주)본느,A226340,KR7226340008,1101115794478
1953,2022-06-24,KOSDAQ,KH 건설,케이에이치건설 주식회사,A226360,KR7226360006,1101115794494
1954,2022-06-24,KOSDAQ,오스테오닉,(주)오스테오닉,A226400,KR7226400000,1101114816570
1955,2022-06-24,KOSDAQ,한송네오텍,(주)한송네오텍,A226440,KR7226440006,1101115796789
1956,2022-06-24,KOSDAQ,올릭스,올릭스 주식회사,A226950,KR7226950004,1358110177957
1957,2022-06-24,KOSDAQ,에이치앤비디자인,(주)에이치앤비디자인,A227100,KR7227100005,1101114865569
1958,2022-06-24,KONEX,도부마스크,도부마스크(주),A227420,KR7227420007,1101113623348
1959,2022-06-24,KOSDAQ,아우딘퓨쳐스,(주)아우딘퓨쳐스,A227610,KR7227610003,1101112131821
1960,2022-06-24,KOSPI,현대코퍼레이션홀딩스,현대코퍼레이션홀딩스(주),A227840,KR7227840006,1101115851559
1961,2022-06-24,KOSDAQ,엔투텍,(주)엔투텍,A227950,KR7227950003,1101115829407
1962,2022-06-24,KOSDAQ,동양파일,동양파일(주),A228340,KR7228340006,1648110073035
1963,2022-06-24,KOSDAQ,레이,주식회사 레이,A228670,KR7228670006,1345110084018
1964,2022-06-24,KOSDAQ,지노믹트리,(주)지노믹트리,A228760,KR7228760005,1601110105498
1965,2022-06-24,KOSDAQ,레이언스,(주)레이언스,A228850,KR7228850004,1348110216516
1966,2022-06-24,KOSDAQ,젠큐릭스,(주)젠큐릭스,A229000,KR7229000005,1101114690768
1967,2022-06-24,KONEX,노브메타파마,(주)노브메타파마,A229500,KR7229500004,1101114465111
1968,2022-06-24,KOSPI,LS전선아시아,엘에스전선 아시아 주식회사,A229640,KR7229640008,1341110411706
1969,2022-06-24,KOSDAQ,에치에프알,(주)에치에프알,A230240,KR7230240004,1101115855973
1970,2022-06-24,KOSDAQ,에코마케팅,(주)에코마케팅,A230360,KR7230360000,1101112743866
1971,2022-06-24,KOSDAQ,에이트원,(주)에이트원,A230980,KR7230980005,1101115868041
1972,2022-06-24,KOSDAQ,와이아이케이,와이아이케이(주),A232140,KR7232140004,1101115869346
1973,2022-06-24,KONEX,이엠티,(주)이엠티,A232530,KR7232530006,1351110097612
1974,2022-06-24,KOSDAQ,라온테크,(주)라온테크,A232680,KR7232680009,1201110216699
1975,2022-06-24,KONEX,시큐센,(주)시큐센,A232830,KR7232830000,1101114736520
1976,2022-06-24,KONEX,메디안디노스틱,(주)메디안디노스틱,A233250,KR7233250000,1341110069167
1977,2022-06-24,KONEX,질경이,(주)질경이,A233990,KR7233990001,1101115093862
1978,2022-06-24,KONEX,에이원알폼,(주)에이원알폼,A234070,KR7234070001,1101113216276
1979,2022-06-24,KOSPI,JW생명과학,제이더블유생명과학(주),A234080,KR7234080000,1350110057395
1980,2022-06-24,KOSDAQ,폴라리스세원,(주)폴라리스세원,A234100,KR7234100006,1348110015885
1981,2022-06-24,KOSDAQ,에스트래픽,에스트래픽 주식회사,A234300,KR7234300002,1311110332864
1982,2022-06-24,KOSDAQ,세틀뱅크,세틀뱅크(주),A234340,KR7234340008,1101112085523
1983,2022-06-24,KOSDAQ,녹십자웰빙,(주)녹십자웰빙,A234690,KR7234690006,1345110083218
1984,2022-06-24,KOSDAQ,자이글,자이글(주),A234920,KR7234920007,2850110153481
1985,2022-06-24,KOSDAQ,메드팩토,(주)메드팩토,A235980,KR7235980000,1358110232363
1986,2022-06-24,KONEX,씨알푸드,(주)씨알푸드,A236030,KR7236030003,1512110018814
1987,2022-06-24,KOSDAQ,슈프리마,(주)슈프리마,A236200,KR7236200002,1311110433589
1988,2022-06-24,KONEX,메디젠휴먼케어,(주)메디젠휴먼케어,A236340,KR7236340006,1101114922286
1989,2022-06-24,KOSDAQ,엔비티,(주)엔비티,A236810,KR7236810008,1101114962042
1990,2022-06-24,KOSDAQ,에스티팜,에스티팜(주),A237690,KR7237690003,1545110039704
1991,2022-06-24,KOSDAQ,피앤씨테크,피앤씨테크(주),A237750,KR7237750005,1341110064711
1992,2022-06-24,KOSDAQ,플레이디,주식회사 플레이디,A237820,KR7237820006,1311110251048
1993,2022-06-24,KOSDAQ,클리오,(주)클리오,A237880,KR7237880000,1101111421273
1994,2022-06-24,KOSDAQ,앤디포스,(주)앤디포스,A238090,KR7238090005,1545110045488
1995,2022-06-24,KOSDAQ,얼라인드,(주)얼라인드제네틱스,A238120,KR7238120000,1341110170980
1996,2022-06-24,KONEX,엔에스엠,(주)엔에스엠,A238170,KR7238170005,1348110201038
1997,2022-06-24,KOSDAQ,비피도,주식회사 비피도,A238200,KR7238200000,1101111787378
1998,2022-06-24,KOSDAQ,힘스,(주)힘스,A238490,KR7238490007,1101111634272
1999,2022-06-24,KONEX,로보쓰리,(주)로보쓰리,A238500,KR7238500003,1101112858483
2000,2022-06-24,KOSDAQ,줌인터넷,줌인터넷(주),A239340,KR7239340003,1101115970961
2001,2022-06-24,KOSDAQ,에이치엘사이언스,(주)에이치엘사이언스,A239610,KR7239610009,1341110077704
2002,2022-06-24,KOSDAQ,피엔에이치테크,(주)피엔에이치테크,A239890,KR7239890007,1311110237931
2003,2022-06-24,KOSDAQ,원익IPS,(주)원익아이피에스,A240810,KR7240810002,1313110163174
2004,2022-06-24,KOSDAQ,DSC인베스트먼트,디에스씨인베스트먼트(주),A241520,KR7241520006,1101114778267
2005,2022-06-24,KOSPI,두산밥캣,두산밥캣 주식회사,A241560,KR7241560002,1101115402237
2006,2022-06-24,KOSPI,화승엔터프라이즈,주식회사 화승엔터프라이즈,A241590,KR7241590009,1101115891943
2007,2022-06-24,KOSDAQ,유니테크노,(주)유니테크노,A241690,KR7241690007,1801110327981
2008,2022-06-24,KOSDAQ,코스메카코리아,(주)코스메카코리아,A241710,KR7241710003,1545110016091
2009,2022-06-24,KOSDAQ,메카로,(주)메카로,A241770,KR7241770007,1201110233338
2010,2022-06-24,KOSDAQ,오션브릿지,오션브릿지(주),A241790,KR7241790005,1101114809963
2011,2022-06-24,KOSDAQ,피씨엘,피씨엘(주),A241820,KR7241820000,1352110022823
2012,2022-06-24,KOSDAQ,에이스토리,(주)에이스토리,A241840,KR7241840008,1101112929276
2013,2022-06-24,KOSDAQ,나무기술,나무기술(주),A242040,KR7242040004,1101116016673
2014,2022-06-24,KONEX,피엔아이컴퍼니,(주)피엔아이컴퍼니,A242350,KR7242350007,1101113044651
2015,2022-06-24,KOSDAQ,휴온스,(주)휴온스,A243070,KR7243070000,1311110446029
2016,2022-06-24,KOSDAQ,신흥에스이씨,신흥에스이씨(주),A243840,KR7243840006,1348110178873
2017,2022-06-24,KONEX,굿센,(주)굿센,A243870,KR7243870003,1101113091107
2018,2022-06-24,KOSDAQ,올리패스,올리패스(주),A244460,KR7244460002,1101113562570
2019,2022-06-24,KONEX,나눔테크,(주)나눔테크,A244880,KR7244880001,2001110214745
2020,2022-06-24,KOSPI,에이플러스에셋,주식회사 에이플러스에셋어드바이저,A244920,KR7244920005,1101113691973
2021,2022-06-24,KONEX,씨앤에스링크,(주)씨앤에스링크,A245450,KR7245450002,1101112072869
2022,2022-06-24,KOSDAQ,EDGC,이원다이애그노믹스(주),A245620,KR7245620000,1201110658289
2023,2022-06-24,KONEX,에스엘에스바이오,(주)에스엘에스바이오,A246250,KR7246250005,1101113602524
2024,2022-06-24,KOSDAQ,TS인베스트먼트,주식회사 티에스인베스트먼트,A246690,KR7246690002,1101113840843
2025,2022-06-24,KOSDAQ,티앤알바이오팹,(주)티앤알바이오팹,A246710,KR7246710008,1355110249041
2026,2022-06-24,KOSDAQ,아스타,(주)아스타,A246720,KR7246720007,1311110157098
2027,2022-06-24,KOSDAQ,이노테라피,(주)이노테라피,A246960,KR7246960009,1101114327915
2028,2022-06-24,KOSDAQ,에코프로비엠,(주)에코프로비엠,A247540,KR7247540008,1501110219184
2029,2022-06-24,KOSDAQ,나노씨엠에스,나노씨엠에스(주),A247660,KR7247660004,1648110026753
2030,2022-06-24,KONEX,젬,(주)젬,A248020,KR7248020000,1101114160779
2031,2022-06-24,KOSPI,솔루엠,주식회사 솔루엠,A248070,KR7248070005,1358110272682
2032,2022-06-24,KOSPI,샘표식품,샘표식품(주),A248170,KR7248170003,1101116110045
2033,2022-06-24,KOSPI,일동제약,일동제약(주),A249420,KR7249420001,1101116139277
2034,2022-06-24,KOSDAQ,보라티알,(주)보라티알,A250000,KR7250000007,1101115879030
2035,2022-06-24,KONEX,진코스텍,주식회사 진코스텍,A250030,KR7250030004,1314110243742
2036,2022-06-24,KOSDAQ,모비스,(주)모비스,A250060,KR7250060001,1101116108587
2037,2022-06-24,KOSDAQ,예선테크,(주)예선테크,A250930,KR7250930005,1101116122470
2038,2022-06-24,KOSDAQ,바이오에프디엔씨,주식회사 바이오에프디엔씨,A251120,KR7251120002,1201110388092
2039,2022-06-24,KOSPI,넷마블,넷마블(주),A251270,KR7251270005,1101114731299
2040,2022-06-24,KONEX,안지오랩,(주)안지오랩,A251280,KR7251280004,1601110082795
2041,2022-06-24,KOSDAQ,와이엠티,와이엠티(주),A251370,KR7251370003,1201110185810
2042,2022-06-24,KOSDAQ,브이원텍,(주)브이원텍,A251630,KR7251630000,1311110164978
2043,2022-06-24,KOSDAQ,펌텍코리아,펌텍코리아 주식회사,A251970,KR7251970000,1211110088451
2044,2022-06-24,KOSDAQ,세화피앤씨,(주)세화피앤씨,A252500,KR7252500004,1101116153095
2045,2022-06-24,KOSDAQ,샘씨엔에스,(주)샘씨엔에스,A252990,KR7252990007,1311110449718
2046,2022-06-24,KOSDAQ,스튜디오드래곤,스튜디오드래곤(주),A253450,KR7253450001,1101116052164
2047,2022-06-24,KOSDAQ,네오셈,(주)네오셈,A253590,KR7253590004,1101116168614
2048,2022-06-24,KONEX,루트락,(주)루트락,A253610,KR7253610000,1211110269473
2049,2022-06-24,KOSDAQ,수젠텍,(주)수젠텍,A253840,KR7253840003,1601110312126
2050,2022-06-24,KOSDAQ,자비스,(주)자비스,A254120,KR7254120009,1101116178564
2051,2022-06-24,KONEX,제이엠멀티,(주)제이엠멀티,A254160,KR7254160005,1101113865643
2052,2022-06-24,KOSDAQ,SG,에스지이(주),A255220,KR7255220006,1201110517154
2053,2022-06-24,KOSDAQ,야스,(주)야스,A255440,KR7255440000,1101112494451
2054,2022-06-24,KOSDAQ,한독크린텍,(주)한독크린텍,A256150,KR7256150004,1601110165806
2055,2022-06-24,KOSDAQ,포인트엔지니어링,(주)포인트엔지니어링,A256630,KR7256630005,1101116201737
2056,2022-06-24,KOSDAQ,한국비엔씨,(주)한국비엔씨,A256840,KR7256840000,1101116202305
2057,2022-06-24,KOSDAQ,케이피에스,(주)케이피에스,A256940,KR7256940008,1101112063743
2058,2022-06-24,KOSDAQ,명성티엔에스,명성티엔에스(주),A257370,KR7257370007,1701110207177
2059,2022-06-24,KOSDAQ,실리콘투,주식회사 실리콘투,A257720,KR7257720003,1101112425448
2060,2022-06-24,KONEX,나우코스,(주)나우코스,A257990,KR7257990002,1211110074525
2061,2022-06-24,KONEX,테크트랜스,(주)테크트랜스,A258050,KR7258050004,1748110058069
2062,2022-06-24,KONEX,셀젠텍,(주)셀젠텍,A258250,KR7258250000,2001110168265
2063,2022-06-24,KONEX,스템랩,(주)스템랩,A258540,KR7258540004,1101114643626
2064,2022-06-24,KOSDAQ,케일럼,(주)케일럼,A258610,KR7258610005,1101114097518
2065,2022-06-24,KOSDAQ,소프트캠프,소프트캠프(주),A258790,KR7258790005,1101116219037
2066,2022-06-24,KOSDAQ,세종메디칼,(주)세종메디칼,A258830,KR7258830009,2849110088798
2067,2022-06-24,KOSDAQ,엠플러스,(주)엠플러스,A259630,KR7259630002,1341110106357
2068,2022-06-24,KOSPI,크래프톤,주식회사 크래프톤,A259960,KR7259960003,1101113645772
2069,2022-06-24,KOSDAQ,알리코제약,알리코제약(주),A260660,KR7260660006,1350110038048
2070,2022-06-24,KONEX,SK시그넷,SK시그넷(주),A260870,KR7260870001,2058110018148
2071,2022-06-24,KOSDAQ,씨티케이,(주)씨티케이,A260930,KR7260930003,1101112233560
2072,2022-06-24,KOSDAQ,에스앤디,(주)에스앤디,A260970,KR7260970009,1615110028766
2073,2022-06-24,KOSDAQ,덴티스,주식회사 덴티스,A261200,KR7261200000,1101116246759
2074,2022-06-24,KOSDAQ,차백신연구소,(주)차백신연구소,A261780,KR7261780001,1101111992670
2075,2022-06-24,KOSDAQ,에이프로,(주)에이프로,A262260,KR7262260003,1351110053143
2076,2022-06-24,KOSDAQ,아이퀘스트,(주)아이퀘스트,A262840,KR7262840002,1101111346439
2077,2022-06-24,KOSDAQ,디케이앤디,(주)디케이앤디,A263020,KR7263020000,1101111967243
2078,2022-06-24,KOSDAQ,유틸렉스,(주)유틸렉스,A263050,KR7263050007,2850110287959
2079,2022-06-24,KOSDAQ,어스앤에어로스페이스,주식회사 어스앤에어로스페이스,A263540,KR7263540007,1954110007985
2080,2022-06-24,KOSDAQ,덕우전자,덕우전자(주),A263600,KR7263600009,1760110006963
2081,2022-06-24,KOSDAQ,디알젬,(주)디알젬,A263690,KR7263690000,1101112863789
2082,2022-06-24,KOSDAQ,케어랩스,(주)케어랩스,A263700,KR7263700007,1201110607278
2083,2022-06-24,KOSDAQ,디앤씨미디어,주식회사 디앤씨미디어,A263720,KR7263720005,1101114767153
2084,2022-06-24,KOSDAQ,펄어비스,주식회사 펄어비스,A263750,KR7263750002,1341110195582
2085,2022-06-24,KOSDAQ,유에스티,(주)유에스티,A263770,KR7263770000,1101116298148
2086,2022-06-24,KOSDAQ,데이타솔루션,(주)데이타솔루션,A263800,KR7263800005,1101114504901
2087,2022-06-24,KOSDAQ,상신전자,상신전자(주),A263810,KR7263810004,1341110025060
2088,2022-06-24,KOSDAQ,지니언스,지니언스(주),A263860,KR7263860009,1311110131159
2089,2022-06-24,KOSDAQ,휴엠앤씨,(주)휴엠앤씨,A263920,KR7263920001,1201110290289
2090,2022-06-24,KOSDAQ,유비쿼스,(주)유비쿼스,A264450,KR7264450008,1311110475341
2091,2022-06-24,KOSDAQ,씨앤지하이테크,씨앤지하이테크(주),A264660,KR7264660002,1348110072786
2092,2022-06-24,KOSDAQ,이랜시스,(주)이랜시스,A264850,KR7264850009,1101116314449
2093,2022-06-24,KOSPI,크라운제과,(주)크라운제과,A264900,KR7264900002,1101116332590
2094,2022-06-24,KOSDAQ,AP시스템,에이피시스템(주),A265520,KR7265520007,1348110400341
2095,2022-06-24,KOSDAQ,영화테크,영화테크(주),A265560,KR7265560003,1615110038129
2096,2022-06-24,KOSDAQ,엔에프씨,주식회사엔에프씨,A265740,KR7265740001,1201110608755
2097,2022-06-24,KONEX,뿌리깊은나무들,뿌리깊은나무들(주),A266170,KR7266170000,1101114339316
2098,2022-06-24,KONEX,바이오인프라생명과학,(주)바이오인프라생명과학,A266470,KR7266470004,1246110241808
2099,2022-06-24,KONEX,파워풀엑스,(주)파워풀엑스,A266870,KR7266870005,1101115569079
2100,2022-06-24,KONEX,명진홀딩스,명진홀딩스(주),A267060,KR7267060002,1101114825810
2101,2022-06-24,KOSPI,HD현대,에이치디현대(주),A267250,KR7267250009,1701110638661
2102,2022-06-24,KOSPI,현대일렉트릭,현대일렉트릭앤에너지시스템(주),A267260,KR7267260008,1101116363850
2103,2022-06-24,KOSPI,현대건설기계,현대건설기계(주),A267270,KR7267270007,1101116363868
2104,2022-06-24,KOSPI,경동도시가스,(주)경동도시가스,A267290,KR7267290005,2301110274751
2105,2022-06-24,KOSDAQ,나인테크,(주)나인테크,A267320,KR7267320000,1101116353116
2106,2022-06-24,KOSDAQ,배럴,(주)배럴,A267790,KR7267790004,1101114256924
2107,2022-06-24,KONEX,앙츠,(주)앙츠,A267810,KR7267810000,1101115730810
2108,2022-06-24,KOSPI,아시아나IDT,아시아나아이디티(주),A267850,KR7267850006,1101110801848
2109,2022-06-24,KOSDAQ,매일유업,매일유업 주식회사,A267980,KR7267980001,1101116390770
2110,2022-06-24,KOSPI,미원에스씨,미원스페셜티케미칼(주),A268280,KR7268280005,2101110123944
2111,2022-06-24,KOSDAQ,셀리버리,(주)셀리버리,A268600,KR7268600004,1801110902791
2112,2022-06-24,KOSDAQ,시스웍,(주)시스웍,A269620,KR7269620001,1601110176572
2113,2022-06-24,KONEX,에스알바이오텍,(주)에스알바이오텍,A270210,KR7270210008,1311110188085
2114,2022-06-24,KOSDAQ,지엔원에너지,지엔원에너지(주),A270520,KR7270520000,1101116383543
2115,2022-06-24,KOSDAQ,에브리봇,에브리봇(주),A270660,KR7270660004,1311110396927
2116,2022-06-24,KOSDAQ,뉴트리,(주)뉴트리,A270870,KR7270870009,1101112214429
2117,2022-06-24,KOSPI,오리온,(주)오리온,A271560,KR7271560005,1101116417805
2118,2022-06-24,KONEX,다이오진,(주)다이오진,A271850,KR7271850000,1101114141604
2119,2022-06-24,KOSPI,일진하이솔루스,일진하이솔루스(주),A271940,KR7271940009,2101110086548
2120,2022-06-24,KOSPI,제일약품,제일약품(주),A271980,KR7271980005,1101116420361
2121,2022-06-24,KOSDAQ,케이엔제이,(주)케이엔제이,A272110,KR7272110008,1348110106600
2122,2022-06-24,KOSPI,한화시스템,한화시스템(주),A272210,KR7272210006,1760110020640
2123,2022-06-24,KOSDAQ,이녹스첨단소재,(주)이녹스첨단소재,A272290,KR7272290008,1648110105010
2124,2022-06-24,KOSPI,진에어,주식회사 진에어,A272450,KR7272450008,1201110454976
2125,2022-06-24,KOSPI,삼양패키징,주식회사 삼양패키징,A272550,KR7272550005,1101115554418
2126,2022-06-24,KOSDAQ,와이즈버즈,(주)와이즈버즈,A273060,KR7273060004,1101116417590
2127,2022-06-24,KOSDAQ,와이엠텍,(주)와이엠텍,A273640,KR7273640003,1501110081963
2128,2022-06-24,KOSDAQ,켄코아에어로스페이스,켄코아에어로스페이스(주),A274090,KR7274090000,1954110024732
2129,2022-06-24,KOSDAQ,에스에스알,(주)에스에스알,A275630,KR7275630002,1101114422103
2130,2022-06-24,KOSDAQ,스코넥,(주)스코넥엔터테인먼트,A276040,KR7276040003,1101112499641
2131,2022-06-24,KONEX,엘리비젼,(주)엘리비젼,A276240,KR7276240009,1201110336596
2132,2022-06-24,KOSDAQ,제주맥주,제주맥주(주),A276730,KR7276730009,2201110123463
2133,2022-06-24,KOSDAQ,린드먼아시아,린드먼아시아인베스트먼트(주),A277070,KR7277070009,1101113489154
2134,2022-06-24,KOSDAQ,인산가,(주)인산가,A277410,KR7277410007,1101116471554
2135,2022-06-24,KOSDAQ,레인보우로보틱스,(주)레인보우로보틱스,A277810,KR7277810008,1601110293889
2136,2022-06-24,KOSDAQ,티에스아이,주식회사 티에스아이,A277880,KR7277880001,1313110109110
2137,2022-06-24,KOSDAQ,천보,(주)천보,A278280,KR7278280003,1511110031157
2138,2022-06-24,KOSDAQ,노터스,(주)노터스,A278650,KR7278650007,2842110063231
2139,2022-06-24,KONEX,EMB,(주)이엠비,A278990,KR7278990007,1341110364153
2140,2022-06-24,KONEX,이노벡스,(주)이노벡스,A279060,KR7279060008,1358110239187
2141,2022-06-24,KOSDAQ,미디어젠,미디어젠(주),A279600,KR7279600001,1101112001842
2142,2022-06-24,KOSPI,롯데제과,롯데제과(주),A280360,KR7280360009,1101116536481
2143,2022-06-24,KONEX,바이오시네틱스,(주)바이오시네틱스,A281310,KR7281310003,1101112943010
2144,2022-06-24,KOSDAQ,레이크머티리얼즈,(주)레이크머티리얼즈,A281740,KR7281740001,1101116525723
2145,2022-06-24,KOSPI,케이씨텍,(주)케이씨텍,A281820,KR7281820001,1346110087565
2146,2022-06-24,KOSPI,BGF리테일,(주)비지에프리테일,A282330,KR7282330000,1101116555770
2147,2022-06-24,KOSPI,동아타이어,동아타이어공업주식회사,A282690,KR7282690007,2341110096698
2148,2022-06-24,KOSDAQ,코윈테크,주식회사 코윈테크,A282880,KR7282880004,1351110047419
2149,2022-06-24,KOSDAQ,카이노스메드,주식회사 카이노스메드,A284620,KR7284620002,1101116558469
2150,2022-06-24,KOSPI,쿠쿠홈시스,쿠쿠홈시스 주식회사,A284740,KR7284740008,1355110319406
2151,2022-06-24,KOSPI,SK케미칼,에스케이케미칼(주),A285130,KR7285130001,1311110501021
2152,2022-06-24,KOSDAQ,노바텍,(주)노바텍,A285490,KR7285490009,1351110083661
2153,2022-06-24,KONEX,라이프사이언스테크놀로지,주식회사 라이프사이언스테크놀로지,A285770,KR7285770004,1211110160093
2154,2022-06-24,KONEX,씨엔티드림,(주)씨엔티드림,A286000,KR7286000005,1601110294176
2155,2022-06-24,KOSDAQ,나노브릭,(주)나노브릭,A286750,KR7286750005,1358110139600
2156,2022-06-24,KOSPI,롯데정보통신,롯데정보통신(주),A286940,KR7286940002,1101116557114
2157,2022-06-24,KOSDAQ,제이시스메디칼,(주)제이시스메디칼,A287410,KR7287410005,1101116585826
2158,2022-06-24,KOSDAQ,브릿지바이오,브릿지바이오테라퓨틱스 주식회사,A288330,KR7288330004,1311110423499
2159,2022-06-24,KONEX,나라소프트,(주)나라소프트,A288490,KR7288490006,1101112669369
2160,2022-06-24,KOSDAQ,에스퓨얼셀,에스퓨얼셀(주),A288620,KR7288620008,1311110367986
2161,2022-06-24,KOSDAQ,모아데이타,(주)모아데이타,A288980,KR7288980006,1101115373933
2162,2022-06-24,KOSDAQ,아이스크림에듀,(주)아이스크림에듀,A289010,KR7289010001,1101115125649
2163,2022-06-24,KOSDAQ,SV인베스트먼트,에스브이인베스트먼트 주식회사,A289080,KR7289080004,1101113433440
2164,2022-06-24,KOSDAQ,자이언트스텝,(주)자이언트스텝,A289220,KR7289220006,1101113909839
2165,2022-06-24,KOSDAQ,트윔,(주)트윔,A290090,KR7290090000,1501110132344
2166,2022-06-24,KOSDAQ,대유에이피,(주)대유에이피,A290120,KR7290120005,2101110118854
2167,2022-06-24,KOSDAQ,휴네시온,주식회사 휴네시온,A290270,KR7290270008,1101112919938
2168,2022-06-24,KOSDAQ,대유,(주)대유,A290380,KR7290380005,1748110000309
2169,2022-06-24,KOSDAQ,코리아센터,(주)코리아센터,A290510,KR7290510007,1101111849714
2170,2022-06-24,KOSDAQ,신도기연,(주)신도기연,A290520,KR7290520006,1211110078395
2171,2022-06-24,KOSDAQ,디케이티,(주)디케이티,A290550,KR7290550003,1201110615990
2172,2022-06-24,KOSDAQ,엘앤씨바이오,(주)엘앤씨바이오,A290650,KR7290650001,1311110288992
2173,2022-06-24,KOSDAQ,네오펙트,(주)네오펙트,A290660,KR7290660000,1101114362531
2174,2022-06-24,KOSDAQ,대보마그네틱,대보마그네틱(주),A290670,KR7290670009,1101111114589
2175,2022-06-24,KOSDAQ,소룩스,(주)소룩스,A290690,KR7290690007,1211110051797
2176,2022-06-24,KOSDAQ,푸드나무,(주)푸드나무,A290720,KR7290720002,1101115045045
2177,2022-06-24,KOSDAQ,액트로,(주)액트로,A290740,KR7290740000,1352110033862
2178,2022-06-24,KOSDAQ,엔피,(주)엔피,A291230,KR7291230001,1101116652790
2179,2022-06-24,KOSDAQ,압타머사이언스,주식회사 압타머사이언스,A291650,KR7291650000,1717110093010
2180,2022-06-24,KOSPI,하나제약,하나제약(주),A293480,KR7293480000,1311110002409
2181,2022-06-24,KOSDAQ,카카오게임즈,(주)카카오게임즈,A293490,KR7293490009,1311110351682
2182,2022-06-24,KOSDAQ,나우IB,나우아이비캐피탈(주),A293580,KR7293580007,1101113731563
2183,2022-06-24,KOSDAQ,압타바이오,압타바이오(주),A293780,KR7293780003,1358110168906
2184,2022-06-24,KOSPI,신한알파리츠,(주)신한알파위탁관리부동산투자회사,A293940,KR7293940003,1101116601135
2185,2022-06-24,KOSDAQ,이오플로우,이오플로우(주),A294090,KR7294090006,1101114694679
2186,2022-06-24,KOSDAQ,레몬,(주)레몬,A294140,KR7294140009,1760110078920
2187,2022-06-24,KOSDAQ,쿠콘,(주)쿠콘,A294570,KR7294570007,1101113579947
2188,2022-06-24,KOSDAQ,서남,(주)서남,A294630,KR7294630009,1311110128338
2189,2022-06-24,KOSPI,HDC현대산업개발,에이치디씨현대산업개발(주),A294870,KR7294870001,1101116740008
2190,2022-06-24,KOSDAQ,씨에스베어링,씨에스베어링 주식회사,A297090,KR7297090003,1801110611863
2191,2022-06-24,KOSDAQ,알로이스,(주)알로이스,A297570,KR7297570004,1101116735067
2192,2022-06-24,KOSDAQ,HB솔루션,에이치비솔루션(주),A297890,KR7297890006,1311110065514
2193,2022-06-24,KOSPI,효성화학,효성화학(주),A298000,KR7298000001,1101116770188
2194,2022-06-24,KOSPI,효성티앤씨,효성티앤씨(주),A298020,KR7298020009,1101116770138
2195,2022-06-24,KOSPI,효성중공업,효성중공업(주),A298040,KR7298040007,1101116770154
2196,2022-06-24,KOSPI,효성첨단소재,효성첨단소재(주),A298050,KR7298050006,1101116770170
2197,2022-06-24,KOSDAQ,에스씨엠생명과학,에스씨엠생명과학(주),A298060,KR7298060005,1201110715352
2198,2022-06-24,KOSDAQ,에이비엘바이오,에이비엘바이오(주),A298380,KR7298380007,1101115974020
2199,2022-06-24,KOSDAQ,더네이쳐홀딩스,(주)더네이쳐홀딩스,A298540,KR7298540006,1101112958259
2200,2022-06-24,KOSPI,에어부산,에어부산 주식회사,A298690,KR7298690009,1801110605121
2201,2022-06-24,KOSDAQ,다올인베스트먼트,다올인베스트먼트(주),A298870,KR7298870007,1101113923764
2202,2022-06-24,KOSDAQ,하나기술,(주)하나기술,A299030,KR7299030007,1348110080937
2203,2022-06-24,KOSDAQ,더블유에스아이,(주)더블유에스아이,A299170,KR7299170001,1101116748507
2204,2022-06-24,KONEX,지앤이헬스케어,(주)지앤이헬스케어,A299480,KR7299480004,1357110098741
2205,2022-06-24,KOSDAQ,셀리드,(주)셀리드,A299660,KR7299660001,1101113572636
2206,2022-06-24,KONEX,에스엠비나,(주)에스엠비나,A299670,KR7299670000,1101115928366
2207,2022-06-24,KOSDAQ,위지윅스튜디오,(주)위지윅스튜디오,A299900,KR7299900001,1101116033833
2208,2022-06-24,KOSDAQ,베스파,(주)베스파,A299910,KR7299910000,1101115131886
2209,2022-06-24,KOSDAQ,플리토,(주)플리토,A300080,KR7300080009,1101114945246
2210,2022-06-24,KOSDAQ,라온피플,라온피플 주식회사,A300120,KR7300120003,1311110246859
2211,2022-06-24,KOSPI,한일시멘트,한일시멘트(주),A300720,KR7300720000,1101116799203
2212,2022-06-24,KOSDAQ,바이브컴퍼니,(주)바이브컴퍼니,A301300,KR7301300000,1101112021501
2213,2022-06-24,KOSDAQ,이노메트리,(주)이노메트리,A302430,KR7302430004,1345110127040
2214,2022-06-24,KOSPI,SK바이오사이언스,에스케이바이오사이언스(주),A302440,KR7302440003,1311110523736
2215,2022-06-24,KOSDAQ,리메드,(주)리메드,A302550,KR7302550009,1311110100021
2216,2022-06-24,KONEX,더콘텐츠온,(주)더콘텐츠온,A302920,KR7302920004,1101115017614
2217,2022-06-24,KOSDAQ,지니틱스,(주)지니틱스,A303030,KR7303030001,1101116793007
2218,2022-06-24,KONEX,프로테옴텍,(주)프로테옴텍,A303360,KR7303360002,1101111915094
2219,2022-06-24,KOSDAQ,이노뎁,이노뎁(주),A303530,KR7303530000,1101113820738
2220,2022-06-24,KOSDAQ,솔트룩스,(주)솔트룩스,A304100,KR7304100001,1101110301632
2221,2022-06-24,KOSDAQ,피플바이오,(주)피플바이오,A304840,KR7304840002,1101112606171
2222,2022-06-24,KOSDAQ,마이크로디지탈,(주)마이크로디지탈,A305090,KR7305090003,1348110073536
2223,2022-06-24,KOSDAQ,에스제이그룹,주식회사 에스제이그룹,A306040,KR7306040007,1101113856618
2224,2022-06-24,KOSPI,세아제강,(주)세아제강,A306200,KR7306200007,1101116860640
2225,2022-06-24,KOSDAQ,네온테크,(주)네온테크,A306620,KR7306620006,1101116852431
2226,2022-06-24,KOSDAQ,아이엘사이언스,(주)아이엘사이언스,A307180,KR7307180000,1101116859099
2227,2022-06-24,KOSDAQ,원바이오젠,(주)원바이오젠,A307280,KR7307280008,1101116860442
2228,2022-06-24,KOSDAQ,국전약품,(주)국전약품,A307750,KR7307750000,1101116868529
2229,2022-06-24,KOSDAQ,비투엔,(주)비투엔,A307870,KR7307870006,1101116869965
2230,2022-06-24,KOSDAQ,컴퍼니케이,컴퍼니케이파트너스(주),A307930,KR7307930008,1101113544263
2231,2022-06-24,KOSPI,현대오토에버,현대오토에버(주),A307950,KR7307950006,1101111935638
2232,2022-06-24,KOSDAQ,바이젠셀,바이젠셀 주식회사,A308080,KR7308080001,1101115059773
2233,2022-06-24,KOSDAQ,까스텔바작,(주)까스텔바작,A308100,KR7308100007,1101116136877
2234,2022-06-24,KOSPI,센트랄모텍,(주)센트랄모텍,A308170,KR7308170000,1942110014431
2235,2022-06-24,KONEX,테크엔,(주)테크엔,A308700,KR7308700004,1701110378746
2236,2022-06-24,KOSDAQ,오하임아이엔티,(주)오하임아이엔티,A309930,KR7309930006,1101116891801
2237,2022-06-24,KOSDAQ,애니플러스,(주)애니플러스,A310200,KR7310200001,1101116895217
2238,2022-06-24,KOSDAQ,보로노이,보로노이(주),A310210,KR7310210000,1348110326191
2239,2022-06-24,KOSDAQ,디와이씨,디와이씨(주),A310870,KR7310870001,1101116902393
2240,2022-06-24,KONEX,엘에이티,(주)엘에이티,A311060,KR7311060008,1358110251222
2241,2022-06-24,KOSDAQ,지오엘리먼트,(주)지오엘리먼트,A311320,KR7311320006,1313110059571
2242,2022-06-24,KOSDAQ,네오크레마,(주)네오크레마,A311390,KR7311390009,1101113594763
2243,2022-06-24,KOSDAQ,CJ 바이오사이언스,씨제이바이오사이언스(주),A311690,KR7311690002,1101114222503
2244,2022-06-24,KOSDAQ,에이에프더블류,에이에프더블류(주),A312610,KR7312610009,1752110007968
2245,2022-06-24,KOSDAQ,윌링스,(주)윌링스,A313760,KR7313760001,1314110144073
2246,2022-06-24,KOSDAQ,지놈앤컴퍼니,(주)지놈앤컴퍼니,A314130,KR7314130006,1341110422240
2247,2022-06-24,KOSDAQ,바이오다인,주식회사 바이오다인,A314930,KR7314930009,1101111786057
2248,2022-06-24,KOSDAQ,딥노이드,주식회사 딥노이드,A315640,KR7315640003,1101113841627
2249,2022-06-24,KOSPI,우리금융지주,(주)우리금융지주,A316140,KR7316140003,1101116981206
2250,2022-06-24,KOSDAQ,라닉스,주식회사 라닉스,A317120,KR7317120004,1311110103158
2251,2022-06-24,KOSDAQ,TS트릴리온,(주)티에스트릴리온,A317240,KR7317240000,1101116982139
2252,2022-06-24,KOSDAQ,덕산테코피아,(주)덕산테코피아,A317330,KR7317330009,2301110120607
2253,2022-06-24,KOSPI,자이에스앤디,자이에스앤디(주),A317400,KR7317400000,1101111934557
2254,2022-06-24,KOSDAQ,캐리소프트,주식회사 캐리소프트,A317530,KR7317530004,1101115551646
2255,2022-06-24,KOSDAQ,퀀타매트릭스,주식회사 퀀타매트릭스,A317690,KR7317690006,1101114481274
2256,2022-06-24,KOSDAQ,슈프리마아이디,주식회사 슈프리마아이디,A317770,KR7317770006,1311110478436
2257,2022-06-24,KOSDAQ,에스피시스템스,주식회사 에스피시스템스,A317830,KR7317830008,1801110078534
2258,2022-06-24,KOSDAQ,대모,대모엔지니어링주식회사,A317850,KR7317850006,1101110633556
2259,2022-06-24,KONEX,노드메이슨,주식회사 노드메이슨,A317860,KR7317860005,1101115209310
2260,2022-06-24,KOSDAQ,엔바이오니아,(주)엔바이오니아,A317870,KR7317870004,1101112152067
2261,2022-06-24,KOSDAQ,KBG,(주)케이비지,A318000,KR7318000007,1615110041619
2262,2022-06-24,KOSDAQ,팜스빌,주식회사 팜스빌,A318010,KR7318010006,1101111908338
2263,2022-06-24,KOSDAQ,포인트모바일,(주)포인트모바일,A318020,KR7318020005,1101113501601
2264,2022-06-24,KOSDAQ,비비씨,비비씨 주식회사,A318410,KR7318410008,1601110243678
2265,2022-06-24,KONEX,타임기술,주식회사 타임기술,A318660,KR7318660008,1942110291237
2266,2022-06-24,KOSDAQ,현대무벡스,현대무벡스(주),A319400,KR7319400008,1101117016870
2267,2022-06-24,KOSDAQ,피에스케이,피에스케이 주식회사,A319660,KR7319660007,1348110493354
2268,2022-06-24,KOSDAQ,윈텍,윈텍 주식회사,A320000,KR7320000003,1101117032545
2269,2022-06-24,KOSDAQ,프로이천,(주)프로이천,A321260,KR7321260002,1101117042271
2270,2022-06-24,KOSDAQ,티움바이오,주식회사 티움바이오,A321550,KR7321550006,1101116250940
2271,2022-06-24,KOSDAQ,와이더플래닛,(주)와이더플래닛,A321820,KR7321820003,1101114391837
2272,2022-06-24,KOSPI,현대에너지솔루션,현대에너지솔루션 주식회사,A322000,KR7322000001,1101116265410
2273,2022-06-24,KOSDAQ,티라유텍,주식회사 티라유텍,A322180,KR7322180001,1101113516105
2274,2022-06-24,KONEX,베른,베른 주식회사,A322190,KR7322190000,1648110113039
2275,2022-06-24,KOSDAQ,오로스테크놀로지,(주)오로스테크놀로지,A322310,KR7322310004,1311110104403
2276,2022-06-24,KOSDAQ,제이엘케이,(주)제이엘케이,A322510,KR7322510009,1101115340065
2277,2022-06-24,KOSDAQ,코퍼스코리아,(주)코퍼스코리아,A322780,KR7322780008,1101117062716
2278,2022-06-24,KONEX,무진메디,주식회사 무진메디,A322970,KR7322970005,1101116098324
2279,2022-06-24,KOSDAQ,엠에프엠코리아,엠에프엠코리아(주),A323230,KR7323230003,1101117067138
2280,2022-06-24,KOSDAQ,신영스팩5호,신영해피투모로우제5호기업인수목적 주식회사,A323280,KR7323280008,1101117067972
2281,2022-06-24,KONEX,다원넥스뷰,주식회사 다원넥스뷰,A323350,KR7323350009,1101114224020
2282,2022-06-24,KOSPI,카카오뱅크,주식회사 카카오뱅크,A323410,KR7323410001,1311110435767
2283,2022-06-24,KOSDAQ,박셀바이오,주식회사 박셀바이오,A323990,KR7323990002,2052110029832
2284,2022-06-24,KOSPI,에스케이바이오팜,에스케이바이오팜 주식회사,A326030,KR7326030004,1101114570720
2285,2022-06-24,KOSDAQ,RF머트리얼즈,알에프머트리얼즈(주),A327260,KR7327260006,1355110186996
2286,2022-06-24,KONEX,펨토바이오메드,주식회사 펨토바이오메드,A327610,KR7327610002,1717110094696
2287,2022-06-24,KOSDAQ,미래에셋대우스팩3호,미래에셋대우기업인수목적3호 주식회사,A328380,KR7328380001,1101117128211
2288,2022-06-24,KONEX,오션스톤,주식회사 오션스톤,A329020,KR7329020002,1801110936766
2289,2022-06-24,KOSPI,현대중공업,현대중공업주식회사,A329180,KR7329180004,2301110312741
2290,2022-06-24,KOSDAQ,위더스제약,위더스제약(주),A330350,KR7330350000,1101113069534
2291,2022-06-24,KOSPI,롯데리츠,롯데위탁관리부동산투자회사 주식회사,A330590,KR7330590001,1101117061081
2292,2022-06-24,KOSDAQ,스톤브릿지벤처스,스톤브릿지벤처스(주),A330730,KR7330730003,1101116416683
2293,2022-06-24,KOSDAQ,네패스아크,주식회사 네패스아크,A330860,KR7330860008,1501110267365
2294,2022-06-24,KOSDAQ,포커스에이치엔에스,(주)포커스에이치엔에스,A331380,KR7331380006,1101117167128
2295,2022-06-24,KOSDAQ,교보9호스팩,교보9호기업인수목적 주식회사,A331520,KR7331520007,1101117171731
2296,2022-06-24,KONEX,한국미라클피플사,(주)한국미라클피플사,A331660,KR7331660001,2844110077460
2297,2022-06-24,KOSDAQ,셀레믹스,주식회사 셀레믹스,A331920,KR7331920009,1101114481282
2298,2022-06-24,KOSDAQ,누보,(주)누보,A332290,KR7332290006,1101117182655
2299,2022-06-24,KOSDAQ,아이디피,아이디피(주),A332370,KR7332370006,1101113356410
2300,2022-06-24,KOSDAQ,와이팜,(주)와이팜,A332570,KR7332570001,1717110071503
2301,2022-06-24,KOSDAQ,하나금융14호스팩,하나금융14호기업인수목적 주식회사,A332710,KR7332710003,1101117185378
2302,2022-06-24,KOSDAQ,신한제6호스팩,신한제6호기업인수목적 주식회사,A333050,KR7333050003,1101117189544
2303,2022-06-24,KOSDAQ,일승,(주)일승,A333430,KR7333430007,1101117196523
2304,2022-06-24,KOSDAQ,엔시스,(주)엔시스,A333620,KR7333620003,1615110077268
2305,2022-06-24,KOSPI,이지스밸류플러스리츠,주식회사 이지스밸류플러스위탁관리부동산투자회사,A334890,KR7334890001,1101117173224
2306,2022-06-24,KOSDAQ,프레스티지바이오로직,프레스티지바이오로직스(주),A334970,KR7334970001,1101115739804
2307,2022-06-24,KOSDAQ,프리시젼바이오,프리시젼바이오(주),A335810,KR7335810008,1601110265995
2308,2022-06-24,KOSDAQ,IBKS제12호스팩,아이비케이에스제12호기업인수목적 주식회사,A335870,KR7335870002,1101117222352
2309,2022-06-24,KOSDAQ,비올,(주)비올,A335890,KR7335890000,1101117221677
2310,2022-06-24,KONEX,타스컴,주식회사 타스컴,A336040,KR7336040001,1101115361566
2311,2022-06-24,KOSDAQ,웨이버스,(주)웨이버스,A336060,KR7336060009,1101117224647
2312,2022-06-24,KOSPI,두산퓨얼셀,두산퓨얼셀 주식회사,A336260,KR7336260005,2149110058935
2313,2022-06-24,KOSPI,솔루스첨단소재,솔루스첨단소재 주식회사,A336370,KR7336370002,2149110058927
2314,2022-06-24,KOSDAQ,대신밸런스제8호스팩,대신밸런스제8호기업인수목적 주식회사,A336570,KR7336570007,1101117232799
2315,2022-06-24,KOSDAQ,SK5호스팩,에스케이제5호기업인수목적 주식회사,A337450,KR7337450001,1101117236783
2316,2022-06-24,KONEX,유엑스엔,주식회사 유엑스엔,A337840,KR7337840003,1311110312428
2317,2022-06-24,KOSDAQ,브랜드엑스코퍼레이션,주식회사 브랜드엑스코퍼레이션,A337930,KR7337930002,1101116496172
2318,2022-06-24,KOSPI,NH프라임리츠,주식회사 엔에이치프라임위탁관리부동산투자회사,A338100,KR7338100001,1101117123732
2319,2022-06-24,KOSDAQ,뷰노,주식회사 뷰노,A338220,KR7338220007,1348110319279
2320,2022-06-24,KOSPI,교촌에프앤비,교촌에프앤비(주),A339770,KR7339770000,1752110009005
2321,2022-06-24,KOSDAQ,아이비김영,(주)아이비김영,A339950,KR7339950008,1101117257507
2322,2022-06-24,KOSDAQ,하이제5호스팩,하이제5호기업인수목적 주식회사,A340120,KR7340120005,1801110093095
2323,2022-06-24,KOSDAQ,SK6호스팩,에스케이제6호기업인수목적 주식회사,A340350,KR7340350008,1101117262936
2324,2022-06-24,KOSDAQ,다보링크,주식회사 다보링크,A340360,KR7340360007,1101117263174
2325,2022-06-24,KOSDAQ,세림B&G,(주)세림비앤지,A340440,KR7340440007,1101117262754
2326,2022-06-24,KOSDAQ,티앤엘,(주)티앤엘,A340570,KR7340570001,1345110028404
2327,2022-06-24,KOSDAQ,유일에너테크,유일에너테크(주),A340930,KR7340930007,1358110211565
2328,2022-06-24,KOSDAQ,하나금융15호스팩,하나금융15호기업인수목적 주식회사,A341160,KR7341160000,1101117270864
2329,2022-06-24,KONEX,이앤에치,주식회사 이앤에치,A341310,KR7341310001,1154110026255
2330,2022-06-24,KOSDAQ,케이비제20호스팩,케이비제20호기업인수목적 주식회사,A342550,KR7342550001,1101117286663
2331,2022-06-24,KONEX,HLB사이언스,HLB사이언스(주),A343090,KR7343090007,1101116042363
2332,2022-06-24,KOSDAQ,하나금융16호스팩,하나금융16호기업인수목적 주식회사,A343510,KR7343510004,1101117293957
2333,2022-06-24,KOSDAQ,신영스팩6호,신영해피투모로우제6호기업인수목적 주식회사,A344050,KR7344050000,1101117301932
2334,2022-06-24,KOSPI,KCC글라스,(주)케이씨씨글라스,A344820,KR7344820006,1101117342473
2335,2022-06-24,KONEX,이노진,주식회사 이노진,A344860,KR7344860002,1101113301944
2336,2022-06-24,KOSDAQ,센코,주식회사 센코,A347000,KR7347000002,1411110025962
2337,2022-06-24,KOSDAQ,케이프이에스제4호,케이프이에스제4호기업인수목적 주식회사,A347140,KR7347140006,1101117343744
2338,2022-06-24,KOSDAQ,라이프시맨틱스,주식회사 라이프시맨틱스,A347700,KR7347700007,1101114969189
2339,2022-06-24,KOSDAQ,피엔케이피부임상연구센타,피엔케이피부임상연구센타(주),A347740,KR7347740003,1101114445725
2340,2022-06-24,KOSDAQ,핌스,주식회사 핌스,A347770,KR7347770000,1201110799950
2341,2022-06-24,KOSDAQ,알체라,주식회사 알체라,A347860,KR7347860009,1101116080032
2342,2022-06-24,KOSDAQ,엠투아이,주식회사 엠투아이코퍼레이션,A347890,KR7347890006,1351110048798
2343,2022-06-24,KOSDAQ,모비릭스,주식회사 모비릭스,A348030,KR7348030008,1211110160415
2344,2022-06-24,KOSDAQ,고바이오랩,주식회사 고바이오랩,A348150,KR7348150004,1101115487437
2345,2022-06-24,KOSDAQ,넥스틴,주식회사 넥스틴,A348210,KR7348210006,1344110044981
2346,2022-06-24,KOSDAQ,위드텍,(주)위드텍,A348350,KR7348350000,1601110166341
2347,2022-06-24,KOSDAQ,엔켐,(주)엔켐,A348370,KR7348370008,1512110026289
2348,2022-06-24,KONEX,데이드림엔터,주식회사 데이드림엔터테인먼트,A348840,KR7348840000,1101113831644
2349,2022-06-24,KOSPI,제이알글로벌리츠,(주)제이알글로벌위탁관리부동산투자회사,A348950,KR7348950007,1101117263728
2350,2022-06-24,KOSDAQ,이베스트스팩5호,이베스트기업인수목적5호 주식회사,A349720,KR7349720003,1101117391420
2351,2022-06-24,KOSPI,이지스레지던스리츠,주식회사 이지스레지던스위탁관리부동산투자회사,A350520,KR7350520003,1101117375375
2352,2022-06-24,KOSDAQ,에스에이티이엔지,(주)에스에이티,A351320,KR7351320007,1101117417458
2353,2022-06-24,KOSDAQ,이삭엔지니어링,이삭엔지니어링(주),A351330,KR7351330006,1101113569865
2354,2022-06-24,KOSDAQ,IBKS제13호스팩,아이비케이에스제13호기업인수목적 주식회사,A351340,KR7351340005,1101117417309
2355,2022-06-24,KOSDAQ,씨앤씨인터내셔널,(주)씨앤씨인터내셔널,A352480,KR7352480008,1358110238402
2356,2022-06-24,KOSDAQ,씨앤투스성진,주식회사 씨앤투스성진,A352700,KR7352700009,2301110096064
2357,2022-06-24,KOSDAQ,클리노믹스,주식회사 클리노믹스,A352770,KR7352770002,1358110198797
2358,2022-06-24,KOSPI,하이브,(주)하이브,A352820,KR7352820005,1101113166546
2359,2022-06-24,KOSDAQ,오비고,(주)오비고,A352910,KR7352910004,1101112739998
2360,2022-06-24,KOSDAQ,인바이오,인바이오주식회사,A352940,KR7352940001,1512110004847
2361,2022-06-24,KOSDAQ,에이치엠씨제5호스팩,에이치엠씨아이비제5호기업인수목적 주식회사,A353060,KR7353060007,1101117423554
2362,2022-06-24,KOSDAQ,에이치엠씨제4호스팩,에이치엠씨아이비제4호기업인수목적 주식회사,A353070,KR7353070006,1101117423413
2363,2022-06-24,KOSDAQ,휴럼,(주)휴럼,A353190,KR7353190002,1101117442710
2364,2022-06-24,KOSPI,대덕전자,대덕전자(주),A353200,KR7353200009,1314110460809
2365,2022-06-24,KOSDAQ,미래에셋대우스팩 5호,미래에셋대우기업인수목적 5호 주식회사,A353490,KR7353490006,1101117437472
2366,2022-06-24,KOSDAQ,오토앤,오토앤(주),A353590,KR7353590003,1352110032202
2367,2022-06-24,KOSDAQ,이지바이오,(주)이지바이오,A353810,KR7353810005,1101117474424
2368,2022-06-24,KOSDAQ,엔젠바이오,주식회사 엔젠바이오,A354200,KR7354200008,1101115877480
2369,2022-06-24,KOSDAQ,교보10호기업인수목적,교보10호기업인수목적 주식회사,A355150,KR7355150004,1101117471470
2370,2022-06-24,KOSDAQ,티엘비,(주)티엘비,A356860,KR7356860007,1314110255979
2371,2022-06-24,KOSDAQ,싸이버원,주식회사 싸이버원,A356890,KR7356890004,1101113149287
2372,2022-06-24,KOSPI,코람코에너지리츠,주식회사 코람코에너지플러스위탁관리부동산투자회사,A357120,KR7357120005,1101117320320
2373,2022-06-24,KOSDAQ,에이치피오,주식회사 에이치피오,A357230,KR7357230002,1101114838516
2374,2022-06-24,KOSPI,미래에셋맵스리츠,㈜미래에셋맵스제1호위탁관리부동산투자회사,A357250,KR7357250000,1101117323259
2375,2022-06-24,KOSPI,마스턴프리미어리츠,주식회사 마스턴프리미어제1호위탁관리부동산투자회사,A357430,KR7357430008,1101117408720
2376,2022-06-24,KOSDAQ,석경에이티,주식회사 석경에이티,A357550,KR7357550003,1350110108445
2377,2022-06-24,KOSDAQ,아모센스,주식회사 아모센스,A357580,KR7357580000,1244110093120
2378,2022-06-24,KOSDAQ,솔브레인,솔브레인 주식회사,A357780,KR7357780006,1311110597525
2379,2022-06-24,KOSDAQ,비트나인,(주)비트나인,A357880,KR7357880004,1101115255214
2380,2022-06-24,KOSDAQ,씨엔알리서치,(주)씨엔알리서치,A359090,KR7359090008,1101117525110
2381,2022-06-24,KOSDAQ,제노코,주식회사 제노코,A361390,KR7361390008,1311110127512
2382,2022-06-24,KOSDAQ,알비더블유,주식회사 알비더블유,A361570,KR7361570005,1101114297944
2383,2022-06-24,KOSPI,SK아이이테크놀로지,에스케이아이이테크놀로지 주식회사,A361610,KR7361610009,1101117064217
2384,2022-06-24,KOSDAQ,삼영에스앤씨,주식회사 삼영에스앤씨,A361670,KR7361670003,1311110050086
2385,2022-06-24,KOSDAQ,청담글로벌,주식회사 청담글로벌,A362320,KR7362320004,1201110905317
2386,2022-06-24,KOSDAQ,진시스템,주식회사 진시스템,A363250,KR7363250002,1615110116305
2387,2022-06-24,KOSDAQ,모비데이즈,(주)모비데이즈,A363260,KR7363260001,1101117588506
2388,2022-06-24,KOSPI,티와이홀딩스,(주)티와이홀딩스,A363280,KR7363280009,1101117608502
2389,2022-06-24,KOSDAQ,큐라클,(주)큐라클,A365270,KR7365270008,1101116058485
2390,2022-06-24,KOSPI,ESR켄달스퀘어리츠,이에스알켄달스퀘어위탁관리부동산투자회사주식회사,A365550,KR7365550003,1101117398989
2391,2022-06-24,KOSDAQ,하이딥,(주)하이딥,A365590,KR7365590009,1101117616620
2392,2022-06-24,KOSDAQ,브이씨,(주)브이씨,A365900,KR7365900000,1101113197088
2393,2022-06-24,KOSDAQ,공구우먼,주식회사 공구우먼,A366030,KR7366030005,2801110078161
2394,2022-06-24,KOSDAQ,신한제7호스팩,신한제7호기업인수목적 주식회사,A366330,KR7366330009,1101117615474
2395,2022-06-24,KOSDAQ,플래티어,(주)플래티어,A367000,KR7367000007,1101113175969
2396,2022-06-24,KOSDAQ,DB금융스팩8호,디비금융제8호기업인수목적 주식회사,A367340,KR7367340007,1101117635745
2397,2022-06-24,KOSDAQ,DB금융스팩9호,디비금융제9호기업인수목적 주식회사,A367360,KR7367360005,1101117635167
2398,2022-06-24,KOSDAQ,유안타제7호스팩,유안타제7호기업인수목적 주식회사,A367460,KR7367460003,1101117638278
2399,2022-06-24,KOSDAQ,유안타제8호스팩,유안타제8호기업인수목적 주식회사,A367480,KR7367480001,1101117638393
2400,2022-06-24,KOSDAQ,파이버프로,(주)파이버프로,A368770,KR7368770004,1101117648186
2401,2022-06-24,KOSDAQ,블리츠웨이,(주)블리츠웨이,A369370,KR7369370002,1101117655868
2402,2022-06-24,KOSDAQ,퓨런티어,주식회사 퓨런티어,A370090,KR7370090003,1311110230307
2403,2022-06-24,KOSDAQ,풍원정밀,풍원정밀(주),A371950,KR7371950007,1350110049673
2404,2022-06-24,KOSDAQ,하나머스트7호스팩,하나머스트7호기업인수목적 주식회사,A372290,KR7372290007,1101117685386
2405,2022-06-24,KOSDAQ,아이티아이즈,주식회사 아이티아이즈,A372800,KR7372800003,1101114934273
2406,2022-06-24,KOSPI,한컴라이프케어,주식회사 한컴라이프케어,A372910,KR7372910000,1345110021549
2407,2022-06-24,KOSDAQ,하인크코리아,하인크코리아(주),A373200,KR7373200005,1101117695210
2408,2022-06-24,KOSPI,LG에너지솔루션,(주)엘지에너지솔루션,A373220,KR7373220003,1101117701356
2409,2022-06-24,KOSDAQ,유진스팩6호,유진기업인수목적6호 주식회사,A373340,KR7373340009,1101117690517
2410,2022-06-24,KOSPI,DL이앤씨,디엘이앤씨 주식회사,A375500,KR7375500006,1101117736808
2411,2022-06-24,KOSDAQ,피코그램,주식회사 피코그램,A376180,KR7376180006,1101112463654
2412,2022-06-24,KOSDAQ,엘비루셈,주식회사 엘비루셈,A376190,KR7376190005,1760110038073
2413,2022-06-24,KOSDAQ,씨유테크,씨유테크 주식회사,A376290,KR7376290003,1313110055652
2414,2022-06-24,KOSDAQ,디어유,주식회사 디어유,A376300,KR7376300000,1101116450615
2415,2022-06-24,KOSDAQ,노을,노을 주식회사,A376930,KR7376930004,1101115906974
2416,2022-06-24,KOSDAQ,원티드랩,(주)원티드랩,A376980,KR7376980009,1311110405166
2417,2022-06-24,KOSDAQ,맥스트,주식회사 맥스트,A377030,KR7377030002,1101114445072
2418,2022-06-24,KOSPI,디앤디플랫폼리츠,주식회사 디앤디플랫폼위탁관리부동산투자회사,A377190,KR7377190004,1101117420211
2419,2022-06-24,KOSDAQ,프롬바이오,주식회사 프롬바이오,A377220,KR7377220009,1358110127754
2420,2022-06-24,KOSPI,카카오페이,주식회사 카카오페이,A377300,KR7377300009,1311110478337
2421,2022-06-24,KOSDAQ,이지트로닉스,주식회사 이지트로닉스,A377330,KR7377330006,1345110132792
2422,2022-06-24,KOSDAQ,하이제6호스팩,하이제6호기업인수목적 주식회사,A377400,KR7377400007,1101117760188
2423,2022-06-24,KOSDAQ,리파인,주식회사 리파인,A377450,KR7377450002,1101112564478
2424,2022-06-24,KOSDAQ,위니아에이드,주식회사 위니아에이드,A377460,KR7377460001,2001110418983
2425,2022-06-24,KOSDAQ,마인즈랩,주식회사 마인즈랩,A377480,KR7377480009,1601110362866
2426,2022-06-24,KOSDAQ,삼성스팩4호,삼성기업인수목적4호(주),A377630,KR7377630009,1101117761665
2427,2022-06-24,KOSPI,화승알앤에이,주식회사 화승알앤에이,A378850,KR7378850002,2341110120538
2428,2022-06-24,KONEX,이성씨엔아이,이성씨엔아이(주),A379390,KR7379390008,1801111059509
2429,2022-06-24,KOSDAQ,삼성머스트스팩5호,삼성머스트기업인수목적5호 주식회사,A380320,KR7380320002,1101117804564
2430,2022-06-24,KOSPI,엔에이치스팩19호,엔에이치기업인수목적19호 주식회사,A380440,KR7380440008,1101117804910
2431,2022-06-24,KOSPI,케이카,케이카 주식회사,A381970,KR7381970003,1101116583490
2432,2022-06-24,KOSDAQ,지아이텍,주식회사 지아이텍,A382480,KR7382480002,1648110065785
2433,2022-06-24,KOSDAQ,지앤비에스엔지니어링,(주)지앤비에스엔지니어링,A382800,KR7382800001,1348110105579
2434,2022-06-24,KOSDAQ,원준,주식회사 원준,A382840,KR7382840007,1348110166589
2435,2022-06-24,KOSDAQ,범한퓨얼셀,범한퓨얼셀 주식회사,A382900,KR7382900009,1942110310912
2436,2022-06-24,KOSPI,에프앤에프,주식회사 에프앤에프,A383220,KR7383220001,1101117875440
2437,2022-06-24,KOSDAQ,에코프로에이치엔,주식회사 에코프로에이치엔,A383310,KR7383310000,1501110307674
2438,2022-06-24,KOSPI,LX홀딩스,주식회사 엘엑스홀딩스,A383800,KR7383800000,1101117875359
2439,2022-06-24,KOSDAQ,한화플러스제2호스팩,한화플러스제2호기업인수목적(주),A386580,KR7386580005,1101117866803
2440,2022-06-24,KOSDAQ,대신밸런스제10호스팩,대신밸런스제10호기업인수목적 주식회사,A387310,KR7387310006,1101117875177
2441,2022-06-24,KOSDAQ,지투파워,지투파워(주),A388050,KR7388050007,1351110102065
2442,2022-06-24,KOSDAQ,하나금융19호스팩,하나금융19호기업인수목적 주식회사,A388220,KR7388220006,1101117880952
2443,2022-06-24,KOSDAQ,유일로보틱스,(주)유일로보틱스,A388720,KR7388720005,1201110592130
2444,2022-06-24,KOSDAQ,IBKS제16호스팩,아이비케이에스제16호기업인수목적 주식회사,A388790,KR7388790008,1101117889821
2445,2022-06-24,KOSDAQ,유진스팩7호,유진기업인수목적7호 주식회사,A388800,KR7388800005,1101117885499
2446,2022-06-24,KOSDAQ,지니너스,지니너스 주식회사,A389030,KR7389030008,1101116728781
2447,2022-06-24,KOSDAQ,포바이포,주식회사 포바이포,A389140,KR7389140005,1101116501830
2448,2022-06-24,KOSDAQ,대명에너지,대명에너지 주식회사,A389260,KR7389260001,1311110051935
2449,2022-06-24,KOSDAQ,엔에이치스팩20호,엔에이치기업인수목적20호(주),A391060,KR7391060001,1101117912309
2450,2022-06-24,KOSDAQ,엔에이치스팩21호,엔에이치기업인수목적21호 주식회사,A391710,KR7391710001,1101117914785
2451,2022-06-24,KONEX,토마토시스템,(주)토마토시스템,A393210,KR7393210000,1101112099425
2452,2022-06-24,KOSDAQ,신한제8호스팩,신한제8호기업인수목적 주식회사,A393360,KR7393360003,1101117923934
2453,2022-06-24,KOSPI,SK리츠,에스케이위탁관리부동산투자회사 주식회사,A395400,KR7395400005,1101117815446
2454,2022-06-24,KOSDAQ,세아메카닉스,(주)세아메카닉스,A396300,KR7396300006,1760110019792
2455,2022-06-24,KOSPI,미래에셋글로벌리츠,주식회사 미래에셋글로벌위탁관리부동산투자회사,A396690,KR7396690000,1101117896090
2456,2022-06-24,KOSDAQ,엔에이치스팩22호,엔에이치기업인수목적22호 주식회사,A396770,KR7396770000,1101117968469
2457,2022-06-24,KOSDAQ,대신밸런스제11호스팩,대신밸런스제11호기업인수목적,A397500,KR7397500000,1101117976446
2458,2022-06-24,KOSDAQ,교보11호스팩,교보11호기업인수목적 주식회사,A397880,KR7397880006,1101117980158
2459,2022-06-24,KOSDAQ,가온칩스,(주)가온칩스,A399720,KR7399720002,1311110319656
2460,2022-06-24,KOSDAQ,하나금융20호스팩,하나금융20호기업인수목적 주식회사,A400560,KR7400560009,1101117999886
2461,2022-06-24,KOSPI,NH올원리츠,㈜엔에이치올원위탁관리부동산투자회사,A400760,KR7400760005,1101117299294
2462,2022-06-24,KOSDAQ,하이제7호스팩,하이제7호기업인수목적 주식회사,A400840,KR7400840005,1101118009072
2463,2022-06-24,KOSPI,SK스퀘어,에스케이스퀘어 주식회사,A402340,KR7402340004,1101118077821
2464,2022-06-24,KONEX,켈스,주식회사 켈스,A402420,KR7402420004,1311110511690
2465,2022-06-24,KONEX,라피치,(주)라피치,A403360,KR7403360001,1101113334101
2466,2022-06-24,KOSDAQ,디비금융스팩10호,디비금융제10호기업인수목적 주식회사,A404950,KR7404950008,1101118043294
2467,2022-06-24,KOSPI,신한서부티엔디리츠,주식회사 신한서부티엔디위탁관리부동산투자회사,A404990,KR7404990004,1101117343356
2468,2022-06-24,KOSDAQ,IBKS제17호스팩,아이비케이에스제17호기업인수목적 주식회사,A405350,KR7405350000,1101118048343
2469,2022-06-24,KOSDAQ,신한제9호스팩,신한제9호기업인수목적 주식회사,A405640,KR7405640004,1101118048781
2470,2022-06-24,KOSDAQ,하나금융21호스팩,하나금융21호기업인수목적 주식회사,A406760,KR7406760009,1101118051990
2471,2022-06-24,KOSDAQ,에스케이증권7호스팩,에스케이증권에이씨피씨제7호기업인수목적 주식회사,A408920,KR7408920007,1101118073613
2472,2022-06-24,KOSDAQ,한국제10호스팩,한국제10호기업인수목적 주식회사,A409570,KR7409570009,1101118080014
2473,2022-06-24,KOSDAQ,레이저쎌,레이저쎌 주식회사,A412350,KR7412350001,1311110405091
2474,2022-06-24,KOSDAQ,미래에셋비전스팩1호,미래에셋비전기업인수목적1호 주식회사,A412930,KR7412930000,1101118103501
2475,2022-06-24,KOSDAQ,키움제6호스팩,키움제6호기업인수목적 주식회사,A413600,KR7413600008,1101118113691
2476,2022-06-24,KOSDAQ,유진스팩8호,유진기업인수목적8호 주식회사,A413630,KR7413630005,1101118112669
2477,2022-06-24,KOSDAQ,상상인제3호스팩,상상인제3호기업인수목적 주식회사,A415580,KR7415580000,1101118127733
2478,2022-06-24,KOSPI,코람코더원리츠,(주)코람코더원위탁관리부동산투자회사,A417310,KR7417310000,1101115837294
2479,2022-06-24,KOSDAQ,하나금융22호스팩,하나금융22호기업인수목적 주식회사,A418170,KR7418170007,1101118164959
2480,2022-06-24,KOSDAQ,신영스팩7호,신영해피투모로우제7호기업인수목적 주식회사,A419270,KR7419270004,1101118173760
2481,2022-06-24,KOSDAQ,교보12호스팩,교보12호기업인수목적 주식회사,A421800,KR7421800004,1101118199592
2482,2022-06-24,KOSDAQ,케이비제21호스팩,케이비제21호기업인수목적 주식회사,A424140,KR7424140002,1101118228987
